category,path,group_key,camera,research_role,anomaly_class,native_s0,native_s1,native_s2,uniform_s0,uniform_s1,uniform_s2,native_shuffle_s0,native_shuffle_s1,native_shuffle_s2
plastic_nut,plastic_nut/OK/S0016/plastic_nut_0016_OK_C1_20230930122513.jpg,plastic_nut::plastic_nut_0016_OK,1,source_calibration,OK,1251.65673828125,1251.65673828125,1251.65673828125,1196.12890625,1196.12890625,1206.296875,1390.16455078125,1350.215087890625,1274.748046875
plastic_nut,plastic_nut/OK/S0016/plastic_nut_0016_OK_C2_20230930122513.jpg,plastic_nut::plastic_nut_0016_OK,2,source_calibration,OK,1187.60693359375,1165.485595703125,1159.40380859375,1091.27978515625,1091.27978515625,1091.27978515625,1038.25634765625,1054.2421875,1054.2421875
plastic_nut,plastic_nut/OK/S0016/plastic_nut_0016_OK_C3_20230930122513.jpg,plastic_nut::plastic_nut_0016_OK,3,source_calibration,OK,938.59814453125,1008.495849609375,952.37451171875,1058.53564453125,1058.53564453125,1058.53564453125,951.69775390625,1048.01416015625,951.69775390625
plastic_nut,plastic_nut/OK/S0016/plastic_nut_0016_OK_C4_20230930122513.jpg,plastic_nut::plastic_nut_0016_OK,4,source_calibration,OK,1307.665283203125,1307.665283203125,1307.665283203125,1058.798583984375,1058.798583984375,1058.798583984375,1044.157470703125,1044.157470703125,1044.157470703125
plastic_nut,plastic_nut/OK/S0016/plastic_nut_0016_OK_C5_20230930122513.jpg,plastic_nut::plastic_nut_0016_OK,5,source_calibration,OK,1440.148193359375,1440.148193359375,1288.430908203125,1144.25048828125,1144.25048828125,1128.62890625,1400.58642578125,1413.478271484375,1400.58642578125
plastic_nut,plastic_nut/OK/S0028/plastic_nut_0028_OK_C1_20230930124338.jpg,plastic_nut::plastic_nut_0028_OK,1,source_calibration,OK,1239.89111328125,1239.89111328125,1238.02099609375,1070.73828125,1070.73828125,1070.73828125,1152.31396484375,1152.31396484375,1152.31396484375
plastic_nut,plastic_nut/OK/S0028/plastic_nut_0028_OK_C2_20230930124338.jpg,plastic_nut::plastic_nut_0028_OK,2,source_calibration,OK,1029.80419921875,1029.80419921875,1029.80419921875,1235.914794921875,1224.258544921875,1235.914794921875,1202.5322265625,1182.1142578125,1202.5322265625
plastic_nut,plastic_nut/OK/S0028/plastic_nut_0028_OK_C3_20230930124338.jpg,plastic_nut::plastic_nut_0028_OK,3,source_calibration,OK,909.877685546875,909.877685546875,909.877685546875,938.05615234375,938.05615234375,938.05615234375,889.266357421875,889.266357421875,889.266357421875
plastic_nut,plastic_nut/OK/S0028/plastic_nut_0028_OK_C4_20230930124338.jpg,plastic_nut::plastic_nut_0028_OK,4,source_calibration,OK,1523.63916015625,1519.85546875,1519.85546875,1294.7431640625,1294.7431640625,1294.7431640625,1657.580078125,1657.580078125,1636.116455078125
plastic_nut,plastic_nut/OK/S0028/plastic_nut_0028_OK_C5_20230930124338.jpg,plastic_nut::plastic_nut_0028_OK,5,source_calibration,OK,1003.6201171875,1003.6201171875,1003.6201171875,1123.466064453125,1123.466064453125,1123.466064453125,854.265625,818.07421875,814.22021484375
plastic_nut,plastic_nut/OK/S0030/plastic_nut_0030_OK_C1_20230930124407.jpg,plastic_nut::plastic_nut_0030_OK,1,source_calibration,OK,1157.72216796875,1157.72216796875,1168.77490234375,1047.311767578125,1047.311767578125,1047.311767578125,1242.826171875,1206.780029296875,1242.826171875
plastic_nut,plastic_nut/OK/S0030/plastic_nut_0030_OK_C2_20230930124407.jpg,plastic_nut::plastic_nut_0030_OK,2,source_calibration,OK,1591.4384765625,1591.4384765625,1591.4384765625,1239.18408203125,1259.2060546875,1553.967529296875,1579.7978515625,1605.765625,1605.765625
plastic_nut,plastic_nut/OK/S0030/plastic_nut_0030_OK_C3_20230930124407.jpg,plastic_nut::plastic_nut_0030_OK,3,source_calibration,OK,1187.4892578125,1212.929931640625,1212.929931640625,1003.7412109375,1003.7412109375,1003.7412109375,935.1181640625,890.639892578125,890.639892578125
plastic_nut,plastic_nut/OK/S0030/plastic_nut_0030_OK_C4_20230930124407.jpg,plastic_nut::plastic_nut_0030_OK,4,source_calibration,OK,1393.72412109375,1354.06201171875,1354.06201171875,1186.683349609375,1194.666015625,1194.666015625,1561.856689453125,1597.761474609375,1561.856689453125
plastic_nut,plastic_nut/OK/S0030/plastic_nut_0030_OK_C5_20230930124407.jpg,plastic_nut::plastic_nut_0030_OK,5,source_calibration,OK,1021.54345703125,1021.54345703125,1021.54345703125,1177.10009765625,1177.10009765625,1087.421630859375,1649.75927734375,1594.4501953125,1505.66357421875
plastic_nut,plastic_nut/OK/S0050/plastic_nut_0050_OK_C1_20230930125908.jpg,plastic_nut::plastic_nut_0050_OK,1,source_calibration,OK,1274.859375,1274.859375,1274.859375,1167.546875,1223.214599609375,1167.546875,1103.764892578125,1103.764892578125,1126.789306640625
plastic_nut,plastic_nut/OK/S0050/plastic_nut_0050_OK_C2_20230930125908.jpg,plastic_nut::plastic_nut_0050_OK,2,source_calibration,OK,1303.19091796875,1290.7333984375,1290.7333984375,1138.395263671875,1138.395263671875,1138.395263671875,1090.404052734375,1090.404052734375,1090.404052734375
plastic_nut,plastic_nut/OK/S0050/plastic_nut_0050_OK_C3_20230930125908.jpg,plastic_nut::plastic_nut_0050_OK,3,source_calibration,OK,1313.82470703125,1497.889892578125,1497.889892578125,1112.7001953125,1112.7001953125,1112.7001953125,1016.420166015625,1016.420166015625,1062.497802734375
plastic_nut,plastic_nut/OK/S0050/plastic_nut_0050_OK_C4_20230930125908.jpg,plastic_nut::plastic_nut_0050_OK,4,source_calibration,OK,1406.48046875,1347.359375,1357.816162109375,1104.81982421875,1104.81982421875,1104.81982421875,1600.15869140625,1643.28271484375,1587.09423828125
plastic_nut,plastic_nut/OK/S0050/plastic_nut_0050_OK_C5_20230930125908.jpg,plastic_nut::plastic_nut_0050_OK,5,source_calibration,OK,993.176025390625,993.176025390625,993.176025390625,934.507568359375,934.507568359375,1017.29931640625,967.191650390625,967.191650390625,967.191650390625
plastic_nut,plastic_nut/OK/S0067/plastic_nut_0067_OK_C1_20230930131049.jpg,plastic_nut::plastic_nut_0067_OK,1,source_calibration,OK,1187.62255859375,1187.62255859375,1187.62255859375,1229.919677734375,1229.919677734375,1229.919677734375,1194.193359375,1152.759033203125,1194.193359375
plastic_nut,plastic_nut/OK/S0067/plastic_nut_0067_OK_C2_20230930131049.jpg,plastic_nut::plastic_nut_0067_OK,2,source_calibration,OK,892.16357421875,892.16357421875,1056.6787109375,976.07177734375,976.07177734375,976.07177734375,900.301025390625,900.301025390625,900.301025390625
plastic_nut,plastic_nut/OK/S0067/plastic_nut_0067_OK_C3_20230930131049.jpg,plastic_nut::plastic_nut_0067_OK,3,source_calibration,OK,1114.32666015625,1114.32666015625,1114.32666015625,830.825439453125,830.825439453125,900.88720703125,923.93115234375,936.722900390625,923.93115234375
plastic_nut,plastic_nut/OK/S0067/plastic_nut_0067_OK_C4_20230930131049.jpg,plastic_nut::plastic_nut_0067_OK,4,source_calibration,OK,1298.60107421875,1303.90087890625,1257.318359375,1184.72900390625,1174.58203125,1185.48193359375,1271.8037109375,1313.28076171875,1271.8037109375
plastic_nut,plastic_nut/OK/S0067/plastic_nut_0067_OK_C5_20230930131049.jpg,plastic_nut::plastic_nut_0067_OK,5,source_calibration,OK,1019.1416015625,1019.1416015625,1019.1416015625,1216.294677734375,1216.294677734375,1216.294677734375,1132.359375,1132.359375,1132.359375
plastic_nut,plastic_nut/OK/S0068/plastic_nut_0068_OK_C1_20230930131103.jpg,plastic_nut::plastic_nut_0068_OK,1,source_calibration,OK,1165.32177734375,1165.32177734375,1165.32177734375,1151.443359375,1167.207763671875,1167.207763671875,1281.703369140625,1183.936279296875,1183.936279296875
plastic_nut,plastic_nut/OK/S0068/plastic_nut_0068_OK_C2_20230930131103.jpg,plastic_nut::plastic_nut_0068_OK,2,source_calibration,OK,1162.983642578125,1140.043212890625,1152.55810546875,993.045654296875,1148.570556640625,1148.570556640625,1062.620361328125,1062.620361328125,1062.620361328125
plastic_nut,plastic_nut/OK/S0068/plastic_nut_0068_OK_C3_20230930131103.jpg,plastic_nut::plastic_nut_0068_OK,3,source_calibration,OK,1090.79833984375,1243.50244140625,1243.50244140625,984.633544921875,984.633544921875,988.85498046875,968.298095703125,968.298095703125,968.298095703125
plastic_nut,plastic_nut/OK/S0068/plastic_nut_0068_OK_C4_20230930131103.jpg,plastic_nut::plastic_nut_0068_OK,4,source_calibration,OK,1317.0859375,1293.2939453125,1293.2939453125,989.41162109375,989.41162109375,902.37353515625,1333.9423828125,1333.9423828125,1333.9423828125
plastic_nut,plastic_nut/OK/S0068/plastic_nut_0068_OK_C5_20230930131103.jpg,plastic_nut::plastic_nut_0068_OK,5,source_calibration,OK,1022.285888671875,1047.114990234375,993.854736328125,989.864990234375,989.864990234375,989.864990234375,1055.037109375,1055.037109375,1099.31591796875
plastic_nut,plastic_nut/OK/S0076/plastic_nut_0076_OK_C1_20230930131339.jpg,plastic_nut::plastic_nut_0076_OK,1,source_calibration,OK,1151.22412109375,1151.22412109375,1151.22412109375,1034.64892578125,1034.64892578125,1034.64892578125,1258.38037109375,1258.38037109375,1258.38037109375
plastic_nut,plastic_nut/OK/S0076/plastic_nut_0076_OK_C2_20230930131339.jpg,plastic_nut::plastic_nut_0076_OK,2,source_calibration,OK,1204.71142578125,1154.013671875,1154.013671875,909.93408203125,909.93408203125,909.93408203125,820.99755859375,803.33837890625,843.46240234375
plastic_nut,plastic_nut/OK/S0076/plastic_nut_0076_OK_C3_20230930131339.jpg,plastic_nut::plastic_nut_0076_OK,3,source_calibration,OK,1031.924560546875,995.810546875,1064.55810546875,1201.8525390625,1201.8525390625,1201.8525390625,994.26171875,994.26171875,994.26171875
plastic_nut,plastic_nut/OK/S0076/plastic_nut_0076_OK_C4_20230930131339.jpg,plastic_nut::plastic_nut_0076_OK,4,source_calibration,OK,1523.105224609375,1498.03076171875,1498.03076171875,1367.832763671875,1367.832763671875,1367.832763671875,1436.72412109375,1420.418212890625,1377.9697265625
plastic_nut,plastic_nut/OK/S0076/plastic_nut_0076_OK_C5_20230930131339.jpg,plastic_nut::plastic_nut_0076_OK,5,source_calibration,OK,1015.5224609375,1021.6416015625,1015.5224609375,926.9189453125,1053.60986328125,850.684326171875,794.97607421875,833.7431640625,833.7431640625
plastic_nut,plastic_nut/OK/S0091/plastic_nut_0091_OK_C1_20230930132107.jpg,plastic_nut::plastic_nut_0091_OK,1,source_calibration,OK,1343.8515625,1066.60498046875,1064.80322265625,948.921142578125,948.921142578125,948.921142578125,1101.093017578125,1101.093017578125,1101.093017578125
plastic_nut,plastic_nut/OK/S0091/plastic_nut_0091_OK_C2_20230930132107.jpg,plastic_nut::plastic_nut_0091_OK,2,source_calibration,OK,991.70361328125,991.70361328125,991.70361328125,815.69873046875,815.69873046875,815.69873046875,967.936279296875,1055.177734375,967.936279296875
plastic_nut,plastic_nut/OK/S0091/plastic_nut_0091_OK_C3_20230930132107.jpg,plastic_nut::plastic_nut_0091_OK,3,source_calibration,OK,1469.316162109375,1469.316162109375,1405.78369140625,1303.91796875,1303.91796875,1303.91796875,965.642333984375,998.081787109375,998.081787109375
plastic_nut,plastic_nut/OK/S0091/plastic_nut_0091_OK_C4_20230930132107.jpg,plastic_nut::plastic_nut_0091_OK,4,source_calibration,OK,1141.585205078125,1141.585205078125,1224.49560546875,837.9248046875,837.9248046875,963.197265625,965.65966796875,965.65966796875,965.65966796875
plastic_nut,plastic_nut/OK/S0091/plastic_nut_0091_OK_C5_20230930132107.jpg,plastic_nut::plastic_nut_0091_OK,5,source_calibration,OK,1201.9501953125,999.38232421875,1201.9501953125,1139.390625,1139.390625,1179.264404296875,1030.81298828125,925.6337890625,1030.81298828125
plastic_nut,plastic_nut/OK/S0094/plastic_nut_0094_OK_C1_20230930132250.jpg,plastic_nut::plastic_nut_0094_OK,1,source_calibration,OK,1237.494873046875,1237.494873046875,1237.494873046875,1207.27490234375,1207.27490234375,1281.53173828125,1186.26953125,1149.571044921875,1115.995361328125
plastic_nut,plastic_nut/OK/S0094/plastic_nut_0094_OK_C2_20230930132250.jpg,plastic_nut::plastic_nut_0094_OK,2,source_calibration,OK,984.58740234375,1013.855712890625,984.58740234375,1170.00341796875,1170.00341796875,1170.00341796875,1013.13916015625,998.285400390625,998.285400390625
plastic_nut,plastic_nut/OK/S0094/plastic_nut_0094_OK_C3_20230930132250.jpg,plastic_nut::plastic_nut_0094_OK,3,source_calibration,OK,935.9619140625,935.9619140625,935.9619140625,905.8203125,880.78955078125,957.7958984375,813.277587890625,822.172607421875,822.172607421875
plastic_nut,plastic_nut/OK/S0094/plastic_nut_0094_OK_C4_20230930132250.jpg,plastic_nut::plastic_nut_0094_OK,4,source_calibration,OK,1003.64697265625,1003.64697265625,1003.64697265625,947.689453125,853.29638671875,853.29638671875,865.449462890625,865.449462890625,865.449462890625
plastic_nut,plastic_nut/OK/S0094/plastic_nut_0094_OK_C5_20230930132250.jpg,plastic_nut::plastic_nut_0094_OK,5,source_calibration,OK,1432.585693359375,1432.585693359375,1432.585693359375,1142.62646484375,1142.62646484375,1142.62646484375,1064.399169921875,1064.399169921875,1064.399169921875
plastic_nut,plastic_nut/OK/S0107/plastic_nut_0107_OK_C1_20230930132941.jpg,plastic_nut::plastic_nut_0107_OK,1,source_calibration,OK,1172.68994140625,1117.876220703125,1162.995361328125,1155.825927734375,1130.282470703125,1130.282470703125,1226.618896484375,1212.788330078125,1207.201171875
plastic_nut,plastic_nut/OK/S0107/plastic_nut_0107_OK_C2_20230930132941.jpg,plastic_nut::plastic_nut_0107_OK,2,source_calibration,OK,1200.2802734375,1168.902099609375,1168.902099609375,894.433349609375,894.433349609375,911.55810546875,941.095703125,984.80859375,1039.640625
plastic_nut,plastic_nut/OK/S0107/plastic_nut_0107_OK_C3_20230930132941.jpg,plastic_nut::plastic_nut_0107_OK,3,source_calibration,OK,1124.841064453125,1297.91943359375,1297.91943359375,765.208984375,754.23779296875,754.23779296875,975.6923828125,950.572021484375,950.572021484375
plastic_nut,plastic_nut/OK/S0107/plastic_nut_0107_OK_C4_20230930132941.jpg,plastic_nut::plastic_nut_0107_OK,4,source_calibration,OK,971.45751953125,971.45751953125,971.45751953125,1069.443115234375,862.22119140625,862.22119140625,884.78515625,935.9384765625,896.6103515625
plastic_nut,plastic_nut/OK/S0107/plastic_nut_0107_OK_C5_20230930132941.jpg,plastic_nut::plastic_nut_0107_OK,5,source_calibration,OK,872.48779296875,956.02783203125,872.48779296875,978.88525390625,910.02392578125,848.05615234375,901.334228515625,901.334228515625,901.334228515625
plastic_nut,plastic_nut/OK/S0108/plastic_nut_0108_OK_C1_20230930133007.jpg,plastic_nut::plastic_nut_0108_OK,1,source_calibration,OK,1607.0302734375,1735.823974609375,1628.76123046875,1496.5986328125,1496.5986328125,1496.5986328125,1558.649169921875,1558.649169921875,1570.634521484375
plastic_nut,plastic_nut/OK/S0108/plastic_nut_0108_OK_C2_20230930133007.jpg,plastic_nut::plastic_nut_0108_OK,2,source_calibration,OK,964.66650390625,964.66650390625,964.66650390625,936.91845703125,936.91845703125,936.91845703125,925.34375,925.34375,800.434326171875
plastic_nut,plastic_nut/OK/S0108/plastic_nut_0108_OK_C3_20230930133007.jpg,plastic_nut::plastic_nut_0108_OK,3,source_calibration,OK,1208.950439453125,1376.9453125,1376.9453125,969.15185546875,955.214111328125,905.403564453125,1015.3662109375,1071.95703125,1073.640869140625
plastic_nut,plastic_nut/OK/S0108/plastic_nut_0108_OK_C4_20230930133007.jpg,plastic_nut::plastic_nut_0108_OK,4,source_calibration,OK,943.344482421875,958.7119140625,1007.527099609375,970.109130859375,970.109130859375,970.109130859375,1031.829833984375,1031.829833984375,1039.55126953125
plastic_nut,plastic_nut/OK/S0108/plastic_nut_0108_OK_C5_20230930133007.jpg,plastic_nut::plastic_nut_0108_OK,5,source_calibration,OK,1176.535400390625,1158.60498046875,1158.60498046875,954.541015625,1000.294921875,927.91845703125,1081.217041015625,1081.217041015625,1081.217041015625
plastic_nut,plastic_nut/OK/S0120/plastic_nut_0120_OK_C1_20230930133553.jpg,plastic_nut::plastic_nut_0120_OK,1,source_calibration,OK,1344.16455078125,1344.16455078125,1382.2451171875,1129.197265625,1322.664306640625,1322.664306640625,1455.95751953125,1455.95751953125,1441.990234375
plastic_nut,plastic_nut/OK/S0120/plastic_nut_0120_OK_C2_20230930133553.jpg,plastic_nut::plastic_nut_0120_OK,2,source_calibration,OK,1196.92138671875,1196.92138671875,1196.92138671875,1173.323486328125,1173.323486328125,1173.323486328125,1399.68017578125,1364.044189453125,1364.044189453125
plastic_nut,plastic_nut/OK/S0120/plastic_nut_0120_OK_C3_20230930133553.jpg,plastic_nut::plastic_nut_0120_OK,3,source_calibration,OK,953.15625,1080.558837890625,1080.558837890625,993.92236328125,946.85400390625,946.85400390625,892.8623046875,892.8623046875,957.82470703125
plastic_nut,plastic_nut/OK/S0120/plastic_nut_0120_OK_C4_20230930133553.jpg,plastic_nut::plastic_nut_0120_OK,4,source_calibration,OK,1401.516845703125,1401.516845703125,1401.516845703125,1629.337646484375,1409.294677734375,1629.337646484375,1537.318603515625,1513.433837890625,1513.433837890625
plastic_nut,plastic_nut/OK/S0120/plastic_nut_0120_OK_C5_20230930133553.jpg,plastic_nut::plastic_nut_0120_OK,5,source_calibration,OK,947.3330078125,1002.503662109375,898.81396484375,813.641357421875,861.85791015625,930.92822265625,863.09521484375,863.09521484375,884.061279296875
plastic_nut,plastic_nut/OK/S0121/plastic_nut_0121_OK_C1_20230930133616.jpg,plastic_nut::plastic_nut_0121_OK,1,source_calibration,OK,1065.12890625,1163.560791015625,1163.560791015625,1107.9990234375,1107.9990234375,1107.9990234375,1170.993896484375,1170.993896484375,1173.806884765625
plastic_nut,plastic_nut/OK/S0121/plastic_nut_0121_OK_C2_20230930133616.jpg,plastic_nut::plastic_nut_0121_OK,2,source_calibration,OK,1237.656494140625,1264.435546875,1264.435546875,1165.634765625,1165.634765625,1165.634765625,1091.71630859375,995.22998046875,1095.56396484375
plastic_nut,plastic_nut/OK/S0121/plastic_nut_0121_OK_C3_20230930133616.jpg,plastic_nut::plastic_nut_0121_OK,3,source_calibration,OK,1267.51611328125,1440.489013671875,1440.489013671875,916.17529296875,916.17529296875,921.376220703125,906.037841796875,906.037841796875,906.037841796875
plastic_nut,plastic_nut/OK/S0121/plastic_nut_0121_OK_C4_20230930133616.jpg,plastic_nut::plastic_nut_0121_OK,4,source_calibration,OK,988.658203125,1212.904296875,988.658203125,996.12890625,996.12890625,996.12890625,1066.996337890625,1098.958251953125,1033.3095703125
plastic_nut,plastic_nut/OK/S0121/plastic_nut_0121_OK_C5_20230930133616.jpg,plastic_nut::plastic_nut_0121_OK,5,source_calibration,OK,1329.831298828125,1329.831298828125,1329.831298828125,1025.447021484375,1025.447021484375,1025.447021484375,1100.72412109375,1100.72412109375,1164.697021484375
plastic_nut,plastic_nut/OK/S0127/plastic_nut_0127_OK_C1_20230930133902.jpg,plastic_nut::plastic_nut_0127_OK,1,source_calibration,OK,1555.89697265625,1551.99951171875,1551.99951171875,1383.927978515625,1421.232421875,1421.232421875,1570.600830078125,1570.600830078125,1570.600830078125
plastic_nut,plastic_nut/OK/S0127/plastic_nut_0127_OK_C2_20230930133902.jpg,plastic_nut::plastic_nut_0127_OK,2,source_calibration,OK,1024.62890625,984.238525390625,984.238525390625,1180.7900390625,1180.7900390625,1180.7900390625,997.11083984375,997.11083984375,997.11083984375
plastic_nut,plastic_nut/OK/S0127/plastic_nut_0127_OK_C3_20230930133902.jpg,plastic_nut::plastic_nut_0127_OK,3,source_calibration,OK,1202.49169921875,1282.832275390625,1282.832275390625,905.430908203125,905.430908203125,905.430908203125,1056.76904296875,1064.74365234375,1056.76904296875
plastic_nut,plastic_nut/OK/S0127/plastic_nut_0127_OK_C4_20230930133902.jpg,plastic_nut::plastic_nut_0127_OK,4,source_calibration,OK,1048.248779296875,1054.6123046875,1054.6123046875,962.662841796875,974.4892578125,974.4892578125,1016.389404296875,1016.389404296875,1016.389404296875
plastic_nut,plastic_nut/OK/S0127/plastic_nut_0127_OK_C5_20230930133902.jpg,plastic_nut::plastic_nut_0127_OK,5,source_calibration,OK,1232.5234375,1310.65283203125,1310.65283203125,1067.76416015625,1039.738525390625,991.0703125,984.6171875,984.6171875,1028.88134765625
plastic_nut,plastic_nut/OK/S0129/plastic_nut_0129_OK_C1_20230930134002.jpg,plastic_nut::plastic_nut_0129_OK,1,source_calibration,OK,1061.042724609375,1102.75634765625,1102.75634765625,1115.616455078125,1115.616455078125,1115.616455078125,1122.59912109375,1141.728271484375,1112.74560546875
plastic_nut,plastic_nut/OK/S0129/plastic_nut_0129_OK_C2_20230930134002.jpg,plastic_nut::plastic_nut_0129_OK,2,source_calibration,OK,947.099609375,947.099609375,947.099609375,1033.87548828125,1033.87548828125,1033.87548828125,1179.783203125,1179.783203125,1179.783203125
plastic_nut,plastic_nut/OK/S0129/plastic_nut_0129_OK_C3_20230930134002.jpg,plastic_nut::plastic_nut_0129_OK,3,source_calibration,OK,1483.21484375,1483.21484375,1483.21484375,1117.604248046875,1117.604248046875,1117.604248046875,1300.306396484375,1300.306396484375,1300.306396484375
plastic_nut,plastic_nut/OK/S0129/plastic_nut_0129_OK_C4_20230930134002.jpg,plastic_nut::plastic_nut_0129_OK,4,source_calibration,OK,1264.099853515625,1264.099853515625,1264.099853515625,1132.198974609375,1132.198974609375,1132.198974609375,1131.591552734375,1131.591552734375,1072.60205078125
plastic_nut,plastic_nut/OK/S0129/plastic_nut_0129_OK_C5_20230930134002.jpg,plastic_nut::plastic_nut_0129_OK,5,source_calibration,OK,1073.147705078125,1073.147705078125,1073.147705078125,873.923583984375,807.60693359375,816.78662109375,988.847412109375,988.847412109375,988.847412109375
plastic_nut,plastic_nut/OK/S0131/plastic_nut_0131_OK_C1_20230930134046.jpg,plastic_nut::plastic_nut_0131_OK,1,source_calibration,OK,1145.759033203125,1145.759033203125,1193.527099609375,1147.2451171875,1147.2451171875,1147.2451171875,1191.04296875,1183.9853515625,1183.9853515625
plastic_nut,plastic_nut/OK/S0131/plastic_nut_0131_OK_C2_20230930134046.jpg,plastic_nut::plastic_nut_0131_OK,2,source_calibration,OK,1056.7939453125,1053.51123046875,1141.71923828125,1125.17919921875,1058.918701171875,1058.918701171875,1040.55029296875,1055.8974609375,1040.55029296875
plastic_nut,plastic_nut/OK/S0131/plastic_nut_0131_OK_C3_20230930134046.jpg,plastic_nut::plastic_nut_0131_OK,3,source_calibration,OK,1260.2197265625,1260.2197265625,1260.2197265625,839.0087890625,808.2431640625,808.2431640625,972.030029296875,972.030029296875,983.17431640625
plastic_nut,plastic_nut/OK/S0131/plastic_nut_0131_OK_C4_20230930134046.jpg,plastic_nut::plastic_nut_0131_OK,4,source_calibration,OK,1096.585693359375,1096.585693359375,1257.220703125,1014.80712890625,1090.32958984375,1014.80712890625,1005.0625,1005.0625,1005.0625
plastic_nut,plastic_nut/OK/S0131/plastic_nut_0131_OK_C5_20230930134046.jpg,plastic_nut::plastic_nut_0131_OK,5,source_calibration,OK,1011.601318359375,1011.601318359375,984.767333984375,1006.966552734375,1006.966552734375,1006.966552734375,947.928955078125,947.928955078125,1144.693603515625
plastic_nut,plastic_nut/OK/S0133/plastic_nut_0133_OK_C1_20230930134116.jpg,plastic_nut::plastic_nut_0133_OK,1,source_calibration,OK,1020.986572265625,992.6376953125,1058.27490234375,931.08154296875,986.89306640625,1091.2314453125,1065.560546875,1065.560546875,1084.798828125
plastic_nut,plastic_nut/OK/S0133/plastic_nut_0133_OK_C2_20230930134116.jpg,plastic_nut::plastic_nut_0133_OK,2,source_calibration,OK,1053.277587890625,1053.277587890625,1053.277587890625,1007.833984375,1004.494140625,1092.0234375,1031.87451171875,1031.87451171875,1031.87451171875
plastic_nut,plastic_nut/OK/S0133/plastic_nut_0133_OK_C3_20230930134116.jpg,plastic_nut::plastic_nut_0133_OK,3,source_calibration,OK,1132.239501953125,1234.3056640625,1234.3056640625,981.7216796875,981.7216796875,981.7216796875,991.492431640625,991.492431640625,991.492431640625
plastic_nut,plastic_nut/OK/S0133/plastic_nut_0133_OK_C4_20230930134116.jpg,plastic_nut::plastic_nut_0133_OK,4,source_calibration,OK,989.86181640625,989.86181640625,989.86181640625,1119.5703125,1119.5703125,1119.5703125,1196.37353515625,1102.848388671875,1102.848388671875
plastic_nut,plastic_nut/OK/S0133/plastic_nut_0133_OK_C5_20230930134116.jpg,plastic_nut::plastic_nut_0133_OK,5,source_calibration,OK,1066.649169921875,1066.649169921875,1066.649169921875,983.65283203125,995.474609375,1089.45849609375,882.90966796875,1013.537109375,1056.087890625
plastic_nut,plastic_nut/OK/S0138/plastic_nut_0138_OK_C1_20230930134336.jpg,plastic_nut::plastic_nut_0138_OK,1,source_calibration,OK,1131.2314453125,1036.25927734375,1132.67919921875,1063.043212890625,1063.043212890625,1063.043212890625,1183.693603515625,1183.693603515625,1183.693603515625
plastic_nut,plastic_nut/OK/S0138/plastic_nut_0138_OK_C2_20230930134336.jpg,plastic_nut::plastic_nut_0138_OK,2,source_calibration,OK,943.03662109375,943.03662109375,943.03662109375,1012.1748046875,1012.1748046875,1012.1748046875,1049.666748046875,1049.666748046875,1049.666748046875
plastic_nut,plastic_nut/OK/S0138/plastic_nut_0138_OK_C3_20230930134336.jpg,plastic_nut::plastic_nut_0138_OK,3,source_calibration,OK,1366.287109375,1482.1826171875,1482.1826171875,1024.6796875,1024.6796875,1024.6796875,1048.680419921875,1048.680419921875,1048.680419921875
plastic_nut,plastic_nut/OK/S0138/plastic_nut_0138_OK_C4_20230930134336.jpg,plastic_nut::plastic_nut_0138_OK,4,source_calibration,OK,1230.1181640625,1230.1181640625,1251.0810546875,1184.97509765625,1184.97509765625,1184.97509765625,1395.6923828125,1379.4736328125,1379.4736328125
plastic_nut,plastic_nut/OK/S0138/plastic_nut_0138_OK_C5_20230930134336.jpg,plastic_nut::plastic_nut_0138_OK,5,source_calibration,OK,1093.270263671875,1093.270263671875,1093.270263671875,1088.263671875,1088.263671875,1066.17041015625,1284.90283203125,1507.82763671875,1284.90283203125
plastic_nut,plastic_nut/OK/S0146/plastic_nut_0146_OK_C1_20230930134705.jpg,plastic_nut::plastic_nut_0146_OK,1,source_calibration,OK,1158.08544921875,1158.08544921875,1158.08544921875,1224.7607421875,1224.7607421875,1224.7607421875,1118.757568359375,1144.5751953125,1118.757568359375
plastic_nut,plastic_nut/OK/S0146/plastic_nut_0146_OK_C2_20230930134705.jpg,plastic_nut::plastic_nut_0146_OK,2,source_calibration,OK,954.69189453125,954.69189453125,884.269775390625,862.8232421875,862.8232421875,862.8232421875,954.264404296875,954.264404296875,954.264404296875
plastic_nut,plastic_nut/OK/S0146/plastic_nut_0146_OK_C3_20230930134705.jpg,plastic_nut::plastic_nut_0146_OK,3,source_calibration,OK,1240.30322265625,1366.758544921875,1366.758544921875,1167.701171875,1167.701171875,1167.701171875,1010.26953125,1010.26953125,1010.26953125
plastic_nut,plastic_nut/OK/S0146/plastic_nut_0146_OK_C4_20230930134705.jpg,plastic_nut::plastic_nut_0146_OK,4,source_calibration,OK,1065.927734375,1065.927734375,1065.927734375,979.326171875,962.0546875,962.0546875,985.02294921875,1107.68505859375,1107.68505859375
plastic_nut,plastic_nut/OK/S0146/plastic_nut_0146_OK_C5_20230930134705.jpg,plastic_nut::plastic_nut_0146_OK,5,source_calibration,OK,1001.980224609375,1001.980224609375,1001.980224609375,918.50244140625,799.754150390625,874.02734375,894.854248046875,1061.60498046875,894.854248046875
plastic_nut,plastic_nut/OK/S0151/plastic_nut_0151_OK_C1_20230930135018.jpg,plastic_nut::plastic_nut_0151_OK,1,source_calibration,OK,1319.47705078125,1319.47705078125,1319.47705078125,1240.0498046875,1240.0498046875,1240.0498046875,1116.07177734375,1172.512451171875,1148.71337890625
plastic_nut,plastic_nut/OK/S0151/plastic_nut_0151_OK_C2_20230930135018.jpg,plastic_nut::plastic_nut_0151_OK,2,source_calibration,OK,1187.9091796875,1210.27294921875,1187.9091796875,1089.68505859375,1089.68505859375,1089.68505859375,1068.852783203125,1068.852783203125,1068.852783203125
plastic_nut,plastic_nut/OK/S0151/plastic_nut_0151_OK_C3_20230930135018.jpg,plastic_nut::plastic_nut_0151_OK,3,source_calibration,OK,1364.422119140625,1455.75634765625,1455.75634765625,992.703369140625,904.84814453125,992.703369140625,935.13720703125,935.13720703125,935.13720703125
plastic_nut,plastic_nut/OK/S0151/plastic_nut_0151_OK_C4_20230930135018.jpg,plastic_nut::plastic_nut_0151_OK,4,source_calibration,OK,1197.41796875,1197.41796875,1197.41796875,984.15234375,984.15234375,984.15234375,1024.892822265625,1024.892822265625,1024.892822265625
plastic_nut,plastic_nut/OK/S0151/plastic_nut_0151_OK_C5_20230930135018.jpg,plastic_nut::plastic_nut_0151_OK,5,source_calibration,OK,954.2802734375,1058.60498046875,1058.60498046875,921.144775390625,884.9482421875,921.144775390625,960.587646484375,960.587646484375,964.91650390625
plastic_nut,plastic_nut/OK/S0159/plastic_nut_0159_OK_C1_20230930135427.jpg,plastic_nut::plastic_nut_0159_OK,1,source_calibration,OK,1293.55419921875,1293.55419921875,1293.55419921875,1175.66748046875,1168.52099609375,1168.52099609375,1405.744140625,1405.744140625,1405.744140625
plastic_nut,plastic_nut/OK/S0159/plastic_nut_0159_OK_C2_20230930135427.jpg,plastic_nut::plastic_nut_0159_OK,2,source_calibration,OK,1348.745361328125,1348.745361328125,1348.745361328125,1244.210205078125,1244.210205078125,1244.210205078125,1142.6220703125,1142.6220703125,1142.6220703125
plastic_nut,plastic_nut/OK/S0159/plastic_nut_0159_OK_C3_20230930135427.jpg,plastic_nut::plastic_nut_0159_OK,3,source_calibration,OK,1207.73828125,1393.63916015625,1393.63916015625,947.69580078125,947.567138671875,947.69580078125,1067.65869140625,1067.65869140625,1067.65869140625
plastic_nut,plastic_nut/OK/S0159/plastic_nut_0159_OK_C4_20230930135427.jpg,plastic_nut::plastic_nut_0159_OK,4,source_calibration,OK,1004.533203125,1050.489990234375,1033.947021484375,959.58154296875,939.16259765625,956.412109375,1040.11669921875,1040.11669921875,1040.11669921875
plastic_nut,plastic_nut/OK/S0159/plastic_nut_0159_OK_C5_20230930135427.jpg,plastic_nut::plastic_nut_0159_OK,5,source_calibration,OK,1032.603271484375,1032.603271484375,1032.603271484375,1105.5986328125,1105.5986328125,1105.5986328125,1122.9482421875,1122.9482421875,1122.9482421875
plastic_nut,plastic_nut/OK/S0164/plastic_nut_0164_OK_C1_20230930135730.jpg,plastic_nut::plastic_nut_0164_OK,1,source_calibration,OK,1333.778076171875,1333.778076171875,1333.778076171875,1292.6875,1292.6875,1292.6875,1275.204833984375,1275.204833984375,1409.205810546875
plastic_nut,plastic_nut/OK/S0164/plastic_nut_0164_OK_C2_20230930135730.jpg,plastic_nut::plastic_nut_0164_OK,2,source_calibration,OK,1103.5400390625,1103.5400390625,1103.5400390625,961.380615234375,961.380615234375,961.380615234375,924.810791015625,924.810791015625,924.810791015625
plastic_nut,plastic_nut/OK/S0164/plastic_nut_0164_OK_C3_20230930135730.jpg,plastic_nut::plastic_nut_0164_OK,3,source_calibration,OK,1639.140869140625,1639.140869140625,1639.140869140625,1384.46240234375,1415.498046875,1415.498046875,915.254150390625,914.128173828125,946.730712890625
plastic_nut,plastic_nut/OK/S0164/plastic_nut_0164_OK_C4_20230930135730.jpg,plastic_nut::plastic_nut_0164_OK,4,source_calibration,OK,1268.2578125,1268.2578125,1268.2578125,1021.7958984375,1021.7958984375,1021.7958984375,1313.174560546875,1313.174560546875,1313.174560546875
plastic_nut,plastic_nut/OK/S0164/plastic_nut_0164_OK_C5_20230930135730.jpg,plastic_nut::plastic_nut_0164_OK,5,source_calibration,OK,1281.02294921875,1304.800537109375,1304.800537109375,1211.014892578125,1171.08203125,1211.014892578125,1074.136474609375,1074.136474609375,964.989501953125
plastic_nut,plastic_nut/OK/S0170/plastic_nut_0170_OK_C1_20230930135947.jpg,plastic_nut::plastic_nut_0170_OK,1,source_calibration,OK,1196.284423828125,1175.35986328125,1120.811279296875,1051.552734375,1043.5810546875,1043.5810546875,1134.693359375,1020.09130859375,1168.82666015625
plastic_nut,plastic_nut/OK/S0170/plastic_nut_0170_OK_C2_20230930135947.jpg,plastic_nut::plastic_nut_0170_OK,2,source_calibration,OK,931.136962890625,931.136962890625,931.136962890625,1008.187255859375,1008.187255859375,1040.173828125,962.86767578125,962.86767578125,962.86767578125
plastic_nut,plastic_nut/OK/S0170/plastic_nut_0170_OK_C3_20230930135947.jpg,plastic_nut::plastic_nut_0170_OK,3,source_calibration,OK,1379.30029296875,1493.413330078125,1493.413330078125,1266.953369140625,1266.953369140625,1266.953369140625,1253.295166015625,1027.138916015625,1187.9521484375
plastic_nut,plastic_nut/OK/S0170/plastic_nut_0170_OK_C4_20230930135947.jpg,plastic_nut::plastic_nut_0170_OK,4,source_calibration,OK,1126.926513671875,1109.186279296875,1041.973388671875,1040.183837890625,1041.838134765625,1041.838134765625,959.353515625,959.353515625,959.353515625
plastic_nut,plastic_nut/OK/S0170/plastic_nut_0170_OK_C5_20230930135947.jpg,plastic_nut::plastic_nut_0170_OK,5,source_calibration,OK,1209.8427734375,1209.8427734375,1209.8427734375,971.330078125,1075.435546875,971.330078125,877.6982421875,897.41748046875,897.41748046875
plastic_nut,plastic_nut/OK/S0176/plastic_nut_0176_OK_C1_20230930140125.jpg,plastic_nut::plastic_nut_0176_OK,1,source_calibration,OK,1183.04931640625,1053.376953125,1062.510498046875,1014.185546875,985.263671875,1030.954833984375,1207.36083984375,1123.558349609375,1123.558349609375
plastic_nut,plastic_nut/OK/S0176/plastic_nut_0176_OK_C2_20230930140125.jpg,plastic_nut::plastic_nut_0176_OK,2,source_calibration,OK,992.444091796875,992.444091796875,992.444091796875,1219.19384765625,1219.19384765625,1219.19384765625,1082.344970703125,1067.234130859375,1067.234130859375
plastic_nut,plastic_nut/OK/S0176/plastic_nut_0176_OK_C3_20230930140125.jpg,plastic_nut::plastic_nut_0176_OK,3,source_calibration,OK,1061.416259765625,1230.929443359375,1230.929443359375,1076.587890625,953.259765625,950.13037109375,953.267578125,981.006591796875,981.006591796875
plastic_nut,plastic_nut/OK/S0176/plastic_nut_0176_OK_C4_20230930140125.jpg,plastic_nut::plastic_nut_0176_OK,4,source_calibration,OK,1027.6650390625,963.162841796875,963.162841796875,1128.756591796875,1128.756591796875,1128.756591796875,909.2939453125,811.0263671875,909.2939453125
plastic_nut,plastic_nut/OK/S0176/plastic_nut_0176_OK_C5_20230930140125.jpg,plastic_nut::plastic_nut_0176_OK,5,source_calibration,OK,1133.71044921875,1078.6904296875,1078.6904296875,831.64306640625,836.20654296875,836.20654296875,882.72998046875,909.4443359375,926.4921875
plastic_nut,plastic_nut/OK/S0187/plastic_nut_0187_OK_C1_20230930140554.jpg,plastic_nut::plastic_nut_0187_OK,1,source_calibration,OK,1218.68017578125,1195.2138671875,1195.2138671875,1077.82275390625,1077.82275390625,1095.237548828125,1246.924072265625,1214.75341796875,1214.75341796875
plastic_nut,plastic_nut/OK/S0187/plastic_nut_0187_OK_C2_20230930140554.jpg,plastic_nut::plastic_nut_0187_OK,2,source_calibration,OK,1149.510498046875,1149.510498046875,1149.510498046875,1142.313720703125,1121.46240234375,1121.46240234375,1070.60986328125,1070.60986328125,1070.60986328125
plastic_nut,plastic_nut/OK/S0187/plastic_nut_0187_OK_C3_20230930140554.jpg,plastic_nut::plastic_nut_0187_OK,3,source_calibration,OK,1297.7001953125,1339.1162109375,1339.1162109375,932.148681640625,932.148681640625,932.148681640625,1187.6630859375,1187.297607421875,1187.297607421875
plastic_nut,plastic_nut/OK/S0187/plastic_nut_0187_OK_C4_20230930140554.jpg,plastic_nut::plastic_nut_0187_OK,4,source_calibration,OK,1099.09130859375,1099.09130859375,1099.09130859375,1271.660888671875,1055.745849609375,1146.24755859375,1022.643798828125,1022.643798828125,1022.643798828125
plastic_nut,plastic_nut/OK/S0187/plastic_nut_0187_OK_C5_20230930140554.jpg,plastic_nut::plastic_nut_0187_OK,5,source_calibration,OK,807.874267578125,807.874267578125,807.874267578125,991.523193359375,991.523193359375,991.523193359375,947.819580078125,947.819580078125,1001.6025390625
plastic_nut,plastic_nut/OK/S0194/plastic_nut_0194_OK_C1_20230930141543.jpg,plastic_nut::plastic_nut_0194_OK,1,source_calibration,OK,1240.392333984375,1240.392333984375,1240.392333984375,1222.77099609375,1222.77099609375,1201.3203125,1145.008056640625,1145.008056640625,1145.008056640625
plastic_nut,plastic_nut/OK/S0194/plastic_nut_0194_OK_C2_20230930141543.jpg,plastic_nut::plastic_nut_0194_OK,2,source_calibration,OK,1132.11572265625,1132.11572265625,1132.11572265625,988.8818359375,988.8818359375,988.8818359375,884.017333984375,884.017333984375,884.017333984375
plastic_nut,plastic_nut/OK/S0194/plastic_nut_0194_OK_C3_20230930141543.jpg,plastic_nut::plastic_nut_0194_OK,3,source_calibration,OK,1034.816650390625,1199.21240234375,1199.21240234375,1070.442138671875,1070.442138671875,1070.442138671875,805.47607421875,847.40576171875,805.47607421875
plastic_nut,plastic_nut/OK/S0194/plastic_nut_0194_OK_C4_20230930141543.jpg,plastic_nut::plastic_nut_0194_OK,4,source_calibration,OK,1020.646484375,1020.646484375,986.050048828125,956.3935546875,858.92236328125,864.98974609375,985.236083984375,985.236083984375,985.236083984375
plastic_nut,plastic_nut/OK/S0194/plastic_nut_0194_OK_C5_20230930141543.jpg,plastic_nut::plastic_nut_0194_OK,5,source_calibration,OK,1240.610107421875,1240.610107421875,1240.610107421875,1236.559814453125,1236.559814453125,1236.559814453125,1098.7548828125,1098.7548828125,1098.7548828125
plastic_nut,plastic_nut/OK/S0196/plastic_nut_0196_OK_C1_20230930142728.jpg,plastic_nut::plastic_nut_0196_OK,1,source_calibration,OK,1078.89794921875,1146.62890625,1118.7890625,1499.3720703125,1499.3720703125,1499.3720703125,1327.64306640625,1387.96875,1321.8270263671875
plastic_nut,plastic_nut/OK/S0196/plastic_nut_0196_OK_C2_20230930142728.jpg,plastic_nut::plastic_nut_0196_OK,2,source_calibration,OK,964.760009765625,953.446044921875,953.446044921875,1185.876708984375,1185.876708984375,1185.876708984375,1230.24609375,1230.24609375,1230.24609375
plastic_nut,plastic_nut/OK/S0196/plastic_nut_0196_OK_C3_20230930142728.jpg,plastic_nut::plastic_nut_0196_OK,3,source_calibration,OK,1097.96826171875,1097.96826171875,1097.96826171875,1302.28564453125,1302.28564453125,1302.28564453125,1018.998291015625,1107.99267578125,1048.71240234375
plastic_nut,plastic_nut/OK/S0196/plastic_nut_0196_OK_C4_20230930142728.jpg,plastic_nut::plastic_nut_0196_OK,4,source_calibration,OK,1140.035400390625,1140.035400390625,1140.035400390625,1192.15966796875,1192.15966796875,1192.15966796875,1186.04931640625,888.001708984375,888.001708984375
plastic_nut,plastic_nut/OK/S0196/plastic_nut_0196_OK_C5_20230930142728.jpg,plastic_nut::plastic_nut_0196_OK,5,source_calibration,OK,1218.615478515625,1218.615478515625,1218.615478515625,1527.87841796875,1509.656494140625,1494.60205078125,1601.81103515625,1597.14453125,1601.81103515625
plastic_nut,plastic_nut/OK/S0200/plastic_nut_0200_OK_C1_20230930142956.jpg,plastic_nut::plastic_nut_0200_OK,1,source_calibration,OK,1023.302001953125,1010.261474609375,1008.77880859375,1122.604248046875,916.401611328125,916.401611328125,1226.72509765625,1109.330078125,1109.330078125
plastic_nut,plastic_nut/OK/S0200/plastic_nut_0200_OK_C2_20230930142956.jpg,plastic_nut::plastic_nut_0200_OK,2,source_calibration,OK,1332.017333984375,1332.017333984375,1332.017333984375,1322.091064453125,1322.091064453125,1322.091064453125,1115.639892578125,1115.639892578125,1115.639892578125
plastic_nut,plastic_nut/OK/S0200/plastic_nut_0200_OK_C3_20230930142956.jpg,plastic_nut::plastic_nut_0200_OK,3,source_calibration,OK,1263.531494140625,1421.369140625,1421.369140625,1039.6787109375,1015.635498046875,1015.635498046875,942.46435546875,942.46435546875,942.46435546875
plastic_nut,plastic_nut/OK/S0200/plastic_nut_0200_OK_C4_20230930142956.jpg,plastic_nut::plastic_nut_0200_OK,4,source_calibration,OK,1119.50048828125,1119.50048828125,1209.38330078125,1028.1865234375,1055.9609375,1028.1865234375,967.18505859375,967.18505859375,893.024658203125
plastic_nut,plastic_nut/OK/S0200/plastic_nut_0200_OK_C5_20230930142956.jpg,plastic_nut::plastic_nut_0200_OK,5,source_calibration,OK,938.79296875,938.79296875,938.79296875,839.555908203125,896.2470703125,839.555908203125,921.006591796875,921.006591796875,921.006591796875
plastic_nut,plastic_nut/OK/S0204/plastic_nut_0204_OK_C1_20230930143225.jpg,plastic_nut::plastic_nut_0204_OK,1,source_calibration,OK,1070.912109375,1087.6533203125,1070.912109375,1164.41064453125,1164.41064453125,1242.9658203125,1191.127197265625,1191.127197265625,1191.127197265625
plastic_nut,plastic_nut/OK/S0204/plastic_nut_0204_OK_C2_20230930143225.jpg,plastic_nut::plastic_nut_0204_OK,2,source_calibration,OK,1052.35498046875,979.71533203125,1033.1962890625,912.131103515625,932.10009765625,932.10009765625,911.57958984375,994.4970703125,994.4970703125
plastic_nut,plastic_nut/OK/S0204/plastic_nut_0204_OK_C3_20230930143225.jpg,plastic_nut::plastic_nut_0204_OK,3,source_calibration,OK,1195.9208984375,1195.9208984375,1195.9208984375,848.74658203125,855.08154296875,855.08154296875,906.9013671875,906.9013671875,892.81640625
plastic_nut,plastic_nut/OK/S0204/plastic_nut_0204_OK_C4_20230930143225.jpg,plastic_nut::plastic_nut_0204_OK,4,source_calibration,OK,1281.38671875,1281.38671875,1439.652587890625,999.89599609375,999.89599609375,999.89599609375,1161.81494140625,1021.155029296875,1021.155029296875
plastic_nut,plastic_nut/OK/S0204/plastic_nut_0204_OK_C5_20230930143225.jpg,plastic_nut::plastic_nut_0204_OK,5,source_calibration,OK,1046.42724609375,1046.42724609375,1046.42724609375,1015.64501953125,1015.64501953125,1015.64501953125,1183.488525390625,1070.746826171875,1070.746826171875
plastic_nut,plastic_nut/OK/S0217/plastic_nut_0217_OK_C1_20230930144018.jpg,plastic_nut::plastic_nut_0217_OK,1,source_calibration,OK,1495.825439453125,1495.825439453125,1495.825439453125,1291.2568359375,1291.2568359375,1372.8974609375,1280.86669921875,1211.728515625,1211.728515625
plastic_nut,plastic_nut/OK/S0217/plastic_nut_0217_OK_C2_20230930144018.jpg,plastic_nut::plastic_nut_0217_OK,2,source_calibration,OK,1270.161865234375,1270.161865234375,1243.17041015625,1015.059814453125,1015.059814453125,1015.059814453125,986.059326171875,986.059326171875,986.059326171875
plastic_nut,plastic_nut/OK/S0217/plastic_nut_0217_OK_C3_20230930144018.jpg,plastic_nut::plastic_nut_0217_OK,3,source_calibration,OK,1210.23291015625,1354.453369140625,1354.453369140625,919.418212890625,950.8291015625,919.418212890625,948.662353515625,972.509521484375,948.662353515625
plastic_nut,plastic_nut/OK/S0217/plastic_nut_0217_OK_C4_20230930144018.jpg,plastic_nut::plastic_nut_0217_OK,4,source_calibration,OK,878.333251953125,878.333251953125,958.00634765625,964.67626953125,965.49072265625,964.67626953125,974.656982421875,958.120361328125,1004.12109375
plastic_nut,plastic_nut/OK/S0217/plastic_nut_0217_OK_C5_20230930144018.jpg,plastic_nut::plastic_nut_0217_OK,5,source_calibration,OK,905.4912109375,905.4912109375,905.4912109375,1086.28515625,958.532470703125,958.532470703125,957.27490234375,1006.9716796875,1002.621826171875
plastic_nut,plastic_nut/OK/S0222/plastic_nut_0222_OK_C1_20230930144230.jpg,plastic_nut::plastic_nut_0222_OK,1,source_calibration,OK,1354.85791015625,1354.85791015625,1109.716796875,1255.537353515625,1255.537353515625,1255.537353515625,1230.875,1255.12255859375,1384.271484375
plastic_nut,plastic_nut/OK/S0222/plastic_nut_0222_OK_C2_20230930144230.jpg,plastic_nut::plastic_nut_0222_OK,2,source_calibration,OK,1122.18896484375,996.62548828125,1057.607421875,973.298095703125,973.298095703125,973.298095703125,1109.423828125,1090.29638671875,1090.29638671875
plastic_nut,plastic_nut/OK/S0222/plastic_nut_0222_OK_C3_20230930144230.jpg,plastic_nut::plastic_nut_0222_OK,3,source_calibration,OK,1358.529541015625,1471.42626953125,1471.42626953125,1016.83642578125,1016.83642578125,1016.83642578125,1178.641357421875,1178.641357421875,1178.641357421875
plastic_nut,plastic_nut/OK/S0222/plastic_nut_0222_OK_C4_20230930144230.jpg,plastic_nut::plastic_nut_0222_OK,4,source_calibration,OK,885.330322265625,885.330322265625,867.94677734375,1075.487060546875,1075.487060546875,1075.487060546875,1072.80029296875,973.94580078125,995.746826171875
plastic_nut,plastic_nut/OK/S0222/plastic_nut_0222_OK_C5_20230930144230.jpg,plastic_nut::plastic_nut_0222_OK,5,source_calibration,OK,1054.443603515625,977.187255859375,1054.443603515625,904.65234375,904.65234375,904.65234375,1036.314453125,1036.314453125,1036.314453125
plastic_nut,plastic_nut/OK/S0223/plastic_nut_0223_OK_C1_20230930144242.jpg,plastic_nut::plastic_nut_0223_OK,1,source_calibration,OK,1409.5029296875,1409.5029296875,1409.5029296875,1469.9345703125,1469.9345703125,1469.9345703125,1361.19287109375,1361.19287109375,1361.19287109375
plastic_nut,plastic_nut/OK/S0223/plastic_nut_0223_OK_C2_20230930144242.jpg,plastic_nut::plastic_nut_0223_OK,2,source_calibration,OK,1195.7021484375,1128.941650390625,1128.941650390625,1079.35302734375,1079.35302734375,1079.35302734375,1161.83984375,1161.83984375,1161.83984375
plastic_nut,plastic_nut/OK/S0223/plastic_nut_0223_OK_C3_20230930144242.jpg,plastic_nut::plastic_nut_0223_OK,3,source_calibration,OK,1172.70703125,1310.844970703125,1310.844970703125,1025.78759765625,1081.4912109375,1025.78759765625,1042.17333984375,1042.17333984375,1143.913330078125
plastic_nut,plastic_nut/OK/S0223/plastic_nut_0223_OK_C4_20230930144242.jpg,plastic_nut::plastic_nut_0223_OK,4,source_calibration,OK,1788.311767578125,1814.8681640625,1814.8681640625,1594.18408203125,1594.18408203125,1594.18408203125,1495.8974609375,1495.8974609375,1495.8974609375
plastic_nut,plastic_nut/OK/S0223/plastic_nut_0223_OK_C5_20230930144242.jpg,plastic_nut::plastic_nut_0223_OK,5,source_calibration,OK,1220.043701171875,1158.67041015625,1220.043701171875,1188.697509765625,1188.697509765625,1188.697509765625,1094.20556640625,1094.20556640625,1094.20556640625
plastic_nut,plastic_nut/OK/S0228/plastic_nut_0228_OK_C1_20230930144506.jpg,plastic_nut::plastic_nut_0228_OK,1,source_calibration,OK,1135.023681640625,1135.023681640625,1135.023681640625,1158.024658203125,1158.024658203125,1164.87841796875,1183.184326171875,1183.184326171875,1183.184326171875
plastic_nut,plastic_nut/OK/S0228/plastic_nut_0228_OK_C2_20230930144506.jpg,plastic_nut::plastic_nut_0228_OK,2,source_calibration,OK,859.565673828125,877.42236328125,856.668701171875,898.740966796875,905.1142578125,939.43701171875,1036.669921875,1036.669921875,1036.669921875
plastic_nut,plastic_nut/OK/S0228/plastic_nut_0228_OK_C3_20230930144506.jpg,plastic_nut::plastic_nut_0228_OK,3,source_calibration,OK,1335.755859375,1374.741943359375,1374.741943359375,1006.2763671875,829.5068359375,895.3818359375,1004.980712890625,1097.677978515625,1097.677978515625
plastic_nut,plastic_nut/OK/S0228/plastic_nut_0228_OK_C4_20230930144506.jpg,plastic_nut::plastic_nut_0228_OK,4,source_calibration,OK,1028.26171875,945.192138671875,945.192138671875,933.7294921875,933.7294921875,933.7294921875,982.1884765625,958.79150390625,958.79150390625
plastic_nut,plastic_nut/OK/S0228/plastic_nut_0228_OK_C5_20230930144506.jpg,plastic_nut::plastic_nut_0228_OK,5,source_calibration,OK,910.93017578125,898.017578125,910.93017578125,831.44921875,853.0263671875,831.44921875,893.14599609375,881.501953125,881.501953125
plastic_nut,plastic_nut/OK/S0236/plastic_nut_0236_OK_C1_20230930145126.jpg,plastic_nut::plastic_nut_0236_OK,1,source_calibration,OK,1218.263671875,1200.925537109375,1084.50146484375,1078.549072265625,1141.744140625,1092.865234375,1121.78515625,1121.78515625,1183.50537109375
plastic_nut,plastic_nut/OK/S0236/plastic_nut_0236_OK_C2_20230930145126.jpg,plastic_nut::plastic_nut_0236_OK,2,source_calibration,OK,1131.703125,1131.703125,1131.703125,1235.3359375,1235.3359375,1235.3359375,1121.36083984375,1121.36083984375,1121.36083984375
plastic_nut,plastic_nut/OK/S0236/plastic_nut_0236_OK_C3_20230930145126.jpg,plastic_nut::plastic_nut_0236_OK,3,source_calibration,OK,1364.83203125,1389.3125,1389.3125,1042.429931640625,1042.429931640625,1042.429931640625,1051.583251953125,1051.583251953125,1051.583251953125
plastic_nut,plastic_nut/OK/S0236/plastic_nut_0236_OK_C4_20230930145126.jpg,plastic_nut::plastic_nut_0236_OK,4,source_calibration,OK,1532.303955078125,1532.303955078125,1532.303955078125,1312.20166015625,1312.20166015625,1312.20166015625,1243.928955078125,1243.928955078125,1243.928955078125
plastic_nut,plastic_nut/OK/S0236/plastic_nut_0236_OK_C5_20230930145126.jpg,plastic_nut::plastic_nut_0236_OK,5,source_calibration,OK,1074.3994140625,1023.481689453125,1145.941650390625,931.193359375,966.216796875,897.500732421875,984.55126953125,1021.6806640625,984.55126953125
plastic_nut,plastic_nut/OK/S0238/plastic_nut_0238_OK_C1_20230930145323.jpg,plastic_nut::plastic_nut_0238_OK,1,source_calibration,OK,1210.57373046875,1210.57373046875,1210.57373046875,1201.77685546875,1137.2578125,1122.17431640625,1406.58740234375,1283.20068359375,1283.20068359375
plastic_nut,plastic_nut/OK/S0238/plastic_nut_0238_OK_C2_20230930145323.jpg,plastic_nut::plastic_nut_0238_OK,2,source_calibration,OK,1137.677490234375,1259.4140625,1137.677490234375,1202.305419921875,1202.305419921875,1096.12451171875,1057.470947265625,1057.470947265625,1057.470947265625
plastic_nut,plastic_nut/OK/S0238/plastic_nut_0238_OK_C3_20230930145323.jpg,plastic_nut::plastic_nut_0238_OK,3,source_calibration,OK,1235.56103515625,1275.590576171875,1275.590576171875,1201.790283203125,1201.790283203125,1201.790283203125,963.37548828125,1010.833984375,978.160400390625
plastic_nut,plastic_nut/OK/S0238/plastic_nut_0238_OK_C4_20230930145323.jpg,plastic_nut::plastic_nut_0238_OK,4,source_calibration,OK,1041.235595703125,1065.390625,1101.009033203125,1028.7041015625,1028.7041015625,999.987548828125,1056.669921875,1056.669921875,1056.669921875
plastic_nut,plastic_nut/OK/S0238/plastic_nut_0238_OK_C5_20230930145323.jpg,plastic_nut::plastic_nut_0238_OK,5,source_calibration,OK,1093.9404296875,1093.9404296875,1093.9404296875,1237.570556640625,1237.570556640625,1237.570556640625,1179.708984375,1179.708984375,1179.708984375
plastic_nut,plastic_nut/OK/S0247/plastic_nut_0247_OK_C1_20230930145732.jpg,plastic_nut::plastic_nut_0247_OK,1,source_calibration,OK,1462.63671875,1303.3935546875,1303.3935546875,1006.896728515625,1049.818603515625,1049.818603515625,1212.16943359375,1212.16943359375,1299.662353515625
plastic_nut,plastic_nut/OK/S0247/plastic_nut_0247_OK_C2_20230930145732.jpg,plastic_nut::plastic_nut_0247_OK,2,source_calibration,OK,1380.0302734375,1399.142822265625,1380.0302734375,1018.8291015625,1018.8291015625,1018.8291015625,974.9169921875,1051.9677734375,956.09423828125
plastic_nut,plastic_nut/OK/S0247/plastic_nut_0247_OK_C3_20230930145732.jpg,plastic_nut::plastic_nut_0247_OK,3,source_calibration,OK,973.72021484375,1025.159912109375,1023.215576171875,985.576904296875,985.576904296875,985.576904296875,966.8037109375,1005.55908203125,1005.55908203125
plastic_nut,plastic_nut/OK/S0247/plastic_nut_0247_OK_C4_20230930145732.jpg,plastic_nut::plastic_nut_0247_OK,4,source_calibration,OK,958.38525390625,958.38525390625,989.37890625,989.3701171875,989.3701171875,1059.12890625,1057.8505859375,1057.8505859375,1057.8505859375
plastic_nut,plastic_nut/OK/S0247/plastic_nut_0247_OK_C5_20230930145732.jpg,plastic_nut::plastic_nut_0247_OK,5,source_calibration,OK,964.61181640625,964.61181640625,961.2919921875,1040.94482421875,1028.494140625,1028.494140625,839.09326171875,839.09326171875,820.435546875
plastic_nut,plastic_nut/OK/S0259/plastic_nut_0259_OK_C1_20230930150223.jpg,plastic_nut::plastic_nut_0259_OK,1,source_calibration,OK,1070.315673828125,1049.315185546875,1215.11279296875,1122.624755859375,1122.624755859375,1122.624755859375,1080.96240234375,1080.96240234375,1085.7744140625
plastic_nut,plastic_nut/OK/S0259/plastic_nut_0259_OK_C2_20230930150223.jpg,plastic_nut::plastic_nut_0259_OK,2,source_calibration,OK,954.47998046875,954.47998046875,954.47998046875,1053.81689453125,1053.81689453125,1053.81689453125,835.95751953125,837.095458984375,835.95751953125
plastic_nut,plastic_nut/OK/S0259/plastic_nut_0259_OK_C3_20230930150223.jpg,plastic_nut::plastic_nut_0259_OK,3,source_calibration,OK,1363.100341796875,1539.03466796875,1539.03466796875,1070.158447265625,1070.158447265625,1070.158447265625,1058.14599609375,1094.42333984375,1035.22412109375
plastic_nut,plastic_nut/OK/S0259/plastic_nut_0259_OK_C4_20230930150223.jpg,plastic_nut::plastic_nut_0259_OK,4,source_calibration,OK,1022.417236328125,1022.417236328125,1022.417236328125,906.73779296875,860.515869140625,906.73779296875,975.2802734375,975.2802734375,923.4765625
plastic_nut,plastic_nut/OK/S0259/plastic_nut_0259_OK_C5_20230930150223.jpg,plastic_nut::plastic_nut_0259_OK,5,source_calibration,OK,837.34326171875,741.4306640625,753.640380859375,791.205078125,749.23486328125,749.23486328125,776.470703125,850.042236328125,738.85986328125
plastic_nut,plastic_nut/OK/S0260/plastic_nut_0260_OK_C1_20230930150255.jpg,plastic_nut::plastic_nut_0260_OK,1,source_calibration,OK,1106.344970703125,1110.91943359375,1080.22509765625,1024.421875,1004.16943359375,1004.16943359375,1169.624267578125,1169.624267578125,1169.624267578125
plastic_nut,plastic_nut/OK/S0260/plastic_nut_0260_OK_C2_20230930150255.jpg,plastic_nut::plastic_nut_0260_OK,2,source_calibration,OK,1087.064453125,1132.33349609375,1087.064453125,923.23779296875,1025.552001953125,1119.244140625,843.9716796875,939.2099609375,843.9716796875
plastic_nut,plastic_nut/OK/S0260/plastic_nut_0260_OK_C3_20230930150255.jpg,plastic_nut::plastic_nut_0260_OK,3,source_calibration,OK,1300.9609375,1412.99951171875,1412.99951171875,1040.58642578125,1018.5537109375,1040.58642578125,1156.565185546875,1156.565185546875,1156.565185546875
plastic_nut,plastic_nut/OK/S0260/plastic_nut_0260_OK_C4_20230930150255.jpg,plastic_nut::plastic_nut_0260_OK,4,source_calibration,OK,1267.058837890625,1267.058837890625,1374.52392578125,844.862060546875,882.496826171875,844.862060546875,882.8603515625,850.263671875,850.263671875
plastic_nut,plastic_nut/OK/S0260/plastic_nut_0260_OK_C5_20230930150255.jpg,plastic_nut::plastic_nut_0260_OK,5,source_calibration,OK,1030.52734375,1026.27099609375,1030.52734375,893.00146484375,973.642578125,1023.456298828125,902.549560546875,902.549560546875,902.549560546875
plastic_nut,plastic_nut/OK/S0265/plastic_nut_0265_OK_C1_20230930150507.jpg,plastic_nut::plastic_nut_0265_OK,1,source_calibration,OK,1103.859130859375,1242.09814453125,1242.09814453125,1246.878662109375,1277.925537109375,1305.3115234375,1349.541015625,1349.541015625,1284.21728515625
plastic_nut,plastic_nut/OK/S0265/plastic_nut_0265_OK_C2_20230930150507.jpg,plastic_nut::plastic_nut_0265_OK,2,source_calibration,OK,1226.207763671875,1226.207763671875,1226.207763671875,1377.947021484375,1377.947021484375,1377.947021484375,1159.652099609375,1159.652099609375,1159.652099609375
plastic_nut,plastic_nut/OK/S0265/plastic_nut_0265_OK_C3_20230930150507.jpg,plastic_nut::plastic_nut_0265_OK,3,source_calibration,OK,896.2275390625,891.88525390625,893.490478515625,1255.0390625,1185.334716796875,1093.613525390625,930.64111328125,930.64111328125,1030.369140625
plastic_nut,plastic_nut/OK/S0265/plastic_nut_0265_OK_C4_20230930150507.jpg,plastic_nut::plastic_nut_0265_OK,4,source_calibration,OK,1147.4638671875,1147.4638671875,1147.4638671875,1195.56396484375,1195.56396484375,1195.56396484375,1017.615234375,1017.615234375,1017.615234375
plastic_nut,plastic_nut/OK/S0265/plastic_nut_0265_OK_C5_20230930150507.jpg,plastic_nut::plastic_nut_0265_OK,5,source_calibration,OK,1103.475341796875,1103.475341796875,1103.475341796875,1072.269287109375,1073.973388671875,1072.269287109375,1045.488037109375,1045.488037109375,1045.488037109375
plastic_nut,plastic_nut/OK/S0275/plastic_nut_0275_OK_C1_20230930150847.jpg,plastic_nut::plastic_nut_0275_OK,1,source_calibration,OK,1119.438232421875,1119.438232421875,1119.438232421875,1243.908935546875,1243.908935546875,1243.908935546875,1290.226806640625,1290.226806640625,1317.6337890625
plastic_nut,plastic_nut/OK/S0275/plastic_nut_0275_OK_C2_20230930150847.jpg,plastic_nut::plastic_nut_0275_OK,2,source_calibration,OK,1145.742431640625,1181.838134765625,1181.838134765625,933.0751953125,989.045654296875,944.03759765625,930.58251953125,927.25830078125,927.25830078125
plastic_nut,plastic_nut/OK/S0275/plastic_nut_0275_OK_C3_20230930150847.jpg,plastic_nut::plastic_nut_0275_OK,3,source_calibration,OK,1336.948486328125,1352.541259765625,1352.541259765625,1071.82470703125,1111.5537109375,1071.82470703125,1046.516357421875,1046.516357421875,1046.516357421875
plastic_nut,plastic_nut/OK/S0275/plastic_nut_0275_OK_C4_20230930150847.jpg,plastic_nut::plastic_nut_0275_OK,4,source_calibration,OK,1045.35107421875,1045.35107421875,1045.35107421875,1090.638671875,973.54833984375,973.54833984375,1124.663818359375,1124.663818359375,1124.663818359375
plastic_nut,plastic_nut/OK/S0275/plastic_nut_0275_OK_C5_20230930150847.jpg,plastic_nut::plastic_nut_0275_OK,5,source_calibration,OK,1047.69140625,1047.69140625,1047.69140625,1104.4140625,1104.4140625,1077.3525390625,1527.50341796875,1527.50341796875,1527.50341796875
plastic_nut,plastic_nut/OK/S0276/plastic_nut_0276_OK_C1_20230930150907.jpg,plastic_nut::plastic_nut_0276_OK,1,source_calibration,OK,1105.181396484375,1056.02294921875,1056.02294921875,1002.9267578125,1002.9267578125,1002.9267578125,1143.819091796875,1316.40966796875,1316.40966796875
plastic_nut,plastic_nut/OK/S0276/plastic_nut_0276_OK_C2_20230930150907.jpg,plastic_nut::plastic_nut_0276_OK,2,source_calibration,OK,950.4072265625,950.4072265625,950.4072265625,1025.337158203125,1018.656005859375,1018.656005859375,1047.17919921875,1048.380615234375,1047.17919921875
plastic_nut,plastic_nut/OK/S0276/plastic_nut_0276_OK_C3_20230930150907.jpg,plastic_nut::plastic_nut_0276_OK,3,source_calibration,OK,1062.774169921875,1076.448486328125,1062.774169921875,931.10107421875,931.10107421875,981.584228515625,1091.2294921875,1091.2294921875,1091.2294921875
plastic_nut,plastic_nut/OK/S0276/plastic_nut_0276_OK_C4_20230930150907.jpg,plastic_nut::plastic_nut_0276_OK,4,source_calibration,OK,959.263671875,959.263671875,959.263671875,1030.410400390625,1030.410400390625,1030.410400390625,981.492919921875,981.492919921875,981.492919921875
plastic_nut,plastic_nut/OK/S0276/plastic_nut_0276_OK_C5_20230930150907.jpg,plastic_nut::plastic_nut_0276_OK,5,source_calibration,OK,972.384765625,977.360107421875,1119.684814453125,1027.94140625,1146.18310546875,1146.18310546875,1420.166259765625,1339.908203125,1317.8603515625
plastic_nut,plastic_nut/OK/S0278/plastic_nut_0278_OK_C1_20230930150942.jpg,plastic_nut::plastic_nut_0278_OK,1,source_calibration,OK,1398.101806640625,1398.101806640625,1432.2041015625,1054.361328125,1014.615966796875,1051.140625,1210.4892578125,1207.895751953125,1280.228759765625
plastic_nut,plastic_nut/OK/S0278/plastic_nut_0278_OK_C2_20230930150942.jpg,plastic_nut::plastic_nut_0278_OK,2,source_calibration,OK,1175.826904296875,1296.4619140625,1195.793212890625,1149.717529296875,1149.717529296875,1149.717529296875,1277.734619140625,1277.734619140625,1277.734619140625
plastic_nut,plastic_nut/OK/S0278/plastic_nut_0278_OK_C3_20230930150942.jpg,plastic_nut::plastic_nut_0278_OK,3,source_calibration,OK,1290.374267578125,1373.08642578125,1373.08642578125,957.77978515625,978.487548828125,936.6689453125,933.06103515625,990.92822265625,933.06103515625
plastic_nut,plastic_nut/OK/S0278/plastic_nut_0278_OK_C4_20230930150942.jpg,plastic_nut::plastic_nut_0278_OK,4,source_calibration,OK,1120.10400390625,1120.10400390625,1120.10400390625,1207.84033203125,1031.5126953125,1031.5126953125,1068.12109375,1068.12109375,1068.12109375
plastic_nut,plastic_nut/OK/S0278/plastic_nut_0278_OK_C5_20230930150942.jpg,plastic_nut::plastic_nut_0278_OK,5,source_calibration,OK,1163.27294921875,1163.27294921875,1163.27294921875,1499.0537109375,1499.0537109375,1499.0537109375,1317.291259765625,1317.291259765625,1369.98583984375
plastic_nut,plastic_nut/OK/S0287/plastic_nut_0287_OK_C1_20230930152021.jpg,plastic_nut::plastic_nut_0287_OK,1,source_calibration,OK,1334.26904296875,1334.26904296875,1334.26904296875,1266.3798828125,1266.3798828125,1266.3798828125,1099.371337890625,1099.371337890625,1099.371337890625
plastic_nut,plastic_nut/OK/S0287/plastic_nut_0287_OK_C2_20230930152021.jpg,plastic_nut::plastic_nut_0287_OK,2,source_calibration,OK,1139.09765625,972.59765625,1104.549560546875,901.608154296875,894.59033203125,814.2900390625,959.302978515625,959.302978515625,959.302978515625
plastic_nut,plastic_nut/OK/S0287/plastic_nut_0287_OK_C3_20230930152021.jpg,plastic_nut::plastic_nut_0287_OK,3,source_calibration,OK,1361.18115234375,1503.367919921875,1503.367919921875,1274.92236328125,1274.92236328125,1274.92236328125,1028.70751953125,1051.03515625,1028.70751953125
plastic_nut,plastic_nut/OK/S0287/plastic_nut_0287_OK_C4_20230930152021.jpg,plastic_nut::plastic_nut_0287_OK,4,source_calibration,OK,1072.1025390625,1072.1025390625,1072.1025390625,1081.22998046875,874.11962890625,981.617919921875,972.900146484375,972.900146484375,972.900146484375
plastic_nut,plastic_nut/OK/S0287/plastic_nut_0287_OK_C5_20230930152021.jpg,plastic_nut::plastic_nut_0287_OK,5,source_calibration,OK,1032.977294921875,1032.977294921875,1032.977294921875,1361.513671875,1361.513671875,1361.513671875,1125.249755859375,1125.249755859375,1068.60205078125
plastic_nut,plastic_nut/OK/S0316/plastic_nut_0316_OK_C1_20230930152701.jpg,plastic_nut::plastic_nut_0316_OK,1,source_calibration,OK,1219.815185546875,1219.815185546875,1219.815185546875,1168.6904296875,1168.6904296875,1168.6904296875,1351.442626953125,1351.442626953125,1351.442626953125
plastic_nut,plastic_nut/OK/S0316/plastic_nut_0316_OK_C2_20230930152701.jpg,plastic_nut::plastic_nut_0316_OK,2,source_calibration,OK,1037.33935546875,1032.974365234375,1032.974365234375,1176.45556640625,1176.45556640625,1176.45556640625,1177.55322265625,1154.328125,1125.45947265625
plastic_nut,plastic_nut/OK/S0316/plastic_nut_0316_OK_C3_20230930152701.jpg,plastic_nut::plastic_nut_0316_OK,3,source_calibration,OK,1211.233154296875,1364.03076171875,1364.03076171875,869.651611328125,869.651611328125,869.651611328125,1179.721923828125,1179.721923828125,1179.721923828125
plastic_nut,plastic_nut/OK/S0316/plastic_nut_0316_OK_C4_20230930152701.jpg,plastic_nut::plastic_nut_0316_OK,4,source_calibration,OK,1402.48291015625,1402.48291015625,1402.48291015625,1300.657958984375,1300.657958984375,1300.657958984375,1352.183349609375,1352.183349609375,1352.183349609375
plastic_nut,plastic_nut/OK/S0316/plastic_nut_0316_OK_C5_20230930152701.jpg,plastic_nut::plastic_nut_0316_OK,5,source_calibration,OK,1307.6123046875,1307.6123046875,1307.6123046875,1447.94384765625,1447.94384765625,1447.94384765625,1265.29443359375,1265.29443359375,1265.29443359375
plastic_nut,plastic_nut/OK/S0317/plastic_nut_0317_OK_C1_20230930152714.jpg,plastic_nut::plastic_nut_0317_OK,1,source_calibration,OK,1735.33203125,1618.09521484375,1583.75634765625,1721.01904296875,1775.9013671875,1775.9013671875,1740.98681640625,1715.923583984375,1715.923583984375
plastic_nut,plastic_nut/OK/S0317/plastic_nut_0317_OK_C2_20230930152714.jpg,plastic_nut::plastic_nut_0317_OK,2,source_calibration,OK,1022.651123046875,1069.469970703125,1022.651123046875,1039.697998046875,1039.697998046875,1039.697998046875,851.437255859375,851.437255859375,865.12109375
plastic_nut,plastic_nut/OK/S0317/plastic_nut_0317_OK_C3_20230930152714.jpg,plastic_nut::plastic_nut_0317_OK,3,source_calibration,OK,1358.1337890625,1521.037353515625,1521.037353515625,1003.27197265625,1003.27197265625,1003.27197265625,1139.13232421875,1139.13232421875,1139.13232421875
plastic_nut,plastic_nut/OK/S0317/plastic_nut_0317_OK_C4_20230930152714.jpg,plastic_nut::plastic_nut_0317_OK,4,source_calibration,OK,1203.68505859375,1203.68505859375,1203.68505859375,1093.212890625,1093.212890625,1093.212890625,1211.55517578125,1211.55517578125,1211.55517578125
plastic_nut,plastic_nut/OK/S0317/plastic_nut_0317_OK_C5_20230930152714.jpg,plastic_nut::plastic_nut_0317_OK,5,source_calibration,OK,1157.62255859375,1157.62255859375,1157.62255859375,1496.458251953125,1330.093017578125,1372.67822265625,1118.960693359375,1118.960693359375,1118.960693359375
plastic_nut,plastic_nut/OK/S0319/plastic_nut_0319_OK_C1_20230930152728.jpg,plastic_nut::plastic_nut_0319_OK,1,source_calibration,OK,1110.5986328125,1110.5986328125,1196.531005859375,1134.179931640625,1134.179931640625,1134.179931640625,1046.038818359375,1048.91796875,1137.7177734375
plastic_nut,plastic_nut/OK/S0319/plastic_nut_0319_OK_C2_20230930152728.jpg,plastic_nut::plastic_nut_0319_OK,2,source_calibration,OK,1044.998046875,1044.998046875,1044.998046875,955.83203125,955.83203125,955.83203125,1051.52294921875,1051.52294921875,1061.74658203125
plastic_nut,plastic_nut/OK/S0319/plastic_nut_0319_OK_C3_20230930152728.jpg,plastic_nut::plastic_nut_0319_OK,3,source_calibration,OK,1352.56201171875,1501.21826171875,1501.21826171875,986.94189453125,986.94189453125,986.94189453125,1017.86083984375,1000.927490234375,960.953125
plastic_nut,plastic_nut/OK/S0319/plastic_nut_0319_OK_C4_20230930152728.jpg,plastic_nut::plastic_nut_0319_OK,4,source_calibration,OK,971.46337890625,1031.074462890625,971.46337890625,1085.7744140625,1000.910888671875,1000.910888671875,1054.505859375,1115.56298828125,1115.56298828125
plastic_nut,plastic_nut/OK/S0319/plastic_nut_0319_OK_C5_20230930152728.jpg,plastic_nut::plastic_nut_0319_OK,5,source_calibration,OK,906.692626953125,906.692626953125,906.692626953125,909.033935546875,909.033935546875,909.033935546875,1041.1474609375,1041.1474609375,1041.1474609375
plastic_nut,plastic_nut/OK/S0322/plastic_nut_0322_OK_C1_20230930152758.jpg,plastic_nut::plastic_nut_0322_OK,1,source_calibration,OK,1087.96826171875,1087.96826171875,1096.0390625,998.103515625,1015.809814453125,998.103515625,1020.760009765625,1142.96923828125,1035.886962890625
plastic_nut,plastic_nut/OK/S0322/plastic_nut_0322_OK_C2_20230930152758.jpg,plastic_nut::plastic_nut_0322_OK,2,source_calibration,OK,973.132080078125,1004.685546875,1043.56201171875,1061.002685546875,1061.002685546875,1061.002685546875,1087.402587890625,1087.402587890625,1087.402587890625
plastic_nut,plastic_nut/OK/S0322/plastic_nut_0322_OK_C3_20230930152758.jpg,plastic_nut::plastic_nut_0322_OK,3,source_calibration,OK,1060.7607421875,1060.7607421875,1040.866455078125,1164.515625,1164.515625,1164.515625,1249.326171875,1287.705078125,1249.326171875
plastic_nut,plastic_nut/OK/S0322/plastic_nut_0322_OK_C4_20230930152758.jpg,plastic_nut::plastic_nut_0322_OK,4,source_calibration,OK,897.8408203125,880.58935546875,937.03564453125,908.059326171875,908.059326171875,1050.61328125,940.16259765625,940.16259765625,969.93359375
plastic_nut,plastic_nut/OK/S0322/plastic_nut_0322_OK_C5_20230930152758.jpg,plastic_nut::plastic_nut_0322_OK,5,source_calibration,OK,1306.2958984375,1306.2958984375,1420.052490234375,1083.393798828125,1083.393798828125,1083.393798828125,1158.0556640625,1370.490966796875,1089.7529296875
plastic_nut,plastic_nut/OK/S0326/plastic_nut_0326_OK_C1_20230930153021.jpg,plastic_nut::plastic_nut_0326_OK,1,source_calibration,OK,1436.96875,1436.96875,1436.96875,1216.703125,1154.695556640625,1216.703125,1237.28662109375,1237.28662109375,1237.28662109375
plastic_nut,plastic_nut/OK/S0326/plastic_nut_0326_OK_C2_20230930153021.jpg,plastic_nut::plastic_nut_0326_OK,2,source_calibration,OK,999.900634765625,1001.7509765625,999.900634765625,1076.89111328125,1122.22802734375,1122.22802734375,1033.862060546875,1123.419921875,1123.419921875
plastic_nut,plastic_nut/OK/S0326/plastic_nut_0326_OK_C3_20230930153021.jpg,plastic_nut::plastic_nut_0326_OK,3,source_calibration,OK,1204.3203125,1283.153564453125,1289.531005859375,1123.01611328125,1124.4052734375,1123.01611328125,1035.0810546875,1035.0810546875,1095.14404296875
plastic_nut,plastic_nut/OK/S0326/plastic_nut_0326_OK_C4_20230930153021.jpg,plastic_nut::plastic_nut_0326_OK,4,source_calibration,OK,1054.548583984375,1054.548583984375,1054.548583984375,1012.7548828125,1012.7548828125,1034.6142578125,962.4150390625,962.4150390625,962.4150390625
plastic_nut,plastic_nut/OK/S0326/plastic_nut_0326_OK_C5_20230930153021.jpg,plastic_nut::plastic_nut_0326_OK,5,source_calibration,OK,1141.90771484375,1141.90771484375,1141.90771484375,957.31787109375,957.31787109375,957.31787109375,1022.672119140625,1022.672119140625,1022.672119140625
plastic_nut,plastic_nut/OK/S0329/plastic_nut_0329_OK_C1_20230930153203.jpg,plastic_nut::plastic_nut_0329_OK,1,source_calibration,OK,1298.998046875,1298.998046875,1311.877197265625,1733.72607421875,1716.92578125,1716.92578125,1758.839111328125,1758.839111328125,1758.839111328125
plastic_nut,plastic_nut/OK/S0329/plastic_nut_0329_OK_C2_20230930153203.jpg,plastic_nut::plastic_nut_0329_OK,2,source_calibration,OK,1005.640625,1005.640625,1005.640625,959.84326171875,959.84326171875,959.84326171875,972.645751953125,1039.711181640625,1034.62548828125
plastic_nut,plastic_nut/OK/S0329/plastic_nut_0329_OK_C3_20230930153203.jpg,plastic_nut::plastic_nut_0329_OK,3,source_calibration,OK,1281.05859375,1281.05859375,1281.05859375,1145.605712890625,1145.605712890625,1145.605712890625,1022.6708984375,1022.6708984375,918.773681640625
plastic_nut,plastic_nut/OK/S0329/plastic_nut_0329_OK_C4_20230930153203.jpg,plastic_nut::plastic_nut_0329_OK,4,source_calibration,OK,1055.56640625,1058.304443359375,1058.304443359375,913.01025390625,911.4775390625,913.01025390625,947.606689453125,947.606689453125,918.123046875
plastic_nut,plastic_nut/OK/S0329/plastic_nut_0329_OK_C5_20230930153203.jpg,plastic_nut::plastic_nut_0329_OK,5,source_calibration,OK,947.4443359375,1070.999755859375,947.4443359375,1213.527587890625,1213.527587890625,1213.527587890625,1285.13818359375,1285.13818359375,1285.13818359375
plastic_nut,plastic_nut/OK/S0331/plastic_nut_0331_OK_C1_20230930153349.jpg,plastic_nut::plastic_nut_0331_OK,1,source_calibration,OK,1266.75,1266.75,1266.75,1100.900634765625,1108.96923828125,1100.900634765625,1172.42626953125,1146.255859375,1280.231689453125
plastic_nut,plastic_nut/OK/S0331/plastic_nut_0331_OK_C2_20230930153349.jpg,plastic_nut::plastic_nut_0331_OK,2,source_calibration,OK,1588.08203125,1588.08203125,1588.08203125,1387.193603515625,1422.95751953125,1672.869140625,1722.834716796875,1722.834716796875,1722.834716796875
plastic_nut,plastic_nut/OK/S0331/plastic_nut_0331_OK_C3_20230930153349.jpg,plastic_nut::plastic_nut_0331_OK,3,source_calibration,OK,1320.50634765625,1341.5537109375,1365.3984375,1372.29150390625,1372.29150390625,1372.29150390625,1065.283447265625,1065.283447265625,1065.283447265625
plastic_nut,plastic_nut/OK/S0331/plastic_nut_0331_OK_C4_20230930153349.jpg,plastic_nut::plastic_nut_0331_OK,4,source_calibration,OK,941.396484375,977.480224609375,987.36572265625,995.5634765625,989.42919921875,989.42919921875,982.88720703125,982.88720703125,982.88720703125
plastic_nut,plastic_nut/OK/S0331/plastic_nut_0331_OK_C5_20230930153349.jpg,plastic_nut::plastic_nut_0331_OK,5,source_calibration,OK,1157.962890625,1255.41943359375,1157.962890625,1610.154052734375,1610.154052734375,1610.154052734375,1634.314453125,1615.11767578125,1704.49560546875
plastic_nut,plastic_nut/OK/S0338/plastic_nut_0338_OK_C1_20230930153615.jpg,plastic_nut::plastic_nut_0338_OK,1,source_calibration,OK,1009.574951171875,1079.708251953125,1009.574951171875,1325.4912109375,1377.10302734375,1377.10302734375,1179.184326171875,1162.360595703125,1161.623779296875
plastic_nut,plastic_nut/OK/S0338/plastic_nut_0338_OK_C2_20230930153615.jpg,plastic_nut::plastic_nut_0338_OK,2,source_calibration,OK,926.887451171875,1082.592041015625,865.121337890625,962.554931640625,1016.06103515625,1016.06103515625,875.8857421875,881.944580078125,914.04052734375
plastic_nut,plastic_nut/OK/S0338/plastic_nut_0338_OK_C3_20230930153615.jpg,plastic_nut::plastic_nut_0338_OK,3,source_calibration,OK,1207.0478515625,1323.054931640625,1323.054931640625,986.9599609375,1065.84228515625,1065.84228515625,1051.847900390625,1043.840576171875,1043.840576171875
plastic_nut,plastic_nut/OK/S0338/plastic_nut_0338_OK_C4_20230930153615.jpg,plastic_nut::plastic_nut_0338_OK,4,source_calibration,OK,1091.1279296875,1073.228271484375,1073.228271484375,985.693359375,1003.285400390625,985.693359375,1076.759033203125,1042.10888671875,1026.083251953125
plastic_nut,plastic_nut/OK/S0338/plastic_nut_0338_OK_C5_20230930153615.jpg,plastic_nut::plastic_nut_0338_OK,5,source_calibration,OK,832.158203125,926.577392578125,832.158203125,876.91943359375,898.43359375,934.83544921875,1070.3271484375,948.233642578125,948.233642578125
plastic_nut,plastic_nut/OK/S0339/plastic_nut_0339_OK_C1_20230930153627.jpg,plastic_nut::plastic_nut_0339_OK,1,source_calibration,OK,1286.8994140625,1286.8994140625,1286.8994140625,1190.75048828125,1190.75048828125,1190.75048828125,1286.722900390625,1218.31982421875,1134.2060546875
plastic_nut,plastic_nut/OK/S0339/plastic_nut_0339_OK_C2_20230930153627.jpg,plastic_nut::plastic_nut_0339_OK,2,source_calibration,OK,1425.5341796875,1425.5341796875,1425.5341796875,1179.0654296875,1179.0654296875,1209.63916015625,1447.07177734375,1393.767578125,1393.767578125
plastic_nut,plastic_nut/OK/S0339/plastic_nut_0339_OK_C3_20230930153627.jpg,plastic_nut::plastic_nut_0339_OK,3,source_calibration,OK,1345.950927734375,1481.155029296875,1481.155029296875,1081.3955078125,1081.3955078125,1081.3955078125,1131.3994140625,1131.3994140625,1131.3994140625
plastic_nut,plastic_nut/OK/S0339/plastic_nut_0339_OK_C4_20230930153627.jpg,plastic_nut::plastic_nut_0339_OK,4,source_calibration,OK,1148.82763671875,1148.82763671875,1148.82763671875,1138.091552734375,1138.091552734375,1161.72900390625,1161.99365234375,1238.21630859375,1161.99365234375
plastic_nut,plastic_nut/OK/S0339/plastic_nut_0339_OK_C5_20230930153627.jpg,plastic_nut::plastic_nut_0339_OK,5,source_calibration,OK,1186.35888671875,1186.35888671875,1186.35888671875,1193.9443359375,1193.9443359375,1193.9443359375,919.99169921875,1010.046875,919.99169921875
plastic_nut,plastic_nut/OK/S0340/plastic_nut_0340_OK_C1_20230930153635.jpg,plastic_nut::plastic_nut_0340_OK,1,source_calibration,OK,1113.484375,1113.484375,1311.762451171875,1153.240478515625,1094.017578125,1094.017578125,1110.8828125,1041.66650390625,1202.213623046875
plastic_nut,plastic_nut/OK/S0340/plastic_nut_0340_OK_C2_20230930153635.jpg,plastic_nut::plastic_nut_0340_OK,2,source_calibration,OK,1048.224853515625,1048.224853515625,1062.4892578125,902.94921875,902.94921875,902.94921875,1233.56591796875,1213.12060546875,1213.12060546875
plastic_nut,plastic_nut/OK/S0340/plastic_nut_0340_OK_C3_20230930153635.jpg,plastic_nut::plastic_nut_0340_OK,3,source_calibration,OK,1210.5302734375,1353.253173828125,1353.253173828125,1029.44091796875,1129.14990234375,1129.14990234375,889.388671875,889.388671875,889.388671875
plastic_nut,plastic_nut/OK/S0340/plastic_nut_0340_OK_C4_20230930153635.jpg,plastic_nut::plastic_nut_0340_OK,4,source_calibration,OK,1236.24951171875,1236.24951171875,1236.24951171875,1411.404052734375,1411.404052734375,1411.404052734375,1361.9482421875,1369.6708984375,1361.9482421875
plastic_nut,plastic_nut/OK/S0340/plastic_nut_0340_OK_C5_20230930153635.jpg,plastic_nut::plastic_nut_0340_OK,5,source_calibration,OK,1222.905029296875,1222.905029296875,1222.905029296875,893.203369140625,893.203369140625,944.19287109375,1178.97705078125,1178.97705078125,1178.97705078125
plastic_nut,plastic_nut/OK/S0346/plastic_nut_0346_OK_C1_20230930153745.jpg,plastic_nut::plastic_nut_0346_OK,1,source_calibration,OK,1037.61865234375,1037.61865234375,1037.61865234375,1224.458984375,1224.458984375,1224.458984375,1160.3515625,1155.029296875,1155.029296875
plastic_nut,plastic_nut/OK/S0346/plastic_nut_0346_OK_C2_20230930153745.jpg,plastic_nut::plastic_nut_0346_OK,2,source_calibration,OK,1056.9560546875,1056.9560546875,1056.9560546875,1158.98046875,1193.160400390625,1158.98046875,1048.157958984375,1048.157958984375,1048.157958984375
plastic_nut,plastic_nut/OK/S0346/plastic_nut_0346_OK_C3_20230930153745.jpg,plastic_nut::plastic_nut_0346_OK,3,source_calibration,OK,1330.988525390625,1413.2431640625,1422.60400390625,1110.943359375,1110.943359375,1110.943359375,1103.177001953125,1032.60498046875,1032.60498046875
plastic_nut,plastic_nut/OK/S0346/plastic_nut_0346_OK_C4_20230930153745.jpg,plastic_nut::plastic_nut_0346_OK,4,source_calibration,OK,1108.879150390625,1108.879150390625,1108.879150390625,1026.5087890625,1002.833984375,1151.25341796875,1093.494140625,1026.2763671875,1061.9267578125
plastic_nut,plastic_nut/OK/S0346/plastic_nut_0346_OK_C5_20230930153745.jpg,plastic_nut::plastic_nut_0346_OK,5,source_calibration,OK,1128.101806640625,1128.101806640625,1128.101806640625,1184.27880859375,989.881103515625,989.881103515625,1142.024169921875,1126.4072265625,1142.024169921875
plastic_nut,plastic_nut/OK/S0357/plastic_nut_0357_OK_C1_20230930154014.jpg,plastic_nut::plastic_nut_0357_OK,1,source_calibration,OK,1139.78662109375,1293.277099609375,1139.78662109375,1524.4697265625,1524.4697265625,1421.6376953125,1305.981689453125,1305.981689453125,1305.981689453125
plastic_nut,plastic_nut/OK/S0357/plastic_nut_0357_OK_C2_20230930154014.jpg,plastic_nut::plastic_nut_0357_OK,2,source_calibration,OK,1427.353271484375,1485.44384765625,1485.44384765625,1091.685546875,1091.685546875,1091.685546875,1313.73388671875,1313.73388671875,1313.73388671875
plastic_nut,plastic_nut/OK/S0357/plastic_nut_0357_OK_C3_20230930154014.jpg,plastic_nut::plastic_nut_0357_OK,3,source_calibration,OK,1281.18603515625,1443.18994140625,1443.18994140625,1348.68603515625,1348.68603515625,1348.68603515625,1018.484619140625,1018.484619140625,1018.484619140625
plastic_nut,plastic_nut/OK/S0357/plastic_nut_0357_OK_C4_20230930154014.jpg,plastic_nut::plastic_nut_0357_OK,4,source_calibration,OK,1003.42431640625,987.64501953125,1003.42431640625,1034.44482421875,1005.709716796875,1005.709716796875,955.4443359375,997.575927734375,955.4443359375
plastic_nut,plastic_nut/OK/S0357/plastic_nut_0357_OK_C5_20230930154014.jpg,plastic_nut::plastic_nut_0357_OK,5,source_calibration,OK,1485.82421875,1406.368896484375,1317.06298828125,1512.23046875,1482.696533203125,1482.696533203125,1489.20703125,1489.20703125,1476.49365234375
plastic_nut,plastic_nut/OK/S0358/plastic_nut_0358_OK_C1_20230930154023.jpg,plastic_nut::plastic_nut_0358_OK,1,source_calibration,OK,1144.0107421875,1144.0107421875,1144.0107421875,1077.10205078125,1077.10205078125,1077.10205078125,1047.1826171875,978.62060546875,1146.95849609375
plastic_nut,plastic_nut/OK/S0358/plastic_nut_0358_OK_C2_20230930154023.jpg,plastic_nut::plastic_nut_0358_OK,2,source_calibration,OK,1156.363037109375,1156.363037109375,1156.363037109375,1151.643310546875,1151.643310546875,1151.643310546875,929.093994140625,1068.998046875,1068.998046875
plastic_nut,plastic_nut/OK/S0358/plastic_nut_0358_OK_C3_20230930154023.jpg,plastic_nut::plastic_nut_0358_OK,3,source_calibration,OK,1000.654296875,1143.410888671875,1143.410888671875,863.900390625,940.932373046875,953.220947265625,875.93408203125,830.008544921875,875.93408203125
plastic_nut,plastic_nut/OK/S0358/plastic_nut_0358_OK_C4_20230930154023.jpg,plastic_nut::plastic_nut_0358_OK,4,source_calibration,OK,916.690185546875,916.690185546875,934.985595703125,1012.91552734375,1005.58251953125,1012.91552734375,923.947265625,936.762451171875,916.569091796875
plastic_nut,plastic_nut/OK/S0358/plastic_nut_0358_OK_C5_20230930154023.jpg,plastic_nut::plastic_nut_0358_OK,5,source_calibration,OK,1526.4384765625,1442.62109375,1349.142333984375,1537.956787109375,1492.61669921875,1481.6806640625,1509.231201171875,1509.231201171875,1483.428955078125
plastic_nut,plastic_nut/OK/S0360/plastic_nut_0360_OK_C1_20230930154055.jpg,plastic_nut::plastic_nut_0360_OK,1,source_calibration,OK,1457.823974609375,1410.19775390625,1410.19775390625,1082.78515625,990.87548828125,990.87548828125,1194.7822265625,1194.7822265625,1134.008056640625
plastic_nut,plastic_nut/OK/S0360/plastic_nut_0360_OK_C2_20230930154055.jpg,plastic_nut::plastic_nut_0360_OK,2,source_calibration,OK,1049.534912109375,1015.846923828125,996.996826171875,1030.63037109375,1030.63037109375,1140.383056640625,1023.635986328125,1023.635986328125,1023.635986328125
plastic_nut,plastic_nut/OK/S0360/plastic_nut_0360_OK_C3_20230930154055.jpg,plastic_nut::plastic_nut_0360_OK,3,source_calibration,OK,1165.728759765625,1274.977783203125,1274.977783203125,941.84130859375,909.576904296875,916.05419921875,979.4609375,979.4609375,979.4609375
plastic_nut,plastic_nut/OK/S0360/plastic_nut_0360_OK_C4_20230930154055.jpg,plastic_nut::plastic_nut_0360_OK,4,source_calibration,OK,864.84716796875,892.23095703125,919.67431640625,1054.8994140625,945.949951171875,962.85205078125,911.49658203125,997.83984375,911.49658203125
plastic_nut,plastic_nut/OK/S0360/plastic_nut_0360_OK_C5_20230930154055.jpg,plastic_nut::plastic_nut_0360_OK,5,source_calibration,OK,1831.168701171875,1831.168701171875,1603.90478515625,1902.4248046875,1849.0185546875,1849.0185546875,1811.39697265625,1811.39697265625,1776.14208984375
plastic_nut,plastic_nut/OK/S0362/plastic_nut_0362_OK_C1_20230930154112.jpg,plastic_nut::plastic_nut_0362_OK,1,source_calibration,OK,1241.45361328125,1238.65380859375,1213.8408203125,1164.575927734375,1097.73828125,1097.73828125,1155.526123046875,1155.526123046875,1155.526123046875
plastic_nut,plastic_nut/OK/S0362/plastic_nut_0362_OK_C2_20230930154112.jpg,plastic_nut::plastic_nut_0362_OK,2,source_calibration,OK,1012.96435546875,1012.96435546875,1012.96435546875,898.482421875,977.08349609375,977.08349609375,895.03662109375,895.03662109375,918.549560546875
plastic_nut,plastic_nut/OK/S0362/plastic_nut_0362_OK_C3_20230930154112.jpg,plastic_nut::plastic_nut_0362_OK,3,source_calibration,OK,1002.739990234375,1127.28125,1127.28125,928.41259765625,928.41259765625,928.41259765625,969.65380859375,969.65380859375,969.65380859375
plastic_nut,plastic_nut/OK/S0362/plastic_nut_0362_OK_C4_20230930154112.jpg,plastic_nut::plastic_nut_0362_OK,4,source_calibration,OK,904.2841796875,904.2841796875,904.2841796875,1032.9970703125,1031.318359375,1031.318359375,865.801025390625,939.01953125,865.801025390625
plastic_nut,plastic_nut/OK/S0362/plastic_nut_0362_OK_C5_20230930154112.jpg,plastic_nut::plastic_nut_0362_OK,5,source_calibration,OK,1646.02392578125,1622.084716796875,1458.5380859375,1693.8388671875,1651.397216796875,1642.07080078125,1658.42138671875,1658.42138671875,1627.681396484375
plastic_nut,plastic_nut/OK/S0373/plastic_nut_0373_OK_C1_20230930154354.jpg,plastic_nut::plastic_nut_0373_OK,1,source_calibration,OK,1199.81982421875,1201.111328125,1129.54541015625,1136.938720703125,1190.42138671875,1121.28955078125,1223.12060546875,1223.12060546875,1223.12060546875
plastic_nut,plastic_nut/OK/S0373/plastic_nut_0373_OK_C2_20230930154354.jpg,plastic_nut::plastic_nut_0373_OK,2,source_calibration,OK,1300.33984375,1300.33984375,1300.33984375,1230.980712890625,1230.980712890625,1230.980712890625,1203.2021484375,1203.4912109375,1203.4912109375
plastic_nut,plastic_nut/OK/S0373/plastic_nut_0373_OK_C3_20230930154354.jpg,plastic_nut::plastic_nut_0373_OK,3,source_calibration,OK,1269.49951171875,1269.49951171875,1273.08056640625,1520.403076171875,1520.403076171875,1520.403076171875,1505.5029296875,1441.591552734375,1535.86669921875
plastic_nut,plastic_nut/OK/S0373/plastic_nut_0373_OK_C4_20230930154354.jpg,plastic_nut::plastic_nut_0373_OK,4,source_calibration,OK,967.245849609375,967.245849609375,967.245849609375,1032.0009765625,979.228759765625,1029.376953125,987.85986328125,934.982421875,934.982421875
plastic_nut,plastic_nut/OK/S0373/plastic_nut_0373_OK_C5_20230930154354.jpg,plastic_nut::plastic_nut_0373_OK,5,source_calibration,OK,970.00439453125,943.162109375,1015.41357421875,1019.85400390625,1075.857421875,1075.857421875,1160.59375,1160.59375,1160.59375
plastic_nut,plastic_nut/OK/S0377/plastic_nut_0377_OK_C1_20230930154459.jpg,plastic_nut::plastic_nut_0377_OK,1,source_calibration,OK,1457.62109375,1457.62109375,1457.62109375,1240.679931640625,1143.7763671875,1143.7763671875,1444.433837890625,1444.433837890625,1444.433837890625
plastic_nut,plastic_nut/OK/S0377/plastic_nut_0377_OK_C2_20230930154459.jpg,plastic_nut::plastic_nut_0377_OK,2,source_calibration,OK,1118.93310546875,1057.794921875,1118.93310546875,1203.504150390625,1203.504150390625,1203.504150390625,940.383544921875,940.383544921875,940.383544921875
plastic_nut,plastic_nut/OK/S0377/plastic_nut_0377_OK_C3_20230930154459.jpg,plastic_nut::plastic_nut_0377_OK,3,source_calibration,OK,1170.511474609375,1260.86328125,1260.86328125,1156.105224609375,1036.257568359375,1156.105224609375,1096.71240234375,1096.71240234375,1061.661376953125
plastic_nut,plastic_nut/OK/S0377/plastic_nut_0377_OK_C4_20230930154459.jpg,plastic_nut::plastic_nut_0377_OK,4,source_calibration,OK,1147.69873046875,1147.69873046875,1147.69873046875,997.578125,942.447265625,1109.37451171875,1001.58642578125,1027.3134765625,1027.3134765625
plastic_nut,plastic_nut/OK/S0377/plastic_nut_0377_OK_C5_20230930154459.jpg,plastic_nut::plastic_nut_0377_OK,5,source_calibration,OK,1144.42822265625,1236.9296875,1144.42822265625,1066.62939453125,1068.800048828125,1079.67724609375,983.723876953125,970.20361328125,970.20361328125
plastic_nut,plastic_nut/OK/S0411/plastic_nut_0411_OK_C1_20230930155900.jpg,plastic_nut::plastic_nut_0411_OK,1,source_calibration,OK,1279.048095703125,1279.048095703125,1279.048095703125,1148.420654296875,1148.420654296875,1148.420654296875,1262.109375,1160.08349609375,1159.2626953125
plastic_nut,plastic_nut/OK/S0411/plastic_nut_0411_OK_C2_20230930155900.jpg,plastic_nut::plastic_nut_0411_OK,2,source_calibration,OK,1192.45361328125,1192.45361328125,1192.45361328125,1111.694091796875,1111.694091796875,1111.694091796875,991.192138671875,991.192138671875,991.192138671875
plastic_nut,plastic_nut/OK/S0411/plastic_nut_0411_OK_C3_20230930155900.jpg,plastic_nut::plastic_nut_0411_OK,3,source_calibration,OK,1168.82958984375,1096.4580078125,1086.665771484375,1001.286376953125,1108.880859375,943.08251953125,1158.27099609375,1184.249755859375,1158.27099609375
plastic_nut,plastic_nut/OK/S0411/plastic_nut_0411_OK_C4_20230930155900.jpg,plastic_nut::plastic_nut_0411_OK,4,source_calibration,OK,1054.468505859375,1054.468505859375,1054.468505859375,1101.26904296875,1101.26904296875,1101.26904296875,908.02197265625,908.02197265625,908.02197265625
plastic_nut,plastic_nut/OK/S0411/plastic_nut_0411_OK_C5_20230930155900.jpg,plastic_nut::plastic_nut_0411_OK,5,source_calibration,OK,1144.69140625,1099.497314453125,1144.69140625,1046.836669921875,1046.836669921875,1056.09716796875,977.714111328125,982.481201171875,977.714111328125
plastic_nut,plastic_nut/OK/S0412/plastic_nut_0412_OK_C1_20230930155913.jpg,plastic_nut::plastic_nut_0412_OK,1,source_calibration,OK,1134.214599609375,1134.214599609375,1134.214599609375,1149.0908203125,1149.0908203125,1149.0908203125,1319.310791015625,1319.310791015625,1319.310791015625
plastic_nut,plastic_nut/OK/S0412/plastic_nut_0412_OK_C2_20230930155913.jpg,plastic_nut::plastic_nut_0412_OK,2,source_calibration,OK,1146.40869140625,1325.86767578125,1301.8056640625,1259.906982421875,1259.906982421875,1259.906982421875,1063.62353515625,1063.62353515625,1063.62353515625
plastic_nut,plastic_nut/OK/S0412/plastic_nut_0412_OK_C3_20230930155913.jpg,plastic_nut::plastic_nut_0412_OK,3,source_calibration,OK,1299.58447265625,1291.228515625,1291.228515625,1223.32373046875,1296.20654296875,1223.32373046875,1342.072265625,1436.6162109375,1336.5185546875
plastic_nut,plastic_nut/OK/S0412/plastic_nut_0412_OK_C4_20230930155913.jpg,plastic_nut::plastic_nut_0412_OK,4,source_calibration,OK,1154.375,1192.80517578125,1187.38671875,1227.250244140625,1227.250244140625,1227.250244140625,1161.856201171875,1157.788818359375,1161.856201171875
plastic_nut,plastic_nut/OK/S0412/plastic_nut_0412_OK_C5_20230930155913.jpg,plastic_nut::plastic_nut_0412_OK,5,source_calibration,OK,916.716796875,1011.880859375,923.892578125,993.921875,993.921875,993.921875,753.4482421875,882.488525390625,792.21533203125
plastic_nut,plastic_nut/OK/S0415/plastic_nut_0415_OK_C1_20230930155950.jpg,plastic_nut::plastic_nut_0415_OK,1,source_calibration,OK,1270.98583984375,1270.98583984375,1270.98583984375,1068.122802734375,1126.256103515625,1068.122802734375,1224.8271484375,1224.8271484375,1224.8271484375
plastic_nut,plastic_nut/OK/S0415/plastic_nut_0415_OK_C2_20230930155950.jpg,plastic_nut::plastic_nut_0415_OK,2,source_calibration,OK,967.10546875,1006.693359375,967.10546875,855.0791015625,855.0791015625,855.0791015625,949.46728515625,949.46728515625,949.46728515625
plastic_nut,plastic_nut/OK/S0415/plastic_nut_0415_OK_C3_20230930155950.jpg,plastic_nut::plastic_nut_0415_OK,3,source_calibration,OK,1301.537109375,1300.261474609375,1297.965576171875,1470.3115234375,1470.3115234375,1470.3115234375,1335.12109375,1426.45068359375,1335.12109375
plastic_nut,plastic_nut/OK/S0415/plastic_nut_0415_OK_C4_20230930155950.jpg,plastic_nut::plastic_nut_0415_OK,4,source_calibration,OK,1237.81982421875,1237.81982421875,1387.4580078125,1059.30322265625,1059.30322265625,1059.30322265625,1228.221435546875,1228.221435546875,1228.221435546875
plastic_nut,plastic_nut/OK/S0415/plastic_nut_0415_OK_C5_20230930155950.jpg,plastic_nut::plastic_nut_0415_OK,5,source_calibration,OK,963.42431640625,963.42431640625,963.42431640625,908.1591796875,908.1591796875,908.1591796875,1060.0302734375,993.300048828125,993.300048828125
plastic_nut,plastic_nut/OK/S0417/plastic_nut_0417_OK_C1_20230930160012.jpg,plastic_nut::plastic_nut_0417_OK,1,source_calibration,OK,1373.838623046875,1373.838623046875,1373.838623046875,1614.83203125,1614.83203125,1614.83203125,1678.88427734375,1678.88427734375,1678.88427734375
plastic_nut,plastic_nut/OK/S0417/plastic_nut_0417_OK_C2_20230930160012.jpg,plastic_nut::plastic_nut_0417_OK,2,source_calibration,OK,1083.511474609375,1083.511474609375,1083.511474609375,1102.91748046875,1102.91748046875,1102.91748046875,1233.9638671875,1032.5029296875,1032.5029296875
plastic_nut,plastic_nut/OK/S0417/plastic_nut_0417_OK_C3_20230930160012.jpg,plastic_nut::plastic_nut_0417_OK,3,source_calibration,OK,1353.75732421875,1353.75732421875,1353.75732421875,1211.9560546875,1328.843505859375,1198.13623046875,1354.24951171875,1461.320556640625,1339.8330078125
plastic_nut,plastic_nut/OK/S0417/plastic_nut_0417_OK_C4_20230930160012.jpg,plastic_nut::plastic_nut_0417_OK,4,source_calibration,OK,1268.791015625,1235.43798828125,1235.43798828125,1273.637939453125,1217.4287109375,1290.857421875,1304.322265625,1265.0693359375,1353.912109375
plastic_nut,plastic_nut/OK/S0417/plastic_nut_0417_OK_C5_20230930160012.jpg,plastic_nut::plastic_nut_0417_OK,5,source_calibration,OK,1022.732421875,1035.80126953125,1022.732421875,1125.06005859375,1125.06005859375,1125.06005859375,979.6943359375,979.6943359375,994.05908203125
plastic_nut,plastic_nut/OK/S0425/plastic_nut_0425_OK_C1_20230930160213.jpg,plastic_nut::plastic_nut_0425_OK,1,source_calibration,OK,1234.104736328125,1165.21923828125,1166.440673828125,1161.27587890625,1112.396484375,1161.27587890625,1064.2265625,1059.658447265625,1064.2265625
plastic_nut,plastic_nut/OK/S0425/plastic_nut_0425_OK_C2_20230930160213.jpg,plastic_nut::plastic_nut_0425_OK,2,source_calibration,OK,1140.2490234375,1140.2490234375,1140.2490234375,1385.591796875,1385.591796875,1385.591796875,953.67529296875,920.065185546875,928.301025390625
plastic_nut,plastic_nut/OK/S0425/plastic_nut_0425_OK_C3_20230930160213.jpg,plastic_nut::plastic_nut_0425_OK,3,source_calibration,OK,963.602783203125,963.602783203125,1010.91455078125,1118.90625,1118.90625,1118.90625,969.621337890625,952.45458984375,993.3095703125
plastic_nut,plastic_nut/OK/S0425/plastic_nut_0425_OK_C4_20230930160213.jpg,plastic_nut::plastic_nut_0425_OK,4,source_calibration,OK,1024.166259765625,1024.166259765625,1024.166259765625,1113.001953125,1113.001953125,1113.001953125,1047.884521484375,1108.3916015625,1047.884521484375
plastic_nut,plastic_nut/OK/S0425/plastic_nut_0425_OK_C5_20230930160213.jpg,plastic_nut::plastic_nut_0425_OK,5,source_calibration,OK,1033.17578125,1033.17578125,1033.17578125,854.146484375,854.146484375,854.146484375,919.732421875,919.732421875,919.732421875
plastic_nut,plastic_nut/OK/S0429/plastic_nut_0429_OK_C1_20230930160516.jpg,plastic_nut::plastic_nut_0429_OK,1,source_calibration,OK,1120.445556640625,1120.445556640625,1120.445556640625,1190.0,1147.017578125,1145.80322265625,1456.200927734375,1231.41162109375,1231.41162109375
plastic_nut,plastic_nut/OK/S0429/plastic_nut_0429_OK_C2_20230930160516.jpg,plastic_nut::plastic_nut_0429_OK,2,source_calibration,OK,1062.5234375,1147.900634765625,1120.7822265625,862.652587890625,875.810546875,881.556640625,922.71484375,922.71484375,922.71484375
plastic_nut,plastic_nut/OK/S0429/plastic_nut_0429_OK_C3_20230930160516.jpg,plastic_nut::plastic_nut_0429_OK,3,source_calibration,OK,1008.193359375,955.08203125,1008.193359375,769.761962890625,795.395751953125,769.761962890625,973.3193359375,1005.74365234375,973.3193359375
plastic_nut,plastic_nut/OK/S0429/plastic_nut_0429_OK_C4_20230930160516.jpg,plastic_nut::plastic_nut_0429_OK,4,source_calibration,OK,900.81640625,919.645751953125,959.31640625,959.77001953125,959.77001953125,959.77001953125,964.11474609375,968.419921875,933.73046875
plastic_nut,plastic_nut/OK/S0429/plastic_nut_0429_OK_C5_20230930160516.jpg,plastic_nut::plastic_nut_0429_OK,5,source_calibration,OK,1252.263671875,1252.263671875,1252.263671875,1151.78955078125,1026.770263671875,1050.16943359375,907.85107421875,907.85107421875,911.37890625
plastic_nut,plastic_nut/OK/S0433/plastic_nut_0433_OK_C1_20230930160743.jpg,plastic_nut::plastic_nut_0433_OK,1,source_calibration,OK,1378.329345703125,1516.0126953125,1516.0126953125,1383.3427734375,1383.3427734375,1383.3427734375,1222.43310546875,1292.86767578125,1379.317626953125
plastic_nut,plastic_nut/OK/S0433/plastic_nut_0433_OK_C2_20230930160743.jpg,plastic_nut::plastic_nut_0433_OK,2,source_calibration,OK,1079.74462890625,1079.74462890625,1079.74462890625,1002.199462890625,1002.199462890625,1002.199462890625,1097.890869140625,1013.550048828125,1046.419189453125
plastic_nut,plastic_nut/OK/S0433/plastic_nut_0433_OK_C3_20230930160743.jpg,plastic_nut::plastic_nut_0433_OK,3,source_calibration,OK,1240.4443359375,1212.671630859375,1196.2890625,1160.582275390625,1187.044921875,1154.7705078125,1191.474365234375,1191.474365234375,1191.474365234375
plastic_nut,plastic_nut/OK/S0433/plastic_nut_0433_OK_C4_20230930160743.jpg,plastic_nut::plastic_nut_0433_OK,4,source_calibration,OK,1127.46630859375,994.684814453125,1102.188232421875,1122.37158203125,1122.37158203125,1122.37158203125,1125.1455078125,1125.1455078125,1125.1455078125
plastic_nut,plastic_nut/OK/S0433/plastic_nut_0433_OK_C5_20230930160743.jpg,plastic_nut::plastic_nut_0433_OK,5,source_calibration,OK,1041.0341796875,1041.0341796875,1020.956298828125,1313.67138671875,1037.65478515625,1037.65478515625,971.89794921875,971.89794921875,971.89794921875
plastic_nut,plastic_nut/OK/S0434/plastic_nut_0434_OK_C1_20230930160824.jpg,plastic_nut::plastic_nut_0434_OK,1,source_calibration,OK,1345.94140625,1309.49072265625,1375.358154296875,1141.79638671875,1010.14794921875,1065.1875,1222.734130859375,1222.734130859375,1222.734130859375
plastic_nut,plastic_nut/OK/S0434/plastic_nut_0434_OK_C2_20230930160824.jpg,plastic_nut::plastic_nut_0434_OK,2,source_calibration,OK,1471.596435546875,1442.870849609375,1442.870849609375,1308.837158203125,1308.837158203125,1308.837158203125,1142.724853515625,1142.724853515625,1142.724853515625
plastic_nut,plastic_nut/OK/S0434/plastic_nut_0434_OK_C3_20230930160824.jpg,plastic_nut::plastic_nut_0434_OK,3,source_calibration,OK,1006.76220703125,1056.4130859375,1064.208740234375,1089.4677734375,1050.724609375,1089.4677734375,1087.734375,1087.734375,1155.679443359375
plastic_nut,plastic_nut/OK/S0434/plastic_nut_0434_OK_C4_20230930160824.jpg,plastic_nut::plastic_nut_0434_OK,4,source_calibration,OK,1257.6884765625,1257.6884765625,1257.6884765625,1297.87744140625,1297.87744140625,1297.87744140625,975.85205078125,969.592041015625,969.592041015625
plastic_nut,plastic_nut/OK/S0434/plastic_nut_0434_OK_C5_20230930160824.jpg,plastic_nut::plastic_nut_0434_OK,5,source_calibration,OK,1107.961669921875,1168.42822265625,1168.42822265625,1232.13671875,1232.13671875,1232.13671875,1070.309814453125,1076.64697265625,1076.64697265625
plastic_nut,plastic_nut/OK/S0458/plastic_nut_0458_OK_C1_20230930162131.jpg,plastic_nut::plastic_nut_0458_OK,1,source_calibration,OK,1308.871826171875,1347.08544921875,1308.871826171875,1173.504638671875,1118.393798828125,1118.393798828125,1287.565185546875,1287.565185546875,1287.565185546875
plastic_nut,plastic_nut/OK/S0458/plastic_nut_0458_OK_C2_20230930162131.jpg,plastic_nut::plastic_nut_0458_OK,2,source_calibration,OK,1189.125,1196.073974609375,1240.624755859375,1001.117919921875,1001.117919921875,1001.117919921875,931.46337890625,931.46337890625,960.28173828125
plastic_nut,plastic_nut/OK/S0458/plastic_nut_0458_OK_C3_20230930162131.jpg,plastic_nut::plastic_nut_0458_OK,3,source_calibration,OK,924.740234375,944.64208984375,851.87255859375,912.644775390625,929.718017578125,929.718017578125,995.86474609375,995.86474609375,995.86474609375
plastic_nut,plastic_nut/OK/S0458/plastic_nut_0458_OK_C4_20230930162131.jpg,plastic_nut::plastic_nut_0458_OK,4,source_calibration,OK,1285.9921875,1224.9111328125,1167.1318359375,1176.54736328125,1176.54736328125,1176.54736328125,1160.973876953125,1177.224853515625,1177.224853515625
plastic_nut,plastic_nut/OK/S0458/plastic_nut_0458_OK_C5_20230930162131.jpg,plastic_nut::plastic_nut_0458_OK,5,source_calibration,OK,995.956298828125,995.956298828125,984.05859375,1099.8447265625,1001.10791015625,1055.312255859375,965.0009765625,917.388671875,917.388671875
plastic_nut,plastic_nut/OK/S0464/plastic_nut_0464_OK_C1_20230930162227.jpg,plastic_nut::plastic_nut_0464_OK,1,source_calibration,OK,1295.0419921875,1180.71630859375,1180.71630859375,1198.97216796875,1198.97216796875,1198.97216796875,1248.318603515625,1159.70654296875,1238.88330078125
plastic_nut,plastic_nut/OK/S0464/plastic_nut_0464_OK_C2_20230930162227.jpg,plastic_nut::plastic_nut_0464_OK,2,source_calibration,OK,1267.5009765625,1173.96044921875,1169.607177734375,953.608642578125,953.608642578125,953.608642578125,966.997314453125,966.997314453125,999.40283203125
plastic_nut,plastic_nut/OK/S0464/plastic_nut_0464_OK_C3_20230930162227.jpg,plastic_nut::plastic_nut_0464_OK,3,source_calibration,OK,1047.4580078125,1137.748046875,1047.4580078125,1175.587890625,1175.587890625,1175.587890625,1075.972900390625,1075.972900390625,1075.972900390625
plastic_nut,plastic_nut/OK/S0464/plastic_nut_0464_OK_C4_20230930162227.jpg,plastic_nut::plastic_nut_0464_OK,4,source_calibration,OK,1057.1943359375,1057.1943359375,1057.1943359375,1152.146484375,1152.146484375,1152.146484375,999.319580078125,999.319580078125,999.319580078125
plastic_nut,plastic_nut/OK/S0464/plastic_nut_0464_OK_C5_20230930162227.jpg,plastic_nut::plastic_nut_0464_OK,5,source_calibration,OK,1101.118896484375,1101.118896484375,1101.118896484375,1034.83154296875,1034.83154296875,1034.83154296875,1487.75390625,1521.88720703125,1487.75390625
plastic_nut,plastic_nut/OK/S0469/plastic_nut_0469_OK_C1_20230930162341.jpg,plastic_nut::plastic_nut_0469_OK,1,source_calibration,OK,1164.376953125,1164.376953125,1164.376953125,1118.806640625,1118.806640625,1118.806640625,1184.73095703125,1184.73095703125,1303.593994140625
plastic_nut,plastic_nut/OK/S0469/plastic_nut_0469_OK_C2_20230930162341.jpg,plastic_nut::plastic_nut_0469_OK,2,source_calibration,OK,1327.75341796875,1295.26708984375,1295.26708984375,892.4462890625,892.4462890625,994.2841796875,933.267578125,954.74169921875,933.267578125
plastic_nut,plastic_nut/OK/S0469/plastic_nut_0469_OK_C3_20230930162341.jpg,plastic_nut::plastic_nut_0469_OK,3,source_calibration,OK,1008.966552734375,892.802001953125,1041.7646484375,998.87744140625,998.87744140625,998.87744140625,1093.4423828125,1093.4423828125,1093.4423828125
plastic_nut,plastic_nut/OK/S0469/plastic_nut_0469_OK_C4_20230930162341.jpg,plastic_nut::plastic_nut_0469_OK,4,source_calibration,OK,890.59716796875,910.3017578125,880.823486328125,1063.74365234375,1063.74365234375,1063.74365234375,930.81396484375,930.81396484375,930.81396484375
plastic_nut,plastic_nut/OK/S0469/plastic_nut_0469_OK_C5_20230930162341.jpg,plastic_nut::plastic_nut_0469_OK,5,source_calibration,OK,1000.33349609375,980.1650390625,1017.347412109375,1049.729248046875,1049.729248046875,1049.729248046875,1522.318115234375,1522.318115234375,1522.318115234375
plastic_nut,plastic_nut/OK/S0471/plastic_nut_0471_OK_C1_20230930162357.jpg,plastic_nut::plastic_nut_0471_OK,1,source_calibration,OK,1079.83349609375,1079.83349609375,1107.32763671875,961.23095703125,961.23095703125,961.23095703125,1163.988037109375,1163.988037109375,1163.988037109375
plastic_nut,plastic_nut/OK/S0471/plastic_nut_0471_OK_C2_20230930162357.jpg,plastic_nut::plastic_nut_0471_OK,2,source_calibration,OK,1200.820556640625,1294.83447265625,1162.111328125,1192.437744140625,1149.19287109375,1192.437744140625,1022.29931640625,1022.29931640625,1022.29931640625
plastic_nut,plastic_nut/OK/S0471/plastic_nut_0471_OK_C3_20230930162357.jpg,plastic_nut::plastic_nut_0471_OK,3,source_calibration,OK,963.94580078125,1010.398193359375,923.25732421875,996.489990234375,996.489990234375,996.489990234375,1118.5888671875,1095.7294921875,1095.7294921875
plastic_nut,plastic_nut/OK/S0471/plastic_nut_0471_OK_C4_20230930162357.jpg,plastic_nut::plastic_nut_0471_OK,4,source_calibration,OK,914.67431640625,914.67431640625,914.67431640625,937.0693359375,937.0693359375,937.0693359375,916.55029296875,1046.11767578125,936.06884765625
plastic_nut,plastic_nut/OK/S0471/plastic_nut_0471_OK_C5_20230930162357.jpg,plastic_nut::plastic_nut_0471_OK,5,source_calibration,OK,1183.332763671875,1124.8359375,1079.97900390625,1298.989990234375,1341.5966796875,1298.989990234375,1614.27880859375,1596.665283203125,1614.27880859375
plastic_nut,plastic_nut/OK/S0476/plastic_nut_0476_OK_C1_20230930162451.jpg,plastic_nut::plastic_nut_0476_OK,1,source_calibration,OK,1247.177978515625,1158.10791015625,1158.10791015625,988.508544921875,1077.8515625,1077.8515625,1434.66357421875,1434.66357421875,1434.66357421875
plastic_nut,plastic_nut/OK/S0476/plastic_nut_0476_OK_C2_20230930162451.jpg,plastic_nut::plastic_nut_0476_OK,2,source_calibration,OK,1093.07763671875,1184.270751953125,1093.07763671875,1081.052734375,1081.052734375,1081.052734375,1212.2919921875,1212.2919921875,1206.7060546875
plastic_nut,plastic_nut/OK/S0476/plastic_nut_0476_OK_C3_20230930162451.jpg,plastic_nut::plastic_nut_0476_OK,3,source_calibration,OK,1247.4072265625,1247.4072265625,1247.4072265625,1344.977783203125,1388.302490234375,1388.302490234375,1324.11083984375,1246.56689453125,1246.56689453125
plastic_nut,plastic_nut/OK/S0476/plastic_nut_0476_OK_C4_20230930162451.jpg,plastic_nut::plastic_nut_0476_OK,4,source_calibration,OK,962.62060546875,962.62060546875,962.62060546875,909.35888671875,909.35888671875,909.35888671875,1062.68408203125,1062.68408203125,1062.68408203125
plastic_nut,plastic_nut/OK/S0476/plastic_nut_0476_OK_C5_20230930162451.jpg,plastic_nut::plastic_nut_0476_OK,5,source_calibration,OK,1178.271728515625,1178.271728515625,1178.271728515625,998.772216796875,998.772216796875,998.772216796875,1096.30029296875,1096.30029296875,1096.30029296875
plastic_nut,plastic_nut/OK/S0487/plastic_nut_0487_OK_C1_20230930162648.jpg,plastic_nut::plastic_nut_0487_OK,1,source_calibration,OK,1262.99658203125,1332.45654296875,1262.99658203125,1317.14892578125,1345.05859375,1317.14892578125,1383.7578125,1377.0185546875,1383.7578125
plastic_nut,plastic_nut/OK/S0487/plastic_nut_0487_OK_C2_20230930162648.jpg,plastic_nut::plastic_nut_0487_OK,2,source_calibration,OK,1180.53955078125,1180.53955078125,1255.98046875,1083.7646484375,1083.7646484375,1083.7646484375,1106.56103515625,1051.8447265625,1051.8447265625
plastic_nut,plastic_nut/OK/S0487/plastic_nut_0487_OK_C3_20230930162648.jpg,plastic_nut::plastic_nut_0487_OK,3,source_calibration,OK,1210.6767578125,1183.07080078125,1225.989501953125,1279.82373046875,1332.941162109375,1261.6142578125,1224.21533203125,1224.21533203125,1212.5498046875
plastic_nut,plastic_nut/OK/S0487/plastic_nut_0487_OK_C4_20230930162648.jpg,plastic_nut::plastic_nut_0487_OK,4,source_calibration,OK,1079.566650390625,1079.566650390625,1079.566650390625,1114.2177734375,1114.2177734375,1114.2177734375,1059.47314453125,1142.6181640625,1142.6181640625
plastic_nut,plastic_nut/OK/S0487/plastic_nut_0487_OK_C5_20230930162648.jpg,plastic_nut::plastic_nut_0487_OK,5,source_calibration,OK,1062.957763671875,1184.91015625,1184.30517578125,919.640869140625,919.640869140625,946.17822265625,1051.208740234375,1064.751220703125,1064.751220703125
plastic_nut,plastic_nut/OK/S0492/plastic_nut_0492_OK_C1_20230930162755.jpg,plastic_nut::plastic_nut_0492_OK,1,source_calibration,OK,1207.1748046875,1237.358154296875,1234.279541015625,1272.297119140625,1130.988037109375,1130.988037109375,1199.2294921875,1199.2294921875,1203.742919921875
plastic_nut,plastic_nut/OK/S0492/plastic_nut_0492_OK_C2_20230930162755.jpg,plastic_nut::plastic_nut_0492_OK,2,source_calibration,OK,1581.750244140625,1620.76904296875,1420.981689453125,1318.08837890625,1350.822998046875,1351.371337890625,1426.065185546875,1426.065185546875,1370.732177734375
plastic_nut,plastic_nut/OK/S0492/plastic_nut_0492_OK_C3_20230930162755.jpg,plastic_nut::plastic_nut_0492_OK,3,source_calibration,OK,1041.25244140625,868.052734375,819.3671875,1044.6337890625,1059.912841796875,1059.912841796875,1021.84619140625,1021.84619140625,1021.84619140625
plastic_nut,plastic_nut/OK/S0492/plastic_nut_0492_OK_C4_20230930162755.jpg,plastic_nut::plastic_nut_0492_OK,4,source_calibration,OK,855.50537109375,894.24267578125,855.50537109375,856.85693359375,819.4501953125,826.189697265625,1010.176513671875,1010.176513671875,1010.176513671875
plastic_nut,plastic_nut/OK/S0492/plastic_nut_0492_OK_C5_20230930162755.jpg,plastic_nut::plastic_nut_0492_OK,5,source_calibration,OK,1034.15966796875,1009.773681640625,1034.15966796875,1023.560546875,1023.560546875,1023.560546875,1038.83642578125,1033.5380859375,1033.5380859375
plastic_nut,plastic_nut/OK/S0500/plastic_nut_0500_OK_C1_20230930163009.jpg,plastic_nut::plastic_nut_0500_OK,1,source_calibration,OK,1197.98974609375,1197.98974609375,1197.98974609375,1258.5869140625,1258.5869140625,1258.5869140625,1318.35546875,1318.35546875,1318.35546875
plastic_nut,plastic_nut/OK/S0500/plastic_nut_0500_OK_C2_20230930163009.jpg,plastic_nut::plastic_nut_0500_OK,2,source_calibration,OK,1168.64990234375,1240.001953125,1240.001953125,1038.113037109375,1038.113037109375,1038.113037109375,1438.88818359375,1385.62060546875,1382.59228515625
plastic_nut,plastic_nut/OK/S0500/plastic_nut_0500_OK_C3_20230930163009.jpg,plastic_nut::plastic_nut_0500_OK,3,source_calibration,OK,927.72607421875,927.72607421875,901.99365234375,964.583984375,1012.0693359375,1099.821533203125,927.32470703125,927.32470703125,927.32470703125
plastic_nut,plastic_nut/OK/S0500/plastic_nut_0500_OK_C4_20230930163009.jpg,plastic_nut::plastic_nut_0500_OK,4,source_calibration,OK,948.56640625,948.56640625,948.56640625,1333.48583984375,1333.48583984375,1333.48583984375,1107.41650390625,1095.97119140625,1095.97119140625
plastic_nut,plastic_nut/OK/S0500/plastic_nut_0500_OK_C5_20230930163009.jpg,plastic_nut::plastic_nut_0500_OK,5,source_calibration,OK,889.49951171875,920.27197265625,882.706787109375,901.39697265625,919.297607421875,919.297607421875,963.72607421875,1051.14599609375,1000.42236328125
plastic_nut,plastic_nut/NG/QS/S0001/plastic_nut_0001_NG_QS_C1_20231004112421.jpg,plastic_nut::plastic_nut_0001_NG_QS,1,development,QS,1457.749755859375,1457.749755859375,1457.749755859375,1538.138427734375,1538.138427734375,1538.138427734375,1459.050048828125,1525.995361328125,1477.111328125
plastic_nut,plastic_nut/NG/QS/S0001/plastic_nut_0001_NG_QS_C2_20231004112421.jpg,plastic_nut::plastic_nut_0001_NG_QS,2,development,QS,1449.9228515625,1455.194091796875,1455.194091796875,1619.991455078125,1619.991455078125,1619.991455078125,1256.576416015625,1256.576416015625,1303.73876953125
plastic_nut,plastic_nut/NG/QS/S0001/plastic_nut_0001_NG_QS_C3_20231004112421.jpg,plastic_nut::plastic_nut_0001_NG_QS,3,development,QS,1365.4306640625,1395.723876953125,1411.9794921875,1439.055908203125,1439.055908203125,1505.80224609375,1449.955078125,1557.12353515625,1557.12353515625
plastic_nut,plastic_nut/NG/QS/S0001/plastic_nut_0001_NG_QS_C4_20231004112421.jpg,plastic_nut::plastic_nut_0001_NG_QS,4,development,QS,1505.585205078125,1514.76904296875,1458.972900390625,1565.1875,1565.1875,1565.1875,1715.704833984375,1805.49853515625,1715.704833984375
plastic_nut,plastic_nut/NG/QS/S0001/plastic_nut_0001_NG_QS_C5_20231004112421.jpg,plastic_nut::plastic_nut_0001_NG_QS,5,development,QS,1152.93798828125,1224.080078125,1133.9482421875,1234.681884765625,1234.681884765625,1234.681884765625,1231.400390625,1234.031494140625,1234.031494140625
plastic_nut,plastic_nut/NG/ZW/S0001/plastic_nut_0001_NG_ZW_C1_20231004093218.jpg,plastic_nut::plastic_nut_0001_NG_ZW,1,development,OK,1202.00732421875,1236.375244140625,1245.853271484375,1418.439208984375,1418.439208984375,1418.439208984375,1511.979248046875,1508.47314453125,1511.979248046875
plastic_nut,plastic_nut/NG/ZW/S0001/plastic_nut_0001_NG_ZW_C2_20231004093218.jpg,plastic_nut::plastic_nut_0001_NG_ZW,2,development,OK,1139.1845703125,1139.1845703125,1139.1845703125,1244.1474609375,1180.538818359375,1244.1474609375,1015.911376953125,1015.911376953125,1015.911376953125
plastic_nut,plastic_nut/NG/ZW/S0001/plastic_nut_0001_NG_ZW_C3_20231004093218.jpg,plastic_nut::plastic_nut_0001_NG_ZW,3,development,ZW,1792.9505615234375,1792.9505615234375,1792.9505615234375,1668.2440185546875,1668.2440185546875,1668.2440185546875,1679.9136962890625,1679.9136962890625,1679.9136962890625
plastic_nut,plastic_nut/NG/ZW/S0001/plastic_nut_0001_NG_ZW_C4_20231004093218.jpg,plastic_nut::plastic_nut_0001_NG_ZW,4,development,OK,1234.4296875,1234.4296875,1234.4296875,1060.181884765625,957.22314453125,957.22314453125,1162.58447265625,1165.3310546875,1162.58447265625
plastic_nut,plastic_nut/NG/ZW/S0001/plastic_nut_0001_NG_ZW_C5_20231004093218.jpg,plastic_nut::plastic_nut_0001_NG_ZW,5,development,OK,1311.303955078125,1311.303955078125,1311.303955078125,1047.058837890625,1047.058837890625,1047.058837890625,1138.50390625,1138.50390625,1138.50390625
plastic_nut,plastic_nut/NG/HS/S0002/plastic_nut_0002_NG_HS_C1_20231004103236.jpg,plastic_nut::plastic_nut_0002_NG_HS,1,development,OK,1309.3193359375,1287.478515625,1247.65576171875,1248.57666015625,1248.57666015625,1248.57666015625,1279.96435546875,1202.828125,1277.456787109375
plastic_nut,plastic_nut/NG/HS/S0002/plastic_nut_0002_NG_HS_C2_20231004103236.jpg,plastic_nut::plastic_nut_0002_NG_HS,2,development,OK,1150.1337890625,1155.1279296875,1166.45703125,1046.9501953125,1046.9501953125,1046.9501953125,907.136474609375,907.136474609375,1159.72802734375
plastic_nut,plastic_nut/NG/HS/S0002/plastic_nut_0002_NG_HS_C3_20231004103236.jpg,plastic_nut::plastic_nut_0002_NG_HS,3,development,HS,1497.6884765625,1497.6884765625,1491.50439453125,1369.65283203125,1369.65283203125,1369.65283203125,1280.857177734375,1280.857177734375,1280.857177734375
plastic_nut,plastic_nut/NG/HS/S0002/plastic_nut_0002_NG_HS_C4_20231004103236.jpg,plastic_nut::plastic_nut_0002_NG_HS,4,development,HS,1362.4990234375,1362.4990234375,1362.4990234375,1092.663818359375,1092.663818359375,1092.663818359375,1318.124267578125,1318.124267578125,1318.124267578125
plastic_nut,plastic_nut/NG/HS/S0002/plastic_nut_0002_NG_HS_C5_20231004103236.jpg,plastic_nut::plastic_nut_0002_NG_HS,5,development,OK,1239.107421875,1239.107421875,1239.107421875,1361.65771484375,1361.65771484375,1361.65771484375,1215.912841796875,1215.912841796875,1392.75048828125
plastic_nut,plastic_nut/NG/ZW/S0002/plastic_nut_0002_NG_ZW_C1_20231004093334.jpg,plastic_nut::plastic_nut_0002_NG_ZW,1,development,ZW,1715.451171875,1780.29833984375,1780.29833984375,1661.983642578125,1661.983642578125,1661.983642578125,1665.472900390625,1665.472900390625,1532.623291015625
plastic_nut,plastic_nut/NG/ZW/S0002/plastic_nut_0002_NG_ZW_C2_20231004093334.jpg,plastic_nut::plastic_nut_0002_NG_ZW,2,development,ZW,1885.92578125,1885.92578125,1885.92578125,1999.2589111328125,1999.2589111328125,1999.2589111328125,1881.888671875,1881.888671875,1881.888671875
plastic_nut,plastic_nut/NG/ZW/S0002/plastic_nut_0002_NG_ZW_C3_20231004093334.jpg,plastic_nut::plastic_nut_0002_NG_ZW,3,development,ZW,1992.23095703125,1992.23095703125,1992.23095703125,1651.10791015625,1651.10791015625,1651.10791015625,1971.90478515625,1971.90478515625,1971.90478515625
plastic_nut,plastic_nut/NG/ZW/S0002/plastic_nut_0002_NG_ZW_C4_20231004093334.jpg,plastic_nut::plastic_nut_0002_NG_ZW,4,development,ZW,1497.046875,1624.5606689453125,1624.5606689453125,1450.488037109375,1450.488037109375,1450.488037109375,1508.149658203125,1508.149658203125,1468.95458984375
plastic_nut,plastic_nut/NG/ZW/S0002/plastic_nut_0002_NG_ZW_C5_20231004093334.jpg,plastic_nut::plastic_nut_0002_NG_ZW,5,development,OK,1140.219482421875,1140.219482421875,1140.219482421875,1032.93408203125,1032.93408203125,1032.93408203125,894.8095703125,894.8095703125,894.8095703125
plastic_nut,plastic_nut/NG/HS/S0003/plastic_nut_0003_NG_HS_C1_20231004103254.jpg,plastic_nut::plastic_nut_0003_NG_HS,1,development,HS,1713.010009765625,1666.8392333984375,1666.8392333984375,1559.935546875,1585.46044921875,1559.935546875,1548.717041015625,1548.717041015625,1447.67529296875
plastic_nut,plastic_nut/NG/HS/S0003/plastic_nut_0003_NG_HS_C2_20231004103254.jpg,plastic_nut::plastic_nut_0003_NG_HS,2,development,OK,1620.94921875,1546.0556640625,1546.0556640625,1586.2275390625,1586.2275390625,1586.2275390625,1121.037841796875,1121.037841796875,1355.14404296875
plastic_nut,plastic_nut/NG/HS/S0003/plastic_nut_0003_NG_HS_C3_20231004103254.jpg,plastic_nut::plastic_nut_0003_NG_HS,3,development,OK,1511.22265625,1511.22265625,1511.22265625,1293.77783203125,1265.7744140625,1293.77783203125,1284.78173828125,1284.78173828125,1317.20263671875
plastic_nut,plastic_nut/NG/HS/S0003/plastic_nut_0003_NG_HS_C4_20231004103254.jpg,plastic_nut::plastic_nut_0003_NG_HS,4,development,HS,1799.06103515625,1799.06103515625,1799.06103515625,1452.96728515625,1452.96728515625,1452.96728515625,1547.746337890625,1547.746337890625,1547.746337890625
plastic_nut,plastic_nut/NG/HS/S0003/plastic_nut_0003_NG_HS_C5_20231004103254.jpg,plastic_nut::plastic_nut_0003_NG_HS,5,development,HS,1471.545654296875,1471.545654296875,1471.545654296875,1348.593505859375,1348.593505859375,1348.593505859375,1335.26953125,1332.0478515625,1394.419921875
plastic_nut,plastic_nut/NG/AK/S0004/plastic_nut_0004_NG_AK_C1_20231004132235.jpg,plastic_nut::plastic_nut_0004_NG_AK,1,development,AK,1516.44921875,1516.44921875,1516.44921875,1582.041748046875,1576.90283203125,1550.19287109375,1530.5986328125,1530.5986328125,1530.5986328125
plastic_nut,plastic_nut/NG/AK/S0004/plastic_nut_0004_NG_AK_C2_20231004132235.jpg,plastic_nut::plastic_nut_0004_NG_AK,2,development,AK,1300.28662109375,1210.30419921875,1210.30419921875,1182.38916015625,1267.70556640625,1267.70556640625,1068.773193359375,1068.773193359375,1068.773193359375
plastic_nut,plastic_nut/NG/AK/S0004/plastic_nut_0004_NG_AK_C3_20231004132235.jpg,plastic_nut::plastic_nut_0004_NG_AK,3,development,AK,1136.143798828125,1136.143798828125,1136.143798828125,1424.617919921875,1424.617919921875,1424.617919921875,1043.529541015625,1043.529541015625,1043.529541015625
plastic_nut,plastic_nut/NG/AK/S0004/plastic_nut_0004_NG_AK_C4_20231004132235.jpg,plastic_nut::plastic_nut_0004_NG_AK,4,development,AK,1243.548095703125,1243.548095703125,1243.548095703125,1328.792236328125,1328.792236328125,1328.792236328125,1686.770751953125,1733.5576171875,1742.56298828125
plastic_nut,plastic_nut/NG/AK/S0004/plastic_nut_0004_NG_AK_C5_20231004132235.jpg,plastic_nut::plastic_nut_0004_NG_AK,5,development,AK,1873.050537109375,1873.050537109375,1873.050537109375,1202.759033203125,1202.759033203125,1202.759033203125,1516.445556640625,1516.445556640625,1516.445556640625
plastic_nut,plastic_nut/NG/ZW/S0004/plastic_nut_0004_NG_ZW_C1_20231004093357.jpg,plastic_nut::plastic_nut_0004_NG_ZW,1,development,OK,1216.881591796875,1147.01904296875,1147.01904296875,1282.50341796875,1213.800537109375,1112.84033203125,1327.8681640625,1299.32080078125,1299.32080078125
plastic_nut,plastic_nut/NG/ZW/S0004/plastic_nut_0004_NG_ZW_C2_20231004093357.jpg,plastic_nut::plastic_nut_0004_NG_ZW,2,development,OK,1124.616455078125,1052.013671875,1052.013671875,1045.18115234375,939.098388671875,990.32666015625,980.58544921875,1102.462158203125,1022.492919921875
plastic_nut,plastic_nut/NG/ZW/S0004/plastic_nut_0004_NG_ZW_C3_20231004093357.jpg,plastic_nut::plastic_nut_0004_NG_ZW,3,development,OK,1354.484619140625,1354.484619140625,1354.484619140625,1067.09423828125,1067.09423828125,1067.09423828125,1231.772216796875,1231.772216796875,1231.772216796875
plastic_nut,plastic_nut/NG/ZW/S0004/plastic_nut_0004_NG_ZW_C4_20231004093357.jpg,plastic_nut::plastic_nut_0004_NG_ZW,4,development,ZW,1498.31884765625,1473.015625,1473.015625,1689.833984375,1689.833984375,1689.833984375,1512.029296875,1512.029296875,1512.029296875
plastic_nut,plastic_nut/NG/ZW/S0004/plastic_nut_0004_NG_ZW_C5_20231004093357.jpg,plastic_nut::plastic_nut_0004_NG_ZW,5,development,ZW,1994.63330078125,1994.63330078125,1994.63330078125,1608.330078125,1608.330078125,1608.330078125,1827.697021484375,1827.697021484375,1827.697021484375
plastic_nut,plastic_nut/NG/ZW/S0005/plastic_nut_0005_NG_ZW_C1_20231004093406.jpg,plastic_nut::plastic_nut_0005_NG_ZW,1,development,OK,1176.290771484375,1176.290771484375,1176.290771484375,1278.6845703125,1278.6845703125,1343.393310546875,1195.9443359375,1195.9443359375,1355.638671875
plastic_nut,plastic_nut/NG/ZW/S0005/plastic_nut_0005_NG_ZW_C2_20231004093406.jpg,plastic_nut::plastic_nut_0005_NG_ZW,2,development,ZW,1875.4366455078125,1875.4366455078125,1875.4366455078125,2031.97412109375,2031.97412109375,2031.97412109375,1762.72119140625,1764.455078125,1764.455078125
plastic_nut,plastic_nut/NG/ZW/S0005/plastic_nut_0005_NG_ZW_C3_20231004093406.jpg,plastic_nut::plastic_nut_0005_NG_ZW,3,development,ZW,1327.8388671875,1327.8388671875,1327.8388671875,1543.423583984375,1543.423583984375,1543.423583984375,1465.91796875,1465.91796875,1465.91796875
plastic_nut,plastic_nut/NG/ZW/S0005/plastic_nut_0005_NG_ZW_C4_20231004093406.jpg,plastic_nut::plastic_nut_0005_NG_ZW,4,development,OK,2044.95166015625,2058.674560546875,2044.95166015625,1857.922119140625,1857.922119140625,1857.922119140625,1769.836181640625,1769.836181640625,1769.836181640625
plastic_nut,plastic_nut/NG/ZW/S0005/plastic_nut_0005_NG_ZW_C5_20231004093406.jpg,plastic_nut::plastic_nut_0005_NG_ZW,5,development,OK,1157.329345703125,1157.329345703125,1157.329345703125,1127.247314453125,1127.247314453125,1127.247314453125,983.712890625,983.712890625,983.712890625
plastic_nut,plastic_nut/NG/ZW/S0007/plastic_nut_0007_NG_ZW_C1_20231004093447.jpg,plastic_nut::plastic_nut_0007_NG_ZW,1,development,ZW,1427.48193359375,1427.48193359375,1427.48193359375,1231.99609375,1231.99609375,1231.99609375,1573.59619140625,1573.59619140625,1573.59619140625
plastic_nut,plastic_nut/NG/ZW/S0007/plastic_nut_0007_NG_ZW_C2_20231004093447.jpg,plastic_nut::plastic_nut_0007_NG_ZW,2,development,ZW,1773.5086669921875,1771.570556640625,1771.570556640625,1708.1015625,1708.1015625,1708.1015625,1609.6806640625,1576.63134765625,1576.63134765625
plastic_nut,plastic_nut/NG/ZW/S0007/plastic_nut_0007_NG_ZW_C3_20231004093447.jpg,plastic_nut::plastic_nut_0007_NG_ZW,3,development,OK,1299.58740234375,1299.58740234375,1299.58740234375,1207.892578125,1207.892578125,1207.892578125,1300.1669921875,1258.045654296875,1178.53173828125
plastic_nut,plastic_nut/NG/ZW/S0007/plastic_nut_0007_NG_ZW_C4_20231004093447.jpg,plastic_nut::plastic_nut_0007_NG_ZW,4,development,OK,1173.5029296875,1173.5029296875,1173.5029296875,1188.2958984375,1188.03857421875,1188.03857421875,1298.604736328125,1298.604736328125,1275.6201171875
plastic_nut,plastic_nut/NG/ZW/S0007/plastic_nut_0007_NG_ZW_C5_20231004093447.jpg,plastic_nut::plastic_nut_0007_NG_ZW,5,development,ZW,1730.43212890625,1730.43212890625,1730.43212890625,1919.16845703125,1919.16845703125,1919.16845703125,1642.447021484375,1642.447021484375,1642.447021484375
plastic_nut,plastic_nut/NG/ZW/S0008/plastic_nut_0008_NG_ZW_C1_20231004093459.jpg,plastic_nut::plastic_nut_0008_NG_ZW,1,development,OK,1210.048583984375,1210.048583984375,1210.048583984375,1499.573974609375,1499.573974609375,1499.573974609375,1497.573486328125,1497.573486328125,1497.573486328125
plastic_nut,plastic_nut/NG/ZW/S0008/plastic_nut_0008_NG_ZW_C2_20231004093459.jpg,plastic_nut::plastic_nut_0008_NG_ZW,2,development,OK,1120.05126953125,1120.05126953125,1120.05126953125,1167.244873046875,1142.182861328125,1157.59375,1153.977294921875,1153.977294921875,1153.977294921875
plastic_nut,plastic_nut/NG/ZW/S0008/plastic_nut_0008_NG_ZW_C3_20231004093459.jpg,plastic_nut::plastic_nut_0008_NG_ZW,3,development,ZW,1381.006591796875,1381.006591796875,1381.006591796875,1350.623046875,1350.623046875,1350.623046875,1241.080078125,1241.080078125,1241.080078125
plastic_nut,plastic_nut/NG/ZW/S0008/plastic_nut_0008_NG_ZW_C4_20231004093459.jpg,plastic_nut::plastic_nut_0008_NG_ZW,4,development,ZW,1254.93798828125,1273.94091796875,1273.94091796875,1412.222900390625,1412.222900390625,1412.222900390625,1118.673095703125,1118.673095703125,1118.673095703125
plastic_nut,plastic_nut/NG/ZW/S0008/plastic_nut_0008_NG_ZW_C5_20231004093459.jpg,plastic_nut::plastic_nut_0008_NG_ZW,5,development,OK,1236.8369140625,1236.8369140625,1236.8369140625,1019.802734375,1019.802734375,1019.802734375,1460.5673828125,1512.462646484375,1503.07666015625
plastic_nut,plastic_nut/NG/QS/S0010/plastic_nut_0010_NG_QS_C1_20231004112610.jpg,plastic_nut::plastic_nut_0010_NG_QS,1,development,QS,1714.430419921875,1714.430419921875,1714.430419921875,1712.708251953125,1712.708251953125,1712.708251953125,1815.99609375,1815.99609375,1815.99609375
plastic_nut,plastic_nut/NG/QS/S0010/plastic_nut_0010_NG_QS_C2_20231004112610.jpg,plastic_nut::plastic_nut_0010_NG_QS,2,development,QS,1652.260986328125,1652.260986328125,1652.260986328125,1888.816650390625,1888.816650390625,1888.816650390625,1678.58447265625,1678.58447265625,1678.58447265625
plastic_nut,plastic_nut/NG/QS/S0010/plastic_nut_0010_NG_QS_C3_20231004112610.jpg,plastic_nut::plastic_nut_0010_NG_QS,3,development,QS,1249.366455078125,1356.880615234375,1356.880615234375,1368.435546875,1368.435546875,1368.435546875,1507.41748046875,1461.679931640625,1461.679931640625
plastic_nut,plastic_nut/NG/QS/S0010/plastic_nut_0010_NG_QS_C4_20231004112610.jpg,plastic_nut::plastic_nut_0010_NG_QS,4,development,QS,1624.49560546875,1624.49560546875,1624.49560546875,1774.35107421875,1774.35107421875,1774.35107421875,1781.5166015625,1781.5166015625,1835.473876953125
plastic_nut,plastic_nut/NG/QS/S0010/plastic_nut_0010_NG_QS_C5_20231004112610.jpg,plastic_nut::plastic_nut_0010_NG_QS,5,development,QS,1512.84423828125,1512.84423828125,1512.84423828125,1323.195556640625,1314.209716796875,1323.195556640625,1254.801513671875,1254.801513671875,1254.801513671875
plastic_nut,plastic_nut/NG/ZW/S0010/plastic_nut_0010_NG_ZW_C1_20231004093518.jpg,plastic_nut::plastic_nut_0010_NG_ZW,1,development,ZW,1711.520751953125,1711.520751953125,1711.520751953125,1828.50244140625,1828.50244140625,1828.50244140625,1808.2655029296875,1808.2655029296875,1696.474609375
plastic_nut,plastic_nut/NG/ZW/S0010/plastic_nut_0010_NG_ZW_C2_20231004093518.jpg,plastic_nut::plastic_nut_0010_NG_ZW,2,development,ZW,1823.2882080078125,1823.2882080078125,1823.2882080078125,1841.0433349609375,1841.0433349609375,1841.0433349609375,1697.833251953125,1697.833251953125,1659.8074951171875
plastic_nut,plastic_nut/NG/ZW/S0010/plastic_nut_0010_NG_ZW_C3_20231004093518.jpg,plastic_nut::plastic_nut_0010_NG_ZW,3,development,ZW,1646.628173828125,1646.628173828125,1646.628173828125,1700.1373291015625,1700.1373291015625,1700.1373291015625,1595.44970703125,1595.44970703125,1595.44970703125
plastic_nut,plastic_nut/NG/ZW/S0010/plastic_nut_0010_NG_ZW_C4_20231004093518.jpg,plastic_nut::plastic_nut_0010_NG_ZW,4,development,ZW,1755.1689453125,1755.1689453125,1755.1689453125,1858.374755859375,1858.374755859375,1858.374755859375,1731.9716796875,1731.9716796875,1660.5936279296875
plastic_nut,plastic_nut/NG/ZW/S0010/plastic_nut_0010_NG_ZW_C5_20231004093518.jpg,plastic_nut::plastic_nut_0010_NG_ZW,5,development,ZW,1569.43017578125,1569.43017578125,1569.43017578125,1702.69482421875,1702.69482421875,1702.69482421875,1538.1630859375,1538.1630859375,1538.1630859375
plastic_nut,plastic_nut/NG/HS/S0011/plastic_nut_0011_NG_HS_C1_20231004103610.jpg,plastic_nut::plastic_nut_0011_NG_HS,1,development,OK,1343.20751953125,1343.20751953125,1343.20751953125,1334.8291015625,1344.045654296875,1362.41015625,1200.0966796875,1200.0966796875,1328.98291015625
plastic_nut,plastic_nut/NG/HS/S0011/plastic_nut_0011_NG_HS_C2_20231004103610.jpg,plastic_nut::plastic_nut_0011_NG_HS,2,development,OK,1057.11572265625,1057.11572265625,1321.78662109375,1185.0166015625,1185.0166015625,1185.0166015625,1015.488525390625,1015.488525390625,1061.716552734375
plastic_nut,plastic_nut/NG/HS/S0011/plastic_nut_0011_NG_HS_C3_20231004103610.jpg,plastic_nut::plastic_nut_0011_NG_HS,3,development,OK,1327.7119140625,1327.7119140625,1354.987060546875,1091.025390625,1091.025390625,1091.025390625,1160.271484375,1160.271484375,1160.271484375
plastic_nut,plastic_nut/NG/HS/S0011/plastic_nut_0011_NG_HS_C4_20231004103610.jpg,plastic_nut::plastic_nut_0011_NG_HS,4,development,OK,1059.45703125,1050.62109375,1050.62109375,1445.623291015625,1351.353759765625,1351.353759765625,1038.98388671875,978.5185546875,978.5185546875
plastic_nut,plastic_nut/NG/HS/S0011/plastic_nut_0011_NG_HS_C5_20231004103610.jpg,plastic_nut::plastic_nut_0011_NG_HS,5,development,HS,1537.18896484375,1537.18896484375,1537.18896484375,1637.2490234375,1637.2490234375,1637.2490234375,1458.39208984375,1458.39208984375,1690.31201171875
plastic_nut,plastic_nut/NG/ZW/S0011/plastic_nut_0011_NG_ZW_C1_20231004093528.jpg,plastic_nut::plastic_nut_0011_NG_ZW,1,development,OK,1300.9150390625,1300.9150390625,1300.9150390625,1283.671875,1213.84765625,1213.84765625,1315.1435546875,1180.825439453125,1180.825439453125
plastic_nut,plastic_nut/NG/ZW/S0011/plastic_nut_0011_NG_ZW_C2_20231004093528.jpg,plastic_nut::plastic_nut_0011_NG_ZW,2,development,ZW,1327.108154296875,1327.108154296875,1327.108154296875,1525.51318359375,1525.51318359375,1525.51318359375,1572.604736328125,1572.604736328125,1572.604736328125
plastic_nut,plastic_nut/NG/ZW/S0011/plastic_nut_0011_NG_ZW_C3_20231004093528.jpg,plastic_nut::plastic_nut_0011_NG_ZW,3,development,OK,1082.755126953125,1082.755126953125,1082.755126953125,1007.23974609375,1077.08837890625,1077.08837890625,1091.9560546875,1091.9560546875,1091.9560546875
plastic_nut,plastic_nut/NG/ZW/S0011/plastic_nut_0011_NG_ZW_C4_20231004093528.jpg,plastic_nut::plastic_nut_0011_NG_ZW,4,development,ZW,1174.017578125,1174.017578125,1174.017578125,1189.122314453125,1189.122314453125,1189.122314453125,1118.25732421875,1118.25732421875,1118.25732421875
plastic_nut,plastic_nut/NG/ZW/S0011/plastic_nut_0011_NG_ZW_C5_20231004093528.jpg,plastic_nut::plastic_nut_0011_NG_ZW,5,development,ZW,1473.037109375,1473.037109375,1473.037109375,1447.552978515625,1447.552978515625,1447.552978515625,1284.5830078125,1284.5830078125,1284.5830078125
plastic_nut,plastic_nut/NG/QS/S0012/plastic_nut_0012_NG_QS_C1_20231004112636.jpg,plastic_nut::plastic_nut_0012_NG_QS,1,development,OK,1233.015625,1233.015625,1089.131103515625,1283.47216796875,1283.47216796875,1283.47216796875,1142.45361328125,1142.45361328125,1223.30908203125
plastic_nut,plastic_nut/NG/QS/S0012/plastic_nut_0012_NG_QS_C2_20231004112636.jpg,plastic_nut::plastic_nut_0012_NG_QS,2,development,OK,1463.596435546875,1463.596435546875,1463.596435546875,1180.02099609375,1180.02099609375,1180.02099609375,1007.087158203125,1007.087158203125,1079.46435546875
plastic_nut,plastic_nut/NG/QS/S0012/plastic_nut_0012_NG_QS_C3_20231004112636.jpg,plastic_nut::plastic_nut_0012_NG_QS,3,development,QS,1309.677734375,1364.458740234375,1364.458740234375,1041.30419921875,1041.30419921875,1041.30419921875,1215.194091796875,1215.194091796875,1223.9873046875
plastic_nut,plastic_nut/NG/QS/S0012/plastic_nut_0012_NG_QS_C4_20231004112636.jpg,plastic_nut::plastic_nut_0012_NG_QS,4,development,QS,1579.58349609375,1441.71923828125,1387.298828125,1514.26904296875,1514.26904296875,1514.26904296875,1784.22119140625,1802.63916015625,1799.395751953125
plastic_nut,plastic_nut/NG/QS/S0012/plastic_nut_0012_NG_QS_C5_20231004112636.jpg,plastic_nut::plastic_nut_0012_NG_QS,5,development,OK,1200.33740234375,1202.51708984375,1169.373046875,1181.791748046875,1155.998046875,1114.176513671875,1164.56689453125,1153.20263671875,1164.83349609375
plastic_nut,plastic_nut/NG/QS/S0014/plastic_nut_0014_NG_QS_C1_20231004112724.jpg,plastic_nut::plastic_nut_0014_NG_QS,1,development,QS,1700.105224609375,1700.105224609375,1700.105224609375,1723.302978515625,1723.302978515625,1723.302978515625,1814.5830078125,1814.5830078125,1609.232177734375
plastic_nut,plastic_nut/NG/QS/S0014/plastic_nut_0014_NG_QS_C2_20231004112724.jpg,plastic_nut::plastic_nut_0014_NG_QS,2,development,QS,1240.627685546875,1309.55517578125,1240.627685546875,1441.57763671875,1441.57763671875,1314.072998046875,1289.058349609375,1289.058349609375,1289.058349609375
plastic_nut,plastic_nut/NG/QS/S0014/plastic_nut_0014_NG_QS_C3_20231004112724.jpg,plastic_nut::plastic_nut_0014_NG_QS,3,development,QS,1458.17626953125,1458.17626953125,1458.17626953125,1571.542236328125,1571.542236328125,1618.056640625,1783.799560546875,1783.799560546875,1783.799560546875
plastic_nut,plastic_nut/NG/QS/S0014/plastic_nut_0014_NG_QS_C4_20231004112724.jpg,plastic_nut::plastic_nut_0014_NG_QS,4,development,QS,1377.36328125,1267.231201171875,1330.364501953125,1604.033203125,1604.033203125,1604.033203125,1981.233642578125,2000.47998046875,1981.233642578125
plastic_nut,plastic_nut/NG/QS/S0014/plastic_nut_0014_NG_QS_C5_20231004112724.jpg,plastic_nut::plastic_nut_0014_NG_QS,5,development,QS,1627.126953125,1657.925537109375,1623.708984375,1567.0810546875,1676.62548828125,1567.0810546875,1577.26806640625,1577.26806640625,1577.26806640625
plastic_nut,plastic_nut/NG/HS/S0015/plastic_nut_0015_NG_HS_C1_20231004104024.jpg,plastic_nut::plastic_nut_0015_NG_HS,1,development,OK,1606.607177734375,1540.20703125,1536.146728515625,1301.610595703125,1301.610595703125,1301.610595703125,1634.115234375,1633.239501953125,1533.800048828125
plastic_nut,plastic_nut/NG/HS/S0015/plastic_nut_0015_NG_HS_C2_20231004104024.jpg,plastic_nut::plastic_nut_0015_NG_HS,2,development,HS,1459.9775390625,1459.9775390625,1459.9775390625,1438.1005859375,1461.450927734375,1438.1005859375,1305.056396484375,1305.056396484375,1384.538330078125
plastic_nut,plastic_nut/NG/HS/S0015/plastic_nut_0015_NG_HS_C3_20231004104024.jpg,plastic_nut::plastic_nut_0015_NG_HS,3,development,HS,1391.416015625,1455.083984375,1455.083984375,1308.2109375,1308.2109375,1269.8896484375,1147.184326171875,1214.486572265625,1214.486572265625
plastic_nut,plastic_nut/NG/HS/S0015/plastic_nut_0015_NG_HS_C4_20231004104024.jpg,plastic_nut::plastic_nut_0015_NG_HS,4,development,OK,1639.024658203125,1653.7696533203125,1648.732666015625,1370.125,1370.125,1370.125,1696.4300537109375,1696.4300537109375,1696.4300537109375
plastic_nut,plastic_nut/NG/HS/S0015/plastic_nut_0015_NG_HS_C5_20231004104024.jpg,plastic_nut::plastic_nut_0015_NG_HS,5,development,OK,1413.368896484375,1413.368896484375,1413.368896484375,1304.062744140625,1316.354736328125,1304.062744140625,1299.71728515625,1299.71728515625,1348.708984375
plastic_nut,plastic_nut/NG/QS/S0015/plastic_nut_0015_NG_QS_C1_20231004112736.jpg,plastic_nut::plastic_nut_0015_NG_QS,1,development,QS,1737.410400390625,1737.410400390625,1737.410400390625,1691.7734375,1691.7734375,1691.7734375,1246.99658203125,1246.99658203125,1246.99658203125
plastic_nut,plastic_nut/NG/QS/S0015/plastic_nut_0015_NG_QS_C2_20231004112736.jpg,plastic_nut::plastic_nut_0015_NG_QS,2,development,QS,1381.625244140625,1381.625244140625,1381.625244140625,1459.39404296875,1459.39404296875,1459.39404296875,1548.560302734375,1548.560302734375,1548.560302734375
plastic_nut,plastic_nut/NG/QS/S0015/plastic_nut_0015_NG_QS_C3_20231004112736.jpg,plastic_nut::plastic_nut_0015_NG_QS,3,development,QS,1614.9169921875,1614.9169921875,1614.9169921875,1242.583984375,1242.583984375,1242.583984375,1147.02294921875,1147.02294921875,1147.02294921875
plastic_nut,plastic_nut/NG/QS/S0015/plastic_nut_0015_NG_QS_C4_20231004112736.jpg,plastic_nut::plastic_nut_0015_NG_QS,4,development,QS,1899.8837890625,1899.8837890625,1899.8837890625,1856.3330078125,1856.3330078125,1856.3330078125,1740.773193359375,1747.70703125,1740.773193359375
plastic_nut,plastic_nut/NG/QS/S0015/plastic_nut_0015_NG_QS_C5_20231004112736.jpg,plastic_nut::plastic_nut_0015_NG_QS,5,development,QS,1507.817626953125,1486.40869140625,1507.817626953125,1350.78564453125,1350.78564453125,1434.960205078125,1246.670166015625,1246.670166015625,1246.670166015625
plastic_nut,plastic_nut/NG/HS/S0018/plastic_nut_0018_NG_HS_C1_20231004104110.jpg,plastic_nut::plastic_nut_0018_NG_HS,1,development,OK,1277.398193359375,1277.398193359375,1277.398193359375,1317.563720703125,1317.563720703125,1317.563720703125,1524.004150390625,1524.004150390625,1524.004150390625
plastic_nut,plastic_nut/NG/HS/S0018/plastic_nut_0018_NG_HS_C2_20231004104110.jpg,plastic_nut::plastic_nut_0018_NG_HS,2,development,HS,1860.887939453125,1796.5166015625,1796.5166015625,1412.02392578125,1412.02392578125,1412.02392578125,1431.276123046875,1431.276123046875,1431.276123046875
plastic_nut,plastic_nut/NG/HS/S0018/plastic_nut_0018_NG_HS_C3_20231004104110.jpg,plastic_nut::plastic_nut_0018_NG_HS,3,development,OK,1229.185791015625,1437.77685546875,1437.77685546875,1135.03125,1135.03125,1135.03125,1031.870361328125,1031.870361328125,1031.870361328125
plastic_nut,plastic_nut/NG/HS/S0018/plastic_nut_0018_NG_HS_C4_20231004104110.jpg,plastic_nut::plastic_nut_0018_NG_HS,4,development,OK,1061.359130859375,1096.107421875,1230.670654296875,1138.05322265625,1138.05322265625,1138.05322265625,1085.2958984375,1085.2958984375,1085.2958984375
plastic_nut,plastic_nut/NG/HS/S0018/plastic_nut_0018_NG_HS_C5_20231004104110.jpg,plastic_nut::plastic_nut_0018_NG_HS,5,development,HS,1249.076171875,1249.076171875,1249.076171875,1346.19287109375,1346.19287109375,1346.19287109375,1139.56640625,1139.56640625,1391.592529296875
plastic_nut,plastic_nut/OK/S0018/plastic_nut_0018_OK_C1_20230930123653.jpg,plastic_nut::plastic_nut_0018_OK,1,development,OK,1252.29296875,1252.29296875,1252.29296875,1171.0927734375,1215.406005859375,1171.0927734375,1290.817138671875,1248.26171875,1275.301513671875
plastic_nut,plastic_nut/OK/S0018/plastic_nut_0018_OK_C2_20230930123653.jpg,plastic_nut::plastic_nut_0018_OK,2,development,OK,1200.87548828125,1260.281494140625,1200.87548828125,1161.78857421875,1050.919189453125,1161.78857421875,1122.6455078125,1122.6455078125,1122.6455078125
plastic_nut,plastic_nut/OK/S0018/plastic_nut_0018_OK_C3_20230930123653.jpg,plastic_nut::plastic_nut_0018_OK,3,development,OK,1181.13720703125,1357.1123046875,1357.1123046875,1046.04443359375,1047.772216796875,1046.04443359375,1042.309814453125,1029.010498046875,1029.010498046875
plastic_nut,plastic_nut/OK/S0018/plastic_nut_0018_OK_C4_20230930123653.jpg,plastic_nut::plastic_nut_0018_OK,4,development,OK,1235.03076171875,1235.03076171875,1235.03076171875,1029.271484375,1072.47900390625,1072.47900390625,992.2001953125,1043.364013671875,992.2001953125
plastic_nut,plastic_nut/OK/S0018/plastic_nut_0018_OK_C5_20230930123653.jpg,plastic_nut::plastic_nut_0018_OK,5,development,OK,1000.963134765625,933.558837890625,1056.474609375,1117.2890625,1117.2890625,1117.2890625,1113.086181640625,1077.9384765625,1077.9384765625
plastic_nut,plastic_nut/OK/S0019/plastic_nut_0019_OK_C1_20230930122716.jpg,plastic_nut::plastic_nut_0019_OK,1,development,OK,1233.104248046875,1233.104248046875,1288.78515625,1251.34423828125,1251.34423828125,1251.34423828125,1140.378662109375,1140.378662109375,1140.378662109375
plastic_nut,plastic_nut/OK/S0019/plastic_nut_0019_OK_C2_20230930122716.jpg,plastic_nut::plastic_nut_0019_OK,2,development,OK,995.000732421875,995.000732421875,995.000732421875,869.6552734375,880.90380859375,944.732666015625,1110.574462890625,1110.574462890625,1110.574462890625
plastic_nut,plastic_nut/OK/S0019/plastic_nut_0019_OK_C3_20230930122716.jpg,plastic_nut::plastic_nut_0019_OK,3,development,OK,1157.228515625,1331.123291015625,1333.94091796875,1051.0458984375,934.04736328125,934.04736328125,1005.93505859375,1029.614990234375,1029.614990234375
plastic_nut,plastic_nut/OK/S0019/plastic_nut_0019_OK_C4_20230930122716.jpg,plastic_nut::plastic_nut_0019_OK,4,development,OK,1229.3125,1229.3125,1229.3125,1095.2548828125,1095.2548828125,1095.2548828125,1050.3623046875,1029.159423828125,1029.159423828125
plastic_nut,plastic_nut/OK/S0019/plastic_nut_0019_OK_C5_20230930122716.jpg,plastic_nut::plastic_nut_0019_OK,5,development,OK,1292.493896484375,1292.493896484375,1324.97021484375,1151.957275390625,1125.87353515625,1151.957275390625,1139.566650390625,1150.885498046875,1156.3369140625
plastic_nut,plastic_nut/NG/HS/S0020/plastic_nut_0020_NG_HS_C1_20231004104127.jpg,plastic_nut::plastic_nut_0020_NG_HS,1,development,OK,1251.468505859375,1509.072998046875,1509.072998046875,1384.806884765625,1384.806884765625,1384.806884765625,1283.145751953125,1283.145751953125,1369.55419921875
plastic_nut,plastic_nut/NG/HS/S0020/plastic_nut_0020_NG_HS_C2_20231004104127.jpg,plastic_nut::plastic_nut_0020_NG_HS,2,development,OK,1291.8125,1291.8125,1291.8125,1258.71337890625,1258.71337890625,1258.71337890625,1168.39990234375,1168.39990234375,1376.955810546875
plastic_nut,plastic_nut/NG/HS/S0020/plastic_nut_0020_NG_HS_C3_20231004104127.jpg,plastic_nut::plastic_nut_0020_NG_HS,3,development,HS,1450.939697265625,1607.9482421875,1607.9482421875,1227.84912109375,1227.84912109375,1150.307861328125,1167.10791015625,1167.10791015625,1167.10791015625
plastic_nut,plastic_nut/NG/HS/S0020/plastic_nut_0020_NG_HS_C4_20231004104127.jpg,plastic_nut::plastic_nut_0020_NG_HS,4,development,OK,1231.237060546875,1282.898681640625,1282.898681640625,1146.126708984375,1146.126708984375,1146.126708984375,984.4765625,1089.047119140625,1015.515869140625
plastic_nut,plastic_nut/NG/HS/S0020/plastic_nut_0020_NG_HS_C5_20231004104127.jpg,plastic_nut::plastic_nut_0020_NG_HS,5,development,HS,1612.830322265625,1612.830322265625,1630.081787109375,1549.31298828125,1549.31298828125,1549.31298828125,1535.47900390625,1503.872314453125,1503.872314453125
plastic_nut,plastic_nut/NG/HS/S0021/plastic_nut_0021_NG_HS_C1_20231004104140.jpg,plastic_nut::plastic_nut_0021_NG_HS,1,development,OK,1817.760986328125,1910.5460205078125,1876.681396484375,1760.6373291015625,1693.5882568359375,1693.5882568359375,1921.6622314453125,1919.6240234375,1919.6240234375
plastic_nut,plastic_nut/NG/HS/S0021/plastic_nut_0021_NG_HS_C2_20231004104140.jpg,plastic_nut::plastic_nut_0021_NG_HS,2,development,OK,1161.121337890625,1161.121337890625,1161.121337890625,1206.366943359375,1144.8427734375,1261.9140625,1043.32275390625,1043.32275390625,1206.316650390625
plastic_nut,plastic_nut/NG/HS/S0021/plastic_nut_0021_NG_HS_C3_20231004104140.jpg,plastic_nut::plastic_nut_0021_NG_HS,3,development,HS,1422.010986328125,1617.875,1576.7763671875,1368.1064453125,1368.1064453125,1368.1064453125,1217.630615234375,1440.71630859375,1217.630615234375
plastic_nut,plastic_nut/NG/HS/S0021/plastic_nut_0021_NG_HS_C4_20231004104140.jpg,plastic_nut::plastic_nut_0021_NG_HS,4,development,OK,1428.20068359375,1428.20068359375,1442.5146484375,1283.63818359375,1283.63818359375,1330.90234375,1386.943359375,1404.76611328125,1386.943359375
plastic_nut,plastic_nut/NG/HS/S0021/plastic_nut_0021_NG_HS_C5_20231004104140.jpg,plastic_nut::plastic_nut_0021_NG_HS,5,development,OK,1134.2236328125,1134.2236328125,1134.2236328125,1249.388427734375,1249.388427734375,1249.388427734375,1039.6796875,1039.6796875,1286.8935546875
plastic_nut,plastic_nut/NG/HS/S0023/plastic_nut_0023_NG_HS_C1_20231004104316.jpg,plastic_nut::plastic_nut_0023_NG_HS,1,development,OK,1309.824951171875,1353.36083984375,1353.36083984375,1438.03662109375,1438.03662109375,1438.03662109375,1334.05322265625,1334.05322265625,1447.0576171875
plastic_nut,plastic_nut/NG/HS/S0023/plastic_nut_0023_NG_HS_C2_20231004104316.jpg,plastic_nut::plastic_nut_0023_NG_HS,2,development,OK,1366.26513671875,1283.4306640625,1283.4306640625,1105.91162109375,1105.91162109375,1105.91162109375,995.2060546875,966.02978515625,1158.8505859375
plastic_nut,plastic_nut/NG/HS/S0023/plastic_nut_0023_NG_HS_C3_20231004104316.jpg,plastic_nut::plastic_nut_0023_NG_HS,3,development,OK,1102.4853515625,1278.701171875,1278.701171875,960.67236328125,960.67236328125,960.67236328125,921.544921875,921.544921875,921.544921875
plastic_nut,plastic_nut/NG/HS/S0023/plastic_nut_0023_NG_HS_C4_20231004104316.jpg,plastic_nut::plastic_nut_0023_NG_HS,4,development,HS,1365.2548828125,1365.2548828125,1316.398681640625,1251.5576171875,1251.5576171875,1251.5576171875,1148.97509765625,1148.97509765625,1148.97509765625
plastic_nut,plastic_nut/NG/HS/S0023/plastic_nut_0023_NG_HS_C5_20231004104316.jpg,plastic_nut::plastic_nut_0023_NG_HS,5,development,HS,1283.54345703125,1283.54345703125,1283.54345703125,1375.305908203125,1375.305908203125,1375.305908203125,1179.708251953125,1179.708251953125,1428.5234375
plastic_nut,plastic_nut/NG/QS/S0024/plastic_nut_0024_NG_QS_C1_20231004113017.jpg,plastic_nut::plastic_nut_0024_NG_QS,1,development,OK,1255.561767578125,1255.561767578125,1255.6181640625,1314.809326171875,1304.20654296875,1304.20654296875,1278.942138671875,1278.942138671875,1298.2392578125
plastic_nut,plastic_nut/NG/QS/S0024/plastic_nut_0024_NG_QS_C2_20231004113017.jpg,plastic_nut::plastic_nut_0024_NG_QS,2,development,OK,952.974365234375,952.974365234375,953.313720703125,1025.18359375,1025.18359375,1025.18359375,929.06640625,922.4033203125,1077.844482421875
plastic_nut,plastic_nut/NG/QS/S0024/plastic_nut_0024_NG_QS_C3_20231004113017.jpg,plastic_nut::plastic_nut_0024_NG_QS,3,development,QS,1495.28662109375,1514.36865234375,1514.36865234375,1176.57666015625,1098.9921875,1098.9921875,1131.1142578125,1131.1142578125,1131.1142578125
plastic_nut,plastic_nut/NG/QS/S0024/plastic_nut_0024_NG_QS_C4_20231004113017.jpg,plastic_nut::plastic_nut_0024_NG_QS,4,development,OK,1316.218505859375,1275.143798828125,1275.143798828125,1102.322998046875,1159.79052734375,1219.73876953125,1673.041748046875,1673.041748046875,1687.590087890625
plastic_nut,plastic_nut/NG/QS/S0024/plastic_nut_0024_NG_QS_C5_20231004113017.jpg,plastic_nut::plastic_nut_0024_NG_QS,5,development,OK,1177.3349609375,1177.3349609375,1177.3349609375,1315.27783203125,1315.27783203125,1315.27783203125,1141.517578125,1115.323486328125,1115.323486328125
plastic_nut,plastic_nut/NG/HS/S0025/plastic_nut_0025_NG_HS_C1_20231004104336.jpg,plastic_nut::plastic_nut_0025_NG_HS,1,development,OK,1232.539794921875,1240.087890625,1184.167236328125,1325.17529296875,1325.17529296875,1325.17529296875,1370.1904296875,1292.92431640625,1288.0703125
plastic_nut,plastic_nut/NG/HS/S0025/plastic_nut_0025_NG_HS_C2_20231004104336.jpg,plastic_nut::plastic_nut_0025_NG_HS,2,development,HS,2164.77587890625,2197.890869140625,2197.890869140625,1919.015380859375,1919.015380859375,1919.015380859375,2012.3929443359375,2012.3929443359375,2012.3929443359375
plastic_nut,plastic_nut/NG/HS/S0025/plastic_nut_0025_NG_HS_C3_20231004104336.jpg,plastic_nut::plastic_nut_0025_NG_HS,3,development,OK,1283.540771484375,1283.540771484375,1321.91748046875,973.09423828125,973.09423828125,973.09423828125,989.61376953125,851.259033203125,1119.892578125
plastic_nut,plastic_nut/NG/HS/S0025/plastic_nut_0025_NG_HS_C4_20231004104336.jpg,plastic_nut::plastic_nut_0025_NG_HS,4,development,OK,1119.41943359375,1119.41943359375,1184.58251953125,1190.65234375,1125.427734375,1190.65234375,1192.31396484375,1172.4140625,1172.4140625
plastic_nut,plastic_nut/NG/HS/S0025/plastic_nut_0025_NG_HS_C5_20231004104336.jpg,plastic_nut::plastic_nut_0025_NG_HS,5,development,HS,2095.6064453125,2172.41357421875,2172.41357421875,1842.945068359375,1842.945068359375,1842.945068359375,1951.467041015625,1951.467041015625,1951.467041015625
plastic_nut,plastic_nut/NG/HS/S0026/plastic_nut_0026_NG_HS_C1_20231004104346.jpg,plastic_nut::plastic_nut_0026_NG_HS,1,development,OK,1673.281005859375,1673.281005859375,1673.281005859375,1538.92431640625,1538.92431640625,1538.92431640625,1773.5859375,1659.732421875,1659.732421875
plastic_nut,plastic_nut/NG/HS/S0026/plastic_nut_0026_NG_HS_C2_20231004104346.jpg,plastic_nut::plastic_nut_0026_NG_HS,2,development,OK,1073.624755859375,1264.30859375,1239.81005859375,1178.29541015625,1178.29541015625,1178.29541015625,1116.0439453125,1116.0439453125,1163.3115234375
plastic_nut,plastic_nut/NG/HS/S0026/plastic_nut_0026_NG_HS_C3_20231004104346.jpg,plastic_nut::plastic_nut_0026_NG_HS,3,development,OK,1242.045166015625,1411.9443359375,1397.265869140625,1171.109619140625,1118.296630859375,1118.296630859375,931.770263671875,1002.869140625,1000.46142578125
plastic_nut,plastic_nut/NG/HS/S0026/plastic_nut_0026_NG_HS_C4_20231004104346.jpg,plastic_nut::plastic_nut_0026_NG_HS,4,development,OK,1170.34228515625,1170.34228515625,1170.34228515625,1039.864013671875,1039.864013671875,1039.864013671875,1009.3798828125,1009.3798828125,980.978515625
plastic_nut,plastic_nut/NG/HS/S0026/plastic_nut_0026_NG_HS_C5_20231004104346.jpg,plastic_nut::plastic_nut_0026_NG_HS,5,development,HS,1293.8427734375,1293.8427734375,1293.8427734375,1388.532470703125,1388.532470703125,1388.532470703125,1194.47021484375,1194.47021484375,1449.597412109375
plastic_nut,plastic_nut/NG/HS/S0028/plastic_nut_0028_NG_HS_C1_20231004104407.jpg,plastic_nut::plastic_nut_0028_NG_HS,1,development,OK,1212.168701171875,1281.93701171875,1212.168701171875,1518.09130859375,1518.09130859375,1518.09130859375,1402.28857421875,1402.28857421875,1447.8740234375
plastic_nut,plastic_nut/NG/HS/S0028/plastic_nut_0028_NG_HS_C2_20231004104407.jpg,plastic_nut::plastic_nut_0028_NG_HS,2,development,HS,1204.5498046875,1204.5498046875,1204.5498046875,1035.01953125,1009.623779296875,1010.450439453125,1077.76611328125,991.610107421875,1023.89453125
plastic_nut,plastic_nut/NG/HS/S0028/plastic_nut_0028_NG_HS_C3_20231004104407.jpg,plastic_nut::plastic_nut_0028_NG_HS,3,development,HS,1397.295654296875,1480.547119140625,1480.547119140625,1035.13818359375,1091.676025390625,1091.676025390625,1041.72998046875,1041.72998046875,1041.72998046875
plastic_nut,plastic_nut/NG/HS/S0028/plastic_nut_0028_NG_HS_C4_20231004104407.jpg,plastic_nut::plastic_nut_0028_NG_HS,4,development,OK,1540.131591796875,1425.21533203125,1491.453857421875,1482.0791015625,1482.0791015625,1482.0791015625,1643.460693359375,1643.460693359375,1643.460693359375
plastic_nut,plastic_nut/NG/HS/S0028/plastic_nut_0028_NG_HS_C5_20231004104407.jpg,plastic_nut::plastic_nut_0028_NG_HS,5,development,OK,1623.04736328125,1544.308837890625,1544.308837890625,1469.7607421875,1495.328369140625,1495.328369140625,1422.9677734375,1422.9677734375,1537.133544921875
plastic_nut,plastic_nut/NG/ZW/S0028/plastic_nut_0028_NG_ZW_C1_20231004094025.jpg,plastic_nut::plastic_nut_0028_NG_ZW,1,development,OK,1373.370361328125,1373.370361328125,1373.370361328125,1511.280517578125,1511.280517578125,1511.280517578125,1454.02880859375,1454.02880859375,1428.03759765625
plastic_nut,plastic_nut/NG/ZW/S0028/plastic_nut_0028_NG_ZW_C2_20231004094025.jpg,plastic_nut::plastic_nut_0028_NG_ZW,2,development,OK,1759.5537109375,1759.5537109375,1759.5537109375,1534.44677734375,1430.15966796875,1680.64599609375,1837.8837890625,1837.8837890625,1837.8837890625
plastic_nut,plastic_nut/NG/ZW/S0028/plastic_nut_0028_NG_ZW_C3_20231004094025.jpg,plastic_nut::plastic_nut_0028_NG_ZW,3,development,OK,1299.72314453125,1366.052490234375,1393.434326171875,1110.400634765625,1110.400634765625,1110.400634765625,952.61376953125,952.61376953125,952.61376953125
plastic_nut,plastic_nut/NG/ZW/S0028/plastic_nut_0028_NG_ZW_C4_20231004094025.jpg,plastic_nut::plastic_nut_0028_NG_ZW,4,development,ZW,1964.401611328125,1986.352783203125,1986.352783203125,1931.911376953125,1931.911376953125,1931.911376953125,1694.627197265625,1694.627197265625,1694.627197265625
plastic_nut,plastic_nut/NG/ZW/S0028/plastic_nut_0028_NG_ZW_C5_20231004094025.jpg,plastic_nut::plastic_nut_0028_NG_ZW,5,development,ZW,2116.8330078125,2116.8330078125,2116.8330078125,1824.466064453125,1824.466064453125,1833.17529296875,1765.818115234375,1765.818115234375,1762.58349609375
plastic_nut,plastic_nut/NG/HS/S0030/plastic_nut_0030_NG_HS_C1_20231004104428.jpg,plastic_nut::plastic_nut_0030_NG_HS,1,development,OK,1326.990966796875,1281.23046875,1281.23046875,1356.296875,1356.296875,1356.296875,1390.376953125,1390.376953125,1411.702392578125
plastic_nut,plastic_nut/NG/HS/S0030/plastic_nut_0030_NG_HS_C2_20231004104428.jpg,plastic_nut::plastic_nut_0030_NG_HS,2,development,HS,1345.94384765625,1345.94384765625,1345.94384765625,1252.078125,1448.646484375,1349.95458984375,1238.9833984375,1238.9833984375,1349.558837890625
plastic_nut,plastic_nut/NG/HS/S0030/plastic_nut_0030_NG_HS_C3_20231004104428.jpg,plastic_nut::plastic_nut_0030_NG_HS,3,development,HS,1777.0830078125,1777.0830078125,1777.0830078125,1543.769287109375,1455.2490234375,1498.55078125,1323.19384765625,1323.19384765625,1323.19384765625
plastic_nut,plastic_nut/NG/HS/S0030/plastic_nut_0030_NG_HS_C4_20231004104428.jpg,plastic_nut::plastic_nut_0030_NG_HS,4,development,OK,1041.194580078125,1045.4208984375,1055.33740234375,1174.771728515625,1072.6962890625,1072.6962890625,1254.53369140625,1230.5712890625,1271.907958984375
plastic_nut,plastic_nut/NG/HS/S0030/plastic_nut_0030_NG_HS_C5_20231004104428.jpg,plastic_nut::plastic_nut_0030_NG_HS,5,development,OK,1589.27880859375,1589.27880859375,1589.27880859375,1466.4912109375,1466.4912109375,1466.4912109375,1416.5126953125,1416.5126953125,1416.5126953125
plastic_nut,plastic_nut/NG/HS/S0032/plastic_nut_0032_NG_HS_C1_20231004104453.jpg,plastic_nut::plastic_nut_0032_NG_HS,1,development,OK,1026.412353515625,1226.412353515625,1226.412353515625,1243.9345703125,1243.9345703125,1243.9345703125,1139.5859375,1139.5859375,1205.572998046875
plastic_nut,plastic_nut/NG/HS/S0032/plastic_nut_0032_NG_HS_C2_20231004104453.jpg,plastic_nut::plastic_nut_0032_NG_HS,2,development,OK,1302.6845703125,1302.6845703125,1302.6845703125,1103.31103515625,1179.41455078125,1103.31103515625,1031.28271484375,1158.09130859375,1158.09130859375
plastic_nut,plastic_nut/NG/HS/S0032/plastic_nut_0032_NG_HS_C3_20231004104453.jpg,plastic_nut::plastic_nut_0032_NG_HS,3,development,OK,1206.975830078125,1206.975830078125,1236.25439453125,1118.248046875,1118.248046875,1118.248046875,1067.24609375,1067.24609375,1067.24609375
plastic_nut,plastic_nut/NG/HS/S0032/plastic_nut_0032_NG_HS_C4_20231004104453.jpg,plastic_nut::plastic_nut_0032_NG_HS,4,development,OK,1513.021240234375,1511.629150390625,1511.629150390625,1341.23095703125,1272.859130859375,1341.23095703125,1338.1572265625,1338.1572265625,1359.85693359375
plastic_nut,plastic_nut/NG/HS/S0032/plastic_nut_0032_NG_HS_C5_20231004104453.jpg,plastic_nut::plastic_nut_0032_NG_HS,5,development,HS,1268.94482421875,1268.94482421875,1268.94482421875,1356.31982421875,1356.31982421875,1356.31982421875,1178.409912109375,1178.409912109375,1435.786865234375
plastic_nut,plastic_nut/OK/S0032/plastic_nut_0032_OK_C1_20230930124439.jpg,plastic_nut::plastic_nut_0032_OK,1,development,OK,1073.945068359375,1073.945068359375,1073.945068359375,1163.30859375,1187.20654296875,1163.30859375,1203.18798828125,1211.758544921875,1203.18798828125
plastic_nut,plastic_nut/OK/S0032/plastic_nut_0032_OK_C2_20230930124439.jpg,plastic_nut::plastic_nut_0032_OK,2,development,OK,1122.4609375,1122.4609375,1122.4609375,950.87744140625,922.308349609375,922.308349609375,886.330810546875,886.330810546875,886.330810546875
plastic_nut,plastic_nut/OK/S0032/plastic_nut_0032_OK_C3_20230930124439.jpg,plastic_nut::plastic_nut_0032_OK,3,development,OK,1116.009521484375,1116.009521484375,1144.0986328125,884.669189453125,884.669189453125,884.669189453125,962.65625,962.65625,962.65625
plastic_nut,plastic_nut/OK/S0032/plastic_nut_0032_OK_C4_20230930124439.jpg,plastic_nut::plastic_nut_0032_OK,4,development,OK,1351.19384765625,1451.134765625,1391.900390625,1111.96923828125,1181.30908203125,1111.96923828125,1596.82080078125,1589.87060546875,1581.326171875
plastic_nut,plastic_nut/OK/S0032/plastic_nut_0032_OK_C5_20230930124439.jpg,plastic_nut::plastic_nut_0032_OK,5,development,OK,961.676513671875,1094.521484375,961.676513671875,1105.68408203125,983.134033203125,983.134033203125,1063.3779296875,1150.07373046875,1048.65185546875
plastic_nut,plastic_nut/NG/QS/S0033/plastic_nut_0033_NG_QS_C1_20231004113158.jpg,plastic_nut::plastic_nut_0033_NG_QS,1,development,OK,1153.17626953125,1192.025634765625,1153.17626953125,1493.978759765625,1493.978759765625,1493.978759765625,1358.863525390625,1358.863525390625,1394.21826171875
plastic_nut,plastic_nut/NG/QS/S0033/plastic_nut_0033_NG_QS_C2_20231004113158.jpg,plastic_nut::plastic_nut_0033_NG_QS,2,development,QS,1120.242919921875,1120.242919921875,1120.242919921875,1306.83056640625,1306.83056640625,1306.83056640625,1078.764892578125,1078.764892578125,1248.5361328125
plastic_nut,plastic_nut/NG/QS/S0033/plastic_nut_0033_NG_QS_C3_20231004113158.jpg,plastic_nut::plastic_nut_0033_NG_QS,3,development,QS,1331.233642578125,1331.233642578125,1331.233642578125,1050.7138671875,1050.7138671875,1050.7138671875,1074.44873046875,1074.44873046875,1074.44873046875
plastic_nut,plastic_nut/NG/QS/S0033/plastic_nut_0033_NG_QS_C4_20231004113158.jpg,plastic_nut::plastic_nut_0033_NG_QS,4,development,OK,1405.33203125,1269.27587890625,1269.27587890625,1169.6796875,1169.6796875,1169.6796875,1797.18408203125,1797.18408203125,1797.18408203125
plastic_nut,plastic_nut/NG/QS/S0033/plastic_nut_0033_NG_QS_C5_20231004113158.jpg,plastic_nut::plastic_nut_0033_NG_QS,5,development,QS,1172.51806640625,1180.67138671875,1180.67138671875,1201.9912109375,1201.9912109375,1201.9912109375,1389.759765625,1389.759765625,1389.759765625
plastic_nut,plastic_nut/NG/ZW/S0033/plastic_nut_0033_NG_ZW_C1_20231004094138.jpg,plastic_nut::plastic_nut_0033_NG_ZW,1,development,OK,1344.504638671875,1344.504638671875,1260.6044921875,1334.4560546875,1334.4560546875,1334.4560546875,1182.7216796875,1182.7216796875,1182.7216796875
plastic_nut,plastic_nut/NG/ZW/S0033/plastic_nut_0033_NG_ZW_C2_20231004094138.jpg,plastic_nut::plastic_nut_0033_NG_ZW,2,development,OK,1161.421630859375,1123.345703125,1143.3935546875,891.791015625,970.95751953125,861.244140625,880.9423828125,880.9423828125,941.396240234375
plastic_nut,plastic_nut/NG/ZW/S0033/plastic_nut_0033_NG_ZW_C3_20231004094138.jpg,plastic_nut::plastic_nut_0033_NG_ZW,3,development,ZW,1611.386962890625,1611.386962890625,1611.386962890625,1366.571044921875,1366.571044921875,1366.571044921875,1403.1337890625,1403.1337890625,1403.1337890625
plastic_nut,plastic_nut/NG/ZW/S0033/plastic_nut_0033_NG_ZW_C4_20231004094138.jpg,plastic_nut::plastic_nut_0033_NG_ZW,4,development,ZW,1651.81201171875,1644.528564453125,1644.528564453125,1561.1484375,1561.1484375,1561.1484375,1315.04052734375,1315.04052734375,1315.04052734375
plastic_nut,plastic_nut/NG/ZW/S0033/plastic_nut_0033_NG_ZW_C5_20231004094138.jpg,plastic_nut::plastic_nut_0033_NG_ZW,5,development,OK,872.68896484375,952.1435546875,999.865234375,1137.77294921875,1137.77294921875,1131.171875,1055.29833984375,1002.88525390625,1002.88525390625
plastic_nut,plastic_nut/OK/S0034/plastic_nut_0034_OK_C1_20230930124600.jpg,plastic_nut::plastic_nut_0034_OK,1,development,OK,1236.385986328125,1236.385986328125,1236.385986328125,1066.037841796875,1066.037841796875,1066.037841796875,1086.1123046875,1059.156494140625,1241.242919921875
plastic_nut,plastic_nut/OK/S0034/plastic_nut_0034_OK_C2_20230930124600.jpg,plastic_nut::plastic_nut_0034_OK,2,development,OK,1219.005126953125,1304.642333984375,1271.14892578125,1167.5361328125,1113.662353515625,1113.662353515625,1290.543212890625,1290.543212890625,1290.543212890625
plastic_nut,plastic_nut/OK/S0034/plastic_nut_0034_OK_C3_20230930124600.jpg,plastic_nut::plastic_nut_0034_OK,3,development,OK,1291.641845703125,1291.641845703125,1313.331787109375,915.25439453125,1117.85693359375,915.25439453125,1129.25341796875,1129.25341796875,1221.331298828125
plastic_nut,plastic_nut/OK/S0034/plastic_nut_0034_OK_C4_20230930124600.jpg,plastic_nut::plastic_nut_0034_OK,4,development,OK,1359.619140625,1364.305419921875,1364.305419921875,1356.8076171875,1356.8076171875,1356.8076171875,1620.710205078125,1665.216064453125,1620.710205078125
plastic_nut,plastic_nut/OK/S0034/plastic_nut_0034_OK_C5_20230930124600.jpg,plastic_nut::plastic_nut_0034_OK,5,development,OK,1101.5498046875,1101.5498046875,1101.5498046875,990.44482421875,976.739990234375,976.739990234375,1120.38720703125,1120.38720703125,1133.929931640625
plastic_nut,plastic_nut/NG/QS/S0035/plastic_nut_0035_NG_QS_C1_20231004113215.jpg,plastic_nut::plastic_nut_0035_NG_QS,1,development,OK,1200.61376953125,1227.3876953125,1109.806396484375,1694.197265625,1628.298095703125,1674.394287109375,1687.56884765625,1665.79150390625,1665.79150390625
plastic_nut,plastic_nut/NG/QS/S0035/plastic_nut_0035_NG_QS_C2_20231004113215.jpg,plastic_nut::plastic_nut_0035_NG_QS,2,development,OK,1097.484619140625,1097.484619140625,1097.484619140625,1332.809326171875,1332.809326171875,1332.809326171875,1126.14599609375,1126.14599609375,1141.3037109375
plastic_nut,plastic_nut/NG/QS/S0035/plastic_nut_0035_NG_QS_C3_20231004113215.jpg,plastic_nut::plastic_nut_0035_NG_QS,3,development,QS,1295.2265625,1394.579833984375,1394.579833984375,949.63720703125,949.77099609375,949.63720703125,964.685302734375,995.171875,944.632080078125
plastic_nut,plastic_nut/NG/QS/S0035/plastic_nut_0035_NG_QS_C4_20231004113215.jpg,plastic_nut::plastic_nut_0035_NG_QS,4,development,OK,1284.782470703125,1283.697021484375,1283.697021484375,1502.73095703125,1502.73095703125,1502.73095703125,1683.95556640625,1697.90771484375,1683.95556640625
plastic_nut,plastic_nut/NG/QS/S0035/plastic_nut_0035_NG_QS_C5_20231004113215.jpg,plastic_nut::plastic_nut_0035_NG_QS,5,development,OK,1102.30419921875,1102.30419921875,1102.30419921875,1235.263427734375,1235.263427734375,1235.263427734375,1050.6083984375,1036.0908203125,1233.47705078125
plastic_nut,plastic_nut/NG/AK/S0037/plastic_nut_0037_NG_AK_C1_20231004133042.jpg,plastic_nut::plastic_nut_0037_NG_AK,1,development,OK,1110.58447265625,1074.0634765625,1074.0634765625,1402.26611328125,1402.26611328125,1402.26611328125,1180.571533203125,1266.09326171875,1180.571533203125
plastic_nut,plastic_nut/NG/AK/S0037/plastic_nut_0037_NG_AK_C2_20231004133042.jpg,plastic_nut::plastic_nut_0037_NG_AK,2,development,OK,1041.986083984375,1041.986083984375,1041.986083984375,1112.718017578125,1112.718017578125,1112.718017578125,1118.892822265625,1118.892822265625,1129.063720703125
plastic_nut,plastic_nut/NG/AK/S0037/plastic_nut_0037_NG_AK_C3_20231004133042.jpg,plastic_nut::plastic_nut_0037_NG_AK,3,development,AK,1322.465576171875,1453.591552734375,1453.591552734375,943.097412109375,943.097412109375,943.097412109375,1164.49267578125,1137.00048828125,1139.2333984375
plastic_nut,plastic_nut/NG/AK/S0037/plastic_nut_0037_NG_AK_C4_20231004133042.jpg,plastic_nut::plastic_nut_0037_NG_AK,4,development,AK,1334.627197265625,1334.627197265625,1334.627197265625,1453.8291015625,1453.8291015625,1453.8291015625,1701.132568359375,1701.132568359375,1711.78759765625
plastic_nut,plastic_nut/NG/AK/S0037/plastic_nut_0037_NG_AK_C5_20231004133042.jpg,plastic_nut::plastic_nut_0037_NG_AK,5,development,OK,970.74951171875,970.74951171875,970.74951171875,1088.343505859375,1088.343505859375,1088.343505859375,1082.7841796875,1082.7841796875,1082.7841796875
plastic_nut,plastic_nut/NG/QS/S0037/plastic_nut_0037_NG_QS_C1_20231004113645.jpg,plastic_nut::plastic_nut_0037_NG_QS,1,development,QS,1684.942626953125,1684.942626953125,1684.942626953125,1915.4359130859375,1915.4359130859375,1915.4359130859375,1891.81884765625,1891.81884765625,1891.81884765625
plastic_nut,plastic_nut/NG/QS/S0037/plastic_nut_0037_NG_QS_C2_20231004113645.jpg,plastic_nut::plastic_nut_0037_NG_QS,2,development,QS,1290.14794921875,1290.14794921875,1329.12646484375,1306.7587890625,1306.7587890625,1306.7587890625,1073.19580078125,1073.19580078125,1073.19580078125
plastic_nut,plastic_nut/NG/QS/S0037/plastic_nut_0037_NG_QS_C3_20231004113645.jpg,plastic_nut::plastic_nut_0037_NG_QS,3,development,QS,1654.529541015625,1654.529541015625,1654.529541015625,1612.864013671875,1612.864013671875,1612.864013671875,1708.523681640625,1708.523681640625,1708.523681640625
plastic_nut,plastic_nut/NG/QS/S0037/plastic_nut_0037_NG_QS_C4_20231004113645.jpg,plastic_nut::plastic_nut_0037_NG_QS,4,development,QS,1164.856201171875,1169.48486328125,1240.54443359375,1113.000244140625,1113.000244140625,1113.000244140625,1665.5869140625,1692.639404296875,1697.0126953125
plastic_nut,plastic_nut/NG/QS/S0037/plastic_nut_0037_NG_QS_C5_20231004113645.jpg,plastic_nut::plastic_nut_0037_NG_QS,5,development,QS,1399.20263671875,1500.10693359375,1399.20263671875,1624.755126953125,1627.513916015625,1633.5693359375,1547.646728515625,1547.646728515625,1547.646728515625
plastic_nut,plastic_nut/NG/HS/S0038/plastic_nut_0038_NG_HS_C1_20231004104549.jpg,plastic_nut::plastic_nut_0038_NG_HS,1,development,OK,1457.988037109375,1512.3984375,1457.988037109375,1405.961181640625,1405.961181640625,1405.961181640625,1298.1015625,1298.1015625,1365.42529296875
plastic_nut,plastic_nut/NG/HS/S0038/plastic_nut_0038_NG_HS_C2_20231004104549.jpg,plastic_nut::plastic_nut_0038_NG_HS,2,development,OK,1208.126953125,1208.126953125,1214.756591796875,1252.37841796875,1252.37841796875,1252.37841796875,1182.356201171875,1182.356201171875,1230.522216796875
plastic_nut,plastic_nut/NG/HS/S0038/plastic_nut_0038_NG_HS_C3_20231004104549.jpg,plastic_nut::plastic_nut_0038_NG_HS,3,development,HS,1649.05029296875,1649.05029296875,1649.05029296875,1689.44384765625,1690.471923828125,1690.471923828125,1661.967529296875,1661.967529296875,1661.967529296875
plastic_nut,plastic_nut/NG/HS/S0038/plastic_nut_0038_NG_HS_C4_20231004104549.jpg,plastic_nut::plastic_nut_0038_NG_HS,4,development,HS,1448.530517578125,1448.530517578125,1494.44580078125,1518.016845703125,1518.016845703125,1562.7041015625,1412.66748046875,1412.66748046875,1412.66748046875
plastic_nut,plastic_nut/NG/HS/S0038/plastic_nut_0038_NG_HS_C5_20231004104549.jpg,plastic_nut::plastic_nut_0038_NG_HS,5,development,OK,1332.65771484375,1332.65771484375,1339.6962890625,1281.690673828125,1281.690673828125,1281.690673828125,1395.94189453125,1382.375244140625,1421.900390625
plastic_nut,plastic_nut/NG/QS/S0039/plastic_nut_0039_NG_QS_C1_20231004113707.jpg,plastic_nut::plastic_nut_0039_NG_QS,1,development,QS,1341.961181640625,1309.36865234375,1309.36865234375,1396.240966796875,1420.501708984375,1396.240966796875,1288.36328125,1282.781982421875,1303.600830078125
plastic_nut,plastic_nut/NG/QS/S0039/plastic_nut_0039_NG_QS_C2_20231004113707.jpg,plastic_nut::plastic_nut_0039_NG_QS,2,development,QS,1570.3046875,1570.3046875,1570.3046875,1584.6328125,1584.6328125,1584.6328125,1622.8751220703125,1622.8751220703125,1622.8751220703125
plastic_nut,plastic_nut/NG/QS/S0039/plastic_nut_0039_NG_QS_C3_20231004113707.jpg,plastic_nut::plastic_nut_0039_NG_QS,3,development,QS,1281.641357421875,1281.641357421875,1281.641357421875,1076.62451171875,1127.62646484375,1076.62451171875,1297.802001953125,1297.802001953125,1297.802001953125
plastic_nut,plastic_nut/NG/QS/S0039/plastic_nut_0039_NG_QS_C4_20231004113707.jpg,plastic_nut::plastic_nut_0039_NG_QS,4,development,QS,1427.4375,1369.51513671875,1415.818359375,1381.1455078125,1381.1455078125,1421.313720703125,1759.021484375,1790.693359375,1827.558349609375
plastic_nut,plastic_nut/NG/QS/S0039/plastic_nut_0039_NG_QS_C5_20231004113707.jpg,plastic_nut::plastic_nut_0039_NG_QS,5,development,OK,1152.4794921875,1152.4794921875,1152.4794921875,1315.844482421875,1315.844482421875,1315.844482421875,1099.793701171875,1155.4736328125,1289.028564453125
plastic_nut,plastic_nut/NG/AK/S0040/plastic_nut_0040_NG_AK_C1_20231004133110.jpg,plastic_nut::plastic_nut_0040_NG_AK,1,development,AK,1549.935546875,1591.547119140625,1549.935546875,1631.697998046875,1574.088623046875,1526.7548828125,1351.17529296875,1402.224609375,1351.17529296875
plastic_nut,plastic_nut/NG/AK/S0040/plastic_nut_0040_NG_AK_C2_20231004133110.jpg,plastic_nut::plastic_nut_0040_NG_AK,2,development,AK,1074.84521484375,1070.981689453125,1074.84521484375,1228.332763671875,1228.332763671875,1225.3408203125,1110.343994140625,1110.343994140625,1241.61083984375
plastic_nut,plastic_nut/NG/AK/S0040/plastic_nut_0040_NG_AK_C3_20231004133110.jpg,plastic_nut::plastic_nut_0040_NG_AK,3,development,AK,1254.58203125,1434.464111328125,1434.464111328125,1055.49658203125,1055.49658203125,1055.49658203125,1200.19775390625,1156.37890625,1201.94287109375
plastic_nut,plastic_nut/NG/AK/S0040/plastic_nut_0040_NG_AK_C4_20231004133110.jpg,plastic_nut::plastic_nut_0040_NG_AK,4,development,AK,1226.560546875,1235.215576171875,1192.08984375,1166.390380859375,1166.390380859375,1166.390380859375,1469.220703125,1534.0712890625,1469.220703125
plastic_nut,plastic_nut/NG/AK/S0040/plastic_nut_0040_NG_AK_C5_20231004133110.jpg,plastic_nut::plastic_nut_0040_NG_AK,5,development,AK,1578.4658203125,1578.4658203125,1578.4658203125,1343.291015625,1343.291015625,1343.291015625,1367.70263671875,1367.70263671875,1367.70263671875
plastic_nut,plastic_nut/NG/HS/S0041/plastic_nut_0041_NG_HS_C1_20231004104737.jpg,plastic_nut::plastic_nut_0041_NG_HS,1,development,OK,1341.849365234375,1341.849365234375,1208.466552734375,1344.297119140625,1344.297119140625,1344.297119140625,1352.2900390625,1352.2900390625,1418.13134765625
plastic_nut,plastic_nut/NG/HS/S0041/plastic_nut_0041_NG_HS_C2_20231004104737.jpg,plastic_nut::plastic_nut_0041_NG_HS,2,development,OK,1248.15625,1248.15625,1248.15625,1264.6416015625,1264.6416015625,1264.6416015625,1236.07177734375,1236.07177734375,1394.3076171875
plastic_nut,plastic_nut/NG/HS/S0041/plastic_nut_0041_NG_HS_C3_20231004104737.jpg,plastic_nut::plastic_nut_0041_NG_HS,3,development,HS,1444.437255859375,1464.951416015625,1464.951416015625,1239.78759765625,1239.78759765625,1239.78759765625,1169.310546875,1144.4599609375,1144.4599609375
plastic_nut,plastic_nut/NG/HS/S0041/plastic_nut_0041_NG_HS_C4_20231004104737.jpg,plastic_nut::plastic_nut_0041_NG_HS,4,development,OK,980.8974609375,1351.904296875,1392.2900390625,1283.654296875,1321.69482421875,1283.654296875,1065.5810546875,1065.5810546875,1065.5810546875
plastic_nut,plastic_nut/NG/HS/S0041/plastic_nut_0041_NG_HS_C5_20231004104737.jpg,plastic_nut::plastic_nut_0041_NG_HS,5,development,OK,1108.845703125,1108.845703125,1108.845703125,1171.3251953125,1124.7177734375,1100.95947265625,1147.1015625,1147.1015625,1165.394775390625
plastic_nut,plastic_nut/NG/ZW/S0041/plastic_nut_0041_NG_ZW_C1_20231004094525.jpg,plastic_nut::plastic_nut_0041_NG_ZW,1,development,OK,1118.88232421875,1118.88232421875,1121.745849609375,1282.86572265625,1282.86572265625,1282.86572265625,1218.320556640625,1218.320556640625,1288.70263671875
plastic_nut,plastic_nut/NG/ZW/S0041/plastic_nut_0041_NG_ZW_C2_20231004094525.jpg,plastic_nut::plastic_nut_0041_NG_ZW,2,development,ZW,1950.3603515625,1987.79296875,1950.3603515625,1974.199951171875,1974.199951171875,1974.199951171875,1780.59228515625,1781.8857421875,1780.59228515625
plastic_nut,plastic_nut/NG/ZW/S0041/plastic_nut_0041_NG_ZW_C3_20231004094525.jpg,plastic_nut::plastic_nut_0041_NG_ZW,3,development,ZW,2326.187744140625,2326.187744140625,2326.187744140625,2122.198486328125,2122.198486328125,2122.198486328125,2299.049560546875,2299.049560546875,2299.049560546875
plastic_nut,plastic_nut/NG/ZW/S0041/plastic_nut_0041_NG_ZW_C4_20231004094525.jpg,plastic_nut::plastic_nut_0041_NG_ZW,4,development,OK,1146.738037109375,1146.738037109375,1162.210205078125,960.201416015625,910.06982421875,893.065673828125,1095.56298828125,1121.524658203125,1095.56298828125
plastic_nut,plastic_nut/NG/ZW/S0041/plastic_nut_0041_NG_ZW_C5_20231004094525.jpg,plastic_nut::plastic_nut_0041_NG_ZW,5,development,OK,944.875732421875,950.2998046875,1066.583984375,1020.46435546875,1020.46435546875,1020.46435546875,978.76513671875,1053.5576171875,978.76513671875
plastic_nut,plastic_nut/NG/AK/S0042/plastic_nut_0042_NG_AK_C1_20231004133127.jpg,plastic_nut::plastic_nut_0042_NG_AK,1,development,OK,1470.04150390625,1470.04150390625,1470.04150390625,1694.245849609375,1716.31494140625,1694.245849609375,1514.1845703125,1623.69970703125,1514.1845703125
plastic_nut,plastic_nut/NG/AK/S0042/plastic_nut_0042_NG_AK_C2_20231004133127.jpg,plastic_nut::plastic_nut_0042_NG_AK,2,development,AK,1089.553466796875,1089.553466796875,1089.553466796875,1355.886474609375,1355.886474609375,1355.886474609375,1125.6328125,1125.6328125,1288.464599609375
plastic_nut,plastic_nut/NG/AK/S0042/plastic_nut_0042_NG_AK_C3_20231004133127.jpg,plastic_nut::plastic_nut_0042_NG_AK,3,development,AK,1298.15869140625,1460.30029296875,1460.30029296875,1309.945556640625,1309.945556640625,1309.945556640625,1144.41064453125,1028.97412109375,1028.97412109375
plastic_nut,plastic_nut/NG/AK/S0042/plastic_nut_0042_NG_AK_C4_20231004133127.jpg,plastic_nut::plastic_nut_0042_NG_AK,4,development,OK,1294.08544921875,1294.08544921875,1294.08544921875,1454.698974609375,1454.698974609375,1454.698974609375,1633.820556640625,1633.820556640625,1650.10791015625
plastic_nut,plastic_nut/NG/AK/S0042/plastic_nut_0042_NG_AK_C5_20231004133127.jpg,plastic_nut::plastic_nut_0042_NG_AK,5,development,OK,1463.75341796875,1463.75341796875,1463.75341796875,1569.04248046875,1569.04248046875,1569.04248046875,1252.53515625,1252.53515625,1252.53515625
plastic_nut,plastic_nut/NG/QS/S0042/plastic_nut_0042_NG_QS_C1_20231004113737.jpg,plastic_nut::plastic_nut_0042_NG_QS,1,development,OK,1080.4697265625,1080.4697265625,1080.4697265625,1214.7294921875,1321.024658203125,1214.7294921875,1196.973876953125,1196.973876953125,1162.68212890625
plastic_nut,plastic_nut/NG/QS/S0042/plastic_nut_0042_NG_QS_C2_20231004113737.jpg,plastic_nut::plastic_nut_0042_NG_QS,2,development,OK,1241.033935546875,1241.033935546875,1241.033935546875,1098.70166015625,1098.70166015625,1112.074462890625,1248.377197265625,1233.33544921875,1233.33544921875
plastic_nut,plastic_nut/NG/QS/S0042/plastic_nut_0042_NG_QS_C3_20231004113737.jpg,plastic_nut::plastic_nut_0042_NG_QS,3,development,QS,1332.1279296875,1465.07275390625,1485.135498046875,946.1162109375,946.1162109375,946.1162109375,1087.26513671875,1093.67236328125,1162.787841796875
plastic_nut,plastic_nut/NG/QS/S0042/plastic_nut_0042_NG_QS_C4_20231004113737.jpg,plastic_nut::plastic_nut_0042_NG_QS,4,development,OK,1394.689208984375,1263.36962890625,1366.377685546875,1038.2529296875,1038.2529296875,1038.2529296875,1669.439453125,1683.5654296875,1669.439453125
plastic_nut,plastic_nut/NG/QS/S0042/plastic_nut_0042_NG_QS_C5_20231004113737.jpg,plastic_nut::plastic_nut_0042_NG_QS,5,development,OK,1249.03515625,1350.5166015625,1249.03515625,1017.042236328125,1279.59521484375,1050.3046875,1135.4580078125,1351.698486328125,1135.4580078125
plastic_nut,plastic_nut/NG/ZW/S0044/plastic_nut_0044_NG_ZW_C1_20231004094606.jpg,plastic_nut::plastic_nut_0044_NG_ZW,1,development,ZW,1715.137451171875,1715.137451171875,1715.137451171875,1684.271240234375,1684.271240234375,1639.873291015625,1709.1680908203125,1709.1680908203125,1515.47314453125
plastic_nut,plastic_nut/NG/ZW/S0044/plastic_nut_0044_NG_ZW_C2_20231004094606.jpg,plastic_nut::plastic_nut_0044_NG_ZW,2,development,ZW,1921.524169921875,1918.118408203125,1921.524169921875,1970.3157958984375,1970.3157958984375,1970.3157958984375,1981.634765625,1981.634765625,1981.634765625
plastic_nut,plastic_nut/NG/ZW/S0044/plastic_nut_0044_NG_ZW_C3_20231004094606.jpg,plastic_nut::plastic_nut_0044_NG_ZW,3,development,ZW,2021.2005615234375,2021.2005615234375,2021.2005615234375,2120.38720703125,2120.38720703125,2120.38720703125,1999.2861328125,1999.2861328125,1929.430908203125
plastic_nut,plastic_nut/NG/ZW/S0044/plastic_nut_0044_NG_ZW_C4_20231004094606.jpg,plastic_nut::plastic_nut_0044_NG_ZW,4,development,ZW,1296.447998046875,1296.447998046875,1296.447998046875,1394.609619140625,1394.609619140625,1394.609619140625,1281.4630126953125,1281.4630126953125,1281.4630126953125
plastic_nut,plastic_nut/NG/ZW/S0044/plastic_nut_0044_NG_ZW_C5_20231004094606.jpg,plastic_nut::plastic_nut_0044_NG_ZW,5,development,OK,1412.228271484375,1412.228271484375,1412.228271484375,1607.605224609375,1607.605224609375,1607.605224609375,1255.5166015625,1255.5166015625,1255.5166015625
plastic_nut,plastic_nut/NG/QS/S0046/plastic_nut_0046_NG_QS_C1_20231004113907.jpg,plastic_nut::plastic_nut_0046_NG_QS,1,development,OK,1101.74560546875,1101.74560546875,1101.74560546875,1196.648193359375,1209.3681640625,1196.648193359375,1175.45556640625,1175.45556640625,1186.87841796875
plastic_nut,plastic_nut/NG/QS/S0046/plastic_nut_0046_NG_QS_C2_20231004113907.jpg,plastic_nut::plastic_nut_0046_NG_QS,2,development,QS,1410.75537109375,1410.75537109375,1410.75537109375,1461.974609375,1461.974609375,1461.974609375,1512.37451171875,1512.37451171875,1512.37451171875
plastic_nut,plastic_nut/NG/QS/S0046/plastic_nut_0046_NG_QS_C3_20231004113907.jpg,plastic_nut::plastic_nut_0046_NG_QS,3,development,OK,1110.58935546875,1203.5234375,1198.99072265625,1117.431640625,1259.556884765625,1212.078369140625,1195.208251953125,1195.208251953125,1195.208251953125
plastic_nut,plastic_nut/NG/QS/S0046/plastic_nut_0046_NG_QS_C4_20231004113907.jpg,plastic_nut::plastic_nut_0046_NG_QS,4,development,OK,1323.961669921875,1210.4609375,1210.4609375,996.4931640625,1015.103515625,1042.699462890625,1847.2265625,1867.634765625,1847.2265625
plastic_nut,plastic_nut/NG/QS/S0046/plastic_nut_0046_NG_QS_C5_20231004113907.jpg,plastic_nut::plastic_nut_0046_NG_QS,5,development,QS,1279.24853515625,1279.24853515625,1279.24853515625,1184.334716796875,1184.334716796875,1184.334716796875,1129.561279296875,1129.561279296875,1199.0634765625
plastic_nut,plastic_nut/NG/ZW/S0048/plastic_nut_0048_NG_ZW_C1_20231004094717.jpg,plastic_nut::plastic_nut_0048_NG_ZW,1,development,OK,1704.062255859375,1704.062255859375,1704.062255859375,1801.166748046875,1801.166748046875,1801.166748046875,1408.8037109375,1408.8037109375,1408.8037109375
plastic_nut,plastic_nut/NG/ZW/S0048/plastic_nut_0048_NG_ZW_C2_20231004094717.jpg,plastic_nut::plastic_nut_0048_NG_ZW,2,development,OK,1065.99462890625,1065.99462890625,1065.99462890625,945.455078125,945.455078125,945.455078125,1171.647216796875,1009.396484375,1009.396484375
plastic_nut,plastic_nut/NG/ZW/S0048/plastic_nut_0048_NG_ZW_C3_20231004094717.jpg,plastic_nut::plastic_nut_0048_NG_ZW,3,development,ZW,1670.715576171875,1670.715576171875,1670.715576171875,1927.53076171875,1927.53076171875,1927.53076171875,1751.798583984375,1751.798583984375,1751.798583984375
plastic_nut,plastic_nut/NG/ZW/S0048/plastic_nut_0048_NG_ZW_C4_20231004094717.jpg,plastic_nut::plastic_nut_0048_NG_ZW,4,development,ZW,1895.6837158203125,1895.6837158203125,1895.6837158203125,1887.755615234375,1887.755615234375,1887.755615234375,1464.5966796875,1464.5966796875,1464.5966796875
plastic_nut,plastic_nut/NG/ZW/S0048/plastic_nut_0048_NG_ZW_C5_20231004094717.jpg,plastic_nut::plastic_nut_0048_NG_ZW,5,development,OK,1120.38134765625,1120.38134765625,1120.38134765625,1056.89501953125,1056.89501953125,1056.89501953125,1288.87109375,1178.408447265625,1178.408447265625
plastic_nut,plastic_nut/OK/S0049/plastic_nut_0049_OK_C1_20230930125838.jpg,plastic_nut::plastic_nut_0049_OK,1,development,OK,1307.7841796875,1307.7841796875,1307.7841796875,1205.400634765625,1205.400634765625,1205.400634765625,1038.7900390625,1064.446533203125,1038.7900390625
plastic_nut,plastic_nut/OK/S0049/plastic_nut_0049_OK_C2_20230930125838.jpg,plastic_nut::plastic_nut_0049_OK,2,development,OK,1027.520263671875,1004.21337890625,1027.520263671875,896.86279296875,1042.231201171875,896.86279296875,972.6396484375,998.540283203125,972.6396484375
plastic_nut,plastic_nut/OK/S0049/plastic_nut_0049_OK_C3_20230930125838.jpg,plastic_nut::plastic_nut_0049_OK,3,development,OK,1068.684326171875,1161.7744140625,1161.7744140625,1010.06982421875,948.806640625,929.88232421875,1040.28515625,1040.28515625,1040.28515625
plastic_nut,plastic_nut/OK/S0049/plastic_nut_0049_OK_C4_20230930125838.jpg,plastic_nut::plastic_nut_0049_OK,4,development,OK,1323.99560546875,1335.9814453125,1316.2607421875,1062.3447265625,1075.078125,1062.3447265625,1553.67138671875,1553.67138671875,1553.67138671875
plastic_nut,plastic_nut/OK/S0049/plastic_nut_0049_OK_C5_20230930125838.jpg,plastic_nut::plastic_nut_0049_OK,5,development,OK,1106.3212890625,1024.027099609375,1106.3212890625,1046.843505859375,1046.843505859375,1046.843505859375,999.890625,999.890625,999.890625
plastic_nut,plastic_nut/NG/HS/S0050/plastic_nut_0050_NG_HS_C1_20231004104926.jpg,plastic_nut::plastic_nut_0050_NG_HS,1,development,OK,1282.15478515625,1282.15478515625,1282.15478515625,1308.305908203125,1308.305908203125,1308.305908203125,1192.558837890625,1204.57666015625,1237.00146484375
plastic_nut,plastic_nut/NG/HS/S0050/plastic_nut_0050_NG_HS_C2_20231004104926.jpg,plastic_nut::plastic_nut_0050_NG_HS,2,development,HS,2061.05615234375,2084.38525390625,2127.977294921875,1426.99072265625,1426.99072265625,1426.99072265625,1891.32666015625,1891.32666015625,1891.32666015625
plastic_nut,plastic_nut/NG/HS/S0050/plastic_nut_0050_NG_HS_C3_20231004104926.jpg,plastic_nut::plastic_nut_0050_NG_HS,3,development,HS,1972.138427734375,1923.68603515625,1923.68603515625,1750.7587890625,1750.7587890625,1750.7587890625,1611.934326171875,1611.934326171875,1611.934326171875
plastic_nut,plastic_nut/NG/HS/S0050/plastic_nut_0050_NG_HS_C4_20231004104926.jpg,plastic_nut::plastic_nut_0050_NG_HS,4,development,OK,1562.649169921875,1562.649169921875,1562.649169921875,1677.281982421875,1677.281982421875,1677.281982421875,1548.5146484375,1652.0107421875,1652.0107421875
plastic_nut,plastic_nut/NG/HS/S0050/plastic_nut_0050_NG_HS_C5_20231004104926.jpg,plastic_nut::plastic_nut_0050_NG_HS,5,development,OK,1557.452880859375,1557.452880859375,1557.452880859375,1828.24755859375,1828.24755859375,1828.24755859375,1160.292236328125,1212.8828125,1316.216064453125
plastic_nut,plastic_nut/NG/ZW/S0050/plastic_nut_0050_NG_ZW_C1_20231004094808.jpg,plastic_nut::plastic_nut_0050_NG_ZW,1,development,ZW,1683.7427978515625,1683.7427978515625,1683.7427978515625,1483.121826171875,1483.121826171875,1483.121826171875,1604.39599609375,1604.39599609375,1604.39599609375
plastic_nut,plastic_nut/NG/ZW/S0050/plastic_nut_0050_NG_ZW_C2_20231004094808.jpg,plastic_nut::plastic_nut_0050_NG_ZW,2,development,ZW,1341.868408203125,1341.868408203125,1341.868408203125,1245.8974609375,1245.8974609375,1245.8974609375,1178.8818359375,1178.8818359375,1178.8818359375
plastic_nut,plastic_nut/NG/ZW/S0050/plastic_nut_0050_NG_ZW_C3_20231004094808.jpg,plastic_nut::plastic_nut_0050_NG_ZW,3,development,ZW,1483.560791015625,1483.560791015625,1483.560791015625,1361.3798828125,1361.3798828125,1361.3798828125,1525.115478515625,1525.115478515625,1525.115478515625
plastic_nut,plastic_nut/NG/ZW/S0050/plastic_nut_0050_NG_ZW_C4_20231004094808.jpg,plastic_nut::plastic_nut_0050_NG_ZW,4,development,ZW,1651.783935546875,1651.783935546875,1651.783935546875,1301.645263671875,1301.645263671875,1301.645263671875,1328.943359375,1328.943359375,1328.943359375
plastic_nut,plastic_nut/NG/ZW/S0050/plastic_nut_0050_NG_ZW_C5_20231004094808.jpg,plastic_nut::plastic_nut_0050_NG_ZW,5,development,ZW,1001.949951171875,1046.17138671875,1046.17138671875,1341.70166015625,1341.70166015625,1341.70166015625,1270.93408203125,1270.93408203125,1270.93408203125
plastic_nut,plastic_nut/OK/S0051/plastic_nut_0051_OK_C1_20230930130124.jpg,plastic_nut::plastic_nut_0051_OK,1,development,OK,1237.830078125,1237.830078125,1279.08349609375,1216.9853515625,1216.9853515625,1293.3095703125,1218.897216796875,1218.897216796875,1218.897216796875
plastic_nut,plastic_nut/OK/S0051/plastic_nut_0051_OK_C2_20230930130124.jpg,plastic_nut::plastic_nut_0051_OK,2,development,OK,1014.217041015625,1014.217041015625,1014.217041015625,963.79736328125,963.79736328125,963.79736328125,1103.46826171875,1103.46826171875,1103.46826171875
plastic_nut,plastic_nut/OK/S0051/plastic_nut_0051_OK_C3_20230930130124.jpg,plastic_nut::plastic_nut_0051_OK,3,development,OK,1260.97509765625,1333.36083984375,1333.926513671875,997.425537109375,979.486328125,979.486328125,1048.2373046875,1048.2373046875,1048.2373046875
plastic_nut,plastic_nut/OK/S0051/plastic_nut_0051_OK_C4_20230930130124.jpg,plastic_nut::plastic_nut_0051_OK,4,development,OK,1392.782958984375,1368.570068359375,1368.570068359375,1144.32421875,1144.32421875,1144.32421875,1624.8701171875,1647.78564453125,1624.619873046875
plastic_nut,plastic_nut/OK/S0051/plastic_nut_0051_OK_C5_20230930130124.jpg,plastic_nut::plastic_nut_0051_OK,5,development,OK,1029.895751953125,1029.895751953125,1029.895751953125,1071.995849609375,1071.995849609375,1071.995849609375,1220.44580078125,1220.44580078125,1220.44580078125
plastic_nut,plastic_nut/NG/QS/S0052/plastic_nut_0052_NG_QS_C1_20231004114319.jpg,plastic_nut::plastic_nut_0052_NG_QS,1,development,OK,1293.05859375,1293.05859375,1293.05859375,1360.70361328125,1473.36083984375,1360.70361328125,1454.682861328125,1454.682861328125,1454.682861328125
plastic_nut,plastic_nut/NG/QS/S0052/plastic_nut_0052_NG_QS_C2_20231004114319.jpg,plastic_nut::plastic_nut_0052_NG_QS,2,development,QS,1787.4853515625,1778.5711669921875,1787.4853515625,1501.251953125,1580.81982421875,1580.81982421875,1595.785888671875,1595.785888671875,1613.02490234375
plastic_nut,plastic_nut/NG/QS/S0052/plastic_nut_0052_NG_QS_C3_20231004114319.jpg,plastic_nut::plastic_nut_0052_NG_QS,3,development,QS,1330.114501953125,1375.93115234375,1375.93115234375,1242.5615234375,1242.5615234375,1242.5615234375,1490.348876953125,1490.348876953125,1490.348876953125
plastic_nut,plastic_nut/NG/QS/S0052/plastic_nut_0052_NG_QS_C4_20231004114319.jpg,plastic_nut::plastic_nut_0052_NG_QS,4,development,OK,1581.388427734375,1581.388427734375,1581.388427734375,2061.07568359375,2061.07568359375,2061.07568359375,2265.3134765625,2385.26953125,2265.3134765625
plastic_nut,plastic_nut/NG/QS/S0052/plastic_nut_0052_NG_QS_C5_20231004114319.jpg,plastic_nut::plastic_nut_0052_NG_QS,5,development,QS,1687.9052734375,1687.9052734375,1687.9052734375,1359.704833984375,1359.704833984375,1359.704833984375,1751.89892578125,1751.89892578125,1751.89892578125
plastic_nut,plastic_nut/NG/AK/S0055/plastic_nut_0055_NG_AK_C1_20231004141122.jpg,plastic_nut::plastic_nut_0055_NG_AK,1,development,OK,1304.605712890625,1304.605712890625,1171.65869140625,1393.8720703125,1454.818359375,1393.8720703125,1245.0849609375,1295.38720703125,1230.969970703125
plastic_nut,plastic_nut/NG/AK/S0055/plastic_nut_0055_NG_AK_C2_20231004141122.jpg,plastic_nut::plastic_nut_0055_NG_AK,2,development,AK,1451.91796875,1451.91796875,1509.526611328125,1378.190185546875,1378.190185546875,1378.190185546875,1314.16943359375,1314.16943359375,1314.16943359375
plastic_nut,plastic_nut/NG/AK/S0055/plastic_nut_0055_NG_AK_C3_20231004141122.jpg,plastic_nut::plastic_nut_0055_NG_AK,3,development,AK,1362.8818359375,1426.61328125,1426.61328125,996.403076171875,1072.23388671875,1072.23388671875,1096.044189453125,1096.044189453125,1096.044189453125
plastic_nut,plastic_nut/NG/AK/S0055/plastic_nut_0055_NG_AK_C4_20231004141122.jpg,plastic_nut::plastic_nut_0055_NG_AK,4,development,OK,1437.22900390625,1437.22900390625,1437.22900390625,1558.56201171875,1558.56201171875,1558.56201171875,1648.41455078125,1648.41455078125,1677.2724609375
plastic_nut,plastic_nut/NG/AK/S0055/plastic_nut_0055_NG_AK_C5_20231004141122.jpg,plastic_nut::plastic_nut_0055_NG_AK,5,development,OK,1393.15625,1393.15625,1393.15625,1396.60986328125,1396.60986328125,1396.60986328125,1196.156982421875,1196.156982421875,1196.156982421875
plastic_nut,plastic_nut/NG/HS/S0055/plastic_nut_0055_NG_HS_C1_20231004105022.jpg,plastic_nut::plastic_nut_0055_NG_HS,1,development,OK,1310.07373046875,1310.07373046875,1310.07373046875,1208.83349609375,1208.83349609375,1208.83349609375,1088.971435546875,1088.971435546875,1182.594482421875
plastic_nut,plastic_nut/NG/HS/S0055/plastic_nut_0055_NG_HS_C2_20231004105022.jpg,plastic_nut::plastic_nut_0055_NG_HS,2,development,OK,1108.5078125,1047.28759765625,1085.763427734375,1064.640380859375,1064.640380859375,1064.640380859375,1015.496337890625,1088.48681640625,1100.00439453125
plastic_nut,plastic_nut/NG/HS/S0055/plastic_nut_0055_NG_HS_C3_20231004105022.jpg,plastic_nut::plastic_nut_0055_NG_HS,3,development,OK,1259.123779296875,1278.710205078125,1278.710205078125,1169.794677734375,1169.794677734375,1169.794677734375,1012.508056640625,998.78515625,998.78515625
plastic_nut,plastic_nut/NG/HS/S0055/plastic_nut_0055_NG_HS_C4_20231004105022.jpg,plastic_nut::plastic_nut_0055_NG_HS,4,development,OK,1561.21337890625,1561.21337890625,1561.21337890625,1461.748291015625,1461.748291015625,1484.1943359375,1425.359375,1458.97021484375,1458.97021484375
plastic_nut,plastic_nut/NG/HS/S0055/plastic_nut_0055_NG_HS_C5_20231004105022.jpg,plastic_nut::plastic_nut_0055_NG_HS,5,development,HS,1510.3876953125,1510.3876953125,1510.3876953125,1389.9970703125,1449.389892578125,1389.9970703125,1395.084228515625,1483.036376953125,1395.084228515625
plastic_nut,plastic_nut/NG/QS/S0056/plastic_nut_0056_NG_QS_C1_20231004114403.jpg,plastic_nut::plastic_nut_0056_NG_QS,1,development,OK,1239.5595703125,1239.5595703125,1239.5595703125,1269.91455078125,1277.0712890625,1269.91455078125,1545.52294921875,1618.095947265625,1618.095947265625
plastic_nut,plastic_nut/NG/QS/S0056/plastic_nut_0056_NG_QS_C2_20231004114403.jpg,plastic_nut::plastic_nut_0056_NG_QS,2,development,OK,1345.6806640625,1345.6806640625,1345.6806640625,1224.608642578125,1224.608642578125,1224.608642578125,1039.38525390625,1039.38525390625,1074.03662109375
plastic_nut,plastic_nut/NG/QS/S0056/plastic_nut_0056_NG_QS_C3_20231004114403.jpg,plastic_nut::plastic_nut_0056_NG_QS,3,development,OK,1339.051513671875,1379.953125,1379.953125,1118.1611328125,1118.1611328125,1118.1611328125,1055.444580078125,1055.444580078125,1055.444580078125
plastic_nut,plastic_nut/NG/QS/S0056/plastic_nut_0056_NG_QS_C4_20231004114403.jpg,plastic_nut::plastic_nut_0056_NG_QS,4,development,QS,1288.2021484375,1288.2021484375,1288.2021484375,1348.890625,1415.92578125,1415.92578125,1787.34814453125,1766.067626953125,1856.29248046875
plastic_nut,plastic_nut/NG/QS/S0056/plastic_nut_0056_NG_QS_C5_20231004114403.jpg,plastic_nut::plastic_nut_0056_NG_QS,5,development,QS,1095.072265625,1100.95068359375,1070.712890625,1225.456298828125,1225.456298828125,1225.456298828125,1219.016845703125,1235.52685546875,1200.642578125
plastic_nut,plastic_nut/NG/ZW/S0056/plastic_nut_0056_NG_ZW_C1_20231004095133.jpg,plastic_nut::plastic_nut_0056_NG_ZW,1,development,OK,1780.21044921875,1957.80029296875,1958.5443115234375,1733.105712890625,1733.105712890625,1733.105712890625,1625.8114013671875,1603.8037109375,1603.8037109375
plastic_nut,plastic_nut/NG/ZW/S0056/plastic_nut_0056_NG_ZW_C2_20231004095133.jpg,plastic_nut::plastic_nut_0056_NG_ZW,2,development,OK,1241.5537109375,1241.5537109375,1241.5537109375,1099.0078125,1099.0078125,1099.0078125,1052.08642578125,1052.08642578125,1052.08642578125
plastic_nut,plastic_nut/NG/ZW/S0056/plastic_nut_0056_NG_ZW_C3_20231004095133.jpg,plastic_nut::plastic_nut_0056_NG_ZW,3,development,ZW,2366.02197265625,2366.02197265625,2366.02197265625,2319.830810546875,2319.830810546875,2350.81201171875,2129.6328125,2129.6328125,2129.6328125
plastic_nut,plastic_nut/NG/ZW/S0056/plastic_nut_0056_NG_ZW_C4_20231004095133.jpg,plastic_nut::plastic_nut_0056_NG_ZW,4,development,ZW,2170.5205078125,2170.5205078125,2170.5205078125,1957.4228515625,1957.4228515625,1957.4228515625,1999.466552734375,1999.466552734375,1999.466552734375
plastic_nut,plastic_nut/NG/ZW/S0056/plastic_nut_0056_NG_ZW_C5_20231004095133.jpg,plastic_nut::plastic_nut_0056_NG_ZW,5,development,OK,1338.415771484375,1338.415771484375,1382.2001953125,1317.964599609375,1317.964599609375,1317.964599609375,1430.779296875,1430.779296875,1430.779296875
plastic_nut,plastic_nut/NG/QS/S0057/plastic_nut_0057_NG_QS_C1_20231004114417.jpg,plastic_nut::plastic_nut_0057_NG_QS,1,development,QS,1268.146484375,1261.757568359375,1260.11328125,1473.59130859375,1473.59130859375,1473.59130859375,1506.635009765625,1506.635009765625,1506.635009765625
plastic_nut,plastic_nut/NG/QS/S0057/plastic_nut_0057_NG_QS_C2_20231004114417.jpg,plastic_nut::plastic_nut_0057_NG_QS,2,development,QS,1127.48046875,1127.48046875,1191.01171875,1168.640380859375,1168.640380859375,1168.640380859375,1290.27587890625,1290.27587890625,1290.27587890625
plastic_nut,plastic_nut/NG/QS/S0057/plastic_nut_0057_NG_QS_C3_20231004114417.jpg,plastic_nut::plastic_nut_0057_NG_QS,3,development,QS,1286.4794921875,1286.4794921875,1286.4794921875,1133.892578125,1133.892578125,1133.892578125,1100.849853515625,1102.998779296875,1102.998779296875
plastic_nut,plastic_nut/NG/QS/S0057/plastic_nut_0057_NG_QS_C4_20231004114417.jpg,plastic_nut::plastic_nut_0057_NG_QS,4,development,QS,1451.088623046875,1483.20166015625,1483.20166015625,1275.813720703125,1275.813720703125,1275.813720703125,1733.869140625,1733.869140625,1742.43798828125
plastic_nut,plastic_nut/NG/QS/S0057/plastic_nut_0057_NG_QS_C5_20231004114417.jpg,plastic_nut::plastic_nut_0057_NG_QS,5,development,QS,1338.05029296875,1338.05029296875,1338.05029296875,1288.2451171875,1288.2451171875,1288.2451171875,1401.9619140625,1401.9619140625,1401.9619140625
plastic_nut,plastic_nut/NG/AK/S0058/plastic_nut_0058_NG_AK_C1_20231004141147.jpg,plastic_nut::plastic_nut_0058_NG_AK,1,development,OK,1290.210205078125,1329.55224609375,1329.55224609375,1462.054443359375,1462.054443359375,1462.054443359375,1301.28125,1336.740966796875,1301.28125
plastic_nut,plastic_nut/NG/AK/S0058/plastic_nut_0058_NG_AK_C2_20231004141147.jpg,plastic_nut::plastic_nut_0058_NG_AK,2,development,OK,1053.900390625,1053.900390625,1053.900390625,1223.0048828125,1223.0048828125,1223.0048828125,1084.86669921875,1084.86669921875,1229.02978515625
plastic_nut,plastic_nut/NG/AK/S0058/plastic_nut_0058_NG_AK_C3_20231004141147.jpg,plastic_nut::plastic_nut_0058_NG_AK,3,development,OK,1332.349365234375,1483.7119140625,1483.7119140625,952.85888671875,952.85888671875,952.85888671875,991.553466796875,976.137939453125,976.137939453125
plastic_nut,plastic_nut/NG/AK/S0058/plastic_nut_0058_NG_AK_C4_20231004141147.jpg,plastic_nut::plastic_nut_0058_NG_AK,4,development,AK,2056.75927734375,2002.441650390625,2002.441650390625,1514.540771484375,1648.605712890625,1648.605712890625,1752.247314453125,1752.247314453125,1752.247314453125
plastic_nut,plastic_nut/NG/AK/S0058/plastic_nut_0058_NG_AK_C5_20231004141147.jpg,plastic_nut::plastic_nut_0058_NG_AK,5,development,AK,1500.6728515625,1500.6728515625,1500.6728515625,1470.078125,1470.078125,1470.078125,1400.63330078125,1400.63330078125,1400.63330078125
plastic_nut,plastic_nut/NG/QS/S0058/plastic_nut_0058_NG_QS_C1_20231004114434.jpg,plastic_nut::plastic_nut_0058_NG_QS,1,development,OK,1557.38134765625,1557.38134765625,1557.38134765625,1446.2509765625,1446.2509765625,1446.2509765625,1727.115234375,1626.2750244140625,1626.2750244140625
plastic_nut,plastic_nut/NG/QS/S0058/plastic_nut_0058_NG_QS_C2_20231004114434.jpg,plastic_nut::plastic_nut_0058_NG_QS,2,development,OK,1318.836181640625,1318.836181640625,1318.836181640625,1292.26904296875,1292.26904296875,1386.552734375,1382.64990234375,1382.64990234375,1382.64990234375
plastic_nut,plastic_nut/NG/QS/S0058/plastic_nut_0058_NG_QS_C3_20231004114434.jpg,plastic_nut::plastic_nut_0058_NG_QS,3,development,QS,1439.004638671875,1591.5147705078125,1591.5147705078125,1208.451416015625,1208.451416015625,1208.451416015625,1114.531982421875,1114.531982421875,1114.531982421875
plastic_nut,plastic_nut/NG/QS/S0058/plastic_nut_0058_NG_QS_C4_20231004114434.jpg,plastic_nut::plastic_nut_0058_NG_QS,4,development,OK,1330.241943359375,1330.241943359375,1330.241943359375,1408.771484375,1415.24169921875,1415.24169921875,1715.709716796875,1726.4541015625,1715.709716796875
plastic_nut,plastic_nut/NG/QS/S0058/plastic_nut_0058_NG_QS_C5_20231004114434.jpg,plastic_nut::plastic_nut_0058_NG_QS,5,development,QS,1770.874755859375,1770.874755859375,1784.21875,1579.240234375,1579.240234375,1579.240234375,1577.667236328125,1577.667236328125,1577.667236328125
plastic_nut,plastic_nut/NG/AK/S0059/plastic_nut_0059_NG_AK_C1_20231004141154.jpg,plastic_nut::plastic_nut_0059_NG_AK,1,development,OK,1719.737548828125,1642.041015625,1642.041015625,1539.7783203125,1539.7783203125,1539.7783203125,1452.8154296875,1452.8154296875,1452.8154296875
plastic_nut,plastic_nut/NG/AK/S0059/plastic_nut_0059_NG_AK_C2_20231004141154.jpg,plastic_nut::plastic_nut_0059_NG_AK,2,development,AK,1639.017578125,1734.2392578125,1734.2392578125,1377.23583984375,1377.23583984375,1377.23583984375,1389.3984375,1389.3984375,1389.3984375
plastic_nut,plastic_nut/NG/AK/S0059/plastic_nut_0059_NG_AK_C3_20231004141154.jpg,plastic_nut::plastic_nut_0059_NG_AK,3,development,OK,1358.18896484375,1526.336669921875,1526.336669921875,984.615966796875,984.615966796875,984.615966796875,1077.460205078125,1077.460205078125,1077.460205078125
plastic_nut,plastic_nut/NG/AK/S0059/plastic_nut_0059_NG_AK_C4_20231004141154.jpg,plastic_nut::plastic_nut_0059_NG_AK,4,development,OK,1358.78759765625,1358.78759765625,1358.78759765625,1491.38818359375,1491.38818359375,1491.38818359375,1609.019287109375,1609.019287109375,1621.86767578125
plastic_nut,plastic_nut/NG/AK/S0059/plastic_nut_0059_NG_AK_C5_20231004141154.jpg,plastic_nut::plastic_nut_0059_NG_AK,5,development,AK,1081.28564453125,1081.28564453125,1081.28564453125,1202.51220703125,1202.51220703125,1202.51220703125,966.8447265625,1057.804931640625,1171.752197265625
plastic_nut,plastic_nut/NG/ZW/S0059/plastic_nut_0059_NG_ZW_C1_20231004095222.jpg,plastic_nut::plastic_nut_0059_NG_ZW,1,development,OK,1175.9833984375,1317.843994140625,1277.126953125,1276.212646484375,1276.212646484375,1276.212646484375,1163.578369140625,1163.578369140625,1163.578369140625
plastic_nut,plastic_nut/NG/ZW/S0059/plastic_nut_0059_NG_ZW_C2_20231004095222.jpg,plastic_nut::plastic_nut_0059_NG_ZW,2,development,OK,1638.04638671875,1638.04638671875,1638.04638671875,1433.48583984375,1433.48583984375,1433.48583984375,1523.4423828125,1523.4423828125,1523.4423828125
plastic_nut,plastic_nut/NG/ZW/S0059/plastic_nut_0059_NG_ZW_C3_20231004095222.jpg,plastic_nut::plastic_nut_0059_NG_ZW,3,development,ZW,1797.838134765625,1780.208740234375,1780.208740234375,1703.5137939453125,1703.5137939453125,1703.5137939453125,1621.888671875,1621.888671875,1621.888671875
plastic_nut,plastic_nut/NG/ZW/S0059/plastic_nut_0059_NG_ZW_C4_20231004095222.jpg,plastic_nut::plastic_nut_0059_NG_ZW,4,development,ZW,1066.92529296875,997.33984375,1112.218505859375,963.9248046875,963.9248046875,963.9248046875,1096.655517578125,1084.68115234375,1096.655517578125
plastic_nut,plastic_nut/NG/ZW/S0059/plastic_nut_0059_NG_ZW_C5_20231004095222.jpg,plastic_nut::plastic_nut_0059_NG_ZW,5,development,OK,1178.870849609375,1127.26123046875,1178.870849609375,1143.86669921875,1143.86669921875,1143.86669921875,909.968505859375,950.715576171875,895.09228515625
plastic_nut,plastic_nut/OK/S0060/plastic_nut_0060_OK_C1_20230930130459.jpg,plastic_nut::plastic_nut_0060_OK,1,development,OK,1172.7470703125,1172.7470703125,1172.7470703125,1177.843505859375,1177.843505859375,1177.843505859375,1320.52392578125,1314.5166015625,1314.5166015625
plastic_nut,plastic_nut/OK/S0060/plastic_nut_0060_OK_C2_20230930130459.jpg,plastic_nut::plastic_nut_0060_OK,2,development,OK,924.698486328125,924.698486328125,924.698486328125,865.449951171875,896.40380859375,865.449951171875,981.80712890625,954.209716796875,954.209716796875
plastic_nut,plastic_nut/OK/S0060/plastic_nut_0060_OK_C3_20230930130459.jpg,plastic_nut::plastic_nut_0060_OK,3,development,OK,1168.969482421875,1350.84716796875,1350.84716796875,887.993896484375,1166.272216796875,1171.439453125,1073.4228515625,1046.0439453125,1046.0439453125
plastic_nut,plastic_nut/OK/S0060/plastic_nut_0060_OK_C4_20230930130459.jpg,plastic_nut::plastic_nut_0060_OK,4,development,OK,1288.44091796875,1281.94580078125,1383.36767578125,1360.9990234375,1298.89013671875,1360.9990234375,1302.459716796875,1426.5322265625,1302.459716796875
plastic_nut,plastic_nut/OK/S0060/plastic_nut_0060_OK_C5_20230930130459.jpg,plastic_nut::plastic_nut_0060_OK,5,development,OK,1345.71240234375,1345.71240234375,1345.71240234375,895.837646484375,1078.57470703125,895.837646484375,1137.1767578125,1137.1767578125,1137.1767578125
plastic_nut,plastic_nut/NG/QS/S0061/plastic_nut_0061_NG_QS_C1_20231004114541.jpg,plastic_nut::plastic_nut_0061_NG_QS,1,development,QS,1553.59033203125,1553.59033203125,1553.59033203125,1678.475341796875,1678.475341796875,1678.475341796875,1772.96875,1772.96875,1772.96875
plastic_nut,plastic_nut/NG/QS/S0061/plastic_nut_0061_NG_QS_C2_20231004114541.jpg,plastic_nut::plastic_nut_0061_NG_QS,2,development,QS,1350.86328125,1289.93408203125,1266.958984375,1166.82861328125,1166.82861328125,1166.82861328125,1206.941162109375,1206.941162109375,1218.01123046875
plastic_nut,plastic_nut/NG/QS/S0061/plastic_nut_0061_NG_QS_C3_20231004114541.jpg,plastic_nut::plastic_nut_0061_NG_QS,3,development,QS,1320.031005859375,1379.58935546875,1379.58935546875,1093.9619140625,1092.84765625,1172.33447265625,1250.8896484375,1250.8896484375,1250.8896484375
plastic_nut,plastic_nut/NG/QS/S0061/plastic_nut_0061_NG_QS_C4_20231004114541.jpg,plastic_nut::plastic_nut_0061_NG_QS,4,development,QS,1580.81787109375,1580.81787109375,1580.81787109375,1486.59619140625,1486.59619140625,1486.59619140625,1727.76025390625,1731.11474609375,1885.92138671875
plastic_nut,plastic_nut/NG/QS/S0061/plastic_nut_0061_NG_QS_C5_20231004114541.jpg,plastic_nut::plastic_nut_0061_NG_QS,5,development,QS,1040.7607421875,1040.7607421875,1040.7607421875,1229.42138671875,1229.42138671875,1229.42138671875,1001.330078125,1001.330078125,1063.278076171875
plastic_nut,plastic_nut/NG/HS/S0062/plastic_nut_0062_NG_HS_C1_20231004105327.jpg,plastic_nut::plastic_nut_0062_NG_HS,1,development,OK,1424.05224609375,1481.19482421875,1481.19482421875,1492.559326171875,1492.559326171875,1492.559326171875,1577.4951171875,1577.4951171875,1631.417724609375
plastic_nut,plastic_nut/NG/HS/S0062/plastic_nut_0062_NG_HS_C2_20231004105327.jpg,plastic_nut::plastic_nut_0062_NG_HS,2,development,HS,1852.50634765625,1860.923095703125,1860.923095703125,1350.10546875,1350.10546875,1350.10546875,1745.3570556640625,1745.3570556640625,1745.3570556640625
plastic_nut,plastic_nut/NG/HS/S0062/plastic_nut_0062_NG_HS_C3_20231004105327.jpg,plastic_nut::plastic_nut_0062_NG_HS,3,development,OK,1258.09619140625,1302.8349609375,1311.405029296875,1059.525634765625,1077.904052734375,1077.904052734375,919.24169921875,919.24169921875,919.24169921875
plastic_nut,plastic_nut/NG/HS/S0062/plastic_nut_0062_NG_HS_C4_20231004105327.jpg,plastic_nut::plastic_nut_0062_NG_HS,4,development,OK,1226.458984375,1302.370361328125,1226.458984375,1214.962646484375,1214.962646484375,1214.962646484375,1024.5712890625,1024.5712890625,1135.0009765625
plastic_nut,plastic_nut/NG/HS/S0062/plastic_nut_0062_NG_HS_C5_20231004105327.jpg,plastic_nut::plastic_nut_0062_NG_HS,5,development,HS,1981.8333740234375,1986.8358154296875,1986.8358154296875,1603.584228515625,1565.177001953125,1559.3876953125,1823.828125,1762.21826171875,1762.21826171875
plastic_nut,plastic_nut/OK/S0062/plastic_nut_0062_OK_C1_20230930130611.jpg,plastic_nut::plastic_nut_0062_OK,1,development,OK,1233.244384765625,1339.470947265625,1233.244384765625,923.78271484375,923.78271484375,923.78271484375,1129.217041015625,1129.217041015625,1129.217041015625
plastic_nut,plastic_nut/OK/S0062/plastic_nut_0062_OK_C2_20230930130611.jpg,plastic_nut::plastic_nut_0062_OK,2,development,OK,1006.901123046875,912.246826171875,1006.901123046875,904.24462890625,904.24462890625,895.0361328125,838.235107421875,838.235107421875,838.235107421875
plastic_nut,plastic_nut/OK/S0062/plastic_nut_0062_OK_C3_20230930130611.jpg,plastic_nut::plastic_nut_0062_OK,3,development,OK,1169.65869140625,1264.649658203125,1254.200439453125,1081.89111328125,1106.267578125,1081.89111328125,870.824951171875,870.824951171875,870.824951171875
plastic_nut,plastic_nut/OK/S0062/plastic_nut_0062_OK_C4_20230930130611.jpg,plastic_nut::plastic_nut_0062_OK,4,development,OK,1256.135498046875,1256.135498046875,1331.2685546875,987.662109375,987.662109375,987.662109375,1354.43701171875,1354.43701171875,1354.43701171875
plastic_nut,plastic_nut/OK/S0062/plastic_nut_0062_OK_C5_20230930130611.jpg,plastic_nut::plastic_nut_0062_OK,5,development,OK,970.810546875,970.810546875,970.810546875,902.134765625,902.134765625,902.134765625,1030.17529296875,1108.8544921875,980.027099609375
plastic_nut,plastic_nut/NG/AK/S0064/plastic_nut_0064_NG_AK_C1_20231004141231.jpg,plastic_nut::plastic_nut_0064_NG_AK,1,development,OK,1297.1669921875,1297.1669921875,1297.1669921875,1601.143310546875,1601.143310546875,1601.143310546875,1360.822998046875,1360.822998046875,1360.822998046875
plastic_nut,plastic_nut/NG/AK/S0064/plastic_nut_0064_NG_AK_C2_20231004141231.jpg,plastic_nut::plastic_nut_0064_NG_AK,2,development,OK,1175.2177734375,1174.88232421875,1175.2177734375,1203.654541015625,1221.77490234375,1203.654541015625,1083.9326171875,1255.4296875,1103.222412109375
plastic_nut,plastic_nut/NG/AK/S0064/plastic_nut_0064_NG_AK_C3_20231004141231.jpg,plastic_nut::plastic_nut_0064_NG_AK,3,development,AK,1187.180419921875,1338.908203125,1338.908203125,1096.927001953125,1096.927001953125,1096.927001953125,1016.826171875,1016.826171875,1016.826171875
plastic_nut,plastic_nut/NG/AK/S0064/plastic_nut_0064_NG_AK_C4_20231004141231.jpg,plastic_nut::plastic_nut_0064_NG_AK,4,development,AK,1205.6708984375,1167.82275390625,1167.82275390625,961.345703125,961.345703125,961.345703125,1658.0634765625,1685.31298828125,1658.0634765625
plastic_nut,plastic_nut/NG/AK/S0064/plastic_nut_0064_NG_AK_C5_20231004141231.jpg,plastic_nut::plastic_nut_0064_NG_AK,5,development,OK,1508.670166015625,1508.670166015625,1273.572998046875,1545.72021484375,1683.619140625,1674.053955078125,1232.343505859375,1225.82373046875,1225.82373046875
plastic_nut,plastic_nut/NG/HS/S0066/plastic_nut_0066_NG_HS_C1_20231004105401.jpg,plastic_nut::plastic_nut_0066_NG_HS,1,development,OK,1394.313232421875,1394.313232421875,1394.313232421875,1416.244140625,1355.3251953125,1355.3251953125,1219.978759765625,1219.978759765625,1239.879150390625
plastic_nut,plastic_nut/NG/HS/S0066/plastic_nut_0066_NG_HS_C2_20231004105401.jpg,plastic_nut::plastic_nut_0066_NG_HS,2,development,HS,1857.044921875,1873.044677734375,1873.044677734375,1456.612548828125,1466.353271484375,1466.353271484375,1395.25927734375,1395.25927734375,1395.25927734375
plastic_nut,plastic_nut/NG/HS/S0066/plastic_nut_0066_NG_HS_C3_20231004105401.jpg,plastic_nut::plastic_nut_0066_NG_HS,3,development,OK,1308.804443359375,1419.432373046875,1434.054443359375,1107.370849609375,1107.370849609375,1097.259033203125,1017.194580078125,1082.9375,1143.30517578125
plastic_nut,plastic_nut/NG/HS/S0066/plastic_nut_0066_NG_HS_C4_20231004105401.jpg,plastic_nut::plastic_nut_0066_NG_HS,4,development,OK,1009.1923828125,947.1669921875,1009.1923828125,1013.814208984375,1013.814208984375,1013.814208984375,998.8076171875,998.8076171875,1025.422119140625
plastic_nut,plastic_nut/NG/HS/S0066/plastic_nut_0066_NG_HS_C5_20231004105401.jpg,plastic_nut::plastic_nut_0066_NG_HS,5,development,HS,1882.4013671875,1952.553955078125,1952.553955078125,1641.01025390625,1641.01025390625,1641.01025390625,1560.22705078125,1560.22705078125,1560.22705078125
plastic_nut,plastic_nut/NG/AK/S0067/plastic_nut_0067_NG_AK_C1_20231004141306.jpg,plastic_nut::plastic_nut_0067_NG_AK,1,development,OK,1278.315185546875,1278.315185546875,1263.7294921875,1563.5537109375,1563.5537109375,1563.5537109375,1353.183349609375,1416.6435546875,1353.183349609375
plastic_nut,plastic_nut/NG/AK/S0067/plastic_nut_0067_NG_AK_C2_20231004141306.jpg,plastic_nut::plastic_nut_0067_NG_AK,2,development,OK,1103.76171875,1103.76171875,1103.76171875,1264.724853515625,1264.724853515625,1264.724853515625,1124.781982421875,1124.781982421875,1285.2060546875
plastic_nut,plastic_nut/NG/AK/S0067/plastic_nut_0067_NG_AK_C3_20231004141306.jpg,plastic_nut::plastic_nut_0067_NG_AK,3,development,OK,1404.40771484375,1564.129638671875,1564.129638671875,1239.215576171875,1239.215576171875,1239.215576171875,1205.77197265625,1266.52783203125,1266.52783203125
plastic_nut,plastic_nut/NG/AK/S0067/plastic_nut_0067_NG_AK_C4_20231004141306.jpg,plastic_nut::plastic_nut_0067_NG_AK,4,development,AK,1399.04052734375,1410.6787109375,1418.4716796875,1293.9970703125,1298.44482421875,1298.44482421875,1585.79248046875,1680.2080078125,1615.6708984375
plastic_nut,plastic_nut/NG/AK/S0067/plastic_nut_0067_NG_AK_C5_20231004141306.jpg,plastic_nut::plastic_nut_0067_NG_AK,5,development,AK,941.9033203125,960.97119140625,960.97119140625,1142.10791015625,1061.179443359375,1061.179443359375,1095.70654296875,1063.93701171875,1063.93701171875
plastic_nut,plastic_nut/NG/AK/S0068/plastic_nut_0068_NG_AK_C1_20231004141317.jpg,plastic_nut::plastic_nut_0068_NG_AK,1,development,OK,1278.255126953125,1235.587646484375,1235.587646484375,1534.15380859375,1534.15380859375,1534.15380859375,1408.938232421875,1408.885009765625,1408.885009765625
plastic_nut,plastic_nut/NG/AK/S0068/plastic_nut_0068_NG_AK_C2_20231004141317.jpg,plastic_nut::plastic_nut_0068_NG_AK,2,development,OK,1081.513916015625,1081.513916015625,1081.513916015625,1169.253662109375,1169.253662109375,1169.253662109375,1027.123779296875,1027.123779296875,1153.00537109375
plastic_nut,plastic_nut/NG/AK/S0068/plastic_nut_0068_NG_AK_C3_20231004141317.jpg,plastic_nut::plastic_nut_0068_NG_AK,3,development,AK,1192.10400390625,1331.1494140625,1331.1494140625,988.353759765625,988.353759765625,988.353759765625,945.357177734375,945.357177734375,945.357177734375
plastic_nut,plastic_nut/NG/AK/S0068/plastic_nut_0068_NG_AK_C4_20231004141317.jpg,plastic_nut::plastic_nut_0068_NG_AK,4,development,AK,1264.517578125,1219.4423828125,1195.7734375,1129.994873046875,1129.994873046875,1129.994873046875,1715.699951171875,1715.699951171875,1715.699951171875
plastic_nut,plastic_nut/NG/AK/S0068/plastic_nut_0068_NG_AK_C5_20231004141317.jpg,plastic_nut::plastic_nut_0068_NG_AK,5,development,OK,1239.045654296875,1239.045654296875,1239.045654296875,995.530029296875,1011.5400390625,995.530029296875,1045.3134765625,1045.3134765625,1045.3134765625
plastic_nut,plastic_nut/NG/ZW/S0069/plastic_nut_0069_NG_ZW_C1_20231004100126.jpg,plastic_nut::plastic_nut_0069_NG_ZW,1,development,ZW,1769.975341796875,1769.975341796875,1769.975341796875,1520.2158203125,1520.2158203125,1520.2158203125,1678.630126953125,1678.630126953125,1678.630126953125
plastic_nut,plastic_nut/NG/ZW/S0069/plastic_nut_0069_NG_ZW_C2_20231004100126.jpg,plastic_nut::plastic_nut_0069_NG_ZW,2,development,ZW,1629.271240234375,1629.271240234375,1629.271240234375,1508.108642578125,1508.108642578125,1508.108642578125,1814.0401611328125,1814.0401611328125,1814.0401611328125
plastic_nut,plastic_nut/NG/ZW/S0069/plastic_nut_0069_NG_ZW_C3_20231004100126.jpg,plastic_nut::plastic_nut_0069_NG_ZW,3,development,ZW,1704.1331787109375,1704.1331787109375,1704.1331787109375,1654.963134765625,1654.963134765625,1654.963134765625,1606.84326171875,1606.84326171875,1606.84326171875
plastic_nut,plastic_nut/NG/ZW/S0069/plastic_nut_0069_NG_ZW_C4_20231004100126.jpg,plastic_nut::plastic_nut_0069_NG_ZW,4,development,ZW,1696.890869140625,1696.890869140625,1696.890869140625,1580.915771484375,1580.915771484375,1580.915771484375,1480.74462890625,1480.74462890625,1480.74462890625
plastic_nut,plastic_nut/NG/ZW/S0069/plastic_nut_0069_NG_ZW_C5_20231004100126.jpg,plastic_nut::plastic_nut_0069_NG_ZW,5,development,ZW,1735.76318359375,1762.392822265625,1746.465087890625,1649.981689453125,1649.981689453125,1649.981689453125,1413.008056640625,1413.008056640625,1413.008056640625
plastic_nut,plastic_nut/NG/QS/S0072/plastic_nut_0072_NG_QS_C1_20231004130732.jpg,plastic_nut::plastic_nut_0072_NG_QS,1,development,OK,1235.025634765625,1235.025634765625,1235.025634765625,1569.9091796875,1589.21337890625,1569.9091796875,1544.6044921875,1514.92626953125,1515.61962890625
plastic_nut,plastic_nut/NG/QS/S0072/plastic_nut_0072_NG_QS_C2_20231004130732.jpg,plastic_nut::plastic_nut_0072_NG_QS,2,development,OK,1107.50048828125,1087.373779296875,1167.84912109375,1197.775146484375,1197.775146484375,1197.775146484375,1037.262451171875,1037.262451171875,1215.42041015625
plastic_nut,plastic_nut/NG/QS/S0072/plastic_nut_0072_NG_QS_C3_20231004130732.jpg,plastic_nut::plastic_nut_0072_NG_QS,3,development,OK,1436.7099609375,1572.9119873046875,1572.9119873046875,1249.524169921875,1249.524169921875,1249.524169921875,1032.940673828125,1032.940673828125,1032.940673828125
plastic_nut,plastic_nut/NG/QS/S0072/plastic_nut_0072_NG_QS_C4_20231004130732.jpg,plastic_nut::plastic_nut_0072_NG_QS,4,development,QS,1484.837890625,1505.484619140625,1505.484619140625,1537.151123046875,1537.151123046875,1537.151123046875,1723.876708984375,1732.574951171875,1723.876708984375
plastic_nut,plastic_nut/NG/QS/S0072/plastic_nut_0072_NG_QS_C5_20231004130732.jpg,plastic_nut::plastic_nut_0072_NG_QS,5,development,QS,1535.085205078125,1535.085205078125,1535.085205078125,1642.66943359375,1642.66943359375,1642.66943359375,1606.619384765625,1785.8240966796875,1785.8240966796875
plastic_nut,plastic_nut/NG/QS/S0073/plastic_nut_0073_NG_QS_C1_20231004130740.jpg,plastic_nut::plastic_nut_0073_NG_QS,1,development,QS,1377.032958984375,1377.032958984375,1377.032958984375,1480.11865234375,1480.11865234375,1480.11865234375,1648.10595703125,1648.10595703125,1577.549072265625
plastic_nut,plastic_nut/NG/QS/S0073/plastic_nut_0073_NG_QS_C2_20231004130740.jpg,plastic_nut::plastic_nut_0073_NG_QS,2,development,QS,1187.69482421875,1187.69482421875,1187.69482421875,1253.75732421875,1253.75732421875,1253.75732421875,1346.54150390625,1346.54150390625,1346.54150390625
plastic_nut,plastic_nut/NG/QS/S0073/plastic_nut_0073_NG_QS_C3_20231004130740.jpg,plastic_nut::plastic_nut_0073_NG_QS,3,development,QS,1080.685791015625,1080.685791015625,1052.227783203125,961.86376953125,961.86376953125,1064.42431640625,952.99755859375,973.359375,952.99755859375
plastic_nut,plastic_nut/NG/QS/S0073/plastic_nut_0073_NG_QS_C4_20231004130740.jpg,plastic_nut::plastic_nut_0073_NG_QS,4,development,QS,1331.352294921875,1331.352294921875,1331.352294921875,1387.875732421875,1387.875732421875,1387.875732421875,1766.93115234375,1773.847412109375,1766.93115234375
plastic_nut,plastic_nut/NG/QS/S0073/plastic_nut_0073_NG_QS_C5_20231004130740.jpg,plastic_nut::plastic_nut_0073_NG_QS,5,development,QS,1281.901123046875,1281.901123046875,1281.901123046875,1130.2353515625,1130.2353515625,1130.2353515625,1190.38720703125,1190.38720703125,1190.38720703125
plastic_nut,plastic_nut/NG/ZW/S0073/plastic_nut_0073_NG_ZW_C1_20231004100208.jpg,plastic_nut::plastic_nut_0073_NG_ZW,1,development,OK,1458.6962890625,1458.6962890625,1458.6962890625,1538.35595703125,1538.35595703125,1538.35595703125,1338.71630859375,1338.71630859375,1338.71630859375
plastic_nut,plastic_nut/NG/ZW/S0073/plastic_nut_0073_NG_ZW_C2_20231004100208.jpg,plastic_nut::plastic_nut_0073_NG_ZW,2,development,OK,1003.29638671875,998.121826171875,1003.29638671875,914.92578125,914.92578125,918.957763671875,836.98681640625,882.03125,819.8447265625
plastic_nut,plastic_nut/NG/ZW/S0073/plastic_nut_0073_NG_ZW_C3_20231004100208.jpg,plastic_nut::plastic_nut_0073_NG_ZW,3,development,ZW,1689.57177734375,1702.743408203125,1684.39013671875,1635.169921875,1635.169921875,1635.169921875,1471.580322265625,1495.447265625,1495.447265625
plastic_nut,plastic_nut/NG/ZW/S0073/plastic_nut_0073_NG_ZW_C4_20231004100208.jpg,plastic_nut::plastic_nut_0073_NG_ZW,4,development,ZW,2079.716796875,2101.36962890625,2101.36962890625,1965.7550048828125,1965.7550048828125,1965.7550048828125,1880.2303466796875,1880.2303466796875,1880.2303466796875
plastic_nut,plastic_nut/NG/ZW/S0073/plastic_nut_0073_NG_ZW_C5_20231004100208.jpg,plastic_nut::plastic_nut_0073_NG_ZW,5,development,ZW,1863.2564697265625,1986.8482666015625,1986.8482666015625,1839.38671875,1839.38671875,1839.38671875,1735.63330078125,1735.63330078125,1735.63330078125
plastic_nut,plastic_nut/NG/AK/S0074/plastic_nut_0074_NG_AK_C1_20231004141402.jpg,plastic_nut::plastic_nut_0074_NG_AK,1,development,OK,1686.9801025390625,1686.9801025390625,1686.9801025390625,1579.417724609375,1579.417724609375,1579.417724609375,1621.2813720703125,1582.9185791015625,1582.9185791015625
plastic_nut,plastic_nut/NG/AK/S0074/plastic_nut_0074_NG_AK_C2_20231004141402.jpg,plastic_nut::plastic_nut_0074_NG_AK,2,development,OK,1137.757568359375,1082.931640625,1137.757568359375,1187.265380859375,1187.265380859375,1187.265380859375,1244.898193359375,1159.504638671875,1238.909423828125
plastic_nut,plastic_nut/NG/AK/S0074/plastic_nut_0074_NG_AK_C3_20231004141402.jpg,plastic_nut::plastic_nut_0074_NG_AK,3,development,OK,1105.73486328125,1297.7685546875,1297.7685546875,1042.10888671875,1042.10888671875,1042.10888671875,916.517333984375,893.990478515625,893.990478515625
plastic_nut,plastic_nut/NG/AK/S0074/plastic_nut_0074_NG_AK_C4_20231004141402.jpg,plastic_nut::plastic_nut_0074_NG_AK,4,development,OK,1289.7509765625,1223.466796875,1223.466796875,1418.9892578125,1387.435546875,1418.9892578125,1792.670166015625,1791.35791015625,1848.421630859375
plastic_nut,plastic_nut/NG/AK/S0074/plastic_nut_0074_NG_AK_C5_20231004141402.jpg,plastic_nut::plastic_nut_0074_NG_AK,5,development,AK,1358.1904296875,1358.1904296875,1358.1904296875,1196.168701171875,1193.49853515625,1300.358154296875,1430.278076171875,1422.343505859375,1430.278076171875
plastic_nut,plastic_nut/NG/ZW/S0074/plastic_nut_0074_NG_ZW_C1_20231004100220.jpg,plastic_nut::plastic_nut_0074_NG_ZW,1,development,OK,1509.8934326171875,1509.8934326171875,1509.8934326171875,1678.9501953125,1678.9501953125,1678.9501953125,1495.702392578125,1401.261474609375,1475.3525390625
plastic_nut,plastic_nut/NG/ZW/S0074/plastic_nut_0074_NG_ZW_C2_20231004100220.jpg,plastic_nut::plastic_nut_0074_NG_ZW,2,development,OK,1183.731689453125,1086.83544921875,1086.83544921875,1019.140625,1019.140625,1019.140625,1017.382568359375,1075.142578125,1075.142578125
plastic_nut,plastic_nut/NG/ZW/S0074/plastic_nut_0074_NG_ZW_C3_20231004100220.jpg,plastic_nut::plastic_nut_0074_NG_ZW,3,development,ZW,1935.890380859375,1935.890380859375,1935.890380859375,1807.14599609375,1807.14599609375,1807.14599609375,1738.8106689453125,1738.8106689453125,1738.8106689453125
plastic_nut,plastic_nut/NG/ZW/S0074/plastic_nut_0074_NG_ZW_C4_20231004100220.jpg,plastic_nut::plastic_nut_0074_NG_ZW,4,development,OK,1122.541015625,1046.38134765625,1046.38134765625,1051.0908203125,1063.626708984375,1051.0908203125,1105.333984375,1105.333984375,1105.333984375
plastic_nut,plastic_nut/NG/ZW/S0074/plastic_nut_0074_NG_ZW_C5_20231004100220.jpg,plastic_nut::plastic_nut_0074_NG_ZW,5,development,OK,968.5234375,928.435546875,928.435546875,935.17236328125,935.17236328125,935.17236328125,1153.850830078125,1153.850830078125,1153.850830078125
plastic_nut,plastic_nut/NG/ZW/S0076/plastic_nut_0076_NG_ZW_C1_20231004100302.jpg,plastic_nut::plastic_nut_0076_NG_ZW,1,development,OK,1135.4658203125,1135.4658203125,1110.26416015625,1277.423095703125,1277.423095703125,1277.423095703125,1177.158447265625,1177.158447265625,1177.158447265625
plastic_nut,plastic_nut/NG/ZW/S0076/plastic_nut_0076_NG_ZW_C2_20231004100302.jpg,plastic_nut::plastic_nut_0076_NG_ZW,2,development,ZW,1422.851318359375,1306.971435546875,1306.971435546875,1467.8818359375,1467.8818359375,1467.8818359375,1469.626953125,1469.626953125,1469.626953125
plastic_nut,plastic_nut/NG/ZW/S0076/plastic_nut_0076_NG_ZW_C3_20231004100302.jpg,plastic_nut::plastic_nut_0076_NG_ZW,3,development,OK,1199.632080078125,1266.74072265625,1284.111083984375,957.1884765625,957.1884765625,957.1884765625,1074.002197265625,1074.002197265625,1074.002197265625
plastic_nut,plastic_nut/NG/ZW/S0076/plastic_nut_0076_NG_ZW_C4_20231004100302.jpg,plastic_nut::plastic_nut_0076_NG_ZW,4,development,ZW,1020.76025390625,1035.4501953125,1043.677978515625,1105.523681640625,1105.523681640625,1105.523681640625,1168.020263671875,1168.020263671875,1166.55859375
plastic_nut,plastic_nut/NG/ZW/S0076/plastic_nut_0076_NG_ZW_C5_20231004100302.jpg,plastic_nut::plastic_nut_0076_NG_ZW,5,development,ZW,1636.7412109375,1635.920166015625,1635.920166015625,1712.182861328125,1712.182861328125,1712.182861328125,1439.744384765625,1439.744384765625,1439.744384765625
plastic_nut,plastic_nut/NG/HS/S0077/plastic_nut_0077_NG_HS_C1_20231004110134.jpg,plastic_nut::plastic_nut_0077_NG_HS,1,development,OK,1361.390380859375,1361.390380859375,1378.588623046875,1515.24267578125,1515.24267578125,1515.24267578125,1211.07666015625,1211.07666015625,1224.5439453125
plastic_nut,plastic_nut/NG/HS/S0077/plastic_nut_0077_NG_HS_C2_20231004110134.jpg,plastic_nut::plastic_nut_0077_NG_HS,2,development,HS,1759.48046875,1729.684326171875,1729.684326171875,1534.090087890625,1534.090087890625,1534.090087890625,1462.837158203125,1462.837158203125,1462.837158203125
plastic_nut,plastic_nut/NG/HS/S0077/plastic_nut_0077_NG_HS_C3_20231004110134.jpg,plastic_nut::plastic_nut_0077_NG_HS,3,development,OK,1209.537353515625,1391.4609375,1391.4609375,952.186767578125,952.186767578125,951.71044921875,884.705322265625,885.8779296875,884.705322265625
plastic_nut,plastic_nut/NG/HS/S0077/plastic_nut_0077_NG_HS_C4_20231004110134.jpg,plastic_nut::plastic_nut_0077_NG_HS,4,development,OK,1205.028076171875,1244.59326171875,1327.66845703125,1118.818359375,1118.818359375,1118.818359375,1817.804443359375,1819.34375,1817.804443359375
plastic_nut,plastic_nut/NG/HS/S0077/plastic_nut_0077_NG_HS_C5_20231004110134.jpg,plastic_nut::plastic_nut_0077_NG_HS,5,development,HS,1580.791748046875,1611.051025390625,1611.051025390625,1225.986328125,1286.80517578125,1286.80517578125,1257.2265625,1161.34375,1161.34375
plastic_nut,plastic_nut/NG/ZW/S0077/plastic_nut_0077_NG_ZW_C1_20231004100313.jpg,plastic_nut::plastic_nut_0077_NG_ZW,1,development,OK,1305.4912109375,1305.4912109375,1203.228515625,1374.045654296875,1374.045654296875,1374.045654296875,1180.55859375,1180.55859375,1180.55859375
plastic_nut,plastic_nut/NG/ZW/S0077/plastic_nut_0077_NG_ZW_C2_20231004100313.jpg,plastic_nut::plastic_nut_0077_NG_ZW,2,development,OK,1151.137939453125,1128.929443359375,1128.929443359375,968.91650390625,968.91650390625,968.91650390625,1069.727783203125,1069.727783203125,1069.727783203125
plastic_nut,plastic_nut/NG/ZW/S0077/plastic_nut_0077_NG_ZW_C3_20231004100313.jpg,plastic_nut::plastic_nut_0077_NG_ZW,3,development,OK,1202.74560546875,1299.5654296875,1299.5654296875,1083.537353515625,1083.537353515625,1083.537353515625,1264.33447265625,1264.33447265625,1264.33447265625
plastic_nut,plastic_nut/NG/ZW/S0077/plastic_nut_0077_NG_ZW_C4_20231004100313.jpg,plastic_nut::plastic_nut_0077_NG_ZW,4,development,ZW,1626.943603515625,1626.943603515625,1626.943603515625,1583.431640625,1583.431640625,1583.431640625,1422.4853515625,1422.4853515625,1422.4853515625
plastic_nut,plastic_nut/NG/ZW/S0077/plastic_nut_0077_NG_ZW_C5_20231004100313.jpg,plastic_nut::plastic_nut_0077_NG_ZW,5,development,ZW,1846.9332275390625,1846.9332275390625,1846.9332275390625,1833.3902587890625,1833.3902587890625,1833.3902587890625,1484.974609375,1484.974609375,1484.974609375
plastic_nut,plastic_nut/NG/AK/S0080/plastic_nut_0080_NG_AK_C1_20231004141524.jpg,plastic_nut::plastic_nut_0080_NG_AK,1,development,OK,1482.23974609375,1482.23974609375,1482.23974609375,1544.78662109375,1544.78662109375,1544.78662109375,1322.078857421875,1329.3828125,1322.078857421875
plastic_nut,plastic_nut/NG/AK/S0080/plastic_nut_0080_NG_AK_C2_20231004141524.jpg,plastic_nut::plastic_nut_0080_NG_AK,2,development,OK,1613.401611328125,1613.401611328125,1613.401611328125,1501.809814453125,1501.809814453125,1501.809814453125,1365.07373046875,1365.07373046875,1273.77392578125
plastic_nut,plastic_nut/NG/AK/S0080/plastic_nut_0080_NG_AK_C3_20231004141524.jpg,plastic_nut::plastic_nut_0080_NG_AK,3,development,OK,1451.58056640625,1451.58056640625,1451.58056640625,1717.734375,1717.734375,1717.734375,1735.661865234375,1735.661865234375,1652.021240234375
plastic_nut,plastic_nut/NG/AK/S0080/plastic_nut_0080_NG_AK_C4_20231004141524.jpg,plastic_nut::plastic_nut_0080_NG_AK,4,development,OK,1490.3212890625,1489.9765625,1456.65576171875,1850.18310546875,1848.733642578125,1848.733642578125,1709.64306640625,1854.059326171875,1854.059326171875
plastic_nut,plastic_nut/NG/AK/S0080/plastic_nut_0080_NG_AK_C5_20231004141524.jpg,plastic_nut::plastic_nut_0080_NG_AK,5,development,AK,1158.980712890625,1158.980712890625,1164.94384765625,1008.026611328125,1008.026611328125,1089.11181640625,1083.92919921875,1148.58056640625,1083.92919921875
plastic_nut,plastic_nut/NG/ZW/S0080/plastic_nut_0080_NG_ZW_C1_20231004100341.jpg,plastic_nut::plastic_nut_0080_NG_ZW,1,development,OK,1225.765869140625,1225.765869140625,1199.790283203125,1376.83740234375,1376.83740234375,1376.83740234375,1289.2998046875,1289.2998046875,1235.048828125
plastic_nut,plastic_nut/NG/ZW/S0080/plastic_nut_0080_NG_ZW_C2_20231004100341.jpg,plastic_nut::plastic_nut_0080_NG_ZW,2,development,OK,1087.55810546875,1087.55810546875,1094.5009765625,982.733154296875,1131.64501953125,982.733154296875,1138.176513671875,1138.176513671875,1138.176513671875
plastic_nut,plastic_nut/NG/ZW/S0080/plastic_nut_0080_NG_ZW_C3_20231004100341.jpg,plastic_nut::plastic_nut_0080_NG_ZW,3,development,OK,1691.07080078125,1696.04736328125,1696.04736328125,1711.5107421875,1711.5107421875,1711.5107421875,1711.519287109375,1711.519287109375,1711.519287109375
plastic_nut,plastic_nut/NG/ZW/S0080/plastic_nut_0080_NG_ZW_C4_20231004100341.jpg,plastic_nut::plastic_nut_0080_NG_ZW,4,development,OK,1028.30712890625,1010.798095703125,1010.798095703125,1098.814453125,1098.814453125,1098.814453125,1004.484375,1004.484375,953.078369140625
plastic_nut,plastic_nut/NG/ZW/S0080/plastic_nut_0080_NG_ZW_C5_20231004100341.jpg,plastic_nut::plastic_nut_0080_NG_ZW,5,development,ZW,2083.35986328125,2083.35986328125,2083.35986328125,1976.760986328125,1976.760986328125,1976.760986328125,1986.046630859375,1986.046630859375,1956.40283203125
plastic_nut,plastic_nut/NG/AK/S0081/plastic_nut_0081_NG_AK_C1_20231004141540.jpg,plastic_nut::plastic_nut_0081_NG_AK,1,development,OK,1339.957275390625,1339.957275390625,1339.957275390625,1648.162353515625,1648.162353515625,1648.162353515625,1354.57373046875,1354.57373046875,1354.57373046875
plastic_nut,plastic_nut/NG/AK/S0081/plastic_nut_0081_NG_AK_C2_20231004141540.jpg,plastic_nut::plastic_nut_0081_NG_AK,2,development,OK,1320.00732421875,1320.00732421875,1320.00732421875,1150.326416015625,1150.326416015625,1150.326416015625,1000.37890625,1000.37890625,1148.343994140625
plastic_nut,plastic_nut/NG/AK/S0081/plastic_nut_0081_NG_AK_C3_20231004141540.jpg,plastic_nut::plastic_nut_0081_NG_AK,3,development,OK,1162.042236328125,1316.57861328125,1316.57861328125,1031.1962890625,992.166259765625,992.166259765625,1142.5791015625,1142.5791015625,1142.5791015625
plastic_nut,plastic_nut/NG/AK/S0081/plastic_nut_0081_NG_AK_C4_20231004141540.jpg,plastic_nut::plastic_nut_0081_NG_AK,4,development,AK,1133.36865234375,1136.76708984375,1173.969482421875,1136.320068359375,1177.37255859375,1136.320068359375,1700.7197265625,1731.93994140625,1700.7197265625
plastic_nut,plastic_nut/NG/AK/S0081/plastic_nut_0081_NG_AK_C5_20231004141540.jpg,plastic_nut::plastic_nut_0081_NG_AK,5,development,AK,1046.638916015625,1109.0302734375,1092.08740234375,1054.575439453125,1053.49755859375,1054.575439453125,1103.646484375,1103.646484375,1103.646484375
plastic_nut,plastic_nut/NG/AK/S0082/plastic_nut_0082_NG_AK_C1_20231004141651.jpg,plastic_nut::plastic_nut_0082_NG_AK,1,development,OK,1304.14453125,1304.14453125,1304.14453125,1523.77197265625,1523.77197265625,1523.77197265625,1525.0869140625,1525.0869140625,1525.0869140625
plastic_nut,plastic_nut/NG/AK/S0082/plastic_nut_0082_NG_AK_C2_20231004141651.jpg,plastic_nut::plastic_nut_0082_NG_AK,2,development,OK,1016.541748046875,1016.541748046875,1016.541748046875,1174.1103515625,1174.1103515625,1174.1103515625,1250.7431640625,1147.555419921875,1226.7177734375
plastic_nut,plastic_nut/NG/AK/S0082/plastic_nut_0082_NG_AK_C3_20231004141651.jpg,plastic_nut::plastic_nut_0082_NG_AK,3,development,AK,1343.57470703125,1435.302490234375,1436.578857421875,1024.62890625,912.6982421875,891.384765625,885.520751953125,885.520751953125,888.70166015625
plastic_nut,plastic_nut/NG/AK/S0082/plastic_nut_0082_NG_AK_C4_20231004141651.jpg,plastic_nut::plastic_nut_0082_NG_AK,4,development,AK,1289.8251953125,1197.546142578125,1295.893798828125,1209.4306640625,1209.4306640625,1209.4306640625,1676.6640625,1676.6640625,1684.5048828125
plastic_nut,plastic_nut/NG/AK/S0082/plastic_nut_0082_NG_AK_C5_20231004141651.jpg,plastic_nut::plastic_nut_0082_NG_AK,5,development,AK,1128.59912109375,1128.59912109375,1126.24169921875,1185.061767578125,1185.061767578125,1185.061767578125,1026.218017578125,1026.218017578125,1159.8212890625
plastic_nut,plastic_nut/NG/HS/S0083/plastic_nut_0083_NG_HS_C1_20231004110247.jpg,plastic_nut::plastic_nut_0083_NG_HS,1,development,HS,2147.750244140625,2147.750244140625,2147.750244140625,1949.88818359375,1949.88818359375,1949.88818359375,1791.6220703125,1720.500732421875,1780.63525390625
plastic_nut,plastic_nut/NG/HS/S0083/plastic_nut_0083_NG_HS_C2_20231004110247.jpg,plastic_nut::plastic_nut_0083_NG_HS,2,development,HS,1775.80029296875,1775.80029296875,1775.80029296875,1664.614013671875,1664.614013671875,1664.614013671875,1752.119140625,1752.119140625,1752.119140625
plastic_nut,plastic_nut/NG/HS/S0083/plastic_nut_0083_NG_HS_C3_20231004110247.jpg,plastic_nut::plastic_nut_0083_NG_HS,3,development,HS,1487.44189453125,1487.44189453125,1487.44189453125,1431.01416015625,1431.01416015625,1431.01416015625,1430.88671875,1337.806640625,1337.806640625
plastic_nut,plastic_nut/NG/HS/S0083/plastic_nut_0083_NG_HS_C4_20231004110247.jpg,plastic_nut::plastic_nut_0083_NG_HS,4,development,HS,1759.613525390625,1777.669921875,1759.613525390625,1629.951416015625,1629.951416015625,1629.951416015625,1731.261474609375,1817.737060546875,1731.261474609375
plastic_nut,plastic_nut/NG/HS/S0083/plastic_nut_0083_NG_HS_C5_20231004110247.jpg,plastic_nut::plastic_nut_0083_NG_HS,5,development,HS,2431.3427734375,2431.3427734375,2431.3427734375,1610.61083984375,1610.61083984375,1610.61083984375,2269.51806640625,2269.51806640625,2269.51806640625
plastic_nut,plastic_nut/NG/QS/S0083/plastic_nut_0083_NG_QS_C1_20231004130951.jpg,plastic_nut::plastic_nut_0083_NG_QS,1,development,QS,1426.192138671875,1426.192138671875,1426.192138671875,1711.923828125,1711.923828125,1711.923828125,1365.74609375,1365.74609375,1365.74609375
plastic_nut,plastic_nut/NG/QS/S0083/plastic_nut_0083_NG_QS_C2_20231004130951.jpg,plastic_nut::plastic_nut_0083_NG_QS,2,development,OK,1008.4462890625,948.6416015625,1008.4462890625,1152.9384765625,1152.9384765625,1152.9384765625,1111.39501953125,1193.904296875,1117.30859375
plastic_nut,plastic_nut/NG/QS/S0083/plastic_nut_0083_NG_QS_C3_20231004130951.jpg,plastic_nut::plastic_nut_0083_NG_QS,3,development,QS,1514.763427734375,1514.763427734375,1514.763427734375,1583.8521728515625,1583.8521728515625,1583.8521728515625,1724.346435546875,1641.7265625,1641.7265625
plastic_nut,plastic_nut/NG/QS/S0083/plastic_nut_0083_NG_QS_C4_20231004130951.jpg,plastic_nut::plastic_nut_0083_NG_QS,4,development,QS,1562.73828125,1529.9716796875,1575.85986328125,1584.638671875,1584.638671875,1584.638671875,1779.62744140625,1697.5283203125,1779.62744140625
plastic_nut,plastic_nut/NG/QS/S0083/plastic_nut_0083_NG_QS_C5_20231004130951.jpg,plastic_nut::plastic_nut_0083_NG_QS,5,development,OK,1094.8623046875,1094.8623046875,1094.8623046875,1154.85009765625,1154.85009765625,1154.85009765625,1009.244873046875,1009.244873046875,1009.244873046875
plastic_nut,plastic_nut/NG/AK/S0084/plastic_nut_0084_NG_AK_C1_20231004141752.jpg,plastic_nut::plastic_nut_0084_NG_AK,1,development,OK,1328.869140625,1328.869140625,1328.869140625,1572.4833984375,1572.4833984375,1572.4833984375,1323.71484375,1369.176513671875,1323.71484375
plastic_nut,plastic_nut/NG/AK/S0084/plastic_nut_0084_NG_AK_C2_20231004141752.jpg,plastic_nut::plastic_nut_0084_NG_AK,2,development,AK,1217.85546875,1217.85546875,1217.85546875,1380.595947265625,1380.595947265625,1380.595947265625,1284.615234375,1274.76171875,1403.59130859375
plastic_nut,plastic_nut/NG/AK/S0084/plastic_nut_0084_NG_AK_C3_20231004141752.jpg,plastic_nut::plastic_nut_0084_NG_AK,3,development,OK,1204.302490234375,1204.302490234375,1204.302490234375,916.01220703125,916.01220703125,916.01220703125,1000.0068359375,993.418212890625,1060.51953125
plastic_nut,plastic_nut/NG/AK/S0084/plastic_nut_0084_NG_AK_C4_20231004141752.jpg,plastic_nut::plastic_nut_0084_NG_AK,4,development,OK,1093.07080078125,1146.494140625,1146.08203125,1021.16259765625,1034.4638671875,1021.16259765625,1689.920166015625,1689.920166015625,1694.003173828125
plastic_nut,plastic_nut/NG/AK/S0084/plastic_nut_0084_NG_AK_C5_20231004141752.jpg,plastic_nut::plastic_nut_0084_NG_AK,5,development,AK,1443.971435546875,1443.971435546875,1443.971435546875,1371.485595703125,1371.485595703125,1371.485595703125,1531.2158203125,1531.2158203125,1531.2158203125
plastic_nut,plastic_nut/NG/ZW/S0087/plastic_nut_0087_NG_ZW_C1_20231004100823.jpg,plastic_nut::plastic_nut_0087_NG_ZW,1,development,ZW,1760.08154296875,1677.44287109375,1677.44287109375,1834.142333984375,1834.142333984375,1834.142333984375,1819.994140625,1819.994140625,1537.056884765625
plastic_nut,plastic_nut/NG/ZW/S0087/plastic_nut_0087_NG_ZW_C2_20231004100823.jpg,plastic_nut::plastic_nut_0087_NG_ZW,2,development,ZW,1430.058837890625,1430.058837890625,1425.88916015625,1820.099365234375,1793.822265625,1793.822265625,1742.02734375,1742.02734375,1518.37646484375
plastic_nut,plastic_nut/NG/ZW/S0087/plastic_nut_0087_NG_ZW_C3_20231004100823.jpg,plastic_nut::plastic_nut_0087_NG_ZW,3,development,ZW,1355.10791015625,1424.52197265625,1424.52197265625,1209.203857421875,1209.203857421875,1209.203857421875,1292.744140625,1292.744140625,1292.744140625
plastic_nut,plastic_nut/NG/ZW/S0087/plastic_nut_0087_NG_ZW_C4_20231004100823.jpg,plastic_nut::plastic_nut_0087_NG_ZW,4,development,ZW,1618.998046875,1618.998046875,1618.998046875,1686.93359375,1686.93359375,1686.93359375,1784.902587890625,1784.902587890625,1430.635009765625
plastic_nut,plastic_nut/NG/ZW/S0087/plastic_nut_0087_NG_ZW_C5_20231004100823.jpg,plastic_nut::plastic_nut_0087_NG_ZW,5,development,ZW,1468.127685546875,1468.127685546875,1468.127685546875,1557.2314453125,1557.2314453125,1557.2314453125,1567.75146484375,1567.75146484375,1567.75146484375
plastic_nut,plastic_nut/NG/ZW/S0088/plastic_nut_0088_NG_ZW_C1_20231004100855.jpg,plastic_nut::plastic_nut_0088_NG_ZW,1,development,OK,1334.093505859375,1234.319091796875,1234.319091796875,1228.579833984375,1228.579833984375,1228.579833984375,1259.0537109375,1224.37939453125,1206.31591796875
plastic_nut,plastic_nut/NG/ZW/S0088/plastic_nut_0088_NG_ZW_C2_20231004100855.jpg,plastic_nut::plastic_nut_0088_NG_ZW,2,development,ZW,1514.458740234375,1514.458740234375,1514.458740234375,1485.593505859375,1485.593505859375,1485.593505859375,1372.947021484375,1372.947021484375,1372.947021484375
plastic_nut,plastic_nut/NG/ZW/S0088/plastic_nut_0088_NG_ZW_C3_20231004100855.jpg,plastic_nut::plastic_nut_0088_NG_ZW,3,development,ZW,1193.591064453125,1361.708740234375,1361.708740234375,1169.4716796875,1169.4716796875,1169.4716796875,1157.67578125,1157.67578125,1153.146728515625
plastic_nut,plastic_nut/NG/ZW/S0088/plastic_nut_0088_NG_ZW_C4_20231004100855.jpg,plastic_nut::plastic_nut_0088_NG_ZW,4,development,OK,1116.620849609375,1116.620849609375,1116.620849609375,1054.636962890625,1039.700439453125,1039.700439453125,1095.4345703125,1090.967041015625,1095.4345703125
plastic_nut,plastic_nut/NG/ZW/S0088/plastic_nut_0088_NG_ZW_C5_20231004100855.jpg,plastic_nut::plastic_nut_0088_NG_ZW,5,development,OK,1131.864013671875,1131.864013671875,1131.864013671875,1278.279296875,1278.279296875,1278.279296875,1175.472900390625,1175.472900390625,1175.472900390625
plastic_nut,plastic_nut/OK/S0088/plastic_nut_0088_OK_C1_20230930132016.jpg,plastic_nut::plastic_nut_0088_OK,1,development,OK,1133.937744140625,1089.682861328125,1069.28466796875,1102.557373046875,1102.557373046875,1102.557373046875,1221.07568359375,1221.07568359375,1177.81982421875
plastic_nut,plastic_nut/OK/S0088/plastic_nut_0088_OK_C2_20230930132016.jpg,plastic_nut::plastic_nut_0088_OK,2,development,OK,1052.7001953125,1041.875244140625,975.18115234375,933.16796875,896.3583984375,962.69140625,886.916259765625,861.667236328125,937.361572265625
plastic_nut,plastic_nut/OK/S0088/plastic_nut_0088_OK_C3_20230930132016.jpg,plastic_nut::plastic_nut_0088_OK,3,development,OK,1101.98681640625,1165.254150390625,1165.254150390625,1195.43994140625,1195.43994140625,1195.43994140625,840.812744140625,840.812744140625,840.812744140625
plastic_nut,plastic_nut/OK/S0088/plastic_nut_0088_OK_C4_20230930132016.jpg,plastic_nut::plastic_nut_0088_OK,4,development,OK,1067.8876953125,1114.146728515625,1067.8876953125,1040.775146484375,1040.775146484375,1040.775146484375,831.577392578125,831.577392578125,871.431640625
plastic_nut,plastic_nut/OK/S0088/plastic_nut_0088_OK_C5_20230930132016.jpg,plastic_nut::plastic_nut_0088_OK,5,development,OK,849.083984375,905.0126953125,865.318359375,1230.181396484375,1230.181396484375,1230.181396484375,1538.47216796875,1538.47216796875,1449.421875
plastic_nut,plastic_nut/NG/ZW/S0089/plastic_nut_0089_NG_ZW_C1_20231004101057.jpg,plastic_nut::plastic_nut_0089_NG_ZW,1,development,OK,1444.46826171875,1444.46826171875,1444.46826171875,1526.386474609375,1526.386474609375,1526.386474609375,1447.41064453125,1499.78564453125,1499.78564453125
plastic_nut,plastic_nut/NG/ZW/S0089/plastic_nut_0089_NG_ZW_C2_20231004101057.jpg,plastic_nut::plastic_nut_0089_NG_ZW,2,development,OK,852.93115234375,852.93115234375,852.93115234375,1021.0224609375,1089.04541015625,1085.106201171875,931.2001953125,931.2001953125,931.2001953125
plastic_nut,plastic_nut/NG/ZW/S0089/plastic_nut_0089_NG_ZW_C3_20231004101057.jpg,plastic_nut::plastic_nut_0089_NG_ZW,3,development,OK,1101.353271484375,1240.81494140625,1240.81494140625,1093.217041015625,1093.217041015625,1093.217041015625,1122.359619140625,1046.74462890625,1046.74462890625
plastic_nut,plastic_nut/NG/ZW/S0089/plastic_nut_0089_NG_ZW_C4_20231004101057.jpg,plastic_nut::plastic_nut_0089_NG_ZW,4,development,ZW,1873.608642578125,1873.608642578125,1873.608642578125,1854.03857421875,1854.03857421875,1854.03857421875,1643.029052734375,1643.029052734375,1643.029052734375
plastic_nut,plastic_nut/NG/ZW/S0089/plastic_nut_0089_NG_ZW_C5_20231004101057.jpg,plastic_nut::plastic_nut_0089_NG_ZW,5,development,ZW,1983.312255859375,1983.312255859375,2047.0498046875,2039.306396484375,2039.306396484375,2039.306396484375,1798.25634765625,1798.25634765625,1798.25634765625
plastic_nut,plastic_nut/NG/AK/S0091/plastic_nut_0091_NG_AK_C1_20231004142003.jpg,plastic_nut::plastic_nut_0091_NG_AK,1,development,OK,1347.396484375,1389.759765625,1389.759765625,1511.58154296875,1511.58154296875,1511.58154296875,1371.24267578125,1371.24267578125,1371.24267578125
plastic_nut,plastic_nut/NG/AK/S0091/plastic_nut_0091_NG_AK_C2_20231004142003.jpg,plastic_nut::plastic_nut_0091_NG_AK,2,development,AK,1323.691162109375,1323.691162109375,1323.691162109375,1144.813232421875,1202.2236328125,1144.813232421875,1315.332763671875,1333.335205078125,1310.4072265625
plastic_nut,plastic_nut/NG/AK/S0091/plastic_nut_0091_NG_AK_C3_20231004142003.jpg,plastic_nut::plastic_nut_0091_NG_AK,3,development,OK,1180.623291015625,1362.783203125,1362.783203125,1047.68359375,1047.68359375,1047.68359375,1041.48974609375,1041.48974609375,1041.48974609375
plastic_nut,plastic_nut/NG/AK/S0091/plastic_nut_0091_NG_AK_C4_20231004142003.jpg,plastic_nut::plastic_nut_0091_NG_AK,4,development,OK,1339.0419921875,1339.0419921875,1339.0419921875,1471.755615234375,1471.755615234375,1471.755615234375,1668.97314453125,1689.658203125,1668.97314453125
plastic_nut,plastic_nut/NG/AK/S0091/plastic_nut_0091_NG_AK_C5_20231004142003.jpg,plastic_nut::plastic_nut_0091_NG_AK,5,development,AK,1694.9189453125,1694.9189453125,1694.9189453125,1541.869384765625,1541.869384765625,1541.869384765625,1532.30908203125,1505.0185546875,1505.0185546875
plastic_nut,plastic_nut/NG/HS/S0092/plastic_nut_0092_NG_HS_C1_20231004110500.jpg,plastic_nut::plastic_nut_0092_NG_HS,1,development,HS,2236.66845703125,2236.66845703125,2236.66845703125,1957.61279296875,1957.61279296875,1957.61279296875,1797.9384765625,1797.9384765625,1797.9384765625
plastic_nut,plastic_nut/NG/HS/S0092/plastic_nut_0092_NG_HS_C2_20231004110500.jpg,plastic_nut::plastic_nut_0092_NG_HS,2,development,HS,1416.599609375,1416.599609375,1416.599609375,1370.56396484375,1370.56396484375,1370.56396484375,1200.699462890625,1200.699462890625,1200.699462890625
plastic_nut,plastic_nut/NG/HS/S0092/plastic_nut_0092_NG_HS_C3_20231004110500.jpg,plastic_nut::plastic_nut_0092_NG_HS,3,development,OK,1282.210693359375,1393.724609375,1393.724609375,1334.48876953125,1334.48876953125,1334.48876953125,1179.77978515625,1179.77978515625,1179.77978515625
plastic_nut,plastic_nut/NG/HS/S0092/plastic_nut_0092_NG_HS_C4_20231004110500.jpg,plastic_nut::plastic_nut_0092_NG_HS,4,development,HS,1379.3466796875,1276.21484375,1276.21484375,1150.304443359375,1150.304443359375,1150.304443359375,1776.388671875,1801.0400390625,1776.388671875
plastic_nut,plastic_nut/NG/HS/S0092/plastic_nut_0092_NG_HS_C5_20231004110500.jpg,plastic_nut::plastic_nut_0092_NG_HS,5,development,HS,1724.333984375,1724.333984375,1689.50439453125,1327.84375,1327.84375,1335.06494140625,1256.1318359375,1256.1318359375,1256.1318359375
plastic_nut,plastic_nut/NG/AK/S0093/plastic_nut_0093_NG_AK_C1_20231004142024.jpg,plastic_nut::plastic_nut_0093_NG_AK,1,development,OK,1645.6431884765625,1645.6431884765625,1645.6431884765625,1597.306640625,1587.314208984375,1587.314208984375,1682.2662353515625,1682.2662353515625,1682.2662353515625
plastic_nut,plastic_nut/NG/AK/S0093/plastic_nut_0093_NG_AK_C2_20231004142024.jpg,plastic_nut::plastic_nut_0093_NG_AK,2,development,OK,1542.6895751953125,1588.3546142578125,1588.3546142578125,1425.40869140625,1425.40869140625,1425.40869140625,1412.872314453125,1412.872314453125,1412.872314453125
plastic_nut,plastic_nut/NG/AK/S0093/plastic_nut_0093_NG_AK_C3_20231004142024.jpg,plastic_nut::plastic_nut_0093_NG_AK,3,development,OK,1324.639892578125,1324.639892578125,1324.639892578125,1153.402099609375,1153.402099609375,1153.402099609375,1383.694580078125,1383.694580078125,1383.694580078125
plastic_nut,plastic_nut/NG/AK/S0093/plastic_nut_0093_NG_AK_C4_20231004142024.jpg,plastic_nut::plastic_nut_0093_NG_AK,4,development,AK,1552.282958984375,1575.9537353515625,1575.9537353515625,1582.240234375,1582.240234375,1582.240234375,1823.4580078125,1785.42529296875,1854.3359375
plastic_nut,plastic_nut/NG/AK/S0093/plastic_nut_0093_NG_AK_C5_20231004142024.jpg,plastic_nut::plastic_nut_0093_NG_AK,5,development,AK,1055.50146484375,1027.3388671875,1076.9111328125,1115.455078125,1115.455078125,1115.455078125,1040.150390625,1040.150390625,1049.445556640625
plastic_nut,plastic_nut/NG/HS/S0094/plastic_nut_0094_NG_HS_C1_20231004110525.jpg,plastic_nut::plastic_nut_0094_NG_HS,1,development,OK,1561.948486328125,1561.948486328125,1561.948486328125,1396.901123046875,1396.901123046875,1396.901123046875,1748.892333984375,1817.0726318359375,1762.1263427734375
plastic_nut,plastic_nut/NG/HS/S0094/plastic_nut_0094_NG_HS_C2_20231004110525.jpg,plastic_nut::plastic_nut_0094_NG_HS,2,development,OK,1058.145751953125,1058.145751953125,1058.145751953125,1218.3173828125,1218.3173828125,1218.3173828125,1053.214111328125,1053.214111328125,1235.822265625
plastic_nut,plastic_nut/NG/HS/S0094/plastic_nut_0094_NG_HS_C3_20231004110525.jpg,plastic_nut::plastic_nut_0094_NG_HS,3,development,OK,1323.513916015625,1484.119140625,1484.119140625,1041.453125,1041.453125,1041.453125,1136.90673828125,1136.90673828125,1136.90673828125
plastic_nut,plastic_nut/NG/HS/S0094/plastic_nut_0094_NG_HS_C4_20231004110525.jpg,plastic_nut::plastic_nut_0094_NG_HS,4,development,HS,1451.47705078125,1561.781982421875,1451.47705078125,1316.2666015625,1316.2666015625,1316.2666015625,1747.790283203125,1763.27978515625,1766.040283203125
plastic_nut,plastic_nut/NG/HS/S0094/plastic_nut_0094_NG_HS_C5_20231004110525.jpg,plastic_nut::plastic_nut_0094_NG_HS,5,development,HS,1721.62060546875,1531.780517578125,1531.780517578125,1378.9580078125,1406.64404296875,1406.64404296875,1380.769775390625,1380.769775390625,1399.97802734375
plastic_nut,plastic_nut/NG/QS/S0094/plastic_nut_0094_NG_QS_C1_20231004131153.jpg,plastic_nut::plastic_nut_0094_NG_QS,1,development,OK,1428.7880859375,1547.53076171875,1456.728515625,1612.534912109375,1612.534912109375,1612.534912109375,1441.77978515625,1395.7647705078125,1406.47802734375
plastic_nut,plastic_nut/NG/QS/S0094/plastic_nut_0094_NG_QS_C2_20231004131153.jpg,plastic_nut::plastic_nut_0094_NG_QS,2,development,OK,991.26123046875,1016.219482421875,1016.219482421875,981.8486328125,981.8486328125,981.8486328125,968.407470703125,968.407470703125,998.51904296875
plastic_nut,plastic_nut/NG/QS/S0094/plastic_nut_0094_NG_QS_C3_20231004131153.jpg,plastic_nut::plastic_nut_0094_NG_QS,3,development,OK,1327.19921875,1327.19921875,1327.19921875,1282.664306640625,1282.664306640625,1282.664306640625,1230.978271484375,1187.992919921875,1187.992919921875
plastic_nut,plastic_nut/NG/QS/S0094/plastic_nut_0094_NG_QS_C4_20231004131153.jpg,plastic_nut::plastic_nut_0094_NG_QS,4,development,QS,1421.165283203125,1421.165283203125,1421.165283203125,1561.28662109375,1561.28662109375,1561.28662109375,1668.16845703125,1709.462646484375,1695.890380859375
plastic_nut,plastic_nut/NG/QS/S0094/plastic_nut_0094_NG_QS_C5_20231004131153.jpg,plastic_nut::plastic_nut_0094_NG_QS,5,development,OK,1415.69873046875,1475.794921875,1398.7880859375,1287.9306640625,1287.9306640625,1287.9306640625,1029.08203125,1029.08203125,1150.561767578125
plastic_nut,plastic_nut/NG/HS/S0095/plastic_nut_0095_NG_HS_C1_20231004110533.jpg,plastic_nut::plastic_nut_0095_NG_HS,1,development,OK,1833.705078125,1948.11767578125,1833.705078125,1745.680908203125,1727.884765625,1693.38525390625,1887.59765625,1864.8292236328125,1864.8292236328125
plastic_nut,plastic_nut/NG/HS/S0095/plastic_nut_0095_NG_HS_C2_20231004110533.jpg,plastic_nut::plastic_nut_0095_NG_HS,2,development,OK,1248.64892578125,1248.64892578125,1248.64892578125,1381.502197265625,1381.502197265625,1381.502197265625,1238.352294921875,1238.352294921875,1238.352294921875
plastic_nut,plastic_nut/NG/HS/S0095/plastic_nut_0095_NG_HS_C3_20231004110533.jpg,plastic_nut::plastic_nut_0095_NG_HS,3,development,HS,2029.408447265625,1993.3289794921875,1993.3289794921875,1823.803955078125,1829.00732421875,1829.00732421875,1718.837646484375,1718.837646484375,1718.837646484375
plastic_nut,plastic_nut/NG/HS/S0095/plastic_nut_0095_NG_HS_C4_20231004110533.jpg,plastic_nut::plastic_nut_0095_NG_HS,4,development,OK,1194.966796875,1194.966796875,1201.3623046875,2145.46630859375,2145.46630859375,2133.800048828125,2200.3369140625,2233.19921875,2200.3369140625
plastic_nut,plastic_nut/NG/HS/S0095/plastic_nut_0095_NG_HS_C5_20231004110533.jpg,plastic_nut::plastic_nut_0095_NG_HS,5,development,OK,1215.32080078125,1421.23095703125,1421.23095703125,1272.89453125,1346.499267578125,1272.89453125,1336.7314453125,1336.7314453125,1362.5927734375
plastic_nut,plastic_nut/OK/S0095/plastic_nut_0095_OK_C1_20230930132328.jpg,plastic_nut::plastic_nut_0095_OK,1,development,OK,1107.81494140625,1107.81494140625,1173.09130859375,1025.6162109375,1025.6162109375,1025.6162109375,1148.880859375,1160.513671875,1166.43115234375
plastic_nut,plastic_nut/OK/S0095/plastic_nut_0095_OK_C2_20230930132328.jpg,plastic_nut::plastic_nut_0095_OK,2,development,OK,1017.043701171875,1017.043701171875,1017.043701171875,1097.947265625,1097.947265625,1097.947265625,1096.40771484375,1096.40771484375,1096.40771484375
plastic_nut,plastic_nut/OK/S0095/plastic_nut_0095_OK_C3_20230930132328.jpg,plastic_nut::plastic_nut_0095_OK,3,development,OK,890.691162109375,923.51416015625,930.717529296875,1094.23388671875,1094.23388671875,1094.23388671875,1279.7412109375,1279.7412109375,1279.7412109375
plastic_nut,plastic_nut/OK/S0095/plastic_nut_0095_OK_C4_20230930132328.jpg,plastic_nut::plastic_nut_0095_OK,4,development,OK,1204.997802734375,1204.997802734375,1204.997802734375,1154.22021484375,1154.22021484375,1154.22021484375,1152.9306640625,1152.9306640625,1152.9306640625
plastic_nut,plastic_nut/OK/S0095/plastic_nut_0095_OK_C5_20230930132328.jpg,plastic_nut::plastic_nut_0095_OK,5,development,OK,1097.99853515625,1212.94775390625,1212.94775390625,1098.572021484375,1147.330078125,1147.330078125,1176.95654296875,1176.95654296875,1176.95654296875
plastic_nut,plastic_nut/OK/S0096/plastic_nut_0096_OK_C1_20230930132414.jpg,plastic_nut::plastic_nut_0096_OK,1,development,OK,1364.5712890625,1364.5712890625,1364.5712890625,1228.744873046875,1228.744873046875,1227.630859375,1613.453369140625,1613.453369140625,1613.453369140625
plastic_nut,plastic_nut/OK/S0096/plastic_nut_0096_OK_C2_20230930132414.jpg,plastic_nut::plastic_nut_0096_OK,2,development,OK,1275.4716796875,1216.063232421875,1275.4716796875,1082.41259765625,1082.41259765625,1082.41259765625,1165.37158203125,1169.47998046875,1227.13232421875
plastic_nut,plastic_nut/OK/S0096/plastic_nut_0096_OK_C3_20230930132414.jpg,plastic_nut::plastic_nut_0096_OK,3,development,OK,864.134765625,874.052001953125,843.72607421875,1003.6181640625,1003.6181640625,1003.6181640625,1084.88671875,1084.88671875,1084.88671875
plastic_nut,plastic_nut/OK/S0096/plastic_nut_0096_OK_C4_20230930132414.jpg,plastic_nut::plastic_nut_0096_OK,4,development,OK,1118.85205078125,1118.85205078125,1189.6689453125,955.014892578125,1026.21142578125,955.014892578125,1014.52001953125,1014.52001953125,1014.52001953125
plastic_nut,plastic_nut/OK/S0096/plastic_nut_0096_OK_C5_20230930132414.jpg,plastic_nut::plastic_nut_0096_OK,5,development,OK,951.06884765625,964.800048828125,951.06884765625,1300.01025390625,1300.01025390625,1300.01025390625,913.52490234375,913.52490234375,913.52490234375
plastic_nut,plastic_nut/NG/QS/S0097/plastic_nut_0097_NG_QS_C1_20231004131224.jpg,plastic_nut::plastic_nut_0097_NG_QS,1,development,OK,1237.0947265625,1237.0947265625,1237.0947265625,1536.662109375,1536.662109375,1536.662109375,1526.99658203125,1484.83837890625,1526.99658203125
plastic_nut,plastic_nut/NG/QS/S0097/plastic_nut_0097_NG_QS_C2_20231004131224.jpg,plastic_nut::plastic_nut_0097_NG_QS,2,development,OK,1258.421630859375,1258.421630859375,1323.29833984375,990.74267578125,990.74267578125,990.74267578125,1119.318359375,1123.408203125,1119.318359375
plastic_nut,plastic_nut/NG/QS/S0097/plastic_nut_0097_NG_QS_C3_20231004131224.jpg,plastic_nut::plastic_nut_0097_NG_QS,3,development,QS,1306.875,1361.3037109375,1361.3037109375,1007.8681640625,948.2724609375,983.62255859375,999.552734375,999.552734375,999.552734375
plastic_nut,plastic_nut/NG/QS/S0097/plastic_nut_0097_NG_QS_C4_20231004131224.jpg,plastic_nut::plastic_nut_0097_NG_QS,4,development,QS,1341.605224609375,1341.605224609375,1341.605224609375,1483.630615234375,1483.630615234375,1483.630615234375,1703.2265625,1759.035888671875,1813.1142578125
plastic_nut,plastic_nut/NG/QS/S0097/plastic_nut_0097_NG_QS_C5_20231004131224.jpg,plastic_nut::plastic_nut_0097_NG_QS,5,development,OK,927.87841796875,927.87841796875,927.87841796875,1007.929443359375,1007.929443359375,1007.929443359375,1084.65673828125,1084.65673828125,1084.65673828125
plastic_nut,plastic_nut/NG/ZW/S0097/plastic_nut_0097_NG_ZW_C1_20231004101231.jpg,plastic_nut::plastic_nut_0097_NG_ZW,1,development,OK,1372.9237060546875,1372.9237060546875,1372.9237060546875,1407.150634765625,1407.150634765625,1407.150634765625,1579.283203125,1579.283203125,1573.2220458984375
plastic_nut,plastic_nut/NG/ZW/S0097/plastic_nut_0097_NG_ZW_C2_20231004101231.jpg,plastic_nut::plastic_nut_0097_NG_ZW,2,development,OK,1075.15869140625,1075.15869140625,1075.15869140625,1104.5732421875,1104.5732421875,1104.5732421875,1235.0634765625,1235.0634765625,1235.0634765625
plastic_nut,plastic_nut/NG/ZW/S0097/plastic_nut_0097_NG_ZW_C3_20231004101231.jpg,plastic_nut::plastic_nut_0097_NG_ZW,3,development,OK,1410.756103515625,1508.538818359375,1520.798828125,1167.3876953125,1167.3876953125,1167.3876953125,1073.12353515625,1073.12353515625,1073.12353515625
plastic_nut,plastic_nut/NG/ZW/S0097/plastic_nut_0097_NG_ZW_C4_20231004101231.jpg,plastic_nut::plastic_nut_0097_NG_ZW,4,development,ZW,1667.579345703125,1656.49951171875,1656.49951171875,1587.21337890625,1587.21337890625,1587.21337890625,1527.4906005859375,1527.4906005859375,1527.4906005859375
plastic_nut,plastic_nut/NG/ZW/S0097/plastic_nut_0097_NG_ZW_C5_20231004101231.jpg,plastic_nut::plastic_nut_0097_NG_ZW,5,development,ZW,1804.968017578125,1804.968017578125,1804.968017578125,1340.14306640625,1340.14306640625,1340.14306640625,1561.2421875,1561.2421875,1561.2421875
plastic_nut,plastic_nut/NG/QS/S0098/plastic_nut_0098_NG_QS_C1_20231004131240.jpg,plastic_nut::plastic_nut_0098_NG_QS,1,development,OK,1232.436767578125,1232.436767578125,1232.436767578125,1554.953125,1554.953125,1554.953125,1313.088623046875,1313.088623046875,1313.088623046875
plastic_nut,plastic_nut/NG/QS/S0098/plastic_nut_0098_NG_QS_C2_20231004131240.jpg,plastic_nut::plastic_nut_0098_NG_QS,2,development,QS,1292.8837890625,1292.8837890625,1292.8837890625,1338.887939453125,1338.887939453125,1338.887939453125,1104.636962890625,1104.636962890625,1040.316650390625
plastic_nut,plastic_nut/NG/QS/S0098/plastic_nut_0098_NG_QS_C3_20231004131240.jpg,plastic_nut::plastic_nut_0098_NG_QS,3,development,QS,1124.106201171875,1162.099609375,1162.099609375,1184.1748046875,1184.1748046875,1184.1748046875,1156.89892578125,1156.89892578125,1156.89892578125
plastic_nut,plastic_nut/NG/QS/S0098/plastic_nut_0098_NG_QS_C4_20231004131240.jpg,plastic_nut::plastic_nut_0098_NG_QS,4,development,OK,1285.024169921875,1285.024169921875,1285.024169921875,1413.256103515625,1413.256103515625,1413.256103515625,1710.4345703125,1710.4345703125,1751.066650390625
plastic_nut,plastic_nut/NG/QS/S0098/plastic_nut_0098_NG_QS_C5_20231004131240.jpg,plastic_nut::plastic_nut_0098_NG_QS,5,development,OK,1162.12890625,1162.12890625,1162.12890625,1273.931396484375,1273.931396484375,1273.931396484375,1122.75634765625,1122.75634765625,1307.746337890625
plastic_nut,plastic_nut/NG/HS/S0099/plastic_nut_0099_NG_HS_C1_20231004110614.jpg,plastic_nut::plastic_nut_0099_NG_HS,1,development,OK,1196.9765625,1204.757568359375,1204.757568359375,1203.0849609375,1203.0849609375,1203.0849609375,1341.16796875,1341.16796875,1341.16796875
plastic_nut,plastic_nut/NG/HS/S0099/plastic_nut_0099_NG_HS_C2_20231004110614.jpg,plastic_nut::plastic_nut_0099_NG_HS,2,development,HS,1310.87646484375,1447.93994140625,1341.614990234375,1158.18408203125,1158.18408203125,1158.18408203125,1066.28759765625,1066.28759765625,1066.28759765625
plastic_nut,plastic_nut/NG/HS/S0099/plastic_nut_0099_NG_HS_C3_20231004110614.jpg,plastic_nut::plastic_nut_0099_NG_HS,3,development,OK,1296.3291015625,1296.3291015625,1296.3291015625,1051.265380859375,1051.265380859375,1018.917724609375,1184.602294921875,1174.03662109375,1184.602294921875
plastic_nut,plastic_nut/NG/HS/S0099/plastic_nut_0099_NG_HS_C4_20231004110614.jpg,plastic_nut::plastic_nut_0099_NG_HS,4,development,OK,1395.421875,1328.396240234375,1328.396240234375,1057.2138671875,1023.02587890625,1124.257568359375,1653.965087890625,1674.012939453125,1653.965087890625
plastic_nut,plastic_nut/NG/HS/S0099/plastic_nut_0099_NG_HS_C5_20231004110614.jpg,plastic_nut::plastic_nut_0099_NG_HS,5,development,HS,1499.22509765625,1521.93701171875,1521.93701171875,1269.7646484375,1269.7646484375,1269.7646484375,1287.248291015625,1287.248291015625,1287.248291015625
plastic_nut,plastic_nut/NG/HS/S0101/plastic_nut_0101_NG_HS_C1_20231004110914.jpg,plastic_nut::plastic_nut_0101_NG_HS,1,development,OK,1318.864501953125,1318.864501953125,1318.864501953125,1289.341552734375,1289.341552734375,1289.341552734375,1362.4375,1362.4375,1321.39501953125
plastic_nut,plastic_nut/NG/HS/S0101/plastic_nut_0101_NG_HS_C2_20231004110914.jpg,plastic_nut::plastic_nut_0101_NG_HS,2,development,OK,1204.5234375,1231.084716796875,1302.841552734375,1327.00146484375,1327.00146484375,1327.00146484375,1306.7841796875,1297.035400390625,1297.035400390625
plastic_nut,plastic_nut/NG/HS/S0101/plastic_nut_0101_NG_HS_C3_20231004110914.jpg,plastic_nut::plastic_nut_0101_NG_HS,3,development,HS,1883.342529296875,1828.409423828125,1875.389892578125,1650.7236328125,1650.7236328125,1650.7236328125,1533.76708984375,1552.50390625,1533.76708984375
plastic_nut,plastic_nut/NG/HS/S0101/plastic_nut_0101_NG_HS_C4_20231004110914.jpg,plastic_nut::plastic_nut_0101_NG_HS,4,development,HS,2060.14013671875,2060.14013671875,2095.32861328125,1904.683837890625,1904.683837890625,1904.683837890625,1794.105224609375,1768.78173828125,1768.78173828125
plastic_nut,plastic_nut/NG/HS/S0101/plastic_nut_0101_NG_HS_C5_20231004110914.jpg,plastic_nut::plastic_nut_0101_NG_HS,5,development,OK,1271.62060546875,1262.64404296875,1262.64404296875,1479.70703125,1479.70703125,1479.70703125,1410.026123046875,1410.026123046875,1439.71044921875
plastic_nut,plastic_nut/NG/ZW/S0101/plastic_nut_0101_NG_ZW_C1_20231004101304.jpg,plastic_nut::plastic_nut_0101_NG_ZW,1,development,OK,1537.803466796875,1459.349365234375,1459.349365234375,1557.028076171875,1557.028076171875,1557.028076171875,1408.419189453125,1323.72705078125,1323.72705078125
plastic_nut,plastic_nut/NG/ZW/S0101/plastic_nut_0101_NG_ZW_C2_20231004101304.jpg,plastic_nut::plastic_nut_0101_NG_ZW,2,development,OK,1351.35693359375,1360.85546875,1263.91796875,1315.75732421875,1315.75732421875,1315.75732421875,1090.9462890625,1090.9462890625,1090.9462890625
plastic_nut,plastic_nut/NG/ZW/S0101/plastic_nut_0101_NG_ZW_C3_20231004101304.jpg,plastic_nut::plastic_nut_0101_NG_ZW,3,development,OK,1194.693603515625,1145.044677734375,1180.22509765625,927.327880859375,959.88916015625,959.88916015625,998.32763671875,998.32763671875,998.32763671875
plastic_nut,plastic_nut/NG/ZW/S0101/plastic_nut_0101_NG_ZW_C4_20231004101304.jpg,plastic_nut::plastic_nut_0101_NG_ZW,4,development,ZW,1884.4857177734375,1924.80908203125,1924.80908203125,1934.1044921875,1934.1044921875,1934.1044921875,1704.17626953125,1704.17626953125,1704.17626953125
plastic_nut,plastic_nut/NG/ZW/S0101/plastic_nut_0101_NG_ZW_C5_20231004101304.jpg,plastic_nut::plastic_nut_0101_NG_ZW,5,development,ZW,1913.8182373046875,1913.8182373046875,1913.8182373046875,1697.52978515625,1697.52978515625,1697.52978515625,1610.5107421875,1610.5107421875,1620.21630859375
plastic_nut,plastic_nut/NG/AK/S0102/plastic_nut_0102_NG_AK_C1_20231004142225.jpg,plastic_nut::plastic_nut_0102_NG_AK,1,development,OK,1165.32373046875,1165.32373046875,1165.32373046875,1410.34375,1410.34375,1410.34375,1143.58740234375,1334.933837890625,1143.58740234375
plastic_nut,plastic_nut/NG/AK/S0102/plastic_nut_0102_NG_AK_C2_20231004142225.jpg,plastic_nut::plastic_nut_0102_NG_AK,2,development,OK,1388.58935546875,1388.58935546875,1388.58935546875,1038.493896484375,1038.493896484375,1038.493896484375,1009.49853515625,1009.49853515625,1106.85888671875
plastic_nut,plastic_nut/NG/AK/S0102/plastic_nut_0102_NG_AK_C3_20231004142225.jpg,plastic_nut::plastic_nut_0102_NG_AK,3,development,OK,1188.22607421875,1317.78955078125,1320.422607421875,998.575439453125,995.7421875,995.7421875,1006.488525390625,1006.488525390625,1006.488525390625
plastic_nut,plastic_nut/NG/AK/S0102/plastic_nut_0102_NG_AK_C4_20231004142225.jpg,plastic_nut::plastic_nut_0102_NG_AK,4,development,OK,1389.89697265625,1302.2109375,1281.4794921875,1631.86962890625,1631.86962890625,1631.86962890625,1530.4189453125,1655.71826171875,1655.71826171875
plastic_nut,plastic_nut/NG/AK/S0102/plastic_nut_0102_NG_AK_C5_20231004142225.jpg,plastic_nut::plastic_nut_0102_NG_AK,5,development,AK,1173.634521484375,1173.634521484375,1091.69775390625,1044.289794921875,1044.289794921875,1118.9755859375,1001.780517578125,973.4873046875,1069.836181640625
plastic_nut,plastic_nut/NG/HS/S0102/plastic_nut_0102_NG_HS_C1_20231004110923.jpg,plastic_nut::plastic_nut_0102_NG_HS,1,development,OK,1404.547119140625,1473.7435302734375,1416.697021484375,1380.669677734375,1366.831298828125,1366.831298828125,1519.80078125,1519.80078125,1519.80078125
plastic_nut,plastic_nut/NG/HS/S0102/plastic_nut_0102_NG_HS_C2_20231004110923.jpg,plastic_nut::plastic_nut_0102_NG_HS,2,development,HS,1808.705322265625,1798.537841796875,1835.53955078125,1919.0341796875,1919.0341796875,1919.0341796875,1795.348388671875,1795.348388671875,1854.59619140625
plastic_nut,plastic_nut/NG/HS/S0102/plastic_nut_0102_NG_HS_C3_20231004110923.jpg,plastic_nut::plastic_nut_0102_NG_HS,3,development,HS,1332.622314453125,1466.0068359375,1466.0068359375,1040.445068359375,1040.445068359375,974.22412109375,1103.315185546875,1103.315185546875,1103.315185546875
plastic_nut,plastic_nut/NG/HS/S0102/plastic_nut_0102_NG_HS_C4_20231004110923.jpg,plastic_nut::plastic_nut_0102_NG_HS,4,development,OK,1144.515380859375,1144.515380859375,1198.22998046875,1060.18359375,1018.8980712890625,1083.02392578125,1667.873779296875,1765.781494140625,1667.873779296875
plastic_nut,plastic_nut/NG/HS/S0102/plastic_nut_0102_NG_HS_C5_20231004110923.jpg,plastic_nut::plastic_nut_0102_NG_HS,5,development,OK,1028.26513671875,1058.85791015625,1109.479248046875,1064.221923828125,1064.221923828125,1064.221923828125,1086.311767578125,1086.311767578125,1086.311767578125
plastic_nut,plastic_nut/NG/AK/S0103/plastic_nut_0103_NG_AK_C1_20231004142235.jpg,plastic_nut::plastic_nut_0103_NG_AK,1,development,OK,1260.458984375,1260.458984375,1211.161865234375,1455.54638671875,1455.54638671875,1455.54638671875,1210.2412109375,1357.79541015625,1210.2412109375
plastic_nut,plastic_nut/NG/AK/S0103/plastic_nut_0103_NG_AK_C2_20231004142235.jpg,plastic_nut::plastic_nut_0103_NG_AK,2,development,OK,1042.759033203125,1042.759033203125,1053.959716796875,980.94970703125,902.728759765625,980.94970703125,900.447265625,935.77392578125,900.447265625
plastic_nut,plastic_nut/NG/AK/S0103/plastic_nut_0103_NG_AK_C3_20231004142235.jpg,plastic_nut::plastic_nut_0103_NG_AK,3,development,OK,1189.510986328125,1366.295654296875,1366.295654296875,986.9697265625,986.9697265625,986.9697265625,952.24169921875,962.73095703125,962.73095703125
plastic_nut,plastic_nut/NG/AK/S0103/plastic_nut_0103_NG_AK_C4_20231004142235.jpg,plastic_nut::plastic_nut_0103_NG_AK,4,development,AK,1289.776611328125,1287.761962890625,1287.761962890625,1449.65380859375,1397.968505859375,1449.65380859375,1612.994140625,1612.994140625,1654.71533203125
plastic_nut,plastic_nut/NG/AK/S0103/plastic_nut_0103_NG_AK_C5_20231004142235.jpg,plastic_nut::plastic_nut_0103_NG_AK,5,development,AK,1826.75,1786.903076171875,1786.903076171875,2153.055908203125,2153.055908203125,2153.055908203125,2117.022705078125,2106.0185546875,2096.20068359375
plastic_nut,plastic_nut/NG/HS/S0104/plastic_nut_0104_NG_HS_C1_20231004110941.jpg,plastic_nut::plastic_nut_0104_NG_HS,1,development,OK,1153.320556640625,1153.320556640625,1153.320556640625,1806.6102294921875,1806.6102294921875,1806.6102294921875,1774.728271484375,1733.009765625,1739.95654296875
plastic_nut,plastic_nut/NG/HS/S0104/plastic_nut_0104_NG_HS_C2_20231004110941.jpg,plastic_nut::plastic_nut_0104_NG_HS,2,development,OK,1112.149169921875,1112.149169921875,1112.149169921875,1122.4404296875,1122.4404296875,1122.4404296875,961.694580078125,961.694580078125,1175.6376953125
plastic_nut,plastic_nut/NG/HS/S0104/plastic_nut_0104_NG_HS_C3_20231004110941.jpg,plastic_nut::plastic_nut_0104_NG_HS,3,development,OK,1304.244873046875,1379.73583984375,1414.7861328125,1072.99267578125,1072.99267578125,1072.99267578125,972.28271484375,979.195068359375,979.195068359375
plastic_nut,plastic_nut/NG/HS/S0104/plastic_nut_0104_NG_HS_C4_20231004110941.jpg,plastic_nut::plastic_nut_0104_NG_HS,4,development,OK,1362.9453125,1182.443359375,1216.1181640625,1506.052001953125,1443.173095703125,1506.052001953125,1734.529541015625,1758.36865234375,1734.529541015625
plastic_nut,plastic_nut/NG/HS/S0104/plastic_nut_0104_NG_HS_C5_20231004110941.jpg,plastic_nut::plastic_nut_0104_NG_HS,5,development,HS,1587.27880859375,1587.27880859375,1587.27880859375,1442.581298828125,1498.23046875,1442.396484375,1498.865234375,1498.865234375,1498.865234375
plastic_nut,plastic_nut/NG/HS/S0105/plastic_nut_0105_NG_HS_C1_20231004110951.jpg,plastic_nut::plastic_nut_0105_NG_HS,1,development,OK,1285.17529296875,1227.458984375,1189.851806640625,1303.24755859375,1303.24755859375,1303.24755859375,1189.70751953125,1189.70751953125,1202.183837890625
plastic_nut,plastic_nut/NG/HS/S0105/plastic_nut_0105_NG_HS_C2_20231004110951.jpg,plastic_nut::plastic_nut_0105_NG_HS,2,development,OK,980.48046875,926.72412109375,979.76611328125,1086.732666015625,1086.732666015625,1086.732666015625,951.80908203125,951.80908203125,1108.96435546875
plastic_nut,plastic_nut/NG/HS/S0105/plastic_nut_0105_NG_HS_C3_20231004110951.jpg,plastic_nut::plastic_nut_0105_NG_HS,3,development,HS,1091.355224609375,1271.662109375,1271.662109375,960.94091796875,960.94091796875,960.94091796875,1102.800537109375,1102.800537109375,1102.800537109375
plastic_nut,plastic_nut/NG/HS/S0105/plastic_nut_0105_NG_HS_C4_20231004110951.jpg,plastic_nut::plastic_nut_0105_NG_HS,4,development,HS,1339.205322265625,1284.88720703125,1262.6904296875,1610.0888671875,1610.0888671875,1557.82421875,1630.962646484375,1695.94775390625,1630.962646484375
plastic_nut,plastic_nut/NG/HS/S0105/plastic_nut_0105_NG_HS_C5_20231004110951.jpg,plastic_nut::plastic_nut_0105_NG_HS,5,development,OK,1000.427734375,1052.297119140625,1000.427734375,1116.274658203125,1171.37353515625,1116.274658203125,1021.54736328125,1204.15771484375,1141.47705078125
plastic_nut,plastic_nut/NG/QS/S0111/plastic_nut_0111_NG_QS_C1_20231004131505.jpg,plastic_nut::plastic_nut_0111_NG_QS,1,development,OK,1371.756103515625,1227.084228515625,1227.084228515625,1278.234375,1413.20654296875,1257.731201171875,1150.97216796875,1246.680419921875,1150.97216796875
plastic_nut,plastic_nut/NG/QS/S0111/plastic_nut_0111_NG_QS_C2_20231004131505.jpg,plastic_nut::plastic_nut_0111_NG_QS,2,development,QS,1397.911376953125,1397.911376953125,1397.911376953125,1395.87939453125,1316.4541015625,1316.4541015625,1455.3568115234375,1455.3568115234375,1455.3568115234375
plastic_nut,plastic_nut/NG/QS/S0111/plastic_nut_0111_NG_QS_C3_20231004131505.jpg,plastic_nut::plastic_nut_0111_NG_QS,3,development,OK,1159.47021484375,1159.47021484375,943.42919921875,1086.47021484375,1066.489013671875,1066.489013671875,903.7900390625,893.840576171875,959.07958984375
plastic_nut,plastic_nut/NG/QS/S0111/plastic_nut_0111_NG_QS_C4_20231004131505.jpg,plastic_nut::plastic_nut_0111_NG_QS,4,development,OK,1472.470703125,1472.470703125,1472.470703125,1612.782470703125,1612.782470703125,1612.782470703125,1655.9423828125,1655.9423828125,1655.9423828125
plastic_nut,plastic_nut/NG/QS/S0111/plastic_nut_0111_NG_QS_C5_20231004131505.jpg,plastic_nut::plastic_nut_0111_NG_QS,5,development,QS,1179.07568359375,1183.908203125,1183.908203125,1141.66552734375,1141.66552734375,1141.66552734375,973.73681640625,979.494384765625,1140.283447265625
plastic_nut,plastic_nut/NG/ZW/S0114/plastic_nut_0114_NG_ZW_C1_20231004102005.jpg,plastic_nut::plastic_nut_0114_NG_ZW,1,development,OK,1391.45068359375,1391.45068359375,1391.45068359375,1284.017333984375,1284.017333984375,1284.017333984375,1150.063720703125,1150.063720703125,1328.49560546875
plastic_nut,plastic_nut/NG/ZW/S0114/plastic_nut_0114_NG_ZW_C2_20231004102005.jpg,plastic_nut::plastic_nut_0114_NG_ZW,2,development,OK,1226.8154296875,1223.065673828125,1256.28369140625,1279.014404296875,1279.014404296875,1279.014404296875,1183.664306640625,1251.5791015625,1387.455810546875
plastic_nut,plastic_nut/NG/ZW/S0114/plastic_nut_0114_NG_ZW_C3_20231004102005.jpg,plastic_nut::plastic_nut_0114_NG_ZW,3,development,OK,1268.08203125,1424.2685546875,1424.2685546875,939.607421875,939.607421875,939.607421875,1138.266845703125,1138.266845703125,1043.88720703125
plastic_nut,plastic_nut/NG/ZW/S0114/plastic_nut_0114_NG_ZW_C4_20231004102005.jpg,plastic_nut::plastic_nut_0114_NG_ZW,4,development,OK,1000.162109375,1008.525634765625,1054.65966796875,1188.991943359375,1138.919677734375,1202.39990234375,1283.8818359375,1197.14013671875,1197.14013671875
plastic_nut,plastic_nut/NG/ZW/S0114/plastic_nut_0114_NG_ZW_C5_20231004102005.jpg,plastic_nut::plastic_nut_0114_NG_ZW,5,development,ZW,1675.638427734375,1675.638427734375,1675.638427734375,1642.0926513671875,1642.0926513671875,1642.0926513671875,1526.2406005859375,1526.2406005859375,1526.2406005859375
plastic_nut,plastic_nut/OK/S0116/plastic_nut_0116_OK_C1_20230930133422.jpg,plastic_nut::plastic_nut_0116_OK,1,development,OK,1163.923583984375,1199.587890625,1163.923583984375,941.6416015625,941.6416015625,941.6416015625,1209.134765625,1209.134765625,1295.3935546875
plastic_nut,plastic_nut/OK/S0116/plastic_nut_0116_OK_C2_20230930133422.jpg,plastic_nut::plastic_nut_0116_OK,2,development,OK,1147.464111328125,1147.464111328125,1147.464111328125,1050.815673828125,1050.815673828125,1050.815673828125,1099.530517578125,1099.530517578125,1099.530517578125
plastic_nut,plastic_nut/OK/S0116/plastic_nut_0116_OK_C3_20230930133422.jpg,plastic_nut::plastic_nut_0116_OK,3,development,OK,1246.906005859375,1438.9560546875,1438.9560546875,1191.80615234375,1099.34521484375,1150.816650390625,965.677001953125,965.677001953125,965.677001953125
plastic_nut,plastic_nut/OK/S0116/plastic_nut_0116_OK_C4_20230930133422.jpg,plastic_nut::plastic_nut_0116_OK,4,development,OK,955.934326171875,975.72998046875,955.934326171875,952.52490234375,1006.5205078125,952.52490234375,1004.4677734375,1004.4677734375,1004.4677734375
plastic_nut,plastic_nut/OK/S0116/plastic_nut_0116_OK_C5_20230930133422.jpg,plastic_nut::plastic_nut_0116_OK,5,development,OK,956.282470703125,956.282470703125,952.70751953125,1008.274658203125,1008.274658203125,1008.274658203125,907.630859375,963.186767578125,1007.883056640625
plastic_nut,plastic_nut/NG/QS/S0117/plastic_nut_0117_NG_QS_C1_20231004131615.jpg,plastic_nut::plastic_nut_0117_NG_QS,1,development,OK,1160.684814453125,1160.684814453125,1160.684814453125,1468.28857421875,1468.28857421875,1468.28857421875,1231.91796875,1315.619140625,1231.91796875
plastic_nut,plastic_nut/NG/QS/S0117/plastic_nut_0117_NG_QS_C2_20231004131615.jpg,plastic_nut::plastic_nut_0117_NG_QS,2,development,OK,1135.0078125,1135.0078125,1135.0078125,1274.064208984375,1274.064208984375,1274.064208984375,1362.46142578125,1243.50244140625,1362.46142578125
plastic_nut,plastic_nut/NG/QS/S0117/plastic_nut_0117_NG_QS_C3_20231004131615.jpg,plastic_nut::plastic_nut_0117_NG_QS,3,development,OK,1078.203857421875,1078.203857421875,922.67822265625,1049.439453125,1049.439453125,1049.439453125,1073.691650390625,1073.691650390625,1073.691650390625
plastic_nut,plastic_nut/NG/QS/S0117/plastic_nut_0117_NG_QS_C4_20231004131615.jpg,plastic_nut::plastic_nut_0117_NG_QS,4,development,QS,1447.000244140625,1447.000244140625,1447.000244140625,1570.737060546875,1570.737060546875,1570.737060546875,1774.509765625,1774.509765625,1789.517822265625
plastic_nut,plastic_nut/NG/QS/S0117/plastic_nut_0117_NG_QS_C5_20231004131615.jpg,plastic_nut::plastic_nut_0117_NG_QS,5,development,QS,1445.9482421875,1445.9482421875,1445.9482421875,1125.84814453125,1125.84814453125,1041.349609375,1347.239990234375,1331.4501953125,1331.4501953125
plastic_nut,plastic_nut/NG/ZW/S0117/plastic_nut_0117_NG_ZW_C1_20231004102048.jpg,plastic_nut::plastic_nut_0117_NG_ZW,1,development,OK,1366.6904296875,1366.6904296875,1355.73828125,1452.413330078125,1452.413330078125,1452.413330078125,1288.10693359375,1293.48876953125,1510.69482421875
plastic_nut,plastic_nut/NG/ZW/S0117/plastic_nut_0117_NG_ZW_C2_20231004102048.jpg,plastic_nut::plastic_nut_0117_NG_ZW,2,development,OK,1198.1484375,1198.1484375,1198.1484375,1392.41552734375,1392.41552734375,1398.103271484375,1211.043212890625,1211.043212890625,1400.41015625
plastic_nut,plastic_nut/NG/ZW/S0117/plastic_nut_0117_NG_ZW_C3_20231004102048.jpg,plastic_nut::plastic_nut_0117_NG_ZW,3,development,OK,1257.56884765625,1407.35400390625,1407.35400390625,1249.39208984375,1249.39208984375,1249.39208984375,908.335205078125,908.335205078125,908.335205078125
plastic_nut,plastic_nut/NG/ZW/S0117/plastic_nut_0117_NG_ZW_C4_20231004102048.jpg,plastic_nut::plastic_nut_0117_NG_ZW,4,development,ZW,1849.955810546875,1849.955810546875,1849.955810546875,1690.4627685546875,1690.4627685546875,1690.4627685546875,1684.3331298828125,1684.3331298828125,1684.3331298828125
plastic_nut,plastic_nut/NG/ZW/S0117/plastic_nut_0117_NG_ZW_C5_20231004102048.jpg,plastic_nut::plastic_nut_0117_NG_ZW,5,development,ZW,1755.888671875,1755.888671875,1755.888671875,1733.0438232421875,1733.0438232421875,1733.0438232421875,1540.917724609375,1540.917724609375,1540.917724609375
plastic_nut,plastic_nut/NG/QS/S0125/plastic_nut_0125_NG_QS_C1_20231004131916.jpg,plastic_nut::plastic_nut_0125_NG_QS,1,development,OK,1631.094482421875,1634.274658203125,1708.869384765625,1753.333251953125,1749.875244140625,1749.875244140625,1739.67529296875,1657.538330078125,1614.133056640625
plastic_nut,plastic_nut/NG/QS/S0125/plastic_nut_0125_NG_QS_C2_20231004131916.jpg,plastic_nut::plastic_nut_0125_NG_QS,2,development,QS,1160.27001953125,1290.17822265625,1290.17822265625,1261.73046875,1261.73046875,1261.73046875,1314.64794921875,1207.158935546875,1295.063232421875
plastic_nut,plastic_nut/NG/QS/S0125/plastic_nut_0125_NG_QS_C3_20231004131916.jpg,plastic_nut::plastic_nut_0125_NG_QS,3,development,QS,1173.655517578125,1384.200927734375,1384.200927734375,1117.217529296875,1117.217529296875,1117.217529296875,1190.0859375,1190.0859375,1190.0859375
plastic_nut,plastic_nut/NG/QS/S0125/plastic_nut_0125_NG_QS_C4_20231004131916.jpg,plastic_nut::plastic_nut_0125_NG_QS,4,development,QS,1180.58984375,1180.58984375,1180.58984375,2027.635009765625,2027.635009765625,2027.635009765625,2472.53857421875,2472.53857421875,2473.03173828125
plastic_nut,plastic_nut/NG/QS/S0125/plastic_nut_0125_NG_QS_C5_20231004131916.jpg,plastic_nut::plastic_nut_0125_NG_QS,5,development,QS,1649.826904296875,1649.826904296875,1615.344970703125,1295.052734375,1295.052734375,1351.659912109375,1394.661376953125,1394.661376953125,1394.661376953125
plastic_nut,plastic_nut/NG/ZW/S0125/plastic_nut_0125_NG_ZW_C1_20231004102417.jpg,plastic_nut::plastic_nut_0125_NG_ZW,1,development,OK,1143.767578125,1143.767578125,1143.767578125,1396.740234375,1324.37109375,1444.41064453125,1531.70263671875,1533.709228515625,1578.10107421875
plastic_nut,plastic_nut/NG/ZW/S0125/plastic_nut_0125_NG_ZW_C2_20231004102417.jpg,plastic_nut::plastic_nut_0125_NG_ZW,2,development,OK,1135.196044921875,1135.196044921875,1135.196044921875,1225.500732421875,1225.500732421875,1225.500732421875,1094.079833984375,1094.079833984375,1354.031982421875
plastic_nut,plastic_nut/NG/ZW/S0125/plastic_nut_0125_NG_ZW_C3_20231004102417.jpg,plastic_nut::plastic_nut_0125_NG_ZW,3,development,OK,1248.6708984375,1323.4912109375,1345.270263671875,1035.15087890625,1035.15087890625,1035.15087890625,1105.455078125,1084.1103515625,1072.55126953125
plastic_nut,plastic_nut/NG/ZW/S0125/plastic_nut_0125_NG_ZW_C4_20231004102417.jpg,plastic_nut::plastic_nut_0125_NG_ZW,4,development,OK,1153.45458984375,1153.45458984375,1153.45458984375,1172.441650390625,1172.441650390625,1172.441650390625,1146.81298828125,1146.81298828125,1146.81298828125
plastic_nut,plastic_nut/NG/ZW/S0125/plastic_nut_0125_NG_ZW_C5_20231004102417.jpg,plastic_nut::plastic_nut_0125_NG_ZW,5,development,ZW,1963.2275390625,1963.2275390625,1963.2275390625,2036.311767578125,2036.311767578125,2036.311767578125,2023.421630859375,2023.421630859375,2023.421630859375
plastic_nut,plastic_nut/NG/HS/S0127/plastic_nut_0127_NG_HS_C1_20231004111833.jpg,plastic_nut::plastic_nut_0127_NG_HS,1,development,OK,1110.254638671875,1050.354248046875,1110.254638671875,1287.84521484375,1373.9599609375,1287.84521484375,1192.457763671875,1192.457763671875,1192.457763671875
plastic_nut,plastic_nut/NG/HS/S0127/plastic_nut_0127_NG_HS_C2_20231004111833.jpg,plastic_nut::plastic_nut_0127_NG_HS,2,development,OK,859.471435546875,859.471435546875,923.134765625,953.201171875,953.201171875,953.201171875,1007.937744140625,1007.937744140625,1007.937744140625
plastic_nut,plastic_nut/NG/HS/S0127/plastic_nut_0127_NG_HS_C3_20231004111833.jpg,plastic_nut::plastic_nut_0127_NG_HS,3,development,OK,1118.1357421875,1294.775146484375,1294.775146484375,1043.014404296875,984.5146484375,897.181396484375,1022.892333984375,1022.892333984375,1022.892333984375
plastic_nut,plastic_nut/NG/HS/S0127/plastic_nut_0127_NG_HS_C4_20231004111833.jpg,plastic_nut::plastic_nut_0127_NG_HS,4,development,HS,1225.2998046875,1197.669677734375,1197.669677734375,1083.0966796875,1083.0966796875,1083.0966796875,1759.0400390625,1770.41796875,1759.0400390625
plastic_nut,plastic_nut/NG/HS/S0127/plastic_nut_0127_NG_HS_C5_20231004111833.jpg,plastic_nut::plastic_nut_0127_NG_HS,5,development,HS,1454.78955078125,1454.78955078125,1454.78955078125,1343.177734375,1343.177734375,1343.177734375,1304.349365234375,1181.061767578125,1181.061767578125
plastic_nut,plastic_nut/NG/ZW/S0128/plastic_nut_0128_NG_ZW_C1_20231004102700.jpg,plastic_nut::plastic_nut_0128_NG_ZW,1,development,OK,1236.918212890625,1236.918212890625,1236.918212890625,1414.0126953125,1414.0126953125,1414.0126953125,1654.23974609375,1654.23974609375,1654.23974609375
plastic_nut,plastic_nut/NG/ZW/S0128/plastic_nut_0128_NG_ZW_C2_20231004102700.jpg,plastic_nut::plastic_nut_0128_NG_ZW,2,development,OK,1090.73779296875,1090.73779296875,1090.73779296875,1206.112060546875,1206.112060546875,1206.112060546875,1211.814208984375,1211.814208984375,1246.910400390625
plastic_nut,plastic_nut/NG/ZW/S0128/plastic_nut_0128_NG_ZW_C3_20231004102700.jpg,plastic_nut::plastic_nut_0128_NG_ZW,3,development,OK,1142.7890625,1171.76123046875,1203.416748046875,906.7900390625,906.7900390625,906.7900390625,1052.744140625,1052.744140625,1060.443603515625
plastic_nut,plastic_nut/NG/ZW/S0128/plastic_nut_0128_NG_ZW_C4_20231004102700.jpg,plastic_nut::plastic_nut_0128_NG_ZW,4,development,ZW,1413.932373046875,1413.932373046875,1413.932373046875,1525.2493896484375,1525.2493896484375,1525.2493896484375,1343.30859375,1343.30859375,1343.30859375
plastic_nut,plastic_nut/NG/ZW/S0128/plastic_nut_0128_NG_ZW_C5_20231004102700.jpg,plastic_nut::plastic_nut_0128_NG_ZW,5,development,ZW,1187.4169921875,1187.4169921875,1187.4169921875,1559.52490234375,1559.52490234375,1559.52490234375,1062.97607421875,1062.97607421875,1124.214111328125
plastic_nut,plastic_nut/NG/HS/S0132/plastic_nut_0132_NG_HS_C1_20231004111926.jpg,plastic_nut::plastic_nut_0132_NG_HS,1,development,OK,1245.118408203125,1192.89501953125,1245.118408203125,1475.6768798828125,1507.908447265625,1475.6768798828125,1353.804443359375,1353.804443359375,1365.27392578125
plastic_nut,plastic_nut/NG/HS/S0132/plastic_nut_0132_NG_HS_C2_20231004111926.jpg,plastic_nut::plastic_nut_0132_NG_HS,2,development,HS,1413.851318359375,1413.851318359375,1413.851318359375,1274.219482421875,1274.219482421875,1274.219482421875,1252.887939453125,1252.887939453125,1252.887939453125
plastic_nut,plastic_nut/NG/HS/S0132/plastic_nut_0132_NG_HS_C3_20231004111926.jpg,plastic_nut::plastic_nut_0132_NG_HS,3,development,HS,1541.395263671875,1622.2578125,1622.2578125,1252.11279296875,1252.11279296875,1252.11279296875,1071.42626953125,1071.42626953125,1071.42626953125
plastic_nut,plastic_nut/NG/HS/S0132/plastic_nut_0132_NG_HS_C4_20231004111926.jpg,plastic_nut::plastic_nut_0132_NG_HS,4,development,OK,1219.607666015625,1209.97021484375,1215.4501953125,2006.982421875,2006.982421875,2006.982421875,2290.423095703125,2315.03662109375,2290.423095703125
plastic_nut,plastic_nut/NG/HS/S0132/plastic_nut_0132_NG_HS_C5_20231004111926.jpg,plastic_nut::plastic_nut_0132_NG_HS,5,development,OK,1084.935546875,1086.109130859375,1070.308837890625,1126.450439453125,1126.450439453125,1126.450439453125,997.33447265625,1056.109130859375,1039.850830078125
plastic_nut,plastic_nut/OK/S0140/plastic_nut_0140_OK_C1_20230930134417.jpg,plastic_nut::plastic_nut_0140_OK,1,development,OK,1161.17431640625,1161.17431640625,1161.17431640625,1240.418701171875,1240.418701171875,1240.418701171875,1213.508056640625,1213.508056640625,1213.508056640625
plastic_nut,plastic_nut/OK/S0140/plastic_nut_0140_OK_C2_20230930134417.jpg,plastic_nut::plastic_nut_0140_OK,2,development,OK,1309.06591796875,1309.06591796875,1309.06591796875,1028.32958984375,1028.32958984375,1028.32958984375,1304.79638671875,1304.79638671875,1304.79638671875
plastic_nut,plastic_nut/OK/S0140/plastic_nut_0140_OK_C3_20230930134417.jpg,plastic_nut::plastic_nut_0140_OK,3,development,OK,1249.822021484375,1396.333984375,1396.333984375,1030.96875,1030.96875,1030.96875,1186.6884765625,1186.6884765625,1186.6884765625
plastic_nut,plastic_nut/OK/S0140/plastic_nut_0140_OK_C4_20230930134417.jpg,plastic_nut::plastic_nut_0140_OK,4,development,OK,1381.784423828125,1381.784423828125,1492.26953125,883.555419921875,912.44189453125,917.4892578125,944.64990234375,956.18896484375,866.824951171875
plastic_nut,plastic_nut/OK/S0140/plastic_nut_0140_OK_C5_20230930134417.jpg,plastic_nut::plastic_nut_0140_OK,5,development,OK,828.255859375,828.255859375,828.255859375,1106.37548828125,966.49462890625,966.49462890625,952.655029296875,952.655029296875,952.655029296875
plastic_nut,plastic_nut/OK/S0169/plastic_nut_0169_OK_C1_20230930135925.jpg,plastic_nut::plastic_nut_0169_OK,1,development,OK,1124.265380859375,1296.760986328125,1296.760986328125,1215.73486328125,1156.89306640625,1156.89306640625,1244.004150390625,1244.004150390625,1244.004150390625
plastic_nut,plastic_nut/OK/S0169/plastic_nut_0169_OK_C2_20230930135925.jpg,plastic_nut::plastic_nut_0169_OK,2,development,OK,1132.00439453125,1181.211669921875,1181.211669921875,975.354736328125,1010.21630859375,1002.220703125,982.86572265625,954.7197265625,982.86572265625
plastic_nut,plastic_nut/OK/S0169/plastic_nut_0169_OK_C3_20230930135925.jpg,plastic_nut::plastic_nut_0169_OK,3,development,OK,1323.47998046875,1362.215087890625,1356.65625,888.31884765625,945.2646484375,912.033203125,919.68017578125,919.68017578125,919.68017578125
plastic_nut,plastic_nut/OK/S0169/plastic_nut_0169_OK_C4_20230930135925.jpg,plastic_nut::plastic_nut_0169_OK,4,development,OK,1005.67041015625,1005.67041015625,1040.366455078125,1100.97509765625,1100.97509765625,1100.97509765625,1127.329345703125,1127.329345703125,1127.329345703125
plastic_nut,plastic_nut/OK/S0169/plastic_nut_0169_OK_C5_20230930135925.jpg,plastic_nut::plastic_nut_0169_OK,5,development,OK,1233.05224609375,1215.27685546875,1215.27685546875,966.45361328125,966.45361328125,991.866455078125,914.216552734375,910.66650390625,910.66650390625
plastic_nut,plastic_nut/OK/S0182/plastic_nut_0182_OK_C1_20230930140415.jpg,plastic_nut::plastic_nut_0182_OK,1,development,OK,1353.83740234375,1353.83740234375,1353.83740234375,1291.31298828125,1291.31298828125,1291.31298828125,1227.923095703125,1227.923095703125,1227.923095703125
plastic_nut,plastic_nut/OK/S0182/plastic_nut_0182_OK_C2_20230930140415.jpg,plastic_nut::plastic_nut_0182_OK,2,development,OK,1123.095458984375,1139.22265625,1123.095458984375,1321.1787109375,1321.1787109375,1321.1787109375,1154.7568359375,1154.7568359375,1154.7568359375
plastic_nut,plastic_nut/OK/S0182/plastic_nut_0182_OK_C3_20230930140415.jpg,plastic_nut::plastic_nut_0182_OK,3,development,OK,1315.02783203125,1466.141357421875,1466.141357421875,1122.823974609375,1122.823974609375,1122.823974609375,940.24853515625,940.24853515625,940.24853515625
plastic_nut,plastic_nut/OK/S0182/plastic_nut_0182_OK_C4_20230930140415.jpg,plastic_nut::plastic_nut_0182_OK,4,development,OK,1367.0390625,1367.0390625,1367.0390625,1072.885009765625,1072.885009765625,1072.885009765625,1151.368408203125,1151.368408203125,1151.368408203125
plastic_nut,plastic_nut/OK/S0182/plastic_nut_0182_OK_C5_20230930140415.jpg,plastic_nut::plastic_nut_0182_OK,5,development,OK,1077.725341796875,1057.24560546875,1044.41650390625,1007.3134765625,1007.3134765625,1026.267822265625,897.216552734375,894.927734375,894.927734375
plastic_nut,plastic_nut/OK/S0185/plastic_nut_0185_OK_C1_20230930140513.jpg,plastic_nut::plastic_nut_0185_OK,1,development,OK,1196.368896484375,1196.368896484375,1196.368896484375,1227.328125,1390.88818359375,1390.88818359375,1419.02783203125,1419.02783203125,1375.371337890625
plastic_nut,plastic_nut/OK/S0185/plastic_nut_0185_OK_C2_20230930140513.jpg,plastic_nut::plastic_nut_0185_OK,2,development,OK,961.89501953125,961.89501953125,976.197021484375,819.002197265625,819.002197265625,850.98486328125,842.716796875,863.480712890625,753.3935546875
plastic_nut,plastic_nut/OK/S0185/plastic_nut_0185_OK_C3_20230930140513.jpg,plastic_nut::plastic_nut_0185_OK,3,development,OK,1334.951171875,1480.443603515625,1480.443603515625,910.832763671875,910.1396484375,955.847412109375,1040.07421875,1040.017822265625,1040.017822265625
plastic_nut,plastic_nut/OK/S0185/plastic_nut_0185_OK_C4_20230930140513.jpg,plastic_nut::plastic_nut_0185_OK,4,development,OK,1525.101318359375,1525.101318359375,1525.101318359375,1075.6689453125,1075.6689453125,1075.6689453125,1102.245849609375,1102.245849609375,1102.245849609375
plastic_nut,plastic_nut/OK/S0185/plastic_nut_0185_OK_C5_20230930140513.jpg,plastic_nut::plastic_nut_0185_OK,5,development,OK,929.7568359375,987.98779296875,1027.9443359375,965.568115234375,1031.18896484375,1031.18896484375,869.3818359375,883.07958984375,869.3818359375
plastic_nut,plastic_nut/OK/S0212/plastic_nut_0212_OK_C1_20230930143907.jpg,plastic_nut::plastic_nut_0212_OK,1,development,OK,1163.99169921875,1085.072509765625,1163.99169921875,1176.718994140625,1164.77880859375,1164.77880859375,1162.8896484375,1178.3818359375,1162.8896484375
plastic_nut,plastic_nut/OK/S0212/plastic_nut_0212_OK_C2_20230930143907.jpg,plastic_nut::plastic_nut_0212_OK,2,development,OK,920.005126953125,920.005126953125,920.005126953125,978.927734375,978.927734375,978.927734375,1044.533203125,1027.9912109375,1012.255859375
plastic_nut,plastic_nut/OK/S0212/plastic_nut_0212_OK_C3_20230930143907.jpg,plastic_nut::plastic_nut_0212_OK,3,development,OK,1025.81005859375,1188.85595703125,1188.85595703125,980.350830078125,980.350830078125,980.350830078125,937.519287109375,964.8916015625,1003.09716796875
plastic_nut,plastic_nut/OK/S0212/plastic_nut_0212_OK_C4_20230930143907.jpg,plastic_nut::plastic_nut_0212_OK,4,development,OK,904.246337890625,904.246337890625,938.19287109375,1013.6943359375,1094.893798828125,1094.893798828125,1023.967041015625,1023.967041015625,1023.967041015625
plastic_nut,plastic_nut/OK/S0212/plastic_nut_0212_OK_C5_20230930143907.jpg,plastic_nut::plastic_nut_0212_OK,5,development,OK,1061.651123046875,1088.4990234375,1068.451171875,965.912841796875,965.912841796875,965.912841796875,1118.516845703125,1242.1982421875,1212.197998046875
plastic_nut,plastic_nut/OK/S0220/plastic_nut_0220_OK_C1_20230930144109.jpg,plastic_nut::plastic_nut_0220_OK,1,development,OK,1067.51123046875,1163.084716796875,1067.51123046875,1179.864990234375,1139.640869140625,1139.640869140625,1101.56396484375,1101.56396484375,1101.56396484375
plastic_nut,plastic_nut/OK/S0220/plastic_nut_0220_OK_C2_20230930144109.jpg,plastic_nut::plastic_nut_0220_OK,2,development,OK,1286.992431640625,1286.992431640625,1286.992431640625,1270.00390625,1270.00390625,1270.00390625,1141.0537109375,1089.68896484375,1208.588134765625
plastic_nut,plastic_nut/OK/S0220/plastic_nut_0220_OK_C3_20230930144109.jpg,plastic_nut::plastic_nut_0220_OK,3,development,OK,1295.630615234375,1360.515869140625,1360.515869140625,1241.020751953125,1241.020751953125,1241.020751953125,942.96875,1230.715576171875,1230.715576171875
plastic_nut,plastic_nut/OK/S0220/plastic_nut_0220_OK_C4_20230930144109.jpg,plastic_nut::plastic_nut_0220_OK,4,development,OK,1010.632568359375,1010.632568359375,1010.632568359375,1217.06982421875,1217.06982421875,1217.06982421875,1066.07958984375,1011.47412109375,1023.58544921875
plastic_nut,plastic_nut/OK/S0220/plastic_nut_0220_OK_C5_20230930144109.jpg,plastic_nut::plastic_nut_0220_OK,5,development,OK,1075.516845703125,1034.8291015625,1034.8291015625,889.434326171875,915.5556640625,889.434326171875,983.87255859375,918.646484375,918.646484375
plastic_nut,plastic_nut/OK/S0224/plastic_nut_0224_OK_C1_20230930144303.jpg,plastic_nut::plastic_nut_0224_OK,1,development,OK,1152.21728515625,1202.5556640625,1224.55126953125,1129.962890625,1129.962890625,1129.962890625,1016.1201171875,1016.1201171875,1016.1201171875
plastic_nut,plastic_nut/OK/S0224/plastic_nut_0224_OK_C2_20230930144303.jpg,plastic_nut::plastic_nut_0224_OK,2,development,OK,1072.87109375,987.72509765625,987.72509765625,916.95166015625,930.743408203125,924.570068359375,1000.427001953125,1000.427001953125,1000.427001953125
plastic_nut,plastic_nut/OK/S0224/plastic_nut_0224_OK_C3_20230930144303.jpg,plastic_nut::plastic_nut_0224_OK,3,development,OK,1201.02490234375,1201.02490234375,1203.995361328125,968.2568359375,959.278076171875,959.278076171875,1010.07275390625,1010.536865234375,1056.203125
plastic_nut,plastic_nut/OK/S0224/plastic_nut_0224_OK_C4_20230930144303.jpg,plastic_nut::plastic_nut_0224_OK,4,development,OK,940.31494140625,940.31494140625,940.31494140625,886.142333984375,886.142333984375,982.7666015625,860.29150390625,860.29150390625,933.708984375
plastic_nut,plastic_nut/OK/S0224/plastic_nut_0224_OK_C5_20230930144303.jpg,plastic_nut::plastic_nut_0224_OK,5,development,OK,1605.166259765625,1605.166259765625,1605.166259765625,1374.14599609375,1374.14599609375,1374.14599609375,1367.814697265625,1386.076171875,1424.72509765625
plastic_nut,plastic_nut/OK/S0231/plastic_nut_0231_OK_C1_20230930144616.jpg,plastic_nut::plastic_nut_0231_OK,1,development,OK,1084.253662109375,1084.253662109375,1152.27734375,1118.777587890625,1061.3203125,1061.3203125,1257.602294921875,1257.602294921875,1257.602294921875
plastic_nut,plastic_nut/OK/S0231/plastic_nut_0231_OK_C2_20230930144616.jpg,plastic_nut::plastic_nut_0231_OK,2,development,OK,850.3759765625,800.36865234375,850.3759765625,940.54345703125,940.54345703125,940.54345703125,853.52294921875,853.52294921875,853.52294921875
plastic_nut,plastic_nut/OK/S0231/plastic_nut_0231_OK_C3_20230930144616.jpg,plastic_nut::plastic_nut_0231_OK,3,development,OK,1364.369384765625,1446.88818359375,1446.88818359375,904.11962890625,854.7412109375,891.60400390625,1046.6484375,1046.6484375,1050.45751953125
plastic_nut,plastic_nut/OK/S0231/plastic_nut_0231_OK_C4_20230930144616.jpg,plastic_nut::plastic_nut_0231_OK,4,development,OK,1147.3056640625,1147.3056640625,1147.3056640625,861.43115234375,991.874755859375,991.874755859375,891.20751953125,891.20751953125,903.0654296875
plastic_nut,plastic_nut/OK/S0231/plastic_nut_0231_OK_C5_20230930144616.jpg,plastic_nut::plastic_nut_0231_OK,5,development,OK,1046.249755859375,1015.48974609375,1015.48974609375,981.2080078125,981.2080078125,950.475830078125,988.3740234375,1041.63916015625,1056.642333984375
plastic_nut,plastic_nut/OK/S0233/plastic_nut_0233_OK_C1_20230930144650.jpg,plastic_nut::plastic_nut_0233_OK,1,development,OK,1316.26708984375,1493.54638671875,1401.404296875,1327.4716796875,1327.4716796875,1327.4716796875,1496.3804931640625,1496.3804931640625,1522.7100830078125
plastic_nut,plastic_nut/OK/S0233/plastic_nut_0233_OK_C2_20230930144650.jpg,plastic_nut::plastic_nut_0233_OK,2,development,OK,1061.079345703125,1061.079345703125,1061.079345703125,1156.821533203125,1169.072021484375,1169.072021484375,1065.84765625,1065.84765625,1065.84765625
plastic_nut,plastic_nut/OK/S0233/plastic_nut_0233_OK_C3_20230930144650.jpg,plastic_nut::plastic_nut_0233_OK,3,development,OK,1394.31982421875,1526.52099609375,1526.52099609375,1188.4580078125,1171.765380859375,1171.765380859375,962.3642578125,962.3642578125,962.3642578125
plastic_nut,plastic_nut/OK/S0233/plastic_nut_0233_OK_C4_20230930144650.jpg,plastic_nut::plastic_nut_0233_OK,4,development,OK,1116.292724609375,1116.292724609375,1116.292724609375,1037.406494140625,1037.406494140625,1037.406494140625,1076.954345703125,1015.17333984375,991.150146484375
plastic_nut,plastic_nut/OK/S0233/plastic_nut_0233_OK_C5_20230930144650.jpg,plastic_nut::plastic_nut_0233_OK,5,development,OK,1262.819091796875,1262.819091796875,1262.819091796875,1297.53564453125,1297.53564453125,1297.53564453125,892.689208984375,996.827392578125,1017.70263671875
plastic_nut,plastic_nut/OK/S0239/plastic_nut_0239_OK_C1_20230930145350.jpg,plastic_nut::plastic_nut_0239_OK,1,development,OK,1249.0244140625,1126.31494140625,1049.086669921875,1009.96240234375,1009.96240234375,1009.96240234375,1105.8525390625,1051.230712890625,1051.230712890625
plastic_nut,plastic_nut/OK/S0239/plastic_nut_0239_OK_C2_20230930145350.jpg,plastic_nut::plastic_nut_0239_OK,2,development,OK,926.4306640625,926.4306640625,926.4306640625,1074.2822265625,1074.2822265625,1074.2822265625,993.7548828125,993.7548828125,993.7548828125
plastic_nut,plastic_nut/OK/S0239/plastic_nut_0239_OK_C3_20230930145350.jpg,plastic_nut::plastic_nut_0239_OK,3,development,OK,1279.4013671875,1279.4013671875,1282.6865234375,1059.02880859375,1099.79345703125,1059.02880859375,933.966796875,934.1982421875,981.009765625
plastic_nut,plastic_nut/OK/S0239/plastic_nut_0239_OK_C4_20230930145350.jpg,plastic_nut::plastic_nut_0239_OK,4,development,OK,1048.056396484375,1048.056396484375,1048.056396484375,960.07666015625,939.963134765625,939.963134765625,985.82568359375,985.82568359375,987.67724609375
plastic_nut,plastic_nut/OK/S0239/plastic_nut_0239_OK_C5_20230930145350.jpg,plastic_nut::plastic_nut_0239_OK,5,development,OK,1046.142822265625,1046.142822265625,1046.142822265625,1050.256103515625,1179.4765625,1179.4765625,1000.49072265625,1000.49072265625,1000.49072265625
plastic_nut,plastic_nut/OK/S0243/plastic_nut_0243_OK_C1_20230930145544.jpg,plastic_nut::plastic_nut_0243_OK,1,development,OK,1248.266845703125,1248.266845703125,1248.266845703125,1313.23095703125,1313.23095703125,1313.23095703125,1247.414794921875,1294.36669921875,1247.414794921875
plastic_nut,plastic_nut/OK/S0243/plastic_nut_0243_OK_C2_20230930145544.jpg,plastic_nut::plastic_nut_0243_OK,2,development,OK,1123.393310546875,1123.393310546875,1123.393310546875,898.8857421875,898.8857421875,898.8857421875,947.6279296875,947.6279296875,947.6279296875
plastic_nut,plastic_nut/OK/S0243/plastic_nut_0243_OK_C3_20230930145544.jpg,plastic_nut::plastic_nut_0243_OK,3,development,OK,1278.0380859375,1440.878662109375,1440.878662109375,915.068603515625,906.412109375,950.83837890625,958.718017578125,933.14404296875,1046.9033203125
plastic_nut,plastic_nut/OK/S0243/plastic_nut_0243_OK_C4_20230930145544.jpg,plastic_nut::plastic_nut_0243_OK,4,development,OK,1014.8251953125,1081.5927734375,1081.5927734375,948.408203125,893.6708984375,893.6708984375,1057.439208984375,1057.439208984375,1073.814453125
plastic_nut,plastic_nut/OK/S0243/plastic_nut_0243_OK_C5_20230930145544.jpg,plastic_nut::plastic_nut_0243_OK,5,development,OK,1194.696044921875,1007.7314453125,1194.696044921875,1165.443359375,1176.784423828125,1176.784423828125,1108.97802734375,1108.97802734375,1108.97802734375
plastic_nut,plastic_nut/OK/S0252/plastic_nut_0252_OK_C1_20230930145853.jpg,plastic_nut::plastic_nut_0252_OK,1,development,OK,1125.551513671875,1087.6005859375,1133.080078125,1153.873291015625,1029.516357421875,1029.516357421875,1069.212158203125,1059.22216796875,1059.22216796875
plastic_nut,plastic_nut/OK/S0252/plastic_nut_0252_OK_C2_20230930145853.jpg,plastic_nut::plastic_nut_0252_OK,2,development,OK,1077.646240234375,1163.7998046875,1163.7998046875,1186.648681640625,1186.648681640625,1186.648681640625,1103.3408203125,1103.3408203125,1103.3408203125
plastic_nut,plastic_nut/OK/S0252/plastic_nut_0252_OK_C3_20230930145853.jpg,plastic_nut::plastic_nut_0252_OK,3,development,OK,1040.35400390625,1035.426025390625,1040.35400390625,930.776611328125,930.776611328125,874.643310546875,858.62158203125,866.01953125,866.01953125
plastic_nut,plastic_nut/OK/S0252/plastic_nut_0252_OK_C4_20230930145853.jpg,plastic_nut::plastic_nut_0252_OK,4,development,OK,1059.74951171875,1042.529296875,1042.529296875,923.109375,964.025390625,965.239013671875,924.2119140625,924.2119140625,924.2119140625
plastic_nut,plastic_nut/OK/S0252/plastic_nut_0252_OK_C5_20230930145853.jpg,plastic_nut::plastic_nut_0252_OK,5,development,OK,1046.854736328125,1022.2158203125,1046.854736328125,1113.6435546875,1113.6435546875,1113.6435546875,975.7666015625,975.7666015625,975.7666015625
plastic_nut,plastic_nut/OK/S0264/plastic_nut_0264_OK_C1_20230930150454.jpg,plastic_nut::plastic_nut_0264_OK,1,development,OK,1194.516357421875,1238.0322265625,1194.516357421875,1051.906982421875,1051.906982421875,1051.906982421875,1130.971435546875,1130.971435546875,1130.971435546875
plastic_nut,plastic_nut/OK/S0264/plastic_nut_0264_OK_C2_20230930150454.jpg,plastic_nut::plastic_nut_0264_OK,2,development,OK,962.91748046875,962.91748046875,962.91748046875,973.852294921875,973.852294921875,973.852294921875,941.32275390625,941.32275390625,941.32275390625
plastic_nut,plastic_nut/OK/S0264/plastic_nut_0264_OK_C3_20230930150454.jpg,plastic_nut::plastic_nut_0264_OK,3,development,OK,1089.358154296875,1266.050048828125,1266.050048828125,889.72607421875,894.7431640625,894.7431640625,1110.796875,1056.880859375,1056.880859375
plastic_nut,plastic_nut/OK/S0264/plastic_nut_0264_OK_C4_20230930150454.jpg,plastic_nut::plastic_nut_0264_OK,4,development,OK,931.653076171875,912.804443359375,931.653076171875,997.361572265625,997.361572265625,997.361572265625,975.39208984375,856.7587890625,856.7587890625
plastic_nut,plastic_nut/OK/S0264/plastic_nut_0264_OK_C5_20230930150454.jpg,plastic_nut::plastic_nut_0264_OK,5,development,OK,812.21337890625,1072.501953125,812.21337890625,922.322998046875,922.322998046875,922.322998046875,928.6943359375,1137.25341796875,928.6943359375
plastic_nut,plastic_nut/OK/S0270/plastic_nut_0270_OK_C1_20230930150738.jpg,plastic_nut::plastic_nut_0270_OK,1,development,OK,1241.841796875,1241.841796875,1241.841796875,1204.66748046875,1198.571044921875,1198.571044921875,1174.545166015625,1243.376708984375,1351.536376953125
plastic_nut,plastic_nut/OK/S0270/plastic_nut_0270_OK_C2_20230930150738.jpg,plastic_nut::plastic_nut_0270_OK,2,development,OK,1247.73681640625,1247.73681640625,1247.73681640625,1167.235595703125,1167.235595703125,1167.235595703125,1107.29541015625,1107.29541015625,1107.29541015625
plastic_nut,plastic_nut/OK/S0270/plastic_nut_0270_OK_C3_20230930150738.jpg,plastic_nut::plastic_nut_0270_OK,3,development,OK,1086.12255859375,1231.542236328125,1231.542236328125,1086.41943359375,910.59228515625,905.297607421875,987.4287109375,947.42578125,987.4287109375
plastic_nut,plastic_nut/OK/S0270/plastic_nut_0270_OK_C4_20230930150738.jpg,plastic_nut::plastic_nut_0270_OK,4,development,OK,1285.719482421875,1285.719482421875,1230.952880859375,974.12353515625,1088.22021484375,1032.642333984375,973.16259765625,973.16259765625,973.16259765625
plastic_nut,plastic_nut/OK/S0270/plastic_nut_0270_OK_C5_20230930150738.jpg,plastic_nut::plastic_nut_0270_OK,5,development,OK,936.011474609375,936.011474609375,936.011474609375,1085.361572265625,1085.361572265625,1085.361572265625,1185.984619140625,1167.04736328125,1185.984619140625
plastic_nut,plastic_nut/OK/S0290/plastic_nut_0290_OK_C1_20230930152100.jpg,plastic_nut::plastic_nut_0290_OK,1,development,OK,1291.437744140625,1287.79736328125,1298.79052734375,1057.597900390625,1067.379638671875,1057.597900390625,1169.82275390625,1169.82275390625,1169.82275390625
plastic_nut,plastic_nut/OK/S0290/plastic_nut_0290_OK_C2_20230930152100.jpg,plastic_nut::plastic_nut_0290_OK,2,development,OK,1264.19580078125,1264.19580078125,1264.19580078125,1156.9208984375,1156.9208984375,1156.9208984375,1137.361083984375,1137.361083984375,1224.40771484375
plastic_nut,plastic_nut/OK/S0290/plastic_nut_0290_OK_C3_20230930152100.jpg,plastic_nut::plastic_nut_0290_OK,3,development,OK,1316.1494140625,1386.0205078125,1386.0205078125,1067.09130859375,1010.66748046875,1067.09130859375,1081.2158203125,1081.2158203125,1081.2158203125
plastic_nut,plastic_nut/OK/S0290/plastic_nut_0290_OK_C4_20230930152100.jpg,plastic_nut::plastic_nut_0290_OK,4,development,OK,1232.372314453125,1232.372314453125,1232.372314453125,1241.61669921875,1141.114501953125,1141.114501953125,1102.868408203125,1102.868408203125,1102.868408203125
plastic_nut,plastic_nut/OK/S0290/plastic_nut_0290_OK_C5_20230930152100.jpg,plastic_nut::plastic_nut_0290_OK,5,development,OK,1350.69091796875,1304.24951171875,1350.69091796875,1190.97509765625,1190.97509765625,1190.97509765625,1192.830810546875,1209.54052734375,1224.76513671875
plastic_nut,plastic_nut/OK/S0292/plastic_nut_0292_OK_C1_20230930152135.jpg,plastic_nut::plastic_nut_0292_OK,1,development,OK,1358.66650390625,1358.0771484375,1358.0771484375,1074.930908203125,1080.43115234375,1074.930908203125,1252.8525390625,1248.408203125,1248.408203125
plastic_nut,plastic_nut/OK/S0292/plastic_nut_0292_OK_C2_20230930152135.jpg,plastic_nut::plastic_nut_0292_OK,2,development,OK,1082.494140625,1100.63916015625,1082.494140625,944.3828125,944.3828125,944.3828125,1104.63134765625,1115.991455078125,1115.991455078125
plastic_nut,plastic_nut/OK/S0292/plastic_nut_0292_OK_C3_20230930152135.jpg,plastic_nut::plastic_nut_0292_OK,3,development,OK,1051.76123046875,1207.846923828125,1207.846923828125,906.077880859375,906.077880859375,906.077880859375,1047.779052734375,1047.779052734375,1047.779052734375
plastic_nut,plastic_nut/OK/S0292/plastic_nut_0292_OK_C4_20230930152135.jpg,plastic_nut::plastic_nut_0292_OK,4,development,OK,1165.883544921875,1165.883544921875,1165.883544921875,939.624755859375,1125.386474609375,1125.386474609375,1085.380615234375,1085.380615234375,1085.380615234375
plastic_nut,plastic_nut/OK/S0292/plastic_nut_0292_OK_C5_20230930152135.jpg,plastic_nut::plastic_nut_0292_OK,5,development,OK,1226.89013671875,1316.974609375,1255.869140625,1108.92529296875,1108.92529296875,1108.92529296875,1573.194580078125,1573.194580078125,1573.194580078125
plastic_nut,plastic_nut/OK/S0304/plastic_nut_0304_OK_C1_20230930152400.jpg,plastic_nut::plastic_nut_0304_OK,1,development,OK,1152.18994140625,1103.262451171875,1188.70703125,1138.933837890625,1166.3740234375,1176.149169921875,1186.14599609375,1186.14599609375,1186.14599609375
plastic_nut,plastic_nut/OK/S0304/plastic_nut_0304_OK_C2_20230930152400.jpg,plastic_nut::plastic_nut_0304_OK,2,development,OK,1054.74267578125,1011.8291015625,1054.74267578125,776.467529296875,855.3544921875,881.43408203125,1064.68798828125,804.90625,804.90625
plastic_nut,plastic_nut/OK/S0304/plastic_nut_0304_OK_C3_20230930152400.jpg,plastic_nut::plastic_nut_0304_OK,3,development,OK,1053.801025390625,1053.801025390625,1053.801025390625,931.05908203125,931.05908203125,952.354736328125,1025.32568359375,1025.32568359375,1025.32568359375
plastic_nut,plastic_nut/OK/S0304/plastic_nut_0304_OK_C4_20230930152400.jpg,plastic_nut::plastic_nut_0304_OK,4,development,OK,1129.3251953125,1103.514892578125,1103.514892578125,982.1240234375,960.890869140625,960.890869140625,1002.415771484375,1002.415771484375,1002.415771484375
plastic_nut,plastic_nut/OK/S0304/plastic_nut_0304_OK_C5_20230930152400.jpg,plastic_nut::plastic_nut_0304_OK,5,development,OK,978.861328125,978.861328125,978.861328125,1087.0390625,1087.0390625,1157.798828125,848.6298828125,848.6298828125,848.6298828125
plastic_nut,plastic_nut/OK/S0337/plastic_nut_0337_OK_C1_20230930153546.jpg,plastic_nut::plastic_nut_0337_OK,1,development,OK,1120.3681640625,1120.3681640625,1120.3681640625,1105.341064453125,1105.341064453125,1105.341064453125,1203.947021484375,1162.2197265625,1203.947021484375
plastic_nut,plastic_nut/OK/S0337/plastic_nut_0337_OK_C2_20230930153546.jpg,plastic_nut::plastic_nut_0337_OK,2,development,OK,1095.730224609375,1095.730224609375,1095.730224609375,981.3603515625,981.3603515625,981.3603515625,828.6611328125,843.058837890625,828.6611328125
plastic_nut,plastic_nut/OK/S0337/plastic_nut_0337_OK_C3_20230930153546.jpg,plastic_nut::plastic_nut_0337_OK,3,development,OK,1238.13623046875,1238.13623046875,1259.506591796875,806.090576171875,1100.80419921875,1101.0478515625,795.947265625,847.1923828125,847.1923828125
plastic_nut,plastic_nut/OK/S0337/plastic_nut_0337_OK_C4_20230930153546.jpg,plastic_nut::plastic_nut_0337_OK,4,development,OK,1048.13330078125,1048.13330078125,1048.13330078125,1096.826171875,1096.826171875,1096.826171875,1082.97900390625,1082.97900390625,1082.97900390625
plastic_nut,plastic_nut/OK/S0337/plastic_nut_0337_OK_C5_20230930153546.jpg,plastic_nut::plastic_nut_0337_OK,5,development,OK,884.23095703125,848.0517578125,902.363525390625,985.394287109375,805.14013671875,914.80517578125,1078.675537109375,1078.675537109375,1078.675537109375
plastic_nut,plastic_nut/OK/S0348/plastic_nut_0348_OK_C1_20230930153812.jpg,plastic_nut::plastic_nut_0348_OK,1,development,OK,1115.476318359375,1115.476318359375,1115.476318359375,1222.37451171875,1239.829345703125,1222.37451171875,1189.375244140625,1189.375244140625,1189.375244140625
plastic_nut,plastic_nut/OK/S0348/plastic_nut_0348_OK_C2_20230930153812.jpg,plastic_nut::plastic_nut_0348_OK,2,development,OK,1154.095703125,1246.040283203125,1246.040283203125,1030.866455078125,1030.866455078125,1030.866455078125,1049.827880859375,1049.827880859375,1049.827880859375
plastic_nut,plastic_nut/OK/S0348/plastic_nut_0348_OK_C3_20230930153812.jpg,plastic_nut::plastic_nut_0348_OK,3,development,OK,1401.403564453125,1401.403564453125,1429.628173828125,1035.616455078125,1035.616455078125,1035.616455078125,942.361572265625,945.640869140625,945.640869140625
plastic_nut,plastic_nut/OK/S0348/plastic_nut_0348_OK_C4_20230930153812.jpg,plastic_nut::plastic_nut_0348_OK,4,development,OK,1366.375,1366.375,1366.375,1277.403564453125,1277.403564453125,1344.143798828125,1449.33203125,1420.9140625,1449.33203125
plastic_nut,plastic_nut/OK/S0348/plastic_nut_0348_OK_C5_20230930153812.jpg,plastic_nut::plastic_nut_0348_OK,5,development,OK,887.830078125,857.9404296875,988.6416015625,941.093505859375,999.06787109375,941.093505859375,904.827392578125,904.827392578125,904.827392578125
plastic_nut,plastic_nut/OK/S0353/plastic_nut_0353_OK_C1_20230930153919.jpg,plastic_nut::plastic_nut_0353_OK,1,development,OK,1505.000732421875,1683.96337890625,1625.376708984375,1535.053466796875,1500.548828125,1537.21240234375,1600.63134765625,1592.134521484375,1592.134521484375
plastic_nut,plastic_nut/OK/S0353/plastic_nut_0353_OK_C2_20230930153919.jpg,plastic_nut::plastic_nut_0353_OK,2,development,OK,1067.46533203125,1116.08154296875,1067.46533203125,1132.826171875,1132.826171875,1132.826171875,1183.0224609375,1183.0224609375,1092.03369140625
plastic_nut,plastic_nut/OK/S0353/plastic_nut_0353_OK_C3_20230930153919.jpg,plastic_nut::plastic_nut_0353_OK,3,development,OK,1373.795166015625,1530.890380859375,1530.890380859375,1101.9609375,1087.7080078125,1087.7080078125,1035.78564453125,1035.78564453125,1123.56787109375
plastic_nut,plastic_nut/OK/S0353/plastic_nut_0353_OK_C4_20230930153919.jpg,plastic_nut::plastic_nut_0353_OK,4,development,OK,1082.22021484375,1094.649169921875,1082.22021484375,1061.204345703125,1104.7626953125,1054.066650390625,1020.664306640625,1020.664306640625,1020.664306640625
plastic_nut,plastic_nut/OK/S0353/plastic_nut_0353_OK_C5_20230930153919.jpg,plastic_nut::plastic_nut_0353_OK,5,development,OK,1362.2470703125,1400.14892578125,1400.14892578125,1195.1328125,1195.1328125,1195.1328125,928.706787109375,997.755859375,997.755859375
plastic_nut,plastic_nut/OK/S0389/plastic_nut_0389_OK_C1_20230930154837.jpg,plastic_nut::plastic_nut_0389_OK,1,development,OK,1203.732421875,1203.732421875,1203.732421875,1095.89111328125,1095.89111328125,1095.89111328125,1226.853271484375,1122.97900390625,1211.99951171875
plastic_nut,plastic_nut/OK/S0389/plastic_nut_0389_OK_C2_20230930154837.jpg,plastic_nut::plastic_nut_0389_OK,2,development,OK,1174.3603515625,1057.501953125,1057.501953125,1023.310302734375,1023.310302734375,1023.310302734375,1120.030029296875,1120.030029296875,1120.030029296875
plastic_nut,plastic_nut/OK/S0389/plastic_nut_0389_OK_C3_20230930154837.jpg,plastic_nut::plastic_nut_0389_OK,3,development,OK,1272.115234375,1272.115234375,1272.115234375,995.973876953125,995.973876953125,995.973876953125,912.41015625,1144.673828125,912.41015625
plastic_nut,plastic_nut/OK/S0389/plastic_nut_0389_OK_C4_20230930154837.jpg,plastic_nut::plastic_nut_0389_OK,4,development,OK,980.21728515625,1035.84765625,1035.84765625,1007.28759765625,951.72265625,1007.28759765625,878.746826171875,885.068359375,884.114990234375
plastic_nut,plastic_nut/OK/S0389/plastic_nut_0389_OK_C5_20230930154837.jpg,plastic_nut::plastic_nut_0389_OK,5,development,OK,1108.3837890625,1108.3837890625,1146.01611328125,995.46533203125,995.46533203125,995.46533203125,1214.506103515625,1207.177001953125,1214.506103515625
plastic_nut,plastic_nut/OK/S0395/plastic_nut_0395_OK_C1_20230930155001.jpg,plastic_nut::plastic_nut_0395_OK,1,development,OK,1138.535888671875,1138.535888671875,1138.535888671875,1116.156982421875,1047.609130859375,1133.6298828125,1157.636962890625,1157.636962890625,1157.636962890625
plastic_nut,plastic_nut/OK/S0395/plastic_nut_0395_OK_C2_20230930155001.jpg,plastic_nut::plastic_nut_0395_OK,2,development,OK,1431.59228515625,1431.59228515625,1431.59228515625,1098.656982421875,1075.84130859375,1361.206787109375,1441.38525390625,1442.341552734375,1442.341552734375
plastic_nut,plastic_nut/OK/S0395/plastic_nut_0395_OK_C3_20230930155001.jpg,plastic_nut::plastic_nut_0395_OK,3,development,OK,1446.336669921875,1609.8048095703125,1609.8048095703125,1041.7666015625,1032.58056640625,1041.7666015625,1044.443115234375,1044.443115234375,1044.443115234375
plastic_nut,plastic_nut/OK/S0395/plastic_nut_0395_OK_C4_20230930155001.jpg,plastic_nut::plastic_nut_0395_OK,4,development,OK,1075.02587890625,1075.02587890625,1075.02587890625,1125.272216796875,1125.272216796875,1150.702880859375,1160.303466796875,1160.303466796875,1160.303466796875
plastic_nut,plastic_nut/OK/S0395/plastic_nut_0395_OK_C5_20230930155001.jpg,plastic_nut::plastic_nut_0395_OK,5,development,OK,1128.827392578125,1061.18408203125,1058.887939453125,1156.765625,1156.765625,1211.355224609375,1169.365966796875,1169.365966796875,1169.365966796875
plastic_nut,plastic_nut/OK/S0414/plastic_nut_0414_OK_C1_20230930155939.jpg,plastic_nut::plastic_nut_0414_OK,1,development,OK,1094.685302734375,1094.685302734375,1094.685302734375,1092.900390625,1092.900390625,1092.900390625,1182.427001953125,1182.427001953125,1182.427001953125
plastic_nut,plastic_nut/OK/S0414/plastic_nut_0414_OK_C2_20230930155939.jpg,plastic_nut::plastic_nut_0414_OK,2,development,OK,1155.492431640625,1146.0751953125,1155.492431640625,943.67333984375,931.772216796875,943.67333984375,945.38037109375,945.38037109375,945.38037109375
plastic_nut,plastic_nut/OK/S0414/plastic_nut_0414_OK_C3_20230930155939.jpg,plastic_nut::plastic_nut_0414_OK,3,development,OK,1298.6748046875,1256.126953125,1256.126953125,1180.62744140625,1270.03857421875,1152.26220703125,1304.658447265625,1387.85546875,1304.658447265625
plastic_nut,plastic_nut/OK/S0414/plastic_nut_0414_OK_C4_20230930155939.jpg,plastic_nut::plastic_nut_0414_OK,4,development,OK,1045.0986328125,1045.0986328125,1045.0986328125,1028.9052734375,1028.9052734375,1028.9052734375,1211.140625,1211.140625,1211.140625
plastic_nut,plastic_nut/OK/S0414/plastic_nut_0414_OK_C5_20230930155939.jpg,plastic_nut::plastic_nut_0414_OK,5,development,OK,1060.970458984375,1062.08837890625,1060.970458984375,966.1611328125,954.33251953125,966.1611328125,1039.734375,1039.734375,1071.843505859375
plastic_nut,plastic_nut/OK/S0444/plastic_nut_0444_OK_C1_20230930161057.jpg,plastic_nut::plastic_nut_0444_OK,1,development,OK,1234.77734375,1248.061279296875,1255.031005859375,1158.4892578125,1158.4892578125,1261.029052734375,1274.99560546875,1274.99560546875,1309.324462890625
plastic_nut,plastic_nut/OK/S0444/plastic_nut_0444_OK_C2_20230930161057.jpg,plastic_nut::plastic_nut_0444_OK,2,development,OK,1166.124267578125,1187.646728515625,1187.646728515625,1055.478271484375,1055.478271484375,1055.478271484375,902.8017578125,873.17431640625,885.83837890625
plastic_nut,plastic_nut/OK/S0444/plastic_nut_0444_OK_C3_20230930161057.jpg,plastic_nut::plastic_nut_0444_OK,3,development,OK,987.437255859375,1017.9638671875,939.015380859375,1133.116455078125,1135.89892578125,1135.70654296875,1016.382568359375,1090.16259765625,1090.16259765625
plastic_nut,plastic_nut/OK/S0444/plastic_nut_0444_OK_C4_20230930161057.jpg,plastic_nut::plastic_nut_0444_OK,4,development,OK,1019.464599609375,1019.464599609375,1136.923583984375,1148.59619140625,1148.59619140625,1044.449462890625,947.115234375,1057.864501953125,1057.864501953125
plastic_nut,plastic_nut/OK/S0444/plastic_nut_0444_OK_C5_20230930161057.jpg,plastic_nut::plastic_nut_0444_OK,5,development,OK,1413.93017578125,1277.31298828125,1100.25634765625,1176.049560546875,1176.049560546875,1176.049560546875,1060.01708984375,1055.52197265625,1055.52197265625
plastic_nut,plastic_nut/OK/S0450/plastic_nut_0450_OK_C1_20230930161409.jpg,plastic_nut::plastic_nut_0450_OK,1,development,OK,1381.043701171875,1128.418212890625,1128.418212890625,1213.6015625,1213.6015625,1213.6015625,1028.095458984375,1091.584716796875,1113.70263671875
plastic_nut,plastic_nut/OK/S0450/plastic_nut_0450_OK_C2_20230930161409.jpg,plastic_nut::plastic_nut_0450_OK,2,development,OK,1098.90869140625,1007.7236328125,1098.90869140625,872.94091796875,872.94091796875,1004.218505859375,964.92138671875,841.24462890625,841.24462890625
plastic_nut,plastic_nut/OK/S0450/plastic_nut_0450_OK_C3_20230930161409.jpg,plastic_nut::plastic_nut_0450_OK,3,development,OK,1094.786865234375,1094.786865234375,1094.786865234375,1002.078857421875,949.998046875,913.975341796875,932.64501953125,932.64501953125,1002.446044921875
plastic_nut,plastic_nut/OK/S0450/plastic_nut_0450_OK_C4_20230930161409.jpg,plastic_nut::plastic_nut_0450_OK,4,development,OK,1065.12255859375,1065.12255859375,1065.12255859375,965.37548828125,965.37548828125,965.37548828125,981.5634765625,981.5634765625,981.5634765625
plastic_nut,plastic_nut/OK/S0450/plastic_nut_0450_OK_C5_20230930161409.jpg,plastic_nut::plastic_nut_0450_OK,5,development,OK,1155.33447265625,1111.9970703125,1179.228515625,1368.0390625,1368.0390625,1368.0390625,1327.548828125,1349.246337890625,1349.246337890625
plastic_nut,plastic_nut/OK/S0451/plastic_nut_0451_OK_C1_20230930161417.jpg,plastic_nut::plastic_nut_0451_OK,1,development,OK,1467.5859375,1467.5859375,1467.5859375,1424.746826171875,1424.746826171875,1423.833984375,1365.51025390625,1365.51025390625,1368.43408203125
plastic_nut,plastic_nut/OK/S0451/plastic_nut_0451_OK_C2_20230930161417.jpg,plastic_nut::plastic_nut_0451_OK,2,development,OK,1244.01806640625,1244.01806640625,1266.854736328125,1108.51806640625,1108.51806640625,1233.714111328125,1191.845458984375,1188.44970703125,1188.44970703125
plastic_nut,plastic_nut/OK/S0451/plastic_nut_0451_OK_C3_20230930161417.jpg,plastic_nut::plastic_nut_0451_OK,3,development,OK,982.01171875,1014.405029296875,966.76220703125,984.886962890625,1017.951904296875,968.49951171875,1022.2734375,1022.2734375,1022.2734375
plastic_nut,plastic_nut/OK/S0451/plastic_nut_0451_OK_C4_20230930161417.jpg,plastic_nut::plastic_nut_0451_OK,4,development,OK,1120.9541015625,1136.733154296875,1120.9541015625,1134.01513671875,1136.179931640625,1232.85546875,1161.8740234375,1161.8740234375,1161.8740234375
plastic_nut,plastic_nut/OK/S0451/plastic_nut_0451_OK_C5_20230930161417.jpg,plastic_nut::plastic_nut_0451_OK,5,development,OK,1174.658447265625,1165.7236328125,1168.1845703125,1030.547119140625,1061.34033203125,1053.21533203125,1199.4658203125,1206.333251953125,1206.333251953125
plastic_nut,plastic_nut/OK/S0457/plastic_nut_0457_OK_C1_20230930162118.jpg,plastic_nut::plastic_nut_0457_OK,1,development,OK,1150.1201171875,1121.556884765625,1217.50341796875,1091.828857421875,1068.27099609375,1091.828857421875,1082.814208984375,1082.814208984375,1082.814208984375
plastic_nut,plastic_nut/OK/S0457/plastic_nut_0457_OK_C2_20230930162118.jpg,plastic_nut::plastic_nut_0457_OK,2,development,OK,874.7783203125,796.935302734375,796.935302734375,868.516357421875,965.525634765625,965.525634765625,783.7412109375,846.630615234375,791.496826171875
plastic_nut,plastic_nut/OK/S0457/plastic_nut_0457_OK_C3_20230930162118.jpg,plastic_nut::plastic_nut_0457_OK,3,development,OK,1138.129638671875,1138.129638671875,1161.81689453125,952.125,936.828857421875,903.328369140625,1019.0615234375,1019.0615234375,1019.0615234375
plastic_nut,plastic_nut/OK/S0457/plastic_nut_0457_OK_C4_20230930162118.jpg,plastic_nut::plastic_nut_0457_OK,4,development,OK,909.35546875,909.35546875,1040.677001953125,992.248046875,969.6982421875,980.68505859375,845.5068359375,814.719970703125,844.474853515625
plastic_nut,plastic_nut/OK/S0457/plastic_nut_0457_OK_C5_20230930162118.jpg,plastic_nut::plastic_nut_0457_OK,5,development,OK,1017.42919921875,1012.775390625,1017.42919921875,1036.87353515625,1003.343017578125,1034.443359375,1026.68505859375,1031.9384765625,1026.68505859375
plastic_nut,plastic_nut/OK/S0473/plastic_nut_0473_OK_C1_20230930162415.jpg,plastic_nut::plastic_nut_0473_OK,1,development,OK,1423.02783203125,1423.02783203125,1423.02783203125,1596.10986328125,1596.10986328125,1596.10986328125,1340.1787109375,1340.1787109375,1431.0712890625
plastic_nut,plastic_nut/OK/S0473/plastic_nut_0473_OK_C2_20230930162415.jpg,plastic_nut::plastic_nut_0473_OK,2,development,OK,932.97900390625,932.97900390625,932.97900390625,1086.29638671875,1086.29638671875,1086.29638671875,1016.495849609375,997.822509765625,997.822509765625
plastic_nut,plastic_nut/OK/S0473/plastic_nut_0473_OK_C3_20230930162415.jpg,plastic_nut::plastic_nut_0473_OK,3,development,OK,951.9609375,951.9609375,951.9609375,824.83154296875,944.4921875,944.4921875,949.67529296875,938.67041015625,938.67041015625
plastic_nut,plastic_nut/OK/S0473/plastic_nut_0473_OK_C4_20230930162415.jpg,plastic_nut::plastic_nut_0473_OK,4,development,OK,918.6923828125,961.584228515625,918.6923828125,785.44091796875,754.91357421875,777.95703125,836.4267578125,836.4267578125,939.3896484375
plastic_nut,plastic_nut/OK/S0473/plastic_nut_0473_OK_C5_20230930162415.jpg,plastic_nut::plastic_nut_0473_OK,5,development,OK,1228.55419921875,1228.55419921875,1228.55419921875,1010.7158203125,1010.7158203125,1001.747802734375,1043.353271484375,1043.353271484375,1043.353271484375
plastic_nut,plastic_nut/OK/S0481/plastic_nut_0481_OK_C1_20230930162549.jpg,plastic_nut::plastic_nut_0481_OK,1,development,OK,1264.097412109375,1264.097412109375,1101.01171875,1089.99169921875,1089.99169921875,1089.99169921875,1233.1123046875,1233.1123046875,1233.1123046875
plastic_nut,plastic_nut/OK/S0481/plastic_nut_0481_OK_C2_20230930162549.jpg,plastic_nut::plastic_nut_0481_OK,2,development,OK,1271.766845703125,1271.766845703125,1392.966064453125,1111.298828125,993.936767578125,993.936767578125,1068.693115234375,1068.693115234375,1162.160400390625
plastic_nut,plastic_nut/OK/S0481/plastic_nut_0481_OK_C3_20230930162549.jpg,plastic_nut::plastic_nut_0481_OK,3,development,OK,842.48974609375,842.48974609375,842.48974609375,1019.184326171875,1019.184326171875,1019.184326171875,1017.057373046875,1062.26708984375,1017.057373046875
plastic_nut,plastic_nut/OK/S0481/plastic_nut_0481_OK_C4_20230930162549.jpg,plastic_nut::plastic_nut_0481_OK,4,development,OK,988.204345703125,1057.977294921875,988.204345703125,949.94091796875,949.94091796875,1010.6962890625,956.677001953125,956.677001953125,956.677001953125
plastic_nut,plastic_nut/OK/S0481/plastic_nut_0481_OK_C5_20230930162549.jpg,plastic_nut::plastic_nut_0481_OK,5,development,OK,951.5498046875,951.5498046875,951.5498046875,919.14697265625,936.46142578125,919.14697265625,1162.34375,1162.34375,1022.97119140625
plastic_nut,plastic_nut/OK/S0482/plastic_nut_0482_OK_C1_20230930162559.jpg,plastic_nut::plastic_nut_0482_OK,1,development,OK,1161.260009765625,1161.260009765625,1161.260009765625,1061.73486328125,1061.73486328125,1061.73486328125,1272.45654296875,1272.45654296875,1272.45654296875
plastic_nut,plastic_nut/OK/S0482/plastic_nut_0482_OK_C2_20230930162559.jpg,plastic_nut::plastic_nut_0482_OK,2,development,OK,1317.849853515625,1238.1611328125,1238.1611328125,936.728271484375,971.858154296875,1040.900390625,919.98876953125,919.98876953125,919.98876953125
plastic_nut,plastic_nut/OK/S0482/plastic_nut_0482_OK_C3_20230930162559.jpg,plastic_nut::plastic_nut_0482_OK,3,development,OK,956.979248046875,983.78515625,1000.693359375,1051.041748046875,1051.041748046875,1051.041748046875,1096.003662109375,1096.003662109375,1096.003662109375
plastic_nut,plastic_nut/OK/S0482/plastic_nut_0482_OK_C4_20230930162559.jpg,plastic_nut::plastic_nut_0482_OK,4,development,OK,1199.568115234375,1199.568115234375,1199.568115234375,1154.4755859375,1154.4755859375,1154.4755859375,1124.947998046875,1115.4619140625,1115.4619140625
plastic_nut,plastic_nut/OK/S0482/plastic_nut_0482_OK_C5_20230930162559.jpg,plastic_nut::plastic_nut_0482_OK,5,development,OK,1094.379638671875,1063.75732421875,1094.379638671875,1001.926513671875,1001.926513671875,1001.926513671875,851.15283203125,851.15283203125,851.15283203125
plastic_nut,plastic_nut/OK/S0483/plastic_nut_0483_OK_C1_20230930162605.jpg,plastic_nut::plastic_nut_0483_OK,1,development,OK,1361.65673828125,1361.65673828125,1361.65673828125,1182.032958984375,1182.032958984375,1182.032958984375,1344.758056640625,1344.758056640625,1344.758056640625
plastic_nut,plastic_nut/OK/S0483/plastic_nut_0483_OK_C2_20230930162605.jpg,plastic_nut::plastic_nut_0483_OK,2,development,OK,977.27099609375,1198.01708984375,977.27099609375,933.96630859375,876.4658203125,993.50439453125,858.830810546875,936.95458984375,858.830810546875
plastic_nut,plastic_nut/OK/S0483/plastic_nut_0483_OK_C3_20230930162605.jpg,plastic_nut::plastic_nut_0483_OK,3,development,OK,1330.028564453125,1281.112548828125,1302.526123046875,1010.979736328125,1257.329833984375,1257.329833984375,1254.736328125,975.691650390625,1013.451416015625
plastic_nut,plastic_nut/OK/S0483/plastic_nut_0483_OK_C4_20230930162605.jpg,plastic_nut::plastic_nut_0483_OK,4,development,OK,967.451416015625,967.451416015625,967.451416015625,910.500244140625,910.500244140625,916.5126953125,882.19091796875,914.51806640625,882.19091796875
plastic_nut,plastic_nut/OK/S0483/plastic_nut_0483_OK_C5_20230930162605.jpg,plastic_nut::plastic_nut_0483_OK,5,development,OK,1022.9345703125,973.9111328125,973.9111328125,1133.087890625,1133.087890625,1170.194091796875,1451.06689453125,1451.06689453125,1451.06689453125
plastic_nut,plastic_nut/OK/S0493/plastic_nut_0493_OK_C1_20230930162808.jpg,plastic_nut::plastic_nut_0493_OK,1,development,OK,1230.26123046875,1230.26123046875,1230.26123046875,1445.015380859375,1445.015380859375,1445.015380859375,1585.220458984375,1585.220458984375,1585.220458984375
plastic_nut,plastic_nut/OK/S0493/plastic_nut_0493_OK_C2_20230930162808.jpg,plastic_nut::plastic_nut_0493_OK,2,development,OK,884.36279296875,927.7919921875,884.36279296875,1044.12353515625,1044.12353515625,1044.12353515625,1031.31494140625,1031.31494140625,1031.31494140625
plastic_nut,plastic_nut/OK/S0493/plastic_nut_0493_OK_C3_20230930162808.jpg,plastic_nut::plastic_nut_0493_OK,3,development,OK,1179.801025390625,1179.801025390625,1179.801025390625,1007.80810546875,1072.550048828125,1072.550048828125,925.8427734375,925.8427734375,952.41943359375
plastic_nut,plastic_nut/OK/S0493/plastic_nut_0493_OK_C4_20230930162808.jpg,plastic_nut::plastic_nut_0493_OK,4,development,OK,897.58642578125,897.58642578125,897.58642578125,929.318359375,915.1142578125,899.66015625,1038.478271484375,1038.478271484375,1038.478271484375
plastic_nut,plastic_nut/OK/S0493/plastic_nut_0493_OK_C5_20230930162808.jpg,plastic_nut::plastic_nut_0493_OK,5,development,OK,1018.73388671875,1018.73388671875,1018.73388671875,1284.031982421875,1284.031982421875,1284.031982421875,1185.909423828125,1126.146484375,1126.146484375
