method,path,mean_squared_nearest,p95_squared_nearest,max_squared_nearest
odd_s0,plastic_nut/OK/S0016/plastic_nut_0016_OK_C1_20230930122513.jpg,337.766357421875,550.267822265625,950.78662109375
odd_s1,plastic_nut/OK/S0016/plastic_nut_0016_OK_C1_20230930122513.jpg,337.65362548828125,547.3414306640625,950.78662109375
odd_s2,plastic_nut/OK/S0016/plastic_nut_0016_OK_C1_20230930122513.jpg,339.8819580078125,550.1949462890625,950.78662109375
balanced_s0,plastic_nut/OK/S0016/plastic_nut_0016_OK_C1_20230930122513.jpg,336.76220703125,546.2180786132812,993.993896484375
balanced_s1,plastic_nut/OK/S0016/plastic_nut_0016_OK_C1_20230930122513.jpg,337.3008728027344,545.0008544921875,964.786865234375
balanced_s2,plastic_nut/OK/S0016/plastic_nut_0016_OK_C1_20230930122513.jpg,336.14398193359375,543.069091796875,955.69384765625
random_s0,plastic_nut/OK/S0016/plastic_nut_0016_OK_C1_20230930122513.jpg,343.0954895019531,547.7428588867188,955.206298828125
random_s1,plastic_nut/OK/S0016/plastic_nut_0016_OK_C1_20230930122513.jpg,331.3914794921875,539.4859619140625,912.01123046875
random_s2,plastic_nut/OK/S0016/plastic_nut_0016_OK_C1_20230930122513.jpg,333.0933837890625,541.8582763671875,962.3291015625
odd_s0,plastic_nut/OK/S0016/plastic_nut_0016_OK_C2_20230930122513.jpg,343.1763916015625,534.8480834960938,1327.015625
odd_s1,plastic_nut/OK/S0016/plastic_nut_0016_OK_C2_20230930122513.jpg,334.96051025390625,528.5817260742188,1271.16357421875
odd_s2,plastic_nut/OK/S0016/plastic_nut_0016_OK_C2_20230930122513.jpg,337.73480224609375,533.8167724609375,1315.0205078125
balanced_s0,plastic_nut/OK/S0016/plastic_nut_0016_OK_C2_20230930122513.jpg,330.906005859375,526.8311767578125,812.400634765625
balanced_s1,plastic_nut/OK/S0016/plastic_nut_0016_OK_C2_20230930122513.jpg,340.2233581542969,526.9071044921875,822.371826171875
balanced_s2,plastic_nut/OK/S0016/plastic_nut_0016_OK_C2_20230930122513.jpg,341.19781494140625,530.0379638671875,963.0546875
random_s0,plastic_nut/OK/S0016/plastic_nut_0016_OK_C2_20230930122513.jpg,339.1419372558594,527.9334716796875,819.93359375
random_s1,plastic_nut/OK/S0016/plastic_nut_0016_OK_C2_20230930122513.jpg,343.3721923828125,535.4951782226562,820.57958984375
random_s2,plastic_nut/OK/S0016/plastic_nut_0016_OK_C2_20230930122513.jpg,336.5804443359375,522.6213989257812,820.57958984375
odd_s0,plastic_nut/OK/S0016/plastic_nut_0016_OK_C3_20230930122513.jpg,344.92657470703125,542.9114990234375,791.916259765625
odd_s1,plastic_nut/OK/S0016/plastic_nut_0016_OK_C3_20230930122513.jpg,332.2560119628906,533.4583740234375,791.6259765625
odd_s2,plastic_nut/OK/S0016/plastic_nut_0016_OK_C3_20230930122513.jpg,343.2458190917969,538.1884765625,828.818359375
balanced_s0,plastic_nut/OK/S0016/plastic_nut_0016_OK_C3_20230930122513.jpg,332.5037841796875,525.3463745117188,846.5341796875
balanced_s1,plastic_nut/OK/S0016/plastic_nut_0016_OK_C3_20230930122513.jpg,341.14129638671875,535.264404296875,837.060302734375
balanced_s2,plastic_nut/OK/S0016/plastic_nut_0016_OK_C3_20230930122513.jpg,342.489013671875,529.818115234375,873.7880859375
random_s0,plastic_nut/OK/S0016/plastic_nut_0016_OK_C3_20230930122513.jpg,339.2579345703125,533.233642578125,937.8095703125
random_s1,plastic_nut/OK/S0016/plastic_nut_0016_OK_C3_20230930122513.jpg,342.45013427734375,536.6322021484375,887.531982421875
random_s2,plastic_nut/OK/S0016/plastic_nut_0016_OK_C3_20230930122513.jpg,343.364013671875,539.3052978515625,854.468505859375
odd_s0,plastic_nut/OK/S0016/plastic_nut_0016_OK_C4_20230930122513.jpg,351.40887451171875,535.1700439453125,1189.31005859375
odd_s1,plastic_nut/OK/S0016/plastic_nut_0016_OK_C4_20230930122513.jpg,336.144775390625,528.7015380859375,1155.5654296875
odd_s2,plastic_nut/OK/S0016/plastic_nut_0016_OK_C4_20230930122513.jpg,345.89984130859375,535.8446044921875,1188.715087890625
balanced_s0,plastic_nut/OK/S0016/plastic_nut_0016_OK_C4_20230930122513.jpg,334.9700622558594,530.5118408203125,833.30322265625
balanced_s1,plastic_nut/OK/S0016/plastic_nut_0016_OK_C4_20230930122513.jpg,336.79290771484375,527.4287109375,780.572265625
balanced_s2,plastic_nut/OK/S0016/plastic_nut_0016_OK_C4_20230930122513.jpg,347.48211669921875,538.533935546875,853.773681640625
random_s0,plastic_nut/OK/S0016/plastic_nut_0016_OK_C4_20230930122513.jpg,342.51763916015625,533.8695678710938,929.124267578125
random_s1,plastic_nut/OK/S0016/plastic_nut_0016_OK_C4_20230930122513.jpg,341.67095947265625,534.2620849609375,865.6220703125
random_s2,plastic_nut/OK/S0016/plastic_nut_0016_OK_C4_20230930122513.jpg,341.6246032714844,531.2920532226562,743.72265625
odd_s0,plastic_nut/OK/S0016/plastic_nut_0016_OK_C5_20230930122513.jpg,364.4822998046875,566.0718994140625,897.81884765625
odd_s1,plastic_nut/OK/S0016/plastic_nut_0016_OK_C5_20230930122513.jpg,358.17730712890625,562.753662109375,897.81884765625
odd_s2,plastic_nut/OK/S0016/plastic_nut_0016_OK_C5_20230930122513.jpg,361.76416015625,566.9169921875,968.24560546875
balanced_s0,plastic_nut/OK/S0016/plastic_nut_0016_OK_C5_20230930122513.jpg,361.0339660644531,561.9097290039062,897.81884765625
balanced_s1,plastic_nut/OK/S0016/plastic_nut_0016_OK_C5_20230930122513.jpg,363.306884765625,554.80859375,930.0029296875
balanced_s2,plastic_nut/OK/S0016/plastic_nut_0016_OK_C5_20230930122513.jpg,361.719482421875,562.4835205078125,897.81884765625
random_s0,plastic_nut/OK/S0016/plastic_nut_0016_OK_C5_20230930122513.jpg,359.8885498046875,553.840087890625,823.7783203125
random_s1,plastic_nut/OK/S0016/plastic_nut_0016_OK_C5_20230930122513.jpg,358.0691833496094,554.8545532226562,820.630859375
random_s2,plastic_nut/OK/S0016/plastic_nut_0016_OK_C5_20230930122513.jpg,360.08935546875,566.0638427734375,836.319580078125
odd_s0,plastic_nut/OK/S0028/plastic_nut_0028_OK_C1_20230930124338.jpg,361.0302429199219,582.132080078125,888.25390625
odd_s1,plastic_nut/OK/S0028/plastic_nut_0028_OK_C1_20230930124338.jpg,361.6722717285156,577.138427734375,1020.429931640625
odd_s2,plastic_nut/OK/S0028/plastic_nut_0028_OK_C1_20230930124338.jpg,360.049560546875,572.240966796875,962.90673828125
balanced_s0,plastic_nut/OK/S0028/plastic_nut_0028_OK_C1_20230930124338.jpg,357.5240478515625,562.4395751953125,1007.12646484375
balanced_s1,plastic_nut/OK/S0028/plastic_nut_0028_OK_C1_20230930124338.jpg,361.8461608886719,571.771484375,1044.843017578125
balanced_s2,plastic_nut/OK/S0028/plastic_nut_0028_OK_C1_20230930124338.jpg,359.11749267578125,570.8273315429688,1007.12646484375
random_s0,plastic_nut/OK/S0028/plastic_nut_0028_OK_C1_20230930124338.jpg,364.7197265625,579.832275390625,951.548583984375
random_s1,plastic_nut/OK/S0028/plastic_nut_0028_OK_C1_20230930124338.jpg,355.337890625,566.4204711914062,862.81591796875
random_s2,plastic_nut/OK/S0028/plastic_nut_0028_OK_C1_20230930124338.jpg,356.65350341796875,566.1519775390625,935.03369140625
odd_s0,plastic_nut/OK/S0028/plastic_nut_0028_OK_C2_20230930124338.jpg,351.35504150390625,540.0618286132812,750.49169921875
odd_s1,plastic_nut/OK/S0028/plastic_nut_0028_OK_C2_20230930124338.jpg,344.54864501953125,544.3580322265625,762.54150390625
odd_s2,plastic_nut/OK/S0028/plastic_nut_0028_OK_C2_20230930124338.jpg,349.41888427734375,546.5448608398438,810.89453125
balanced_s0,plastic_nut/OK/S0028/plastic_nut_0028_OK_C2_20230930124338.jpg,344.11932373046875,541.9840698242188,992.34619140625
balanced_s1,plastic_nut/OK/S0028/plastic_nut_0028_OK_C2_20230930124338.jpg,348.5603332519531,547.43408203125,803.375244140625
balanced_s2,plastic_nut/OK/S0028/plastic_nut_0028_OK_C2_20230930124338.jpg,354.36981201171875,545.9905395507812,779.013671875
random_s0,plastic_nut/OK/S0028/plastic_nut_0028_OK_C2_20230930124338.jpg,348.71990966796875,546.9486083984375,778.845703125
random_s1,plastic_nut/OK/S0028/plastic_nut_0028_OK_C2_20230930124338.jpg,352.7330322265625,548.9794921875,831.22314453125
random_s2,plastic_nut/OK/S0028/plastic_nut_0028_OK_C2_20230930124338.jpg,351.5353698730469,549.6569213867188,820.150390625
odd_s0,plastic_nut/OK/S0028/plastic_nut_0028_OK_C3_20230930124338.jpg,350.6581726074219,539.9664306640625,767.86474609375
odd_s1,plastic_nut/OK/S0028/plastic_nut_0028_OK_C3_20230930124338.jpg,336.9381103515625,526.0372924804688,858.859619140625
odd_s2,plastic_nut/OK/S0028/plastic_nut_0028_OK_C3_20230930124338.jpg,348.8402099609375,536.88720703125,840.951171875
balanced_s0,plastic_nut/OK/S0028/plastic_nut_0028_OK_C3_20230930124338.jpg,337.21038818359375,526.6046752929688,893.455078125
balanced_s1,plastic_nut/OK/S0028/plastic_nut_0028_OK_C3_20230930124338.jpg,341.461669921875,534.2918701171875,837.7333984375
balanced_s2,plastic_nut/OK/S0028/plastic_nut_0028_OK_C3_20230930124338.jpg,351.7996520996094,535.9699096679688,908.734375
random_s0,plastic_nut/OK/S0028/plastic_nut_0028_OK_C3_20230930124338.jpg,348.55987548828125,537.7979736328125,771.460693359375
random_s1,plastic_nut/OK/S0028/plastic_nut_0028_OK_C3_20230930124338.jpg,344.8248291015625,533.4290771484375,791.978515625
random_s2,plastic_nut/OK/S0028/plastic_nut_0028_OK_C3_20230930124338.jpg,346.9954833984375,532.0493774414062,748.328857421875
odd_s0,plastic_nut/OK/S0028/plastic_nut_0028_OK_C4_20230930124338.jpg,370.0422058105469,573.0393676757812,1027.75537109375
odd_s1,plastic_nut/OK/S0028/plastic_nut_0028_OK_C4_20230930124338.jpg,376.5046691894531,595.1832885742188,907.01318359375
odd_s2,plastic_nut/OK/S0028/plastic_nut_0028_OK_C4_20230930124338.jpg,375.8420715332031,585.116943359375,1088.5009765625
balanced_s0,plastic_nut/OK/S0028/plastic_nut_0028_OK_C4_20230930124338.jpg,371.6937255859375,584.8047485351562,937.19677734375
balanced_s1,plastic_nut/OK/S0028/plastic_nut_0028_OK_C4_20230930124338.jpg,375.51611328125,595.2923583984375,984.1689453125
balanced_s2,plastic_nut/OK/S0028/plastic_nut_0028_OK_C4_20230930124338.jpg,375.36566162109375,582.8328857421875,884.201171875
random_s0,plastic_nut/OK/S0028/plastic_nut_0028_OK_C4_20230930124338.jpg,372.80426025390625,576.243408203125,898.8798828125
random_s1,plastic_nut/OK/S0028/plastic_nut_0028_OK_C4_20230930124338.jpg,379.55157470703125,593.5590209960938,877.838134765625
random_s2,plastic_nut/OK/S0028/plastic_nut_0028_OK_C4_20230930124338.jpg,379.8560485839844,590.33935546875,1023.5009765625
odd_s0,plastic_nut/OK/S0028/plastic_nut_0028_OK_C5_20230930124338.jpg,358.6352233886719,546.9581298828125,905.60009765625
odd_s1,plastic_nut/OK/S0028/plastic_nut_0028_OK_C5_20230930124338.jpg,345.2380065917969,535.368408203125,894.3427734375
odd_s2,plastic_nut/OK/S0028/plastic_nut_0028_OK_C5_20230930124338.jpg,349.2417297363281,532.5851440429688,910.04443359375
balanced_s0,plastic_nut/OK/S0028/plastic_nut_0028_OK_C5_20230930124338.jpg,348.2970275878906,537.05712890625,830.19384765625
balanced_s1,plastic_nut/OK/S0028/plastic_nut_0028_OK_C5_20230930124338.jpg,353.8908386230469,538.3613891601562,810.043212890625
balanced_s2,plastic_nut/OK/S0028/plastic_nut_0028_OK_C5_20230930124338.jpg,354.6229248046875,537.7359619140625,704.708984375
random_s0,plastic_nut/OK/S0028/plastic_nut_0028_OK_C5_20230930124338.jpg,352.28961181640625,539.7716064453125,929.310791015625
random_s1,plastic_nut/OK/S0028/plastic_nut_0028_OK_C5_20230930124338.jpg,347.30224609375,539.6954956054688,813.13232421875
random_s2,plastic_nut/OK/S0028/plastic_nut_0028_OK_C5_20230930124338.jpg,351.8106689453125,533.46728515625,824.440185546875
odd_s0,plastic_nut/OK/S0030/plastic_nut_0030_OK_C1_20230930124407.jpg,334.00262451171875,546.29150390625,881.8828125
odd_s1,plastic_nut/OK/S0030/plastic_nut_0030_OK_C1_20230930124407.jpg,336.2913513183594,534.6203002929688,960.83154296875
odd_s2,plastic_nut/OK/S0030/plastic_nut_0030_OK_C1_20230930124407.jpg,337.65899658203125,542.3385620117188,1073.683837890625
balanced_s0,plastic_nut/OK/S0030/plastic_nut_0030_OK_C1_20230930124407.jpg,336.84521484375,547.77734375,898.9814453125
balanced_s1,plastic_nut/OK/S0030/plastic_nut_0030_OK_C1_20230930124407.jpg,336.1526184082031,539.1922607421875,906.789306640625
balanced_s2,plastic_nut/OK/S0030/plastic_nut_0030_OK_C1_20230930124407.jpg,336.19439697265625,546.016845703125,898.9814453125
random_s0,plastic_nut/OK/S0030/plastic_nut_0030_OK_C1_20230930124407.jpg,346.90155029296875,550.521240234375,1005.107177734375
random_s1,plastic_nut/OK/S0030/plastic_nut_0030_OK_C1_20230930124407.jpg,331.40948486328125,537.8706665039062,964.45654296875
random_s2,plastic_nut/OK/S0030/plastic_nut_0030_OK_C1_20230930124407.jpg,332.3087463378906,534.841796875,991.203125
odd_s0,plastic_nut/OK/S0030/plastic_nut_0030_OK_C2_20230930124407.jpg,345.8565979003906,534.261962890625,1167.2607421875
odd_s1,plastic_nut/OK/S0030/plastic_nut_0030_OK_C2_20230930124407.jpg,328.00030517578125,513.4237060546875,1105.857421875
odd_s2,plastic_nut/OK/S0030/plastic_nut_0030_OK_C2_20230930124407.jpg,335.57879638671875,521.1905517578125,1174.458984375
balanced_s0,plastic_nut/OK/S0030/plastic_nut_0030_OK_C2_20230930124407.jpg,334.1660461425781,523.1217651367188,851.4013671875
balanced_s1,plastic_nut/OK/S0030/plastic_nut_0030_OK_C2_20230930124407.jpg,337.0338134765625,527.731201171875,834.57666015625
balanced_s2,plastic_nut/OK/S0030/plastic_nut_0030_OK_C2_20230930124407.jpg,338.5322265625,527.6948852539062,964.204345703125
random_s0,plastic_nut/OK/S0030/plastic_nut_0030_OK_C2_20230930124407.jpg,339.44879150390625,524.9918212890625,794.232421875
random_s1,plastic_nut/OK/S0030/plastic_nut_0030_OK_C2_20230930124407.jpg,335.88604736328125,526.2940673828125,760.303466796875
random_s2,plastic_nut/OK/S0030/plastic_nut_0030_OK_C2_20230930124407.jpg,339.94781494140625,525.0714111328125,870.10498046875
odd_s0,plastic_nut/OK/S0030/plastic_nut_0030_OK_C3_20230930124407.jpg,349.98297119140625,542.69384765625,739.316162109375
odd_s1,plastic_nut/OK/S0030/plastic_nut_0030_OK_C3_20230930124407.jpg,334.29827880859375,527.7879638671875,900.83203125
odd_s2,plastic_nut/OK/S0030/plastic_nut_0030_OK_C3_20230930124407.jpg,346.2300109863281,537.739990234375,752.8837890625
balanced_s0,plastic_nut/OK/S0030/plastic_nut_0030_OK_C3_20230930124407.jpg,340.0703125,529.9954833984375,833.69091796875
balanced_s1,plastic_nut/OK/S0030/plastic_nut_0030_OK_C3_20230930124407.jpg,342.64654541015625,534.49658203125,743.2509765625
balanced_s2,plastic_nut/OK/S0030/plastic_nut_0030_OK_C3_20230930124407.jpg,347.1347351074219,532.7803955078125,848.2060546875
random_s0,plastic_nut/OK/S0030/plastic_nut_0030_OK_C3_20230930124407.jpg,346.46588134765625,541.038818359375,762.501708984375
random_s1,plastic_nut/OK/S0030/plastic_nut_0030_OK_C3_20230930124407.jpg,346.86920166015625,532.2523803710938,744.00439453125
random_s2,plastic_nut/OK/S0030/plastic_nut_0030_OK_C3_20230930124407.jpg,348.62841796875,537.0311279296875,740.550048828125
odd_s0,plastic_nut/OK/S0030/plastic_nut_0030_OK_C4_20230930124407.jpg,371.20819091796875,569.9907836914062,873.56298828125
odd_s1,plastic_nut/OK/S0030/plastic_nut_0030_OK_C4_20230930124407.jpg,372.4720153808594,578.6829223632812,935.54541015625
odd_s2,plastic_nut/OK/S0030/plastic_nut_0030_OK_C4_20230930124407.jpg,366.91033935546875,572.9298095703125,885.5244140625
balanced_s0,plastic_nut/OK/S0030/plastic_nut_0030_OK_C4_20230930124407.jpg,365.490234375,570.193359375,879.4013671875
balanced_s1,plastic_nut/OK/S0030/plastic_nut_0030_OK_C4_20230930124407.jpg,372.10601806640625,581.2842407226562,914.684326171875
balanced_s2,plastic_nut/OK/S0030/plastic_nut_0030_OK_C4_20230930124407.jpg,374.082275390625,577.7940673828125,834.3046875
random_s0,plastic_nut/OK/S0030/plastic_nut_0030_OK_C4_20230930124407.jpg,369.7835388183594,564.2056884765625,961.57470703125
random_s1,plastic_nut/OK/S0030/plastic_nut_0030_OK_C4_20230930124407.jpg,376.0643615722656,583.9906005859375,808.3115234375
random_s2,plastic_nut/OK/S0030/plastic_nut_0030_OK_C4_20230930124407.jpg,372.11724853515625,576.0513916015625,928.6357421875
odd_s0,plastic_nut/OK/S0030/plastic_nut_0030_OK_C5_20230930124407.jpg,360.93719482421875,541.95947265625,869.354736328125
odd_s1,plastic_nut/OK/S0030/plastic_nut_0030_OK_C5_20230930124407.jpg,352.7084045410156,539.2620849609375,797.80078125
odd_s2,plastic_nut/OK/S0030/plastic_nut_0030_OK_C5_20230930124407.jpg,356.0464782714844,551.3734741210938,941.8642578125
balanced_s0,plastic_nut/OK/S0030/plastic_nut_0030_OK_C5_20230930124407.jpg,353.8673095703125,542.4749755859375,1040.57666015625
balanced_s1,plastic_nut/OK/S0030/plastic_nut_0030_OK_C5_20230930124407.jpg,360.508056640625,545.865234375,1088.368896484375
balanced_s2,plastic_nut/OK/S0030/plastic_nut_0030_OK_C5_20230930124407.jpg,360.7290954589844,545.223876953125,1088.368896484375
random_s0,plastic_nut/OK/S0030/plastic_nut_0030_OK_C5_20230930124407.jpg,351.4002685546875,540.334716796875,783.745849609375
random_s1,plastic_nut/OK/S0030/plastic_nut_0030_OK_C5_20230930124407.jpg,350.363037109375,540.962890625,816.961669921875
random_s2,plastic_nut/OK/S0030/plastic_nut_0030_OK_C5_20230930124407.jpg,357.3311767578125,539.7025756835938,898.794921875
odd_s0,plastic_nut/OK/S0050/plastic_nut_0050_OK_C1_20230930125908.jpg,337.71112060546875,541.5972900390625,1064.642822265625
odd_s1,plastic_nut/OK/S0050/plastic_nut_0050_OK_C1_20230930125908.jpg,337.13824462890625,540.13134765625,1039.616455078125
odd_s2,plastic_nut/OK/S0050/plastic_nut_0050_OK_C1_20230930125908.jpg,335.28350830078125,538.4918212890625,1039.616455078125
balanced_s0,plastic_nut/OK/S0050/plastic_nut_0050_OK_C1_20230930125908.jpg,341.24932861328125,549.629638671875,955.56640625
balanced_s1,plastic_nut/OK/S0050/plastic_nut_0050_OK_C1_20230930125908.jpg,336.2303466796875,538.535400390625,900.2890625
balanced_s2,plastic_nut/OK/S0050/plastic_nut_0050_OK_C1_20230930125908.jpg,332.3069763183594,535.6796875,884.31103515625
random_s0,plastic_nut/OK/S0050/plastic_nut_0050_OK_C1_20230930125908.jpg,339.9958801269531,543.6290893554688,863.95263671875
random_s1,plastic_nut/OK/S0050/plastic_nut_0050_OK_C1_20230930125908.jpg,329.1697082519531,527.2069702148438,863.95263671875
random_s2,plastic_nut/OK/S0050/plastic_nut_0050_OK_C1_20230930125908.jpg,329.0280456542969,522.5375366210938,909.248046875
odd_s0,plastic_nut/OK/S0050/plastic_nut_0050_OK_C2_20230930125908.jpg,345.0941162109375,529.360107421875,1629.67626953125
odd_s1,plastic_nut/OK/S0050/plastic_nut_0050_OK_C2_20230930125908.jpg,331.78204345703125,522.1312866210938,1639.28173828125
odd_s2,plastic_nut/OK/S0050/plastic_nut_0050_OK_C2_20230930125908.jpg,335.0785827636719,521.4508056640625,1653.13623046875
balanced_s0,plastic_nut/OK/S0050/plastic_nut_0050_OK_C2_20230930125908.jpg,333.18218994140625,530.4049682617188,857.1953125
balanced_s1,plastic_nut/OK/S0050/plastic_nut_0050_OK_C2_20230930125908.jpg,335.1137390136719,528.7048950195312,873.65283203125
balanced_s2,plastic_nut/OK/S0050/plastic_nut_0050_OK_C2_20230930125908.jpg,342.1287536621094,529.96826171875,901.4716796875
random_s0,plastic_nut/OK/S0050/plastic_nut_0050_OK_C2_20230930125908.jpg,343.69940185546875,532.1017456054688,1017.334716796875
random_s1,plastic_nut/OK/S0050/plastic_nut_0050_OK_C2_20230930125908.jpg,340.3787841796875,533.101318359375,1017.334716796875
random_s2,plastic_nut/OK/S0050/plastic_nut_0050_OK_C2_20230930125908.jpg,340.0323486328125,527.3851318359375,1017.334716796875
odd_s0,plastic_nut/OK/S0050/plastic_nut_0050_OK_C3_20230930125908.jpg,348.0933837890625,540.1741333007812,823.50537109375
odd_s1,plastic_nut/OK/S0050/plastic_nut_0050_OK_C3_20230930125908.jpg,336.9526672363281,534.9768676757812,894.49951171875
odd_s2,plastic_nut/OK/S0050/plastic_nut_0050_OK_C3_20230930125908.jpg,345.2403259277344,539.4276733398438,883.97265625
balanced_s0,plastic_nut/OK/S0050/plastic_nut_0050_OK_C3_20230930125908.jpg,335.60992431640625,520.7799072265625,878.596923828125
balanced_s1,plastic_nut/OK/S0050/plastic_nut_0050_OK_C3_20230930125908.jpg,340.8607177734375,536.2708740234375,769.76171875
balanced_s2,plastic_nut/OK/S0050/plastic_nut_0050_OK_C3_20230930125908.jpg,346.84210205078125,535.65283203125,809.840576171875
random_s0,plastic_nut/OK/S0050/plastic_nut_0050_OK_C3_20230930125908.jpg,340.6168212890625,530.53955078125,853.514892578125
random_s1,plastic_nut/OK/S0050/plastic_nut_0050_OK_C3_20230930125908.jpg,345.8901672363281,541.6248779296875,826.980712890625
random_s2,plastic_nut/OK/S0050/plastic_nut_0050_OK_C3_20230930125908.jpg,343.293701171875,535.8740234375,750.014404296875
odd_s0,plastic_nut/OK/S0050/plastic_nut_0050_OK_C4_20230930125908.jpg,363.666015625,568.0828857421875,851.5859375
odd_s1,plastic_nut/OK/S0050/plastic_nut_0050_OK_C4_20230930125908.jpg,367.38360595703125,580.390380859375,906.0751953125
odd_s2,plastic_nut/OK/S0050/plastic_nut_0050_OK_C4_20230930125908.jpg,364.0157470703125,566.4307250976562,1118.4609375
balanced_s0,plastic_nut/OK/S0050/plastic_nut_0050_OK_C4_20230930125908.jpg,358.3388366699219,564.2811279296875,865.779296875
balanced_s1,plastic_nut/OK/S0050/plastic_nut_0050_OK_C4_20230930125908.jpg,365.1058349609375,575.794189453125,784.771728515625
balanced_s2,plastic_nut/OK/S0050/plastic_nut_0050_OK_C4_20230930125908.jpg,366.1438293457031,573.8795776367188,984.52880859375
random_s0,plastic_nut/OK/S0050/plastic_nut_0050_OK_C4_20230930125908.jpg,362.590576171875,560.5340576171875,962.02197265625
random_s1,plastic_nut/OK/S0050/plastic_nut_0050_OK_C4_20230930125908.jpg,371.196044921875,578.2692260742188,833.6767578125
random_s2,plastic_nut/OK/S0050/plastic_nut_0050_OK_C4_20230930125908.jpg,368.95379638671875,571.4542236328125,908.3310546875
odd_s0,plastic_nut/OK/S0050/plastic_nut_0050_OK_C5_20230930125908.jpg,345.48321533203125,530.19580078125,813.01904296875
odd_s1,plastic_nut/OK/S0050/plastic_nut_0050_OK_C5_20230930125908.jpg,335.5845642089844,521.0106811523438,804.81982421875
odd_s2,plastic_nut/OK/S0050/plastic_nut_0050_OK_C5_20230930125908.jpg,342.4969482421875,523.3798828125,874.67041015625
balanced_s0,plastic_nut/OK/S0050/plastic_nut_0050_OK_C5_20230930125908.jpg,334.7563171386719,517.75341796875,693.03125
balanced_s1,plastic_nut/OK/S0050/plastic_nut_0050_OK_C5_20230930125908.jpg,339.79278564453125,525.7138671875,813.01904296875
balanced_s2,plastic_nut/OK/S0050/plastic_nut_0050_OK_C5_20230930125908.jpg,344.8673095703125,530.5364990234375,720.18115234375
random_s0,plastic_nut/OK/S0050/plastic_nut_0050_OK_C5_20230930125908.jpg,337.333251953125,523.2445068359375,763.30224609375
random_s1,plastic_nut/OK/S0050/plastic_nut_0050_OK_C5_20230930125908.jpg,339.5261535644531,528.1766357421875,853.70166015625
random_s2,plastic_nut/OK/S0050/plastic_nut_0050_OK_C5_20230930125908.jpg,340.55450439453125,528.459228515625,865.603759765625
odd_s0,plastic_nut/OK/S0067/plastic_nut_0067_OK_C1_20230930131049.jpg,335.60272216796875,542.135498046875,776.811279296875
odd_s1,plastic_nut/OK/S0067/plastic_nut_0067_OK_C1_20230930131049.jpg,338.00970458984375,539.8690795898438,886.53662109375
odd_s2,plastic_nut/OK/S0067/plastic_nut_0067_OK_C1_20230930131049.jpg,337.0907897949219,543.9531860351562,960.23291015625
balanced_s0,plastic_nut/OK/S0067/plastic_nut_0067_OK_C1_20230930131049.jpg,338.12542724609375,548.0823974609375,921.51904296875
balanced_s1,plastic_nut/OK/S0067/plastic_nut_0067_OK_C1_20230930131049.jpg,334.6496887207031,539.7154541015625,1035.0830078125
balanced_s2,plastic_nut/OK/S0067/plastic_nut_0067_OK_C1_20230930131049.jpg,334.283447265625,541.4400024414062,921.51904296875
random_s0,plastic_nut/OK/S0067/plastic_nut_0067_OK_C1_20230930131049.jpg,342.0276794433594,555.6424560546875,911.393310546875
random_s1,plastic_nut/OK/S0067/plastic_nut_0067_OK_C1_20230930131049.jpg,331.9189147949219,537.4561157226562,911.393310546875
random_s2,plastic_nut/OK/S0067/plastic_nut_0067_OK_C1_20230930131049.jpg,333.092529296875,539.6968383789062,911.393310546875
odd_s0,plastic_nut/OK/S0067/plastic_nut_0067_OK_C2_20230930131049.jpg,338.3697509765625,529.9491577148438,1434.668701171875
odd_s1,plastic_nut/OK/S0067/plastic_nut_0067_OK_C2_20230930131049.jpg,329.0263671875,521.4747924804688,1394.20556640625
odd_s2,plastic_nut/OK/S0067/plastic_nut_0067_OK_C2_20230930131049.jpg,334.3491516113281,528.6525268554688,1427.42724609375
balanced_s0,plastic_nut/OK/S0067/plastic_nut_0067_OK_C2_20230930131049.jpg,331.2528076171875,526.6417236328125,824.499267578125
balanced_s1,plastic_nut/OK/S0067/plastic_nut_0067_OK_C2_20230930131049.jpg,336.26544189453125,529.80224609375,767.03662109375
balanced_s2,plastic_nut/OK/S0067/plastic_nut_0067_OK_C2_20230930131049.jpg,337.87371826171875,524.930908203125,753.716796875
random_s0,plastic_nut/OK/S0067/plastic_nut_0067_OK_C2_20230930131049.jpg,340.92999267578125,532.2060546875,769.11767578125
random_s1,plastic_nut/OK/S0067/plastic_nut_0067_OK_C2_20230930131049.jpg,336.37518310546875,528.14453125,769.05029296875
random_s2,plastic_nut/OK/S0067/plastic_nut_0067_OK_C2_20230930131049.jpg,335.810302734375,524.1968994140625,753.946044921875
odd_s0,plastic_nut/OK/S0067/plastic_nut_0067_OK_C3_20230930131049.jpg,339.645751953125,528.2860717773438,816.755859375
odd_s1,plastic_nut/OK/S0067/plastic_nut_0067_OK_C3_20230930131049.jpg,325.7233581542969,516.9588623046875,890.04248046875
odd_s2,plastic_nut/OK/S0067/plastic_nut_0067_OK_C3_20230930131049.jpg,335.573486328125,525.0415649414062,841.2861328125
balanced_s0,plastic_nut/OK/S0067/plastic_nut_0067_OK_C3_20230930131049.jpg,328.45654296875,518.4021606445312,800.149658203125
balanced_s1,plastic_nut/OK/S0067/plastic_nut_0067_OK_C3_20230930131049.jpg,330.9829406738281,523.9656982421875,764.33984375
balanced_s2,plastic_nut/OK/S0067/plastic_nut_0067_OK_C3_20230930131049.jpg,336.87677001953125,524.1942138671875,782.53955078125
random_s0,plastic_nut/OK/S0067/plastic_nut_0067_OK_C3_20230930131049.jpg,334.34173583984375,516.4268798828125,697.640380859375
random_s1,plastic_nut/OK/S0067/plastic_nut_0067_OK_C3_20230930131049.jpg,334.919921875,526.313720703125,796.821533203125
random_s2,plastic_nut/OK/S0067/plastic_nut_0067_OK_C3_20230930131049.jpg,336.43963623046875,522.7049560546875,744.470703125
odd_s0,plastic_nut/OK/S0067/plastic_nut_0067_OK_C4_20230930131049.jpg,360.30487060546875,558.102783203125,809.67919921875
odd_s1,plastic_nut/OK/S0067/plastic_nut_0067_OK_C4_20230930131049.jpg,358.23406982421875,563.3604125976562,979.68603515625
odd_s2,plastic_nut/OK/S0067/plastic_nut_0067_OK_C4_20230930131049.jpg,353.3346862792969,552.611572265625,984.02734375
balanced_s0,plastic_nut/OK/S0067/plastic_nut_0067_OK_C4_20230930131049.jpg,356.6910400390625,547.9298706054688,1126.80419921875
balanced_s1,plastic_nut/OK/S0067/plastic_nut_0067_OK_C4_20230930131049.jpg,362.874267578125,557.3992919921875,867.20166015625
balanced_s2,plastic_nut/OK/S0067/plastic_nut_0067_OK_C4_20230930131049.jpg,367.21405029296875,566.00390625,964.27490234375
random_s0,plastic_nut/OK/S0067/plastic_nut_0067_OK_C4_20230930131049.jpg,363.89678955078125,558.298828125,819.397705078125
random_s1,plastic_nut/OK/S0067/plastic_nut_0067_OK_C4_20230930131049.jpg,364.02288818359375,565.2167358398438,792.978271484375
random_s2,plastic_nut/OK/S0067/plastic_nut_0067_OK_C4_20230930131049.jpg,363.1995544433594,551.7457275390625,746.5302734375
odd_s0,plastic_nut/OK/S0067/plastic_nut_0067_OK_C5_20230930131049.jpg,338.628173828125,517.7021484375,863.6552734375
odd_s1,plastic_nut/OK/S0067/plastic_nut_0067_OK_C5_20230930131049.jpg,332.2362976074219,516.876708984375,915.53173828125
odd_s2,plastic_nut/OK/S0067/plastic_nut_0067_OK_C5_20230930131049.jpg,333.01287841796875,515.821044921875,863.6552734375
balanced_s0,plastic_nut/OK/S0067/plastic_nut_0067_OK_C5_20230930131049.jpg,329.1719970703125,514.2576904296875,863.42724609375
balanced_s1,plastic_nut/OK/S0067/plastic_nut_0067_OK_C5_20230930131049.jpg,332.9658203125,515.864013671875,863.42724609375
balanced_s2,plastic_nut/OK/S0067/plastic_nut_0067_OK_C5_20230930131049.jpg,337.21173095703125,518.5848388671875,922.865234375
random_s0,plastic_nut/OK/S0067/plastic_nut_0067_OK_C5_20230930131049.jpg,336.5555725097656,526.319091796875,731.877685546875
random_s1,plastic_nut/OK/S0067/plastic_nut_0067_OK_C5_20230930131049.jpg,334.6920166015625,523.6156005859375,750.078125
random_s2,plastic_nut/OK/S0067/plastic_nut_0067_OK_C5_20230930131049.jpg,336.3919982910156,521.5023193359375,894.27197265625
odd_s0,plastic_nut/OK/S0068/plastic_nut_0068_OK_C1_20230930131103.jpg,343.4443664550781,548.2802734375,806.052734375
odd_s1,plastic_nut/OK/S0068/plastic_nut_0068_OK_C1_20230930131103.jpg,343.42877197265625,540.104736328125,860.73876953125
odd_s2,plastic_nut/OK/S0068/plastic_nut_0068_OK_C1_20230930131103.jpg,343.587158203125,550.5679931640625,899.452392578125
balanced_s0,plastic_nut/OK/S0068/plastic_nut_0068_OK_C1_20230930131103.jpg,344.6251525878906,549.7235107421875,814.501953125
balanced_s1,plastic_nut/OK/S0068/plastic_nut_0068_OK_C1_20230930131103.jpg,340.1121826171875,542.3572998046875,814.501953125
balanced_s2,plastic_nut/OK/S0068/plastic_nut_0068_OK_C1_20230930131103.jpg,340.2772216796875,546.0003051757812,814.501953125
random_s0,plastic_nut/OK/S0068/plastic_nut_0068_OK_C1_20230930131103.jpg,345.4703369140625,548.896240234375,830.143310546875
random_s1,plastic_nut/OK/S0068/plastic_nut_0068_OK_C1_20230930131103.jpg,336.35723876953125,539.3502807617188,870.0087890625
random_s2,plastic_nut/OK/S0068/plastic_nut_0068_OK_C1_20230930131103.jpg,337.87786865234375,540.3439331054688,815.071533203125
odd_s0,plastic_nut/OK/S0068/plastic_nut_0068_OK_C2_20230930131103.jpg,346.58660888671875,532.128662109375,1425.04052734375
odd_s1,plastic_nut/OK/S0068/plastic_nut_0068_OK_C2_20230930131103.jpg,335.4398193359375,530.3089599609375,1382.3330078125
odd_s2,plastic_nut/OK/S0068/plastic_nut_0068_OK_C2_20230930131103.jpg,338.5263671875,534.6989135742188,1411.77783203125
balanced_s0,plastic_nut/OK/S0068/plastic_nut_0068_OK_C2_20230930131103.jpg,334.3018798828125,525.4457397460938,1059.5986328125
balanced_s1,plastic_nut/OK/S0068/plastic_nut_0068_OK_C2_20230930131103.jpg,337.48529052734375,525.8440551757812,980.077880859375
balanced_s2,plastic_nut/OK/S0068/plastic_nut_0068_OK_C2_20230930131103.jpg,341.6004638671875,533.6942138671875,1003.3046875
random_s0,plastic_nut/OK/S0068/plastic_nut_0068_OK_C2_20230930131103.jpg,344.45355224609375,532.1351318359375,878.71435546875
random_s1,plastic_nut/OK/S0068/plastic_nut_0068_OK_C2_20230930131103.jpg,341.8304748535156,533.6468505859375,878.71435546875
random_s2,plastic_nut/OK/S0068/plastic_nut_0068_OK_C2_20230930131103.jpg,340.7312927246094,528.4166870117188,878.71435546875
odd_s0,plastic_nut/OK/S0068/plastic_nut_0068_OK_C3_20230930131103.jpg,344.33917236328125,537.9550170898438,772.588134765625
odd_s1,plastic_nut/OK/S0068/plastic_nut_0068_OK_C3_20230930131103.jpg,330.968505859375,525.3326416015625,898.80126953125
odd_s2,plastic_nut/OK/S0068/plastic_nut_0068_OK_C3_20230930131103.jpg,344.7981872558594,537.1185302734375,803.38037109375
balanced_s0,plastic_nut/OK/S0068/plastic_nut_0068_OK_C3_20230930131103.jpg,332.977783203125,528.6134643554688,801.57763671875
balanced_s1,plastic_nut/OK/S0068/plastic_nut_0068_OK_C3_20230930131103.jpg,339.3017578125,531.001953125,773.111083984375
balanced_s2,plastic_nut/OK/S0068/plastic_nut_0068_OK_C3_20230930131103.jpg,346.0035400390625,540.4453735351562,802.7978515625
random_s0,plastic_nut/OK/S0068/plastic_nut_0068_OK_C3_20230930131103.jpg,338.49005126953125,528.61865234375,757.932861328125
random_s1,plastic_nut/OK/S0068/plastic_nut_0068_OK_C3_20230930131103.jpg,343.06011962890625,532.7029418945312,821.30078125
random_s2,plastic_nut/OK/S0068/plastic_nut_0068_OK_C3_20230930131103.jpg,339.5923156738281,528.996337890625,892.468505859375
odd_s0,plastic_nut/OK/S0068/plastic_nut_0068_OK_C4_20230930131103.jpg,361.8172607421875,560.8711547851562,835.830810546875
odd_s1,plastic_nut/OK/S0068/plastic_nut_0068_OK_C4_20230930131103.jpg,357.47259521484375,563.52001953125,919.07763671875
odd_s2,plastic_nut/OK/S0068/plastic_nut_0068_OK_C4_20230930131103.jpg,355.7596130371094,549.839599609375,835.830810546875
balanced_s0,plastic_nut/OK/S0068/plastic_nut_0068_OK_C4_20230930131103.jpg,356.3388671875,550.5635986328125,885.037109375
balanced_s1,plastic_nut/OK/S0068/plastic_nut_0068_OK_C4_20230930131103.jpg,364.21942138671875,559.8275146484375,787.68896484375
balanced_s2,plastic_nut/OK/S0068/plastic_nut_0068_OK_C4_20230930131103.jpg,367.04241943359375,562.716552734375,829.89208984375
random_s0,plastic_nut/OK/S0068/plastic_nut_0068_OK_C4_20230930131103.jpg,363.6127014160156,563.4139404296875,836.6044921875
random_s1,plastic_nut/OK/S0068/plastic_nut_0068_OK_C4_20230930131103.jpg,367.2501220703125,568.9744873046875,852.36181640625
random_s2,plastic_nut/OK/S0068/plastic_nut_0068_OK_C4_20230930131103.jpg,363.066162109375,554.2850341796875,782.25537109375
odd_s0,plastic_nut/OK/S0068/plastic_nut_0068_OK_C5_20230930131103.jpg,344.32391357421875,526.8697509765625,776.47802734375
odd_s1,plastic_nut/OK/S0068/plastic_nut_0068_OK_C5_20230930131103.jpg,334.4530944824219,517.6117553710938,829.17041015625
odd_s2,plastic_nut/OK/S0068/plastic_nut_0068_OK_C5_20230930131103.jpg,337.1251220703125,521.187255859375,756.15966796875
balanced_s0,plastic_nut/OK/S0068/plastic_nut_0068_OK_C5_20230930131103.jpg,332.6937255859375,521.1715087890625,804.7783203125
balanced_s1,plastic_nut/OK/S0068/plastic_nut_0068_OK_C5_20230930131103.jpg,336.90802001953125,520.5375366210938,786.024169921875
balanced_s2,plastic_nut/OK/S0068/plastic_nut_0068_OK_C5_20230930131103.jpg,344.96319580078125,528.8458251953125,737.18310546875
random_s0,plastic_nut/OK/S0068/plastic_nut_0068_OK_C5_20230930131103.jpg,337.69342041015625,525.74609375,716.484375
random_s1,plastic_nut/OK/S0068/plastic_nut_0068_OK_C5_20230930131103.jpg,339.1583557128906,525.8909301757812,761.950927734375
random_s2,plastic_nut/OK/S0068/plastic_nut_0068_OK_C5_20230930131103.jpg,339.40057373046875,522.5750122070312,730.64599609375
odd_s0,plastic_nut/OK/S0076/plastic_nut_0076_OK_C1_20230930131339.jpg,327.229736328125,540.9111328125,747.23681640625
odd_s1,plastic_nut/OK/S0076/plastic_nut_0076_OK_C1_20230930131339.jpg,331.6051025390625,535.2900390625,875.754638671875
odd_s2,plastic_nut/OK/S0076/plastic_nut_0076_OK_C1_20230930131339.jpg,329.1839599609375,530.592529296875,875.754638671875
balanced_s0,plastic_nut/OK/S0076/plastic_nut_0076_OK_C1_20230930131339.jpg,330.4489440917969,539.6895751953125,783.405517578125
balanced_s1,plastic_nut/OK/S0076/plastic_nut_0076_OK_C1_20230930131339.jpg,328.7029113769531,527.3441772460938,863.92138671875
balanced_s2,plastic_nut/OK/S0076/plastic_nut_0076_OK_C1_20230930131339.jpg,326.08123779296875,527.543701171875,805.7109375
random_s0,plastic_nut/OK/S0076/plastic_nut_0076_OK_C1_20230930131339.jpg,337.28643798828125,542.8701782226562,853.68896484375
random_s1,plastic_nut/OK/S0076/plastic_nut_0076_OK_C1_20230930131339.jpg,322.7095031738281,528.4190673828125,781.115234375
random_s2,plastic_nut/OK/S0076/plastic_nut_0076_OK_C1_20230930131339.jpg,322.6768493652344,528.6480102539062,781.49755859375
odd_s0,plastic_nut/OK/S0076/plastic_nut_0076_OK_C2_20230930131339.jpg,345.9354553222656,535.1607666015625,1226.776611328125
odd_s1,plastic_nut/OK/S0076/plastic_nut_0076_OK_C2_20230930131339.jpg,332.7129821777344,524.2120361328125,1164.974609375
odd_s2,plastic_nut/OK/S0076/plastic_nut_0076_OK_C2_20230930131339.jpg,337.69085693359375,529.7330322265625,1226.51318359375
balanced_s0,plastic_nut/OK/S0076/plastic_nut_0076_OK_C2_20230930131339.jpg,336.21099853515625,532.0699462890625,894.35888671875
balanced_s1,plastic_nut/OK/S0076/plastic_nut_0076_OK_C2_20230930131339.jpg,339.9731140136719,530.2417602539062,807.496826171875
balanced_s2,plastic_nut/OK/S0076/plastic_nut_0076_OK_C2_20230930131339.jpg,341.26751708984375,531.504638671875,774.489990234375
random_s0,plastic_nut/OK/S0076/plastic_nut_0076_OK_C2_20230930131339.jpg,341.0814208984375,530.9940795898438,799.292724609375
random_s1,plastic_nut/OK/S0076/plastic_nut_0076_OK_C2_20230930131339.jpg,342.068115234375,540.6605224609375,824.2568359375
random_s2,plastic_nut/OK/S0076/plastic_nut_0076_OK_C2_20230930131339.jpg,340.205078125,527.3040771484375,851.080322265625
odd_s0,plastic_nut/OK/S0076/plastic_nut_0076_OK_C3_20230930131339.jpg,345.7078857421875,538.2059936523438,1089.26025390625
odd_s1,plastic_nut/OK/S0076/plastic_nut_0076_OK_C3_20230930131339.jpg,330.5387878417969,523.5736083984375,914.0771484375
odd_s2,plastic_nut/OK/S0076/plastic_nut_0076_OK_C3_20230930131339.jpg,341.207275390625,541.4176025390625,974.05615234375
balanced_s0,plastic_nut/OK/S0076/plastic_nut_0076_OK_C3_20230930131339.jpg,333.2559509277344,531.6412353515625,844.93798828125
balanced_s1,plastic_nut/OK/S0076/plastic_nut_0076_OK_C3_20230930131339.jpg,338.08465576171875,529.864501953125,752.724609375
balanced_s2,plastic_nut/OK/S0076/plastic_nut_0076_OK_C3_20230930131339.jpg,343.30914306640625,537.324462890625,736.751953125
random_s0,plastic_nut/OK/S0076/plastic_nut_0076_OK_C3_20230930131339.jpg,338.8767395019531,535.0975341796875,764.64208984375
random_s1,plastic_nut/OK/S0076/plastic_nut_0076_OK_C3_20230930131339.jpg,341.2573547363281,537.6160888671875,809.6611328125
random_s2,plastic_nut/OK/S0076/plastic_nut_0076_OK_C3_20230930131339.jpg,341.77947998046875,536.5640869140625,764.64208984375
odd_s0,plastic_nut/OK/S0076/plastic_nut_0076_OK_C4_20230930131339.jpg,355.7272644042969,552.8408203125,965.589599609375
odd_s1,plastic_nut/OK/S0076/plastic_nut_0076_OK_C4_20230930131339.jpg,351.4283447265625,559.8443603515625,1113.7255859375
odd_s2,plastic_nut/OK/S0076/plastic_nut_0076_OK_C4_20230930131339.jpg,351.2692565917969,543.6812744140625,1090.91064453125
balanced_s0,plastic_nut/OK/S0076/plastic_nut_0076_OK_C4_20230930131339.jpg,353.6324462890625,550.482421875,1190.4609375
balanced_s1,plastic_nut/OK/S0076/plastic_nut_0076_OK_C4_20230930131339.jpg,362.6170349121094,556.5787353515625,938.623046875
balanced_s2,plastic_nut/OK/S0076/plastic_nut_0076_OK_C4_20230930131339.jpg,361.38677978515625,554.36328125,1087.78125
random_s0,plastic_nut/OK/S0076/plastic_nut_0076_OK_C4_20230930131339.jpg,360.473876953125,556.1806640625,1164.22509765625
random_s1,plastic_nut/OK/S0076/plastic_nut_0076_OK_C4_20230930131339.jpg,362.94989013671875,555.95361328125,989.8193359375
random_s2,plastic_nut/OK/S0076/plastic_nut_0076_OK_C4_20230930131339.jpg,357.0948791503906,550.0831298828125,1283.533203125
odd_s0,plastic_nut/OK/S0076/plastic_nut_0076_OK_C5_20230930131339.jpg,346.4190979003906,541.5433349609375,944.60400390625
odd_s1,plastic_nut/OK/S0076/plastic_nut_0076_OK_C5_20230930131339.jpg,336.1963195800781,530.6019897460938,907.8408203125
odd_s2,plastic_nut/OK/S0076/plastic_nut_0076_OK_C5_20230930131339.jpg,338.97613525390625,526.2506103515625,931.12255859375
balanced_s0,plastic_nut/OK/S0076/plastic_nut_0076_OK_C5_20230930131339.jpg,332.9638671875,519.0476684570312,836.0302734375
balanced_s1,plastic_nut/OK/S0076/plastic_nut_0076_OK_C5_20230930131339.jpg,336.9331970214844,522.5878295898438,837.5986328125
balanced_s2,plastic_nut/OK/S0076/plastic_nut_0076_OK_C5_20230930131339.jpg,347.669189453125,537.8551025390625,855.45458984375
random_s0,plastic_nut/OK/S0076/plastic_nut_0076_OK_C5_20230930131339.jpg,338.0197448730469,529.908447265625,712.7900390625
random_s1,plastic_nut/OK/S0076/plastic_nut_0076_OK_C5_20230930131339.jpg,334.39813232421875,524.8628540039062,773.14306640625
random_s2,plastic_nut/OK/S0076/plastic_nut_0076_OK_C5_20230930131339.jpg,338.2635498046875,526.4085083007812,704.454833984375
odd_s0,plastic_nut/OK/S0091/plastic_nut_0091_OK_C1_20230930132107.jpg,343.3277893066406,552.5613403320312,910.233642578125
odd_s1,plastic_nut/OK/S0091/plastic_nut_0091_OK_C1_20230930132107.jpg,345.82049560546875,549.1890258789062,935.716796875
odd_s2,plastic_nut/OK/S0091/plastic_nut_0091_OK_C1_20230930132107.jpg,342.0584716796875,547.5020141601562,935.716796875
balanced_s0,plastic_nut/OK/S0091/plastic_nut_0091_OK_C1_20230930132107.jpg,345.8726806640625,555.1605224609375,807.7900390625
balanced_s1,plastic_nut/OK/S0091/plastic_nut_0091_OK_C1_20230930132107.jpg,340.6247863769531,539.8411865234375,797.22509765625
balanced_s2,plastic_nut/OK/S0091/plastic_nut_0091_OK_C1_20230930132107.jpg,339.48480224609375,544.453369140625,784.80322265625
random_s0,plastic_nut/OK/S0091/plastic_nut_0091_OK_C1_20230930132107.jpg,348.4664306640625,551.304443359375,938.837646484375
random_s1,plastic_nut/OK/S0091/plastic_nut_0091_OK_C1_20230930132107.jpg,335.5182800292969,543.0220947265625,927.427734375
random_s2,plastic_nut/OK/S0091/plastic_nut_0091_OK_C1_20230930132107.jpg,336.31884765625,539.59521484375,815.709228515625
odd_s0,plastic_nut/OK/S0091/plastic_nut_0091_OK_C2_20230930132107.jpg,343.21417236328125,535.999755859375,1010.150390625
odd_s1,plastic_nut/OK/S0091/plastic_nut_0091_OK_C2_20230930132107.jpg,333.95611572265625,525.5751953125,955.4501953125
odd_s2,plastic_nut/OK/S0091/plastic_nut_0091_OK_C2_20230930132107.jpg,337.806640625,526.4898681640625,1037.37255859375
balanced_s0,plastic_nut/OK/S0091/plastic_nut_0091_OK_C2_20230930132107.jpg,335.1235046386719,522.4239501953125,796.96337890625
balanced_s1,plastic_nut/OK/S0091/plastic_nut_0091_OK_C2_20230930132107.jpg,338.3859558105469,530.4716186523438,740.06103515625
balanced_s2,plastic_nut/OK/S0091/plastic_nut_0091_OK_C2_20230930132107.jpg,345.4365234375,539.6267700195312,717.845703125
random_s0,plastic_nut/OK/S0091/plastic_nut_0091_OK_C2_20230930132107.jpg,340.32464599609375,532.97802734375,732.11865234375
random_s1,plastic_nut/OK/S0091/plastic_nut_0091_OK_C2_20230930132107.jpg,342.4136962890625,541.3243408203125,724.80078125
random_s2,plastic_nut/OK/S0091/plastic_nut_0091_OK_C2_20230930132107.jpg,342.9416809082031,530.880859375,856.705322265625
odd_s0,plastic_nut/OK/S0091/plastic_nut_0091_OK_C3_20230930132107.jpg,345.89398193359375,543.7008666992188,727.601318359375
odd_s1,plastic_nut/OK/S0091/plastic_nut_0091_OK_C3_20230930132107.jpg,327.1533508300781,526.32080078125,846.548828125
odd_s2,plastic_nut/OK/S0091/plastic_nut_0091_OK_C3_20230930132107.jpg,339.69378662109375,536.6749877929688,862.1025390625
balanced_s0,plastic_nut/OK/S0091/plastic_nut_0091_OK_C3_20230930132107.jpg,330.73944091796875,534.2609252929688,896.810791015625
balanced_s1,plastic_nut/OK/S0091/plastic_nut_0091_OK_C3_20230930132107.jpg,336.51544189453125,539.6495361328125,896.810791015625
balanced_s2,plastic_nut/OK/S0091/plastic_nut_0091_OK_C3_20230930132107.jpg,342.9078369140625,538.3258056640625,768.89208984375
random_s0,plastic_nut/OK/S0091/plastic_nut_0091_OK_C3_20230930132107.jpg,338.29547119140625,529.8736572265625,792.04443359375
random_s1,plastic_nut/OK/S0091/plastic_nut_0091_OK_C3_20230930132107.jpg,339.76953125,538.4197998046875,798.48486328125
random_s2,plastic_nut/OK/S0091/plastic_nut_0091_OK_C3_20230930132107.jpg,340.73297119140625,539.7797241210938,803.940673828125
odd_s0,plastic_nut/OK/S0091/plastic_nut_0091_OK_C4_20230930132107.jpg,355.91705322265625,545.2880859375,850.20458984375
odd_s1,plastic_nut/OK/S0091/plastic_nut_0091_OK_C4_20230930132107.jpg,349.72784423828125,538.710205078125,902.523681640625
odd_s2,plastic_nut/OK/S0091/plastic_nut_0091_OK_C4_20230930132107.jpg,354.8056335449219,545.3758544921875,856.90478515625
balanced_s0,plastic_nut/OK/S0091/plastic_nut_0091_OK_C4_20230930132107.jpg,349.9031066894531,539.3167114257812,845.403564453125
balanced_s1,plastic_nut/OK/S0091/plastic_nut_0091_OK_C4_20230930132107.jpg,352.7191467285156,544.434814453125,850.8642578125
balanced_s2,plastic_nut/OK/S0091/plastic_nut_0091_OK_C4_20230930132107.jpg,365.89990234375,551.84716796875,868.6337890625
random_s0,plastic_nut/OK/S0091/plastic_nut_0091_OK_C4_20230930132107.jpg,362.44195556640625,541.9053955078125,779.820556640625
random_s1,plastic_nut/OK/S0091/plastic_nut_0091_OK_C4_20230930132107.jpg,358.13043212890625,544.797607421875,766.1708984375
random_s2,plastic_nut/OK/S0091/plastic_nut_0091_OK_C4_20230930132107.jpg,357.569091796875,546.739990234375,755.341064453125
odd_s0,plastic_nut/OK/S0091/plastic_nut_0091_OK_C5_20230930132107.jpg,354.5863952636719,547.45068359375,753.942626953125
odd_s1,plastic_nut/OK/S0091/plastic_nut_0091_OK_C5_20230930132107.jpg,345.39642333984375,536.1109619140625,826.77783203125
odd_s2,plastic_nut/OK/S0091/plastic_nut_0091_OK_C5_20230930132107.jpg,352.8534851074219,540.580078125,871.69775390625
balanced_s0,plastic_nut/OK/S0091/plastic_nut_0091_OK_C5_20230930132107.jpg,342.908203125,526.096435546875,768.40966796875
balanced_s1,plastic_nut/OK/S0091/plastic_nut_0091_OK_C5_20230930132107.jpg,347.99859619140625,538.7119750976562,798.289306640625
balanced_s2,plastic_nut/OK/S0091/plastic_nut_0091_OK_C5_20230930132107.jpg,354.50982666015625,539.8302001953125,777.063232421875
random_s0,plastic_nut/OK/S0091/plastic_nut_0091_OK_C5_20230930132107.jpg,344.7955322265625,534.1485595703125,781.70166015625
random_s1,plastic_nut/OK/S0091/plastic_nut_0091_OK_C5_20230930132107.jpg,349.2620849609375,535.5331420898438,791.332275390625
random_s2,plastic_nut/OK/S0091/plastic_nut_0091_OK_C5_20230930132107.jpg,347.7293701171875,535.643798828125,777.8134765625
odd_s0,plastic_nut/OK/S0094/plastic_nut_0094_OK_C1_20230930132250.jpg,327.7655029296875,539.4407958984375,860.60205078125
odd_s1,plastic_nut/OK/S0094/plastic_nut_0094_OK_C1_20230930132250.jpg,330.3021240234375,538.3089599609375,860.60205078125
odd_s2,plastic_nut/OK/S0094/plastic_nut_0094_OK_C1_20230930132250.jpg,331.041259765625,538.658447265625,867.1298828125
balanced_s0,plastic_nut/OK/S0094/plastic_nut_0094_OK_C1_20230930132250.jpg,329.3902893066406,534.5426025390625,1147.028076171875
balanced_s1,plastic_nut/OK/S0094/plastic_nut_0094_OK_C1_20230930132250.jpg,327.3965759277344,532.312744140625,790.414306640625
balanced_s2,plastic_nut/OK/S0094/plastic_nut_0094_OK_C1_20230930132250.jpg,328.12451171875,532.473388671875,1147.028076171875
random_s0,plastic_nut/OK/S0094/plastic_nut_0094_OK_C1_20230930132250.jpg,337.2281188964844,542.4248046875,956.541748046875
random_s1,plastic_nut/OK/S0094/plastic_nut_0094_OK_C1_20230930132250.jpg,324.04095458984375,531.4503173828125,956.541748046875
random_s2,plastic_nut/OK/S0094/plastic_nut_0094_OK_C1_20230930132250.jpg,325.9562072753906,528.4993286132812,956.541748046875
odd_s0,plastic_nut/OK/S0094/plastic_nut_0094_OK_C2_20230930132250.jpg,340.9317932128906,530.802490234375,974.02099609375
odd_s1,plastic_nut/OK/S0094/plastic_nut_0094_OK_C2_20230930132250.jpg,329.28472900390625,532.9038696289062,919.7880859375
odd_s2,plastic_nut/OK/S0094/plastic_nut_0094_OK_C2_20230930132250.jpg,336.67999267578125,530.0919189453125,1013.5439453125
balanced_s0,plastic_nut/OK/S0094/plastic_nut_0094_OK_C2_20230930132250.jpg,334.6987609863281,538.1475830078125,823.702392578125
balanced_s1,plastic_nut/OK/S0094/plastic_nut_0094_OK_C2_20230930132250.jpg,335.2076416015625,534.3087158203125,877.356689453125
balanced_s2,plastic_nut/OK/S0094/plastic_nut_0094_OK_C2_20230930132250.jpg,338.5795593261719,534.1376953125,839.40234375
random_s0,plastic_nut/OK/S0094/plastic_nut_0094_OK_C2_20230930132250.jpg,337.547607421875,525.619140625,850.84619140625
random_s1,plastic_nut/OK/S0094/plastic_nut_0094_OK_C2_20230930132250.jpg,339.7192077636719,536.3085327148438,742.6630859375
random_s2,plastic_nut/OK/S0094/plastic_nut_0094_OK_C2_20230930132250.jpg,340.55670166015625,531.3599853515625,786.12841796875
odd_s0,plastic_nut/OK/S0094/plastic_nut_0094_OK_C3_20230930132250.jpg,335.4959716796875,525.52685546875,757.310546875
odd_s1,plastic_nut/OK/S0094/plastic_nut_0094_OK_C3_20230930132250.jpg,322.0040588378906,520.533203125,850.185546875
odd_s2,plastic_nut/OK/S0094/plastic_nut_0094_OK_C3_20230930132250.jpg,333.8161926269531,524.6273193359375,816.1884765625
balanced_s0,plastic_nut/OK/S0094/plastic_nut_0094_OK_C3_20230930132250.jpg,327.14013671875,522.5943603515625,751.008544921875
balanced_s1,plastic_nut/OK/S0094/plastic_nut_0094_OK_C3_20230930132250.jpg,329.102294921875,522.332763671875,812.484130859375
balanced_s2,plastic_nut/OK/S0094/plastic_nut_0094_OK_C3_20230930132250.jpg,335.9632263183594,519.939453125,760.785888671875
random_s0,plastic_nut/OK/S0094/plastic_nut_0094_OK_C3_20230930132250.jpg,329.6041564941406,520.6199951171875,804.94140625
random_s1,plastic_nut/OK/S0094/plastic_nut_0094_OK_C3_20230930132250.jpg,331.21826171875,527.1915283203125,734.6376953125
random_s2,plastic_nut/OK/S0094/plastic_nut_0094_OK_C3_20230930132250.jpg,334.34515380859375,518.0962524414062,850.972900390625
odd_s0,plastic_nut/OK/S0094/plastic_nut_0094_OK_C4_20230930132250.jpg,345.4575500488281,531.0262451171875,803.7744140625
odd_s1,plastic_nut/OK/S0094/plastic_nut_0094_OK_C4_20230930132250.jpg,341.1002502441406,533.803466796875,810.09130859375
odd_s2,plastic_nut/OK/S0094/plastic_nut_0094_OK_C4_20230930132250.jpg,344.3004455566406,527.663818359375,803.0888671875
balanced_s0,plastic_nut/OK/S0094/plastic_nut_0094_OK_C4_20230930132250.jpg,337.32568359375,523.142578125,787.9072265625
balanced_s1,plastic_nut/OK/S0094/plastic_nut_0094_OK_C4_20230930132250.jpg,340.10028076171875,525.5917358398438,810.39697265625
balanced_s2,plastic_nut/OK/S0094/plastic_nut_0094_OK_C4_20230930132250.jpg,349.4869384765625,531.180419921875,737.918212890625
random_s0,plastic_nut/OK/S0094/plastic_nut_0094_OK_C4_20230930132250.jpg,348.22723388671875,535.281982421875,913.370361328125
random_s1,plastic_nut/OK/S0094/plastic_nut_0094_OK_C4_20230930132250.jpg,344.56512451171875,537.6552734375,776.907470703125
random_s2,plastic_nut/OK/S0094/plastic_nut_0094_OK_C4_20230930132250.jpg,341.85333251953125,523.0205078125,763.29931640625
odd_s0,plastic_nut/OK/S0094/plastic_nut_0094_OK_C5_20230930132250.jpg,343.59173583984375,530.4259643554688,972.29150390625
odd_s1,plastic_nut/OK/S0094/plastic_nut_0094_OK_C5_20230930132250.jpg,332.9503173828125,517.9478759765625,941.05029296875
odd_s2,plastic_nut/OK/S0094/plastic_nut_0094_OK_C5_20230930132250.jpg,340.4038391113281,527.8013916015625,963.1357421875
balanced_s0,plastic_nut/OK/S0094/plastic_nut_0094_OK_C5_20230930132250.jpg,331.93109130859375,521.3414306640625,801.79541015625
balanced_s1,plastic_nut/OK/S0094/plastic_nut_0094_OK_C5_20230930132250.jpg,337.5963134765625,520.794921875,796.41162109375
balanced_s2,plastic_nut/OK/S0094/plastic_nut_0094_OK_C5_20230930132250.jpg,343.8877868652344,527.8609008789062,797.04638671875
random_s0,plastic_nut/OK/S0094/plastic_nut_0094_OK_C5_20230930132250.jpg,336.05517578125,532.7345581054688,789.881103515625
random_s1,plastic_nut/OK/S0094/plastic_nut_0094_OK_C5_20230930132250.jpg,336.5,525.743896484375,739.840576171875
random_s2,plastic_nut/OK/S0094/plastic_nut_0094_OK_C5_20230930132250.jpg,338.5658874511719,522.3753662109375,808.083740234375
odd_s0,plastic_nut/OK/S0107/plastic_nut_0107_OK_C1_20230930132941.jpg,342.7393798828125,550.4306640625,818.18212890625
odd_s1,plastic_nut/OK/S0107/plastic_nut_0107_OK_C1_20230930132941.jpg,343.20135498046875,550.4998779296875,924.5068359375
odd_s2,plastic_nut/OK/S0107/plastic_nut_0107_OK_C1_20230930132941.jpg,339.54913330078125,550.4929809570312,924.5068359375
balanced_s0,plastic_nut/OK/S0107/plastic_nut_0107_OK_C1_20230930132941.jpg,344.69134521484375,550.0254516601562,772.989013671875
balanced_s1,plastic_nut/OK/S0107/plastic_nut_0107_OK_C1_20230930132941.jpg,340.29144287109375,545.8805541992188,893.893310546875
balanced_s2,plastic_nut/OK/S0107/plastic_nut_0107_OK_C1_20230930132941.jpg,336.5425109863281,537.5048828125,798.00146484375
random_s0,plastic_nut/OK/S0107/plastic_nut_0107_OK_C1_20230930132941.jpg,350.10186767578125,555.9404296875,893.893310546875
random_s1,plastic_nut/OK/S0107/plastic_nut_0107_OK_C1_20230930132941.jpg,334.4482421875,548.4547119140625,860.397705078125
random_s2,plastic_nut/OK/S0107/plastic_nut_0107_OK_C1_20230930132941.jpg,334.57012939453125,540.7285766601562,893.893310546875
odd_s0,plastic_nut/OK/S0107/plastic_nut_0107_OK_C2_20230930132941.jpg,347.58624267578125,531.1326293945312,953.8232421875
odd_s1,plastic_nut/OK/S0107/plastic_nut_0107_OK_C2_20230930132941.jpg,332.8221435546875,523.4876098632812,947.863037109375
odd_s2,plastic_nut/OK/S0107/plastic_nut_0107_OK_C2_20230930132941.jpg,339.68377685546875,526.5254516601562,993.490234375
balanced_s0,plastic_nut/OK/S0107/plastic_nut_0107_OK_C2_20230930132941.jpg,336.4066162109375,526.7816162109375,1017.785888671875
balanced_s1,plastic_nut/OK/S0107/plastic_nut_0107_OK_C2_20230930132941.jpg,337.635498046875,522.4360961914062,947.863037109375
balanced_s2,plastic_nut/OK/S0107/plastic_nut_0107_OK_C2_20230930132941.jpg,343.471923828125,530.744384765625,947.863037109375
random_s0,plastic_nut/OK/S0107/plastic_nut_0107_OK_C2_20230930132941.jpg,341.70989990234375,527.0802001953125,967.35986328125
random_s1,plastic_nut/OK/S0107/plastic_nut_0107_OK_C2_20230930132941.jpg,342.648193359375,531.7071533203125,1061.412109375
random_s2,plastic_nut/OK/S0107/plastic_nut_0107_OK_C2_20230930132941.jpg,343.3150939941406,528.7235107421875,918.13330078125
odd_s0,plastic_nut/OK/S0107/plastic_nut_0107_OK_C3_20230930132941.jpg,338.312744140625,524.457275390625,770.13671875
odd_s1,plastic_nut/OK/S0107/plastic_nut_0107_OK_C3_20230930132941.jpg,317.77008056640625,508.9996337890625,801.89453125
odd_s2,plastic_nut/OK/S0107/plastic_nut_0107_OK_C3_20230930132941.jpg,333.6822509765625,524.36962890625,796.4345703125
balanced_s0,plastic_nut/OK/S0107/plastic_nut_0107_OK_C3_20230930132941.jpg,325.3534851074219,512.4248657226562,818.92041015625
balanced_s1,plastic_nut/OK/S0107/plastic_nut_0107_OK_C3_20230930132941.jpg,326.6795654296875,517.7779541015625,743.55126953125
balanced_s2,plastic_nut/OK/S0107/plastic_nut_0107_OK_C3_20230930132941.jpg,337.5566711425781,528.793701171875,913.75634765625
random_s0,plastic_nut/OK/S0107/plastic_nut_0107_OK_C3_20230930132941.jpg,332.2510986328125,521.8116455078125,710.04736328125
random_s1,plastic_nut/OK/S0107/plastic_nut_0107_OK_C3_20230930132941.jpg,329.4043884277344,522.043212890625,746.251953125
random_s2,plastic_nut/OK/S0107/plastic_nut_0107_OK_C3_20230930132941.jpg,333.2979431152344,523.5255737304688,781.574462890625
odd_s0,plastic_nut/OK/S0107/plastic_nut_0107_OK_C4_20230930132941.jpg,348.91705322265625,535.5687255859375,808.314453125
odd_s1,plastic_nut/OK/S0107/plastic_nut_0107_OK_C4_20230930132941.jpg,341.06488037109375,529.863037109375,762.80322265625
odd_s2,plastic_nut/OK/S0107/plastic_nut_0107_OK_C4_20230930132941.jpg,345.7264709472656,534.9122924804688,821.5224609375
balanced_s0,plastic_nut/OK/S0107/plastic_nut_0107_OK_C4_20230930132941.jpg,338.0965576171875,525.635986328125,897.59375
balanced_s1,plastic_nut/OK/S0107/plastic_nut_0107_OK_C4_20230930132941.jpg,344.76251220703125,532.5469360351562,730.8916015625
balanced_s2,plastic_nut/OK/S0107/plastic_nut_0107_OK_C4_20230930132941.jpg,354.38629150390625,541.5362548828125,726.181640625
random_s0,plastic_nut/OK/S0107/plastic_nut_0107_OK_C4_20230930132941.jpg,351.54949951171875,526.6472778320312,920.34765625
random_s1,plastic_nut/OK/S0107/plastic_nut_0107_OK_C4_20230930132941.jpg,350.7053527832031,536.8673095703125,788.806396484375
random_s2,plastic_nut/OK/S0107/plastic_nut_0107_OK_C4_20230930132941.jpg,346.7607421875,530.4892578125,745.426513671875
odd_s0,plastic_nut/OK/S0107/plastic_nut_0107_OK_C5_20230930132941.jpg,352.4646301269531,538.40625,756.22705078125
odd_s1,plastic_nut/OK/S0107/plastic_nut_0107_OK_C5_20230930132941.jpg,344.4805908203125,527.129638671875,830.166015625
odd_s2,plastic_nut/OK/S0107/plastic_nut_0107_OK_C5_20230930132941.jpg,346.7940673828125,524.183349609375,900.51123046875
balanced_s0,plastic_nut/OK/S0107/plastic_nut_0107_OK_C5_20230930132941.jpg,339.67364501953125,526.0230102539062,734.281982421875
balanced_s1,plastic_nut/OK/S0107/plastic_nut_0107_OK_C5_20230930132941.jpg,343.81756591796875,532.1061401367188,729.37451171875
balanced_s2,plastic_nut/OK/S0107/plastic_nut_0107_OK_C5_20230930132941.jpg,349.90985107421875,533.8351440429688,746.489501953125
random_s0,plastic_nut/OK/S0107/plastic_nut_0107_OK_C5_20230930132941.jpg,343.76019287109375,526.7802734375,783.3701171875
random_s1,plastic_nut/OK/S0107/plastic_nut_0107_OK_C5_20230930132941.jpg,342.0716552734375,529.0880126953125,777.5615234375
random_s2,plastic_nut/OK/S0107/plastic_nut_0107_OK_C5_20230930132941.jpg,343.26922607421875,526.4657592773438,783.3701171875
odd_s0,plastic_nut/OK/S0108/plastic_nut_0108_OK_C1_20230930133007.jpg,334.7122802734375,551.3857421875,1155.186279296875
odd_s1,plastic_nut/OK/S0108/plastic_nut_0108_OK_C1_20230930133007.jpg,339.9482421875,548.9945068359375,1155.186279296875
odd_s2,plastic_nut/OK/S0108/plastic_nut_0108_OK_C1_20230930133007.jpg,339.0404052734375,545.2366943359375,1155.186279296875
balanced_s0,plastic_nut/OK/S0108/plastic_nut_0108_OK_C1_20230930133007.jpg,336.5614013671875,549.05029296875,851.48291015625
balanced_s1,plastic_nut/OK/S0108/plastic_nut_0108_OK_C1_20230930133007.jpg,333.241455078125,538.2933349609375,923.45361328125
balanced_s2,plastic_nut/OK/S0108/plastic_nut_0108_OK_C1_20230930133007.jpg,333.54217529296875,545.3661499023438,851.48291015625
random_s0,plastic_nut/OK/S0108/plastic_nut_0108_OK_C1_20230930133007.jpg,338.4100036621094,538.6011962890625,842.24169921875
random_s1,plastic_nut/OK/S0108/plastic_nut_0108_OK_C1_20230930133007.jpg,331.1138916015625,538.1947021484375,802.22802734375
random_s2,plastic_nut/OK/S0108/plastic_nut_0108_OK_C1_20230930133007.jpg,328.5672607421875,531.6993408203125,842.24169921875
odd_s0,plastic_nut/OK/S0108/plastic_nut_0108_OK_C2_20230930133007.jpg,340.026611328125,529.9813232421875,954.060546875
odd_s1,plastic_nut/OK/S0108/plastic_nut_0108_OK_C2_20230930133007.jpg,328.34124755859375,513.8896484375,902.5966796875
odd_s2,plastic_nut/OK/S0108/plastic_nut_0108_OK_C2_20230930133007.jpg,335.75543212890625,525.2965698242188,1010.01953125
balanced_s0,plastic_nut/OK/S0108/plastic_nut_0108_OK_C2_20230930133007.jpg,330.7443542480469,525.0726318359375,757.232421875
balanced_s1,plastic_nut/OK/S0108/plastic_nut_0108_OK_C2_20230930133007.jpg,332.7308349609375,522.724853515625,754.652587890625
balanced_s2,plastic_nut/OK/S0108/plastic_nut_0108_OK_C2_20230930133007.jpg,339.07244873046875,526.092041015625,716.13671875
random_s0,plastic_nut/OK/S0108/plastic_nut_0108_OK_C2_20230930133007.jpg,335.1094970703125,525.8516235351562,801.718505859375
random_s1,plastic_nut/OK/S0108/plastic_nut_0108_OK_C2_20230930133007.jpg,337.62652587890625,524.751708984375,740.168212890625
random_s2,plastic_nut/OK/S0108/plastic_nut_0108_OK_C2_20230930133007.jpg,336.0701599121094,519.8634033203125,738.113037109375
odd_s0,plastic_nut/OK/S0108/plastic_nut_0108_OK_C3_20230930133007.jpg,336.8803405761719,529.2669067382812,1183.22021484375
odd_s1,plastic_nut/OK/S0108/plastic_nut_0108_OK_C3_20230930133007.jpg,318.0692138671875,512.681640625,1154.91796875
odd_s2,plastic_nut/OK/S0108/plastic_nut_0108_OK_C3_20230930133007.jpg,334.95037841796875,532.194580078125,1222.570556640625
balanced_s0,plastic_nut/OK/S0108/plastic_nut_0108_OK_C3_20230930133007.jpg,322.364990234375,517.3233032226562,875.351318359375
balanced_s1,plastic_nut/OK/S0108/plastic_nut_0108_OK_C3_20230930133007.jpg,327.0296630859375,517.937255859375,795.041015625
balanced_s2,plastic_nut/OK/S0108/plastic_nut_0108_OK_C3_20230930133007.jpg,334.5101318359375,524.5263671875,795.57666015625
random_s0,plastic_nut/OK/S0108/plastic_nut_0108_OK_C3_20230930133007.jpg,335.0047912597656,525.7271728515625,872.423095703125
random_s1,plastic_nut/OK/S0108/plastic_nut_0108_OK_C3_20230930133007.jpg,329.5930480957031,530.9515991210938,760.87255859375
random_s2,plastic_nut/OK/S0108/plastic_nut_0108_OK_C3_20230930133007.jpg,331.6029968261719,529.591064453125,885.378662109375
odd_s0,plastic_nut/OK/S0108/plastic_nut_0108_OK_C4_20230930133007.jpg,346.11322021484375,532.5772705078125,815.742431640625
odd_s1,plastic_nut/OK/S0108/plastic_nut_0108_OK_C4_20230930133007.jpg,339.48699951171875,532.1861572265625,876.83154296875
odd_s2,plastic_nut/OK/S0108/plastic_nut_0108_OK_C4_20230930133007.jpg,344.5567932128906,529.5086669921875,799.49560546875
balanced_s0,plastic_nut/OK/S0108/plastic_nut_0108_OK_C4_20230930133007.jpg,338.8543701171875,524.1688232421875,754.583984375
balanced_s1,plastic_nut/OK/S0108/plastic_nut_0108_OK_C4_20230930133007.jpg,342.26544189453125,533.3736572265625,839.9990234375
balanced_s2,plastic_nut/OK/S0108/plastic_nut_0108_OK_C4_20230930133007.jpg,353.00384521484375,539.570068359375,754.136962890625
random_s0,plastic_nut/OK/S0108/plastic_nut_0108_OK_C4_20230930133007.jpg,351.17596435546875,536.8097534179688,785.006103515625
random_s1,plastic_nut/OK/S0108/plastic_nut_0108_OK_C4_20230930133007.jpg,346.92755126953125,537.3004760742188,753.5927734375
random_s2,plastic_nut/OK/S0108/plastic_nut_0108_OK_C4_20230930133007.jpg,345.1883239746094,535.3140258789062,873.4814453125
odd_s0,plastic_nut/OK/S0108/plastic_nut_0108_OK_C5_20230930133007.jpg,346.8254089355469,531.347900390625,983.87744140625
odd_s1,plastic_nut/OK/S0108/plastic_nut_0108_OK_C5_20230930133007.jpg,334.56610107421875,522.67822265625,936.34130859375
odd_s2,plastic_nut/OK/S0108/plastic_nut_0108_OK_C5_20230930133007.jpg,339.8629150390625,522.0084838867188,972.44482421875
balanced_s0,plastic_nut/OK/S0108/plastic_nut_0108_OK_C5_20230930133007.jpg,333.319091796875,520.4321899414062,830.0146484375
balanced_s1,plastic_nut/OK/S0108/plastic_nut_0108_OK_C5_20230930133007.jpg,342.54412841796875,523.9014282226562,833.15283203125
balanced_s2,plastic_nut/OK/S0108/plastic_nut_0108_OK_C5_20230930133007.jpg,347.9898681640625,534.8483276367188,823.739501953125
random_s0,plastic_nut/OK/S0108/plastic_nut_0108_OK_C5_20230930133007.jpg,338.2242736816406,524.1131591796875,772.821044921875
random_s1,plastic_nut/OK/S0108/plastic_nut_0108_OK_C5_20230930133007.jpg,335.0802307128906,523.793212890625,777.08544921875
random_s2,plastic_nut/OK/S0108/plastic_nut_0108_OK_C5_20230930133007.jpg,342.8869323730469,529.0454711914062,733.984130859375
odd_s0,plastic_nut/OK/S0120/plastic_nut_0120_OK_C1_20230930133553.jpg,333.28021240234375,544.107177734375,1150.6201171875
odd_s1,plastic_nut/OK/S0120/plastic_nut_0120_OK_C1_20230930133553.jpg,337.4241943359375,544.8970336914062,1197.5419921875
odd_s2,plastic_nut/OK/S0120/plastic_nut_0120_OK_C1_20230930133553.jpg,334.74114990234375,539.0516967773438,1089.70849609375
balanced_s0,plastic_nut/OK/S0120/plastic_nut_0120_OK_C1_20230930133553.jpg,335.6797180175781,541.6950073242188,1024.50634765625
balanced_s1,plastic_nut/OK/S0120/plastic_nut_0120_OK_C1_20230930133553.jpg,331.456787109375,532.4623413085938,1024.50634765625
balanced_s2,plastic_nut/OK/S0120/plastic_nut_0120_OK_C1_20230930133553.jpg,328.1474609375,529.4833374023438,1066.57666015625
random_s0,plastic_nut/OK/S0120/plastic_nut_0120_OK_C1_20230930133553.jpg,338.752685546875,544.80029296875,1121.87451171875
random_s1,plastic_nut/OK/S0120/plastic_nut_0120_OK_C1_20230930133553.jpg,329.4019775390625,539.7896728515625,1185.77880859375
random_s2,plastic_nut/OK/S0120/plastic_nut_0120_OK_C1_20230930133553.jpg,328.33221435546875,531.665283203125,1121.87451171875
odd_s0,plastic_nut/OK/S0120/plastic_nut_0120_OK_C2_20230930133553.jpg,346.4339294433594,549.5223388671875,1028.589111328125
odd_s1,plastic_nut/OK/S0120/plastic_nut_0120_OK_C2_20230930133553.jpg,336.508056640625,537.9486083984375,1093.1640625
odd_s2,plastic_nut/OK/S0120/plastic_nut_0120_OK_C2_20230930133553.jpg,340.4217529296875,539.5130615234375,1080.17041015625
balanced_s0,plastic_nut/OK/S0120/plastic_nut_0120_OK_C2_20230930133553.jpg,336.32867431640625,538.458984375,1072.35693359375
balanced_s1,plastic_nut/OK/S0120/plastic_nut_0120_OK_C2_20230930133553.jpg,340.80377197265625,533.20068359375,1089.058837890625
balanced_s2,plastic_nut/OK/S0120/plastic_nut_0120_OK_C2_20230930133553.jpg,346.1636962890625,539.6180419921875,1090.523193359375
random_s0,plastic_nut/OK/S0120/plastic_nut_0120_OK_C2_20230930133553.jpg,343.7696533203125,537.5105590820312,1060.20166015625
random_s1,plastic_nut/OK/S0120/plastic_nut_0120_OK_C2_20230930133553.jpg,344.6580810546875,544.621826171875,1134.0361328125
random_s2,plastic_nut/OK/S0120/plastic_nut_0120_OK_C2_20230930133553.jpg,344.883056640625,533.2448120117188,1060.20166015625
odd_s0,plastic_nut/OK/S0120/plastic_nut_0120_OK_C3_20230930133553.jpg,336.3896179199219,533.392578125,721.30859375
odd_s1,plastic_nut/OK/S0120/plastic_nut_0120_OK_C3_20230930133553.jpg,322.7333068847656,523.3900146484375,879.9482421875
odd_s2,plastic_nut/OK/S0120/plastic_nut_0120_OK_C3_20230930133553.jpg,333.21063232421875,528.866943359375,828.744140625
balanced_s0,plastic_nut/OK/S0120/plastic_nut_0120_OK_C3_20230930133553.jpg,324.94903564453125,521.6522216796875,767.048828125
balanced_s1,plastic_nut/OK/S0120/plastic_nut_0120_OK_C3_20230930133553.jpg,331.0912780761719,527.2392578125,811.836669921875
balanced_s2,plastic_nut/OK/S0120/plastic_nut_0120_OK_C3_20230930133553.jpg,337.29791259765625,527.4059448242188,709.05517578125
random_s0,plastic_nut/OK/S0120/plastic_nut_0120_OK_C3_20230930133553.jpg,332.7256164550781,523.1610717773438,761.286865234375
random_s1,plastic_nut/OK/S0120/plastic_nut_0120_OK_C3_20230930133553.jpg,335.1656188964844,532.1767578125,731.1904296875
random_s2,plastic_nut/OK/S0120/plastic_nut_0120_OK_C3_20230930133553.jpg,336.2672119140625,529.3771362304688,751.555419921875
odd_s0,plastic_nut/OK/S0120/plastic_nut_0120_OK_C4_20230930133553.jpg,358.6613464355469,549.9479370117188,1237.253662109375
odd_s1,plastic_nut/OK/S0120/plastic_nut_0120_OK_C4_20230930133553.jpg,350.1702880859375,551.600830078125,1317.76318359375
odd_s2,plastic_nut/OK/S0120/plastic_nut_0120_OK_C4_20230930133553.jpg,352.89892578125,550.379150390625,1317.76318359375
balanced_s0,plastic_nut/OK/S0120/plastic_nut_0120_OK_C4_20230930133553.jpg,347.8505554199219,542.4312744140625,814.568115234375
balanced_s1,plastic_nut/OK/S0120/plastic_nut_0120_OK_C4_20230930133553.jpg,350.5422668457031,542.5120849609375,798.105224609375
balanced_s2,plastic_nut/OK/S0120/plastic_nut_0120_OK_C4_20230930133553.jpg,364.04132080078125,557.983154296875,813.8427734375
random_s0,plastic_nut/OK/S0120/plastic_nut_0120_OK_C4_20230930133553.jpg,362.45709228515625,556.4714965820312,1195.956787109375
random_s1,plastic_nut/OK/S0120/plastic_nut_0120_OK_C4_20230930133553.jpg,356.23382568359375,555.155517578125,1045.4052734375
random_s2,plastic_nut/OK/S0120/plastic_nut_0120_OK_C4_20230930133553.jpg,354.031494140625,553.6715698242188,1045.4052734375
odd_s0,plastic_nut/OK/S0120/plastic_nut_0120_OK_C5_20230930133553.jpg,345.39447021484375,528.6400146484375,727.825927734375
odd_s1,plastic_nut/OK/S0120/plastic_nut_0120_OK_C5_20230930133553.jpg,336.6445617675781,522.42578125,801.06884765625
odd_s2,plastic_nut/OK/S0120/plastic_nut_0120_OK_C5_20230930133553.jpg,341.91436767578125,529.3629760742188,827.62890625
balanced_s0,plastic_nut/OK/S0120/plastic_nut_0120_OK_C5_20230930133553.jpg,332.1653747558594,522.5623779296875,742.70263671875
balanced_s1,plastic_nut/OK/S0120/plastic_nut_0120_OK_C5_20230930133553.jpg,338.8940734863281,525.8945922851562,742.70263671875
balanced_s2,plastic_nut/OK/S0120/plastic_nut_0120_OK_C5_20230930133553.jpg,343.3053283691406,526.4825439453125,749.293701171875
random_s0,plastic_nut/OK/S0120/plastic_nut_0120_OK_C5_20230930133553.jpg,341.2596740722656,529.2003173828125,730.820068359375
random_s1,plastic_nut/OK/S0120/plastic_nut_0120_OK_C5_20230930133553.jpg,339.21441650390625,525.336669921875,768.22900390625
random_s2,plastic_nut/OK/S0120/plastic_nut_0120_OK_C5_20230930133553.jpg,338.1707458496094,525.200927734375,772.76220703125
odd_s0,plastic_nut/OK/S0121/plastic_nut_0121_OK_C1_20230930133616.jpg,333.8948974609375,540.704345703125,786.994384765625
odd_s1,plastic_nut/OK/S0121/plastic_nut_0121_OK_C1_20230930133616.jpg,336.4635009765625,539.8798828125,842.72998046875
odd_s2,plastic_nut/OK/S0121/plastic_nut_0121_OK_C1_20230930133616.jpg,337.9654235839844,548.194580078125,858.95556640625
balanced_s0,plastic_nut/OK/S0121/plastic_nut_0121_OK_C1_20230930133616.jpg,333.99761962890625,541.680908203125,803.425537109375
balanced_s1,plastic_nut/OK/S0121/plastic_nut_0121_OK_C1_20230930133616.jpg,333.878662109375,533.9428100585938,803.425537109375
balanced_s2,plastic_nut/OK/S0121/plastic_nut_0121_OK_C1_20230930133616.jpg,330.9036560058594,539.9679565429688,778.85302734375
random_s0,plastic_nut/OK/S0121/plastic_nut_0121_OK_C1_20230930133616.jpg,340.4851989746094,546.799560546875,823.50537109375
random_s1,plastic_nut/OK/S0121/plastic_nut_0121_OK_C1_20230930133616.jpg,329.0828857421875,528.6063232421875,828.407470703125
random_s2,plastic_nut/OK/S0121/plastic_nut_0121_OK_C1_20230930133616.jpg,330.06494140625,532.9950561523438,828.407470703125
odd_s0,plastic_nut/OK/S0121/plastic_nut_0121_OK_C2_20230930133616.jpg,343.895751953125,533.233642578125,1381.9609375
odd_s1,plastic_nut/OK/S0121/plastic_nut_0121_OK_C2_20230930133616.jpg,332.1878967285156,536.8338623046875,1323.47998046875
odd_s2,plastic_nut/OK/S0121/plastic_nut_0121_OK_C2_20230930133616.jpg,337.11279296875,528.962646484375,1357.07421875
balanced_s0,plastic_nut/OK/S0121/plastic_nut_0121_OK_C2_20230930133616.jpg,333.68994140625,531.9102783203125,1015.751953125
balanced_s1,plastic_nut/OK/S0121/plastic_nut_0121_OK_C2_20230930133616.jpg,336.2414245605469,531.9992065429688,973.91748046875
balanced_s2,plastic_nut/OK/S0121/plastic_nut_0121_OK_C2_20230930133616.jpg,340.4381103515625,533.5008544921875,1124.7744140625
random_s0,plastic_nut/OK/S0121/plastic_nut_0121_OK_C2_20230930133616.jpg,338.9136047363281,536.7022094726562,949.0400390625
random_s1,plastic_nut/OK/S0121/plastic_nut_0121_OK_C2_20230930133616.jpg,339.64892578125,531.469482421875,951.021240234375
random_s2,plastic_nut/OK/S0121/plastic_nut_0121_OK_C2_20230930133616.jpg,337.74749755859375,524.66357421875,1008.35986328125
odd_s0,plastic_nut/OK/S0121/plastic_nut_0121_OK_C3_20230930133616.jpg,335.88311767578125,527.654052734375,1035.08154296875
odd_s1,plastic_nut/OK/S0121/plastic_nut_0121_OK_C3_20230930133616.jpg,318.9683532714844,517.1505737304688,1014.537109375
odd_s2,plastic_nut/OK/S0121/plastic_nut_0121_OK_C3_20230930133616.jpg,332.25146484375,527.3978271484375,1076.08251953125
balanced_s0,plastic_nut/OK/S0121/plastic_nut_0121_OK_C3_20230930133616.jpg,322.32623291015625,522.662841796875,701.319580078125
balanced_s1,plastic_nut/OK/S0121/plastic_nut_0121_OK_C3_20230930133616.jpg,328.30487060546875,524.522216796875,732.015869140625
balanced_s2,plastic_nut/OK/S0121/plastic_nut_0121_OK_C3_20230930133616.jpg,334.3439025878906,521.7203979492188,864.10595703125
random_s0,plastic_nut/OK/S0121/plastic_nut_0121_OK_C3_20230930133616.jpg,332.22918701171875,519.998046875,703.082763671875
random_s1,plastic_nut/OK/S0121/plastic_nut_0121_OK_C3_20230930133616.jpg,331.6828308105469,524.9251708984375,742.995361328125
random_s2,plastic_nut/OK/S0121/plastic_nut_0121_OK_C3_20230930133616.jpg,329.1681213378906,521.0810546875,702.5859375
odd_s0,plastic_nut/OK/S0121/plastic_nut_0121_OK_C4_20230930133616.jpg,346.73687744140625,530.2113037109375,810.46875
odd_s1,plastic_nut/OK/S0121/plastic_nut_0121_OK_C4_20230930133616.jpg,341.3235168457031,532.3585815429688,857.361572265625
odd_s2,plastic_nut/OK/S0121/plastic_nut_0121_OK_C4_20230930133616.jpg,346.0452880859375,529.2581787109375,815.65380859375
balanced_s0,plastic_nut/OK/S0121/plastic_nut_0121_OK_C4_20230930133616.jpg,338.9104919433594,522.4795532226562,996.12890625
balanced_s1,plastic_nut/OK/S0121/plastic_nut_0121_OK_C4_20230930133616.jpg,341.4736328125,528.2381591796875,872.80322265625
balanced_s2,plastic_nut/OK/S0121/plastic_nut_0121_OK_C4_20230930133616.jpg,356.2749328613281,544.31494140625,872.80322265625
random_s0,plastic_nut/OK/S0121/plastic_nut_0121_OK_C4_20230930133616.jpg,352.6178894042969,537.7565307617188,792.401611328125
random_s1,plastic_nut/OK/S0121/plastic_nut_0121_OK_C4_20230930133616.jpg,343.9810791015625,536.7739868164062,850.263671875
random_s2,plastic_nut/OK/S0121/plastic_nut_0121_OK_C4_20230930133616.jpg,351.0908203125,535.5203857421875,982.76318359375
odd_s0,plastic_nut/OK/S0121/plastic_nut_0121_OK_C5_20230930133616.jpg,343.3978576660156,532.8818359375,873.416015625
odd_s1,plastic_nut/OK/S0121/plastic_nut_0121_OK_C5_20230930133616.jpg,333.46038818359375,527.7968139648438,869.59765625
odd_s2,plastic_nut/OK/S0121/plastic_nut_0121_OK_C5_20230930133616.jpg,340.539794921875,529.0527954101562,869.59765625
balanced_s0,plastic_nut/OK/S0121/plastic_nut_0121_OK_C5_20230930133616.jpg,339.0595397949219,527.7208251953125,956.553466796875
balanced_s1,plastic_nut/OK/S0121/plastic_nut_0121_OK_C5_20230930133616.jpg,340.08782958984375,524.4769287109375,888.98828125
balanced_s2,plastic_nut/OK/S0121/plastic_nut_0121_OK_C5_20230930133616.jpg,345.0981750488281,540.8619384765625,940.04931640625
random_s0,plastic_nut/OK/S0121/plastic_nut_0121_OK_C5_20230930133616.jpg,340.247314453125,532.1759643554688,1168.010986328125
random_s1,plastic_nut/OK/S0121/plastic_nut_0121_OK_C5_20230930133616.jpg,337.7446594238281,532.0009765625,788.408447265625
random_s2,plastic_nut/OK/S0121/plastic_nut_0121_OK_C5_20230930133616.jpg,340.6192626953125,529.9525146484375,1012.639404296875
odd_s0,plastic_nut/OK/S0127/plastic_nut_0127_OK_C1_20230930133902.jpg,349.8048095703125,564.0968017578125,1069.38818359375
odd_s1,plastic_nut/OK/S0127/plastic_nut_0127_OK_C1_20230930133902.jpg,352.79498291015625,565.6649169921875,1091.13720703125
odd_s2,plastic_nut/OK/S0127/plastic_nut_0127_OK_C1_20230930133902.jpg,352.121826171875,570.930419921875,960.25146484375
balanced_s0,plastic_nut/OK/S0127/plastic_nut_0127_OK_C1_20230930133902.jpg,352.1081237792969,571.7645263671875,1128.90966796875
balanced_s1,plastic_nut/OK/S0127/plastic_nut_0127_OK_C1_20230930133902.jpg,344.9867248535156,554.4865112304688,1100.39501953125
balanced_s2,plastic_nut/OK/S0127/plastic_nut_0127_OK_C1_20230930133902.jpg,348.85455322265625,562.3235473632812,1181.75244140625
random_s0,plastic_nut/OK/S0127/plastic_nut_0127_OK_C1_20230930133902.jpg,355.2510986328125,564.0555419921875,904.7109375
random_s1,plastic_nut/OK/S0127/plastic_nut_0127_OK_C1_20230930133902.jpg,344.5440979003906,563.005859375,994.09814453125
random_s2,plastic_nut/OK/S0127/plastic_nut_0127_OK_C1_20230930133902.jpg,343.782958984375,560.6030883789062,1030.75146484375
odd_s0,plastic_nut/OK/S0127/plastic_nut_0127_OK_C2_20230930133902.jpg,358.24932861328125,550.195556640625,965.75
odd_s1,plastic_nut/OK/S0127/plastic_nut_0127_OK_C2_20230930133902.jpg,346.9964599609375,542.556640625,789.02001953125
odd_s2,plastic_nut/OK/S0127/plastic_nut_0127_OK_C2_20230930133902.jpg,355.0826110839844,544.5814208984375,915.787109375
balanced_s0,plastic_nut/OK/S0127/plastic_nut_0127_OK_C2_20230930133902.jpg,351.5204772949219,547.6165771484375,853.85498046875
balanced_s1,plastic_nut/OK/S0127/plastic_nut_0127_OK_C2_20230930133902.jpg,356.1923828125,558.6751708984375,858.154296875
balanced_s2,plastic_nut/OK/S0127/plastic_nut_0127_OK_C2_20230930133902.jpg,356.480224609375,547.1864013671875,833.10205078125
random_s0,plastic_nut/OK/S0127/plastic_nut_0127_OK_C2_20230930133902.jpg,355.1040344238281,541.2242431640625,969.3115234375
random_s1,plastic_nut/OK/S0127/plastic_nut_0127_OK_C2_20230930133902.jpg,353.62066650390625,549.9464111328125,969.80615234375
random_s2,plastic_nut/OK/S0127/plastic_nut_0127_OK_C2_20230930133902.jpg,355.481201171875,541.0294189453125,793.971435546875
odd_s0,plastic_nut/OK/S0127/plastic_nut_0127_OK_C3_20230930133902.jpg,341.6693115234375,537.805419921875,1241.300048828125
odd_s1,plastic_nut/OK/S0127/plastic_nut_0127_OK_C3_20230930133902.jpg,324.87030029296875,522.728515625,1204.9130859375
odd_s2,plastic_nut/OK/S0127/plastic_nut_0127_OK_C3_20230930133902.jpg,338.22760009765625,536.447265625,1259.7958984375
balanced_s0,plastic_nut/OK/S0127/plastic_nut_0127_OK_C3_20230930133902.jpg,329.1231384277344,524.9366455078125,759.981689453125
balanced_s1,plastic_nut/OK/S0127/plastic_nut_0127_OK_C3_20230930133902.jpg,331.9788818359375,530.09521484375,753.4072265625
balanced_s2,plastic_nut/OK/S0127/plastic_nut_0127_OK_C3_20230930133902.jpg,340.581298828125,525.99853515625,715.4345703125
random_s0,plastic_nut/OK/S0127/plastic_nut_0127_OK_C3_20230930133902.jpg,337.0296630859375,528.73779296875,879.67626953125
random_s1,plastic_nut/OK/S0127/plastic_nut_0127_OK_C3_20230930133902.jpg,334.939208984375,535.5228271484375,859.77392578125
random_s2,plastic_nut/OK/S0127/plastic_nut_0127_OK_C3_20230930133902.jpg,338.4583740234375,529.5211791992188,886.802001953125
odd_s0,plastic_nut/OK/S0127/plastic_nut_0127_OK_C4_20230930133902.jpg,351.11279296875,542.7147216796875,871.999755859375
odd_s1,plastic_nut/OK/S0127/plastic_nut_0127_OK_C4_20230930133902.jpg,344.55145263671875,533.0746459960938,749.31103515625
odd_s2,plastic_nut/OK/S0127/plastic_nut_0127_OK_C4_20230930133902.jpg,352.1490173339844,543.2139892578125,871.999755859375
balanced_s0,plastic_nut/OK/S0127/plastic_nut_0127_OK_C4_20230930133902.jpg,346.22955322265625,539.34619140625,745.155029296875
balanced_s1,plastic_nut/OK/S0127/plastic_nut_0127_OK_C4_20230930133902.jpg,351.0677490234375,542.0494995117188,841.661376953125
balanced_s2,plastic_nut/OK/S0127/plastic_nut_0127_OK_C4_20230930133902.jpg,362.18902587890625,553.729736328125,871.9619140625
random_s0,plastic_nut/OK/S0127/plastic_nut_0127_OK_C4_20230930133902.jpg,356.4158630371094,537.9561767578125,1149.20166015625
random_s1,plastic_nut/OK/S0127/plastic_nut_0127_OK_C4_20230930133902.jpg,357.77838134765625,555.5884399414062,844.32861328125
random_s2,plastic_nut/OK/S0127/plastic_nut_0127_OK_C4_20230930133902.jpg,351.62872314453125,539.5072021484375,871.999755859375
odd_s0,plastic_nut/OK/S0127/plastic_nut_0127_OK_C5_20230930133902.jpg,356.02398681640625,547.6224365234375,1064.92529296875
odd_s1,plastic_nut/OK/S0127/plastic_nut_0127_OK_C5_20230930133902.jpg,343.1750183105469,532.3896484375,1027.64501953125
odd_s2,plastic_nut/OK/S0127/plastic_nut_0127_OK_C5_20230930133902.jpg,348.03192138671875,536.6184692382812,1052.8291015625
balanced_s0,plastic_nut/OK/S0127/plastic_nut_0127_OK_C5_20230930133902.jpg,342.3729248046875,533.05712890625,855.110107421875
balanced_s1,plastic_nut/OK/S0127/plastic_nut_0127_OK_C5_20230930133902.jpg,347.5225830078125,533.4392700195312,751.470458984375
balanced_s2,plastic_nut/OK/S0127/plastic_nut_0127_OK_C5_20230930133902.jpg,355.7283630371094,542.1185302734375,764.50048828125
random_s0,plastic_nut/OK/S0127/plastic_nut_0127_OK_C5_20230930133902.jpg,352.0468444824219,539.6172485351562,861.526611328125
random_s1,plastic_nut/OK/S0127/plastic_nut_0127_OK_C5_20230930133902.jpg,345.880615234375,536.3702392578125,904.0322265625
random_s2,plastic_nut/OK/S0127/plastic_nut_0127_OK_C5_20230930133902.jpg,352.830078125,545.1073608398438,964.836669921875
odd_s0,plastic_nut/OK/S0129/plastic_nut_0129_OK_C1_20230930134002.jpg,335.2075500488281,539.1507568359375,942.28173828125
odd_s1,plastic_nut/OK/S0129/plastic_nut_0129_OK_C1_20230930134002.jpg,335.0198974609375,537.3988647460938,905.67236328125
odd_s2,plastic_nut/OK/S0129/plastic_nut_0129_OK_C1_20230930134002.jpg,335.68359375,539.627197265625,909.0732421875
balanced_s0,plastic_nut/OK/S0129/plastic_nut_0129_OK_C1_20230930134002.jpg,333.77056884765625,543.8262329101562,835.289794921875
balanced_s1,plastic_nut/OK/S0129/plastic_nut_0129_OK_C1_20230930134002.jpg,331.8187255859375,535.2760620117188,751.565673828125
balanced_s2,plastic_nut/OK/S0129/plastic_nut_0129_OK_C1_20230930134002.jpg,331.7620849609375,536.9564208984375,905.42919921875
random_s0,plastic_nut/OK/S0129/plastic_nut_0129_OK_C1_20230930134002.jpg,341.205322265625,548.3358764648438,908.833740234375
random_s1,plastic_nut/OK/S0129/plastic_nut_0129_OK_C1_20230930134002.jpg,326.0748596191406,536.475341796875,858.2900390625
random_s2,plastic_nut/OK/S0129/plastic_nut_0129_OK_C1_20230930134002.jpg,326.5860595703125,526.4678955078125,804.8232421875
odd_s0,plastic_nut/OK/S0129/plastic_nut_0129_OK_C2_20230930134002.jpg,343.7989501953125,531.7239990234375,1201.9140625
odd_s1,plastic_nut/OK/S0129/plastic_nut_0129_OK_C2_20230930134002.jpg,328.70806884765625,521.2440795898438,1140.790771484375
odd_s2,plastic_nut/OK/S0129/plastic_nut_0129_OK_C2_20230930134002.jpg,331.82666015625,521.616943359375,1187.6875
balanced_s0,plastic_nut/OK/S0129/plastic_nut_0129_OK_C2_20230930134002.jpg,330.00994873046875,525.8873901367188,913.466552734375
balanced_s1,plastic_nut/OK/S0129/plastic_nut_0129_OK_C2_20230930134002.jpg,333.7773132324219,524.9324951171875,824.646484375
balanced_s2,plastic_nut/OK/S0129/plastic_nut_0129_OK_C2_20230930134002.jpg,337.7991943359375,527.2799682617188,902.59375
random_s0,plastic_nut/OK/S0129/plastic_nut_0129_OK_C2_20230930134002.jpg,336.23602294921875,528.3179931640625,754.39501953125
random_s1,plastic_nut/OK/S0129/plastic_nut_0129_OK_C2_20230930134002.jpg,334.65631103515625,522.9537963867188,754.39501953125
random_s2,plastic_nut/OK/S0129/plastic_nut_0129_OK_C2_20230930134002.jpg,336.1986389160156,521.7774658203125,841.5439453125
odd_s0,plastic_nut/OK/S0129/plastic_nut_0129_OK_C3_20230930134002.jpg,335.2187194824219,520.2391357421875,850.736328125
odd_s1,plastic_nut/OK/S0129/plastic_nut_0129_OK_C3_20230930134002.jpg,320.367919921875,518.4073486328125,871.2451171875
odd_s2,plastic_nut/OK/S0129/plastic_nut_0129_OK_C3_20230930134002.jpg,332.9339904785156,526.837890625,776.04541015625
balanced_s0,plastic_nut/OK/S0129/plastic_nut_0129_OK_C3_20230930134002.jpg,322.15948486328125,517.3491821289062,820.495849609375
balanced_s1,plastic_nut/OK/S0129/plastic_nut_0129_OK_C3_20230930134002.jpg,328.0887756347656,522.9728393554688,820.495849609375
balanced_s2,plastic_nut/OK/S0129/plastic_nut_0129_OK_C3_20230930134002.jpg,336.5658264160156,524.0099487304688,822.928466796875
random_s0,plastic_nut/OK/S0129/plastic_nut_0129_OK_C3_20230930134002.jpg,330.3854675292969,519.0414428710938,883.294677734375
random_s1,plastic_nut/OK/S0129/plastic_nut_0129_OK_C3_20230930134002.jpg,329.3341064453125,528.1495361328125,883.294677734375
random_s2,plastic_nut/OK/S0129/plastic_nut_0129_OK_C3_20230930134002.jpg,330.65338134765625,523.5042724609375,785.45947265625
odd_s0,plastic_nut/OK/S0129/plastic_nut_0129_OK_C4_20230930134002.jpg,341.7548828125,526.9002685546875,956.668701171875
odd_s1,plastic_nut/OK/S0129/plastic_nut_0129_OK_C4_20230930134002.jpg,333.69781494140625,517.4261474609375,798.585205078125
odd_s2,plastic_nut/OK/S0129/plastic_nut_0129_OK_C4_20230930134002.jpg,337.22119140625,525.9351806640625,777.5537109375
balanced_s0,plastic_nut/OK/S0129/plastic_nut_0129_OK_C4_20230930134002.jpg,332.54290771484375,521.93701171875,775.18896484375
balanced_s1,plastic_nut/OK/S0129/plastic_nut_0129_OK_C4_20230930134002.jpg,338.1932373046875,524.9515991210938,873.07666015625
balanced_s2,plastic_nut/OK/S0129/plastic_nut_0129_OK_C4_20230930134002.jpg,346.1949462890625,525.9314575195312,758.161865234375
random_s0,plastic_nut/OK/S0129/plastic_nut_0129_OK_C4_20230930134002.jpg,344.074462890625,523.502197265625,893.895263671875
random_s1,plastic_nut/OK/S0129/plastic_nut_0129_OK_C4_20230930134002.jpg,345.30419921875,535.1581420898438,831.121337890625
random_s2,plastic_nut/OK/S0129/plastic_nut_0129_OK_C4_20230930134002.jpg,339.8092041015625,521.8638916015625,893.895263671875
odd_s0,plastic_nut/OK/S0129/plastic_nut_0129_OK_C5_20230930134002.jpg,345.1764221191406,524.888427734375,712.73486328125
odd_s1,plastic_nut/OK/S0129/plastic_nut_0129_OK_C5_20230930134002.jpg,335.6640625,522.3299560546875,775.06591796875
odd_s2,plastic_nut/OK/S0129/plastic_nut_0129_OK_C5_20230930134002.jpg,339.44097900390625,522.7929077148438,801.416015625
balanced_s0,plastic_nut/OK/S0129/plastic_nut_0129_OK_C5_20230930134002.jpg,334.51226806640625,518.0244140625,838.796875
balanced_s1,plastic_nut/OK/S0129/plastic_nut_0129_OK_C5_20230930134002.jpg,336.7025146484375,521.08154296875,911.806640625
balanced_s2,plastic_nut/OK/S0129/plastic_nut_0129_OK_C5_20230930134002.jpg,345.3952941894531,529.3507080078125,763.984619140625
random_s0,plastic_nut/OK/S0129/plastic_nut_0129_OK_C5_20230930134002.jpg,335.3897705078125,519.8959350585938,833.183349609375
random_s1,plastic_nut/OK/S0129/plastic_nut_0129_OK_C5_20230930134002.jpg,339.2594909667969,532.0128173828125,953.635498046875
random_s2,plastic_nut/OK/S0129/plastic_nut_0129_OK_C5_20230930134002.jpg,340.351806640625,522.8367309570312,968.03466796875
odd_s0,plastic_nut/OK/S0131/plastic_nut_0131_OK_C1_20230930134046.jpg,350.6346435546875,550.716552734375,852.78515625
odd_s1,plastic_nut/OK/S0131/plastic_nut_0131_OK_C1_20230930134046.jpg,352.9876403808594,555.7699584960938,858.809814453125
odd_s2,plastic_nut/OK/S0131/plastic_nut_0131_OK_C1_20230930134046.jpg,351.3109130859375,551.9517822265625,846.9443359375
balanced_s0,plastic_nut/OK/S0131/plastic_nut_0131_OK_C1_20230930134046.jpg,356.93115234375,570.0963134765625,903.30078125
balanced_s1,plastic_nut/OK/S0131/plastic_nut_0131_OK_C1_20230930134046.jpg,346.2250061035156,551.837158203125,836.19384765625
balanced_s2,plastic_nut/OK/S0131/plastic_nut_0131_OK_C1_20230930134046.jpg,346.7666015625,556.494384765625,895.536865234375
random_s0,plastic_nut/OK/S0131/plastic_nut_0131_OK_C1_20230930134046.jpg,356.02362060546875,565.544189453125,873.41748046875
random_s1,plastic_nut/OK/S0131/plastic_nut_0131_OK_C1_20230930134046.jpg,343.2160339355469,557.8547973632812,810.015380859375
random_s2,plastic_nut/OK/S0131/plastic_nut_0131_OK_C1_20230930134046.jpg,345.5013732910156,550.71533203125,887.061767578125
odd_s0,plastic_nut/OK/S0131/plastic_nut_0131_OK_C2_20230930134046.jpg,352.80712890625,538.32568359375,1436.3759765625
odd_s1,plastic_nut/OK/S0131/plastic_nut_0131_OK_C2_20230930134046.jpg,337.5753173828125,535.8592529296875,1419.394287109375
odd_s2,plastic_nut/OK/S0131/plastic_nut_0131_OK_C2_20230930134046.jpg,344.45013427734375,535.98046875,1447.8408203125
balanced_s0,plastic_nut/OK/S0131/plastic_nut_0131_OK_C2_20230930134046.jpg,345.4388122558594,540.7195434570312,854.2822265625
balanced_s1,plastic_nut/OK/S0131/plastic_nut_0131_OK_C2_20230930134046.jpg,343.79522705078125,539.304443359375,886.197998046875
balanced_s2,plastic_nut/OK/S0131/plastic_nut_0131_OK_C2_20230930134046.jpg,350.26214599609375,537.1102294921875,730.05419921875
random_s0,plastic_nut/OK/S0131/plastic_nut_0131_OK_C2_20230930134046.jpg,350.19085693359375,538.9190673828125,822.5927734375
random_s1,plastic_nut/OK/S0131/plastic_nut_0131_OK_C2_20230930134046.jpg,348.942138671875,542.6971435546875,959.6845703125
random_s2,plastic_nut/OK/S0131/plastic_nut_0131_OK_C2_20230930134046.jpg,350.01617431640625,539.2027587890625,827.8779296875
odd_s0,plastic_nut/OK/S0131/plastic_nut_0131_OK_C3_20230930134046.jpg,347.28240966796875,532.4072265625,780.714111328125
odd_s1,plastic_nut/OK/S0131/plastic_nut_0131_OK_C3_20230930134046.jpg,330.12664794921875,519.52685546875,839.08203125
odd_s2,plastic_nut/OK/S0131/plastic_nut_0131_OK_C3_20230930134046.jpg,344.9658508300781,540.785400390625,892.28173828125
balanced_s0,plastic_nut/OK/S0131/plastic_nut_0131_OK_C3_20230930134046.jpg,334.94293212890625,533.8365478515625,764.208984375
balanced_s1,plastic_nut/OK/S0131/plastic_nut_0131_OK_C3_20230930134046.jpg,336.72210693359375,532.7457275390625,690.01171875
balanced_s2,plastic_nut/OK/S0131/plastic_nut_0131_OK_C3_20230930134046.jpg,346.6270751953125,537.8072509765625,677.40234375
random_s0,plastic_nut/OK/S0131/plastic_nut_0131_OK_C3_20230930134046.jpg,343.93585205078125,535.4409790039062,705.87939453125
random_s1,plastic_nut/OK/S0131/plastic_nut_0131_OK_C3_20230930134046.jpg,343.14361572265625,536.314697265625,780.16357421875
random_s2,plastic_nut/OK/S0131/plastic_nut_0131_OK_C3_20230930134046.jpg,344.038818359375,532.2498779296875,761.0791015625
odd_s0,plastic_nut/OK/S0131/plastic_nut_0131_OK_C4_20230930134046.jpg,362.358642578125,559.1250610351562,875.01806640625
odd_s1,plastic_nut/OK/S0131/plastic_nut_0131_OK_C4_20230930134046.jpg,355.6119079589844,547.321044921875,919.033203125
odd_s2,plastic_nut/OK/S0131/plastic_nut_0131_OK_C4_20230930134046.jpg,354.25933837890625,542.4304809570312,885.90478515625
balanced_s0,plastic_nut/OK/S0131/plastic_nut_0131_OK_C4_20230930134046.jpg,355.6295166015625,543.048095703125,854.52587890625
balanced_s1,plastic_nut/OK/S0131/plastic_nut_0131_OK_C4_20230930134046.jpg,357.2172546386719,541.25048828125,878.50439453125
balanced_s2,plastic_nut/OK/S0131/plastic_nut_0131_OK_C4_20230930134046.jpg,364.9123840332031,550.4046630859375,854.283203125
random_s0,plastic_nut/OK/S0131/plastic_nut_0131_OK_C4_20230930134046.jpg,361.11151123046875,546.812255859375,832.25537109375
random_s1,plastic_nut/OK/S0131/plastic_nut_0131_OK_C4_20230930134046.jpg,361.4228820800781,553.4432373046875,926.3876953125
random_s2,plastic_nut/OK/S0131/plastic_nut_0131_OK_C4_20230930134046.jpg,361.1683349609375,548.470947265625,942.107421875
odd_s0,plastic_nut/OK/S0131/plastic_nut_0131_OK_C5_20230930134046.jpg,359.6800842285156,544.4908447265625,759.0400390625
odd_s1,plastic_nut/OK/S0131/plastic_nut_0131_OK_C5_20230930134046.jpg,352.57696533203125,540.8646240234375,758.17724609375
odd_s2,plastic_nut/OK/S0131/plastic_nut_0131_OK_C5_20230930134046.jpg,354.81744384765625,539.1488647460938,728.92626953125
balanced_s0,plastic_nut/OK/S0131/plastic_nut_0131_OK_C5_20230930134046.jpg,348.63580322265625,538.6442260742188,758.095703125
balanced_s1,plastic_nut/OK/S0131/plastic_nut_0131_OK_C5_20230930134046.jpg,350.7875671386719,538.386474609375,718.180908203125
balanced_s2,plastic_nut/OK/S0131/plastic_nut_0131_OK_C5_20230930134046.jpg,360.829345703125,542.72314453125,798.0029296875
random_s0,plastic_nut/OK/S0131/plastic_nut_0131_OK_C5_20230930134046.jpg,353.7118835449219,539.87548828125,747.19482421875
random_s1,plastic_nut/OK/S0131/plastic_nut_0131_OK_C5_20230930134046.jpg,351.88775634765625,544.1165771484375,754.5703125
random_s2,plastic_nut/OK/S0131/plastic_nut_0131_OK_C5_20230930134046.jpg,354.7328796386719,534.1724853515625,781.9619140625
odd_s0,plastic_nut/OK/S0133/plastic_nut_0133_OK_C1_20230930134116.jpg,329.7493591308594,535.8150634765625,836.257080078125
odd_s1,plastic_nut/OK/S0133/plastic_nut_0133_OK_C1_20230930134116.jpg,337.3818359375,541.3501586914062,828.63525390625
odd_s2,plastic_nut/OK/S0133/plastic_nut_0133_OK_C1_20230930134116.jpg,333.86505126953125,540.3422241210938,857.89501953125
balanced_s0,plastic_nut/OK/S0133/plastic_nut_0133_OK_C1_20230930134116.jpg,333.98077392578125,539.580322265625,956.304443359375
balanced_s1,plastic_nut/OK/S0133/plastic_nut_0133_OK_C1_20230930134116.jpg,329.4331970214844,531.2747802734375,820.058349609375
balanced_s2,plastic_nut/OK/S0133/plastic_nut_0133_OK_C1_20230930134116.jpg,327.0931396484375,527.9188232421875,820.058349609375
random_s0,plastic_nut/OK/S0133/plastic_nut_0133_OK_C1_20230930134116.jpg,337.5552978515625,539.7418212890625,912.513671875
random_s1,plastic_nut/OK/S0133/plastic_nut_0133_OK_C1_20230930134116.jpg,328.6770935058594,535.2303466796875,839.732666015625
random_s2,plastic_nut/OK/S0133/plastic_nut_0133_OK_C1_20230930134116.jpg,327.49566650390625,535.2548828125,882.300048828125
odd_s0,plastic_nut/OK/S0133/plastic_nut_0133_OK_C2_20230930134116.jpg,343.9760437011719,533.5119018554688,888.9765625
odd_s1,plastic_nut/OK/S0133/plastic_nut_0133_OK_C2_20230930134116.jpg,334.19195556640625,531.8175048828125,849.66796875
odd_s2,plastic_nut/OK/S0133/plastic_nut_0133_OK_C2_20230930134116.jpg,341.4698486328125,534.6707763671875,972.115234375
balanced_s0,plastic_nut/OK/S0133/plastic_nut_0133_OK_C2_20230930134116.jpg,336.654541015625,536.890625,841.88037109375
balanced_s1,plastic_nut/OK/S0133/plastic_nut_0133_OK_C2_20230930134116.jpg,340.49847412109375,534.5001831054688,859.0400390625
balanced_s2,plastic_nut/OK/S0133/plastic_nut_0133_OK_C2_20230930134116.jpg,340.67156982421875,532.1122436523438,817.990966796875
random_s0,plastic_nut/OK/S0133/plastic_nut_0133_OK_C2_20230930134116.jpg,341.08441162109375,532.9029541015625,756.969482421875
random_s1,plastic_nut/OK/S0133/plastic_nut_0133_OK_C2_20230930134116.jpg,343.1622009277344,533.5496826171875,830.525146484375
random_s2,plastic_nut/OK/S0133/plastic_nut_0133_OK_C2_20230930134116.jpg,343.3130798339844,536.5064086914062,808.546630859375
odd_s0,plastic_nut/OK/S0133/plastic_nut_0133_OK_C3_20230930134116.jpg,343.7137145996094,545.482177734375,895.68505859375
odd_s1,plastic_nut/OK/S0133/plastic_nut_0133_OK_C3_20230930134116.jpg,330.72760009765625,541.029541015625,895.68505859375
odd_s2,plastic_nut/OK/S0133/plastic_nut_0133_OK_C3_20230930134116.jpg,338.7507629394531,549.1356201171875,963.8388671875
balanced_s0,plastic_nut/OK/S0133/plastic_nut_0133_OK_C3_20230930134116.jpg,330.94329833984375,542.1734619140625,782.01123046875
balanced_s1,plastic_nut/OK/S0133/plastic_nut_0133_OK_C3_20230930134116.jpg,335.57568359375,538.5665283203125,865.588134765625
balanced_s2,plastic_nut/OK/S0133/plastic_nut_0133_OK_C3_20230930134116.jpg,343.32293701171875,541.0439453125,797.693359375
random_s0,plastic_nut/OK/S0133/plastic_nut_0133_OK_C3_20230930134116.jpg,341.7115783691406,547.5068359375,864.150634765625
random_s1,plastic_nut/OK/S0133/plastic_nut_0133_OK_C3_20230930134116.jpg,337.85284423828125,548.0821533203125,794.13818359375
random_s2,plastic_nut/OK/S0133/plastic_nut_0133_OK_C3_20230930134116.jpg,339.7129821777344,538.487060546875,791.093505859375
odd_s0,plastic_nut/OK/S0133/plastic_nut_0133_OK_C4_20230930134116.jpg,349.21356201171875,536.119873046875,943.774169921875
odd_s1,plastic_nut/OK/S0133/plastic_nut_0133_OK_C4_20230930134116.jpg,338.758056640625,526.163818359375,1043.506591796875
odd_s2,plastic_nut/OK/S0133/plastic_nut_0133_OK_C4_20230930134116.jpg,347.0306701660156,532.9921875,953.79931640625
balanced_s0,plastic_nut/OK/S0133/plastic_nut_0133_OK_C4_20230930134116.jpg,339.7206726074219,532.365966796875,785.82958984375
balanced_s1,plastic_nut/OK/S0133/plastic_nut_0133_OK_C4_20230930134116.jpg,346.46282958984375,535.4036865234375,719.707275390625
balanced_s2,plastic_nut/OK/S0133/plastic_nut_0133_OK_C4_20230930134116.jpg,351.4234619140625,539.7945556640625,736.377197265625
random_s0,plastic_nut/OK/S0133/plastic_nut_0133_OK_C4_20230930134116.jpg,351.79400634765625,533.716552734375,839.9052734375
random_s1,plastic_nut/OK/S0133/plastic_nut_0133_OK_C4_20230930134116.jpg,352.4906005859375,541.4913330078125,771.97412109375
random_s2,plastic_nut/OK/S0133/plastic_nut_0133_OK_C4_20230930134116.jpg,343.44427490234375,528.4016723632812,785.82958984375
odd_s0,plastic_nut/OK/S0133/plastic_nut_0133_OK_C5_20230930134116.jpg,347.6675109863281,542.3598022460938,914.40771484375
odd_s1,plastic_nut/OK/S0133/plastic_nut_0133_OK_C5_20230930134116.jpg,334.7427062988281,530.1478271484375,886.994140625
odd_s2,plastic_nut/OK/S0133/plastic_nut_0133_OK_C5_20230930134116.jpg,344.36090087890625,533.608154296875,902.12109375
balanced_s0,plastic_nut/OK/S0133/plastic_nut_0133_OK_C5_20230930134116.jpg,335.46014404296875,531.39013671875,792.6806640625
balanced_s1,plastic_nut/OK/S0133/plastic_nut_0133_OK_C5_20230930134116.jpg,342.7750549316406,536.6512451171875,759.95361328125
balanced_s2,plastic_nut/OK/S0133/plastic_nut_0133_OK_C5_20230930134116.jpg,344.56256103515625,534.816650390625,761.8935546875
random_s0,plastic_nut/OK/S0133/plastic_nut_0133_OK_C5_20230930134116.jpg,343.41046142578125,539.608154296875,784.113525390625
random_s1,plastic_nut/OK/S0133/plastic_nut_0133_OK_C5_20230930134116.jpg,342.006591796875,532.9586181640625,784.113525390625
random_s2,plastic_nut/OK/S0133/plastic_nut_0133_OK_C5_20230930134116.jpg,343.40582275390625,541.1778564453125,811.541259765625
odd_s0,plastic_nut/OK/S0138/plastic_nut_0138_OK_C1_20230930134336.jpg,327.936279296875,534.1566162109375,898.98095703125
odd_s1,plastic_nut/OK/S0138/plastic_nut_0138_OK_C1_20230930134336.jpg,333.7513427734375,539.3182983398438,808.73095703125
odd_s2,plastic_nut/OK/S0138/plastic_nut_0138_OK_C1_20230930134336.jpg,331.5086364746094,541.893798828125,818.22705078125
balanced_s0,plastic_nut/OK/S0138/plastic_nut_0138_OK_C1_20230930134336.jpg,330.45831298828125,536.1282958984375,904.88330078125
balanced_s1,plastic_nut/OK/S0138/plastic_nut_0138_OK_C1_20230930134336.jpg,327.1739196777344,529.02587890625,904.88330078125
balanced_s2,plastic_nut/OK/S0138/plastic_nut_0138_OK_C1_20230930134336.jpg,326.4778747558594,530.8294067382812,904.88330078125
random_s0,plastic_nut/OK/S0138/plastic_nut_0138_OK_C1_20230930134336.jpg,333.8536376953125,540.8370361328125,837.90283203125
random_s1,plastic_nut/OK/S0138/plastic_nut_0138_OK_C1_20230930134336.jpg,322.71392822265625,530.4755249023438,777.89990234375
random_s2,plastic_nut/OK/S0138/plastic_nut_0138_OK_C1_20230930134336.jpg,324.8326416015625,527.8206176757812,820.75634765625
odd_s0,plastic_nut/OK/S0138/plastic_nut_0138_OK_C2_20230930134336.jpg,342.2490234375,532.0139770507812,1158.76220703125
odd_s1,plastic_nut/OK/S0138/plastic_nut_0138_OK_C2_20230930134336.jpg,329.47930908203125,520.8992919921875,1099.31396484375
odd_s2,plastic_nut/OK/S0138/plastic_nut_0138_OK_C2_20230930134336.jpg,334.7861328125,528.6007080078125,1171.0341796875
balanced_s0,plastic_nut/OK/S0138/plastic_nut_0138_OK_C2_20230930134336.jpg,334.840576171875,525.5409545898438,767.48046875
balanced_s1,plastic_nut/OK/S0138/plastic_nut_0138_OK_C2_20230930134336.jpg,336.7593078613281,528.052490234375,707.028564453125
balanced_s2,plastic_nut/OK/S0138/plastic_nut_0138_OK_C2_20230930134336.jpg,339.644775390625,525.7132568359375,814.666015625
random_s0,plastic_nut/OK/S0138/plastic_nut_0138_OK_C2_20230930134336.jpg,339.42462158203125,523.8563232421875,870.169921875
random_s1,plastic_nut/OK/S0138/plastic_nut_0138_OK_C2_20230930134336.jpg,340.2005920410156,530.53076171875,757.224609375
random_s2,plastic_nut/OK/S0138/plastic_nut_0138_OK_C2_20230930134336.jpg,339.35833740234375,525.6649169921875,825.006591796875
odd_s0,plastic_nut/OK/S0138/plastic_nut_0138_OK_C3_20230930134336.jpg,340.59930419921875,534.1358642578125,900.598388671875
odd_s1,plastic_nut/OK/S0138/plastic_nut_0138_OK_C3_20230930134336.jpg,322.4809265136719,519.4508056640625,870.52880859375
odd_s2,plastic_nut/OK/S0138/plastic_nut_0138_OK_C3_20230930134336.jpg,336.22894287109375,532.967041015625,776.8212890625
balanced_s0,plastic_nut/OK/S0138/plastic_nut_0138_OK_C3_20230930134336.jpg,326.2251281738281,526.2921752929688,847.46533203125
balanced_s1,plastic_nut/OK/S0138/plastic_nut_0138_OK_C3_20230930134336.jpg,331.1903076171875,526.6524658203125,809.617431640625
balanced_s2,plastic_nut/OK/S0138/plastic_nut_0138_OK_C3_20230930134336.jpg,339.8944091796875,530.2507934570312,812.923095703125
random_s0,plastic_nut/OK/S0138/plastic_nut_0138_OK_C3_20230930134336.jpg,335.53692626953125,529.0684814453125,763.927978515625
random_s1,plastic_nut/OK/S0138/plastic_nut_0138_OK_C3_20230930134336.jpg,335.3496398925781,535.30517578125,785.672119140625
random_s2,plastic_nut/OK/S0138/plastic_nut_0138_OK_C3_20230930134336.jpg,336.0555114746094,527.455322265625,702.837158203125
odd_s0,plastic_nut/OK/S0138/plastic_nut_0138_OK_C4_20230930134336.jpg,350.551513671875,532.1341552734375,929.88916015625
odd_s1,plastic_nut/OK/S0138/plastic_nut_0138_OK_C4_20230930134336.jpg,343.2403564453125,536.7337646484375,806.460205078125
odd_s2,plastic_nut/OK/S0138/plastic_nut_0138_OK_C4_20230930134336.jpg,348.7018737792969,533.3938598632812,1065.98681640625
balanced_s0,plastic_nut/OK/S0138/plastic_nut_0138_OK_C4_20230930134336.jpg,341.22100830078125,526.9930419921875,880.07568359375
balanced_s1,plastic_nut/OK/S0138/plastic_nut_0138_OK_C4_20230930134336.jpg,345.7599182128906,531.290283203125,854.473876953125
balanced_s2,plastic_nut/OK/S0138/plastic_nut_0138_OK_C4_20230930134336.jpg,355.32562255859375,550.171142578125,858.41015625
random_s0,plastic_nut/OK/S0138/plastic_nut_0138_OK_C4_20230930134336.jpg,351.7933044433594,537.3560791015625,918.32958984375
random_s1,plastic_nut/OK/S0138/plastic_nut_0138_OK_C4_20230930134336.jpg,353.30523681640625,548.1319580078125,847.0791015625
random_s2,plastic_nut/OK/S0138/plastic_nut_0138_OK_C4_20230930134336.jpg,348.1576843261719,537.8887939453125,740.23974609375
odd_s0,plastic_nut/OK/S0138/plastic_nut_0138_OK_C5_20230930134336.jpg,345.3440856933594,528.3416748046875,972.21728515625
odd_s1,plastic_nut/OK/S0138/plastic_nut_0138_OK_C5_20230930134336.jpg,331.959228515625,519.5952758789062,840.154052734375
odd_s2,plastic_nut/OK/S0138/plastic_nut_0138_OK_C5_20230930134336.jpg,340.5104064941406,524.7124633789062,840.154052734375
balanced_s0,plastic_nut/OK/S0138/plastic_nut_0138_OK_C5_20230930134336.jpg,334.42474365234375,522.6009521484375,879.193359375
balanced_s1,plastic_nut/OK/S0138/plastic_nut_0138_OK_C5_20230930134336.jpg,337.6037902832031,520.2724609375,869.91015625
balanced_s2,plastic_nut/OK/S0138/plastic_nut_0138_OK_C5_20230930134336.jpg,345.26336669921875,529.3296508789062,821.78759765625
random_s0,plastic_nut/OK/S0138/plastic_nut_0138_OK_C5_20230930134336.jpg,338.22344970703125,528.8125,788.568115234375
random_s1,plastic_nut/OK/S0138/plastic_nut_0138_OK_C5_20230930134336.jpg,335.1669921875,518.042724609375,839.539794921875
random_s2,plastic_nut/OK/S0138/plastic_nut_0138_OK_C5_20230930134336.jpg,336.47650146484375,521.769287109375,732.845458984375
odd_s0,plastic_nut/OK/S0146/plastic_nut_0146_OK_C1_20230930134705.jpg,333.4835205078125,544.5877685546875,867.4609375
odd_s1,plastic_nut/OK/S0146/plastic_nut_0146_OK_C1_20230930134705.jpg,332.53228759765625,536.4951171875,903.1083984375
odd_s2,plastic_nut/OK/S0146/plastic_nut_0146_OK_C1_20230930134705.jpg,334.58099365234375,539.3294677734375,905.685791015625
balanced_s0,plastic_nut/OK/S0146/plastic_nut_0146_OK_C1_20230930134705.jpg,331.3131103515625,539.8045654296875,813.5439453125
balanced_s1,plastic_nut/OK/S0146/plastic_nut_0146_OK_C1_20230930134705.jpg,330.1296691894531,535.1505126953125,906.43603515625
balanced_s2,plastic_nut/OK/S0146/plastic_nut_0146_OK_C1_20230930134705.jpg,332.2708435058594,536.090087890625,783.9453125
random_s0,plastic_nut/OK/S0146/plastic_nut_0146_OK_C1_20230930134705.jpg,337.44158935546875,548.7432861328125,868.009765625
random_s1,plastic_nut/OK/S0146/plastic_nut_0146_OK_C1_20230930134705.jpg,327.3087158203125,528.6205444335938,762.015625
random_s2,plastic_nut/OK/S0146/plastic_nut_0146_OK_C1_20230930134705.jpg,327.8452453613281,531.7155151367188,874.19091796875
odd_s0,plastic_nut/OK/S0146/plastic_nut_0146_OK_C2_20230930134705.jpg,337.2387390136719,526.739990234375,1224.1416015625
odd_s1,plastic_nut/OK/S0146/plastic_nut_0146_OK_C2_20230930134705.jpg,326.45269775390625,519.1193237304688,1164.8125
odd_s2,plastic_nut/OK/S0146/plastic_nut_0146_OK_C2_20230930134705.jpg,330.6648254394531,520.730224609375,1211.419921875
balanced_s0,plastic_nut/OK/S0146/plastic_nut_0146_OK_C2_20230930134705.jpg,326.50274658203125,513.343505859375,862.22265625
balanced_s1,plastic_nut/OK/S0146/plastic_nut_0146_OK_C2_20230930134705.jpg,332.4781494140625,522.07080078125,706.30078125
balanced_s2,plastic_nut/OK/S0146/plastic_nut_0146_OK_C2_20230930134705.jpg,335.00518798828125,525.3956909179688,726.813720703125
random_s0,plastic_nut/OK/S0146/plastic_nut_0146_OK_C2_20230930134705.jpg,332.6275634765625,522.2620239257812,732.48193359375
random_s1,plastic_nut/OK/S0146/plastic_nut_0146_OK_C2_20230930134705.jpg,335.7557373046875,524.629638671875,755.659912109375
random_s2,plastic_nut/OK/S0146/plastic_nut_0146_OK_C2_20230930134705.jpg,332.1026916503906,516.79833984375,763.0498046875
odd_s0,plastic_nut/OK/S0146/plastic_nut_0146_OK_C3_20230930134705.jpg,338.3782043457031,530.223876953125,1109.79541015625
odd_s1,plastic_nut/OK/S0146/plastic_nut_0146_OK_C3_20230930134705.jpg,322.10321044921875,521.1854858398438,1082.6552734375
odd_s2,plastic_nut/OK/S0146/plastic_nut_0146_OK_C3_20230930134705.jpg,334.076416015625,526.701904296875,1140.917724609375
balanced_s0,plastic_nut/OK/S0146/plastic_nut_0146_OK_C3_20230930134705.jpg,325.52496337890625,518.6712646484375,746.18017578125
balanced_s1,plastic_nut/OK/S0146/plastic_nut_0146_OK_C3_20230930134705.jpg,329.6549072265625,517.771240234375,859.455322265625
balanced_s2,plastic_nut/OK/S0146/plastic_nut_0146_OK_C3_20230930134705.jpg,338.6527099609375,526.9235229492188,824.993408203125
random_s0,plastic_nut/OK/S0146/plastic_nut_0146_OK_C3_20230930134705.jpg,333.68994140625,525.646728515625,906.95166015625
random_s1,plastic_nut/OK/S0146/plastic_nut_0146_OK_C3_20230930134705.jpg,330.85107421875,531.76708984375,717.1103515625
random_s2,plastic_nut/OK/S0146/plastic_nut_0146_OK_C3_20230930134705.jpg,332.37115478515625,522.1535034179688,875.514892578125
odd_s0,plastic_nut/OK/S0146/plastic_nut_0146_OK_C4_20230930134705.jpg,347.0155944824219,533.9457397460938,749.58447265625
odd_s1,plastic_nut/OK/S0146/plastic_nut_0146_OK_C4_20230930134705.jpg,342.72698974609375,537.3666381835938,778.484619140625
odd_s2,plastic_nut/OK/S0146/plastic_nut_0146_OK_C4_20230930134705.jpg,344.9595947265625,531.394775390625,827.447265625
balanced_s0,plastic_nut/OK/S0146/plastic_nut_0146_OK_C4_20230930134705.jpg,338.8558349609375,528.9580078125,843.724609375
balanced_s1,plastic_nut/OK/S0146/plastic_nut_0146_OK_C4_20230930134705.jpg,342.342041015625,536.3323974609375,864.693359375
balanced_s2,plastic_nut/OK/S0146/plastic_nut_0146_OK_C4_20230930134705.jpg,354.0740966796875,541.6499633789062,761.9990234375
random_s0,plastic_nut/OK/S0146/plastic_nut_0146_OK_C4_20230930134705.jpg,350.4526062011719,543.9323120117188,834.27099609375
random_s1,plastic_nut/OK/S0146/plastic_nut_0146_OK_C4_20230930134705.jpg,348.35302734375,540.7362060546875,798.012451171875
random_s2,plastic_nut/OK/S0146/plastic_nut_0146_OK_C4_20230930134705.jpg,346.01409912109375,532.723388671875,833.880615234375
odd_s0,plastic_nut/OK/S0146/plastic_nut_0146_OK_C5_20230930134705.jpg,345.9302673339844,532.7861328125,810.173828125
odd_s1,plastic_nut/OK/S0146/plastic_nut_0146_OK_C5_20230930134705.jpg,335.9537048339844,520.869140625,857.92138671875
odd_s2,plastic_nut/OK/S0146/plastic_nut_0146_OK_C5_20230930134705.jpg,339.557373046875,520.168701171875,839.48193359375
balanced_s0,plastic_nut/OK/S0146/plastic_nut_0146_OK_C5_20230930134705.jpg,339.72222900390625,525.3626708984375,719.041748046875
balanced_s1,plastic_nut/OK/S0146/plastic_nut_0146_OK_C5_20230930134705.jpg,340.97918701171875,521.2003784179688,712.5654296875
balanced_s2,plastic_nut/OK/S0146/plastic_nut_0146_OK_C5_20230930134705.jpg,343.72186279296875,527.3128662109375,924.07421875
random_s0,plastic_nut/OK/S0146/plastic_nut_0146_OK_C5_20230930134705.jpg,339.3116455078125,525.5794677734375,871.44775390625
random_s1,plastic_nut/OK/S0146/plastic_nut_0146_OK_C5_20230930134705.jpg,337.7160949707031,526.2847290039062,921.042724609375
random_s2,plastic_nut/OK/S0146/plastic_nut_0146_OK_C5_20230930134705.jpg,340.65869140625,519.7305908203125,841.74365234375
odd_s0,plastic_nut/OK/S0151/plastic_nut_0151_OK_C1_20230930135018.jpg,337.61895751953125,543.7347412109375,907.121826171875
odd_s1,plastic_nut/OK/S0151/plastic_nut_0151_OK_C1_20230930135018.jpg,341.3936462402344,544.0222778320312,920.037109375
odd_s2,plastic_nut/OK/S0151/plastic_nut_0151_OK_C1_20230930135018.jpg,339.446533203125,546.63525390625,920.037109375
balanced_s0,plastic_nut/OK/S0151/plastic_nut_0151_OK_C1_20230930135018.jpg,338.3605041503906,550.332763671875,958.84765625
balanced_s1,plastic_nut/OK/S0151/plastic_nut_0151_OK_C1_20230930135018.jpg,336.7078552246094,536.1862182617188,927.389404296875
balanced_s2,plastic_nut/OK/S0151/plastic_nut_0151_OK_C1_20230930135018.jpg,336.448974609375,547.5053100585938,958.84765625
random_s0,plastic_nut/OK/S0151/plastic_nut_0151_OK_C1_20230930135018.jpg,342.8447265625,550.9830932617188,1071.536376953125
random_s1,plastic_nut/OK/S0151/plastic_nut_0151_OK_C1_20230930135018.jpg,331.51239013671875,534.9256591796875,1065.4794921875
random_s2,plastic_nut/OK/S0151/plastic_nut_0151_OK_C1_20230930135018.jpg,329.78546142578125,534.2127685546875,1065.4794921875
odd_s0,plastic_nut/OK/S0151/plastic_nut_0151_OK_C2_20230930135018.jpg,352.5933532714844,541.8095703125,1399.42724609375
odd_s1,plastic_nut/OK/S0151/plastic_nut_0151_OK_C2_20230930135018.jpg,338.4664001464844,533.0888061523438,1354.386962890625
odd_s2,plastic_nut/OK/S0151/plastic_nut_0151_OK_C2_20230930135018.jpg,340.69866943359375,531.0068359375,1379.94091796875
balanced_s0,plastic_nut/OK/S0151/plastic_nut_0151_OK_C2_20230930135018.jpg,336.74981689453125,535.218017578125,840.660888671875
balanced_s1,plastic_nut/OK/S0151/plastic_nut_0151_OK_C2_20230930135018.jpg,340.8078308105469,535.8281860351562,842.670166015625
balanced_s2,plastic_nut/OK/S0151/plastic_nut_0151_OK_C2_20230930135018.jpg,346.7986755371094,534.346923828125,842.670166015625
random_s0,plastic_nut/OK/S0151/plastic_nut_0151_OK_C2_20230930135018.jpg,343.73577880859375,534.764892578125,883.153076171875
random_s1,plastic_nut/OK/S0151/plastic_nut_0151_OK_C2_20230930135018.jpg,343.85699462890625,532.5745849609375,893.50048828125
random_s2,plastic_nut/OK/S0151/plastic_nut_0151_OK_C2_20230930135018.jpg,346.15118408203125,531.6350708007812,948.45849609375
odd_s0,plastic_nut/OK/S0151/plastic_nut_0151_OK_C3_20230930135018.jpg,339.5462646484375,527.71826171875,714.80126953125
odd_s1,plastic_nut/OK/S0151/plastic_nut_0151_OK_C3_20230930135018.jpg,320.87896728515625,516.1871337890625,858.27783203125
odd_s2,plastic_nut/OK/S0151/plastic_nut_0151_OK_C3_20230930135018.jpg,334.35479736328125,523.35205078125,755.3251953125
balanced_s0,plastic_nut/OK/S0151/plastic_nut_0151_OK_C3_20230930135018.jpg,325.9668884277344,518.4697875976562,735.65869140625
balanced_s1,plastic_nut/OK/S0151/plastic_nut_0151_OK_C3_20230930135018.jpg,330.5581970214844,521.333251953125,747.728271484375
balanced_s2,plastic_nut/OK/S0151/plastic_nut_0151_OK_C3_20230930135018.jpg,338.4123229980469,529.66845703125,831.3310546875
random_s0,plastic_nut/OK/S0151/plastic_nut_0151_OK_C3_20230930135018.jpg,331.0635070800781,517.8211669921875,737.689697265625
random_s1,plastic_nut/OK/S0151/plastic_nut_0151_OK_C3_20230930135018.jpg,333.7276306152344,527.2886962890625,721.40234375
random_s2,plastic_nut/OK/S0151/plastic_nut_0151_OK_C3_20230930135018.jpg,332.32574462890625,521.6575927734375,727.38818359375
odd_s0,plastic_nut/OK/S0151/plastic_nut_0151_OK_C4_20230930135018.jpg,344.2401123046875,533.9868774414062,745.70849609375
odd_s1,plastic_nut/OK/S0151/plastic_nut_0151_OK_C4_20230930135018.jpg,339.03887939453125,530.3324584960938,765.415771484375
odd_s2,plastic_nut/OK/S0151/plastic_nut_0151_OK_C4_20230930135018.jpg,343.75738525390625,523.9647827148438,758.8984375
balanced_s0,plastic_nut/OK/S0151/plastic_nut_0151_OK_C4_20230930135018.jpg,337.38323974609375,526.43310546875,749.47998046875
balanced_s1,plastic_nut/OK/S0151/plastic_nut_0151_OK_C4_20230930135018.jpg,339.4897766113281,529.7757568359375,749.14013671875
balanced_s2,plastic_nut/OK/S0151/plastic_nut_0151_OK_C4_20230930135018.jpg,351.2811279296875,533.5728759765625,728.2353515625
random_s0,plastic_nut/OK/S0151/plastic_nut_0151_OK_C4_20230930135018.jpg,344.5430908203125,525.655029296875,732.661376953125
random_s1,plastic_nut/OK/S0151/plastic_nut_0151_OK_C4_20230930135018.jpg,346.16595458984375,533.4419555664062,732.661376953125
random_s2,plastic_nut/OK/S0151/plastic_nut_0151_OK_C4_20230930135018.jpg,345.4420166015625,533.1812133789062,847.855712890625
odd_s0,plastic_nut/OK/S0151/plastic_nut_0151_OK_C5_20230930135018.jpg,345.1369934082031,530.45458984375,689.21484375
odd_s1,plastic_nut/OK/S0151/plastic_nut_0151_OK_C5_20230930135018.jpg,333.4127197265625,512.542724609375,780.31982421875
odd_s2,plastic_nut/OK/S0151/plastic_nut_0151_OK_C5_20230930135018.jpg,336.96417236328125,523.9545288085938,766.5576171875
balanced_s0,plastic_nut/OK/S0151/plastic_nut_0151_OK_C5_20230930135018.jpg,332.5514831542969,512.51611328125,644.07421875
balanced_s1,plastic_nut/OK/S0151/plastic_nut_0151_OK_C5_20230930135018.jpg,335.91253662109375,518.9749755859375,689.21484375
balanced_s2,plastic_nut/OK/S0151/plastic_nut_0151_OK_C5_20230930135018.jpg,345.1702575683594,524.763671875,710.1484375
random_s0,plastic_nut/OK/S0151/plastic_nut_0151_OK_C5_20230930135018.jpg,333.41766357421875,519.2432861328125,732.900390625
random_s1,plastic_nut/OK/S0151/plastic_nut_0151_OK_C5_20230930135018.jpg,336.3183288574219,523.5430908203125,748.0751953125
random_s2,plastic_nut/OK/S0151/plastic_nut_0151_OK_C5_20230930135018.jpg,336.360107421875,517.4534912109375,711.072021484375
odd_s0,plastic_nut/OK/S0159/plastic_nut_0159_OK_C1_20230930135427.jpg,335.1129150390625,541.4978637695312,897.5703125
odd_s1,plastic_nut/OK/S0159/plastic_nut_0159_OK_C1_20230930135427.jpg,339.15655517578125,541.4161376953125,913.12451171875
odd_s2,plastic_nut/OK/S0159/plastic_nut_0159_OK_C1_20230930135427.jpg,334.83905029296875,542.6712646484375,913.12451171875
balanced_s0,plastic_nut/OK/S0159/plastic_nut_0159_OK_C1_20230930135427.jpg,334.16796875,542.7880859375,963.904541015625
balanced_s1,plastic_nut/OK/S0159/plastic_nut_0159_OK_C1_20230930135427.jpg,332.52301025390625,534.7442626953125,976.960205078125
balanced_s2,plastic_nut/OK/S0159/plastic_nut_0159_OK_C1_20230930135427.jpg,330.9909362792969,534.1143798828125,976.960205078125
random_s0,plastic_nut/OK/S0159/plastic_nut_0159_OK_C1_20230930135427.jpg,340.61541748046875,548.5355834960938,1051.860595703125
random_s1,plastic_nut/OK/S0159/plastic_nut_0159_OK_C1_20230930135427.jpg,329.0399169921875,536.0928955078125,930.67529296875
random_s2,plastic_nut/OK/S0159/plastic_nut_0159_OK_C1_20230930135427.jpg,328.49468994140625,528.9956665039062,1179.19677734375
odd_s0,plastic_nut/OK/S0159/plastic_nut_0159_OK_C2_20230930135427.jpg,349.11627197265625,547.1905517578125,997.3759765625
odd_s1,plastic_nut/OK/S0159/plastic_nut_0159_OK_C2_20230930135427.jpg,335.4608154296875,539.197509765625,795.81689453125
odd_s2,plastic_nut/OK/S0159/plastic_nut_0159_OK_C2_20230930135427.jpg,339.61859130859375,539.5814208984375,997.3759765625
balanced_s0,plastic_nut/OK/S0159/plastic_nut_0159_OK_C2_20230930135427.jpg,341.14666748046875,539.7421875,881.44384765625
balanced_s1,plastic_nut/OK/S0159/plastic_nut_0159_OK_C2_20230930135427.jpg,344.6097412109375,547.3221435546875,997.3759765625
balanced_s2,plastic_nut/OK/S0159/plastic_nut_0159_OK_C2_20230930135427.jpg,347.140869140625,550.3421630859375,881.44384765625
random_s0,plastic_nut/OK/S0159/plastic_nut_0159_OK_C2_20230930135427.jpg,345.2891845703125,549.1332397460938,930.73046875
random_s1,plastic_nut/OK/S0159/plastic_nut_0159_OK_C2_20230930135427.jpg,345.20196533203125,543.3328857421875,1036.446044921875
random_s2,plastic_nut/OK/S0159/plastic_nut_0159_OK_C2_20230930135427.jpg,346.57794189453125,552.1558837890625,815.43017578125
odd_s0,plastic_nut/OK/S0159/plastic_nut_0159_OK_C3_20230930135427.jpg,338.1900634765625,525.9146118164062,823.328857421875
odd_s1,plastic_nut/OK/S0159/plastic_nut_0159_OK_C3_20230930135427.jpg,321.32159423828125,515.5369262695312,833.23583984375
odd_s2,plastic_nut/OK/S0159/plastic_nut_0159_OK_C3_20230930135427.jpg,336.3279113769531,527.6421508789062,789.754638671875
balanced_s0,plastic_nut/OK/S0159/plastic_nut_0159_OK_C3_20230930135427.jpg,326.1041564941406,522.0015869140625,829.258544921875
balanced_s1,plastic_nut/OK/S0159/plastic_nut_0159_OK_C3_20230930135427.jpg,331.68511962890625,528.244140625,829.258544921875
balanced_s2,plastic_nut/OK/S0159/plastic_nut_0159_OK_C3_20230930135427.jpg,335.50006103515625,525.6357421875,796.96337890625
random_s0,plastic_nut/OK/S0159/plastic_nut_0159_OK_C3_20230930135427.jpg,335.6738586425781,526.5614013671875,821.5859375
random_s1,plastic_nut/OK/S0159/plastic_nut_0159_OK_C3_20230930135427.jpg,332.8640441894531,532.2583618164062,873.752197265625
random_s2,plastic_nut/OK/S0159/plastic_nut_0159_OK_C3_20230930135427.jpg,330.61785888671875,518.0316772460938,818.8154296875
odd_s0,plastic_nut/OK/S0159/plastic_nut_0159_OK_C4_20230930135427.jpg,348.3665466308594,534.2753295898438,895.31884765625
odd_s1,plastic_nut/OK/S0159/plastic_nut_0159_OK_C4_20230930135427.jpg,339.942626953125,528.2941284179688,823.853515625
odd_s2,plastic_nut/OK/S0159/plastic_nut_0159_OK_C4_20230930135427.jpg,344.2056884765625,527.6675415039062,792.878173828125
balanced_s0,plastic_nut/OK/S0159/plastic_nut_0159_OK_C4_20230930135427.jpg,342.3392639160156,530.1044921875,830.04052734375
balanced_s1,plastic_nut/OK/S0159/plastic_nut_0159_OK_C4_20230930135427.jpg,341.05755615234375,526.7033081054688,792.508056640625
balanced_s2,plastic_nut/OK/S0159/plastic_nut_0159_OK_C4_20230930135427.jpg,352.3478698730469,533.0447387695312,815.434326171875
random_s0,plastic_nut/OK/S0159/plastic_nut_0159_OK_C4_20230930135427.jpg,350.89959716796875,533.97900390625,1157.5888671875
random_s1,plastic_nut/OK/S0159/plastic_nut_0159_OK_C4_20230930135427.jpg,350.564208984375,540.1896362304688,865.239501953125
random_s2,plastic_nut/OK/S0159/plastic_nut_0159_OK_C4_20230930135427.jpg,344.10711669921875,534.6420288085938,883.030517578125
odd_s0,plastic_nut/OK/S0159/plastic_nut_0159_OK_C5_20230930135427.jpg,345.34869384765625,537.1619873046875,905.57373046875
odd_s1,plastic_nut/OK/S0159/plastic_nut_0159_OK_C5_20230930135427.jpg,336.55889892578125,524.1996459960938,826.8720703125
odd_s2,plastic_nut/OK/S0159/plastic_nut_0159_OK_C5_20230930135427.jpg,342.5190124511719,528.940185546875,942.22607421875
balanced_s0,plastic_nut/OK/S0159/plastic_nut_0159_OK_C5_20230930135427.jpg,335.8377380371094,523.575927734375,942.22607421875
balanced_s1,plastic_nut/OK/S0159/plastic_nut_0159_OK_C5_20230930135427.jpg,339.720703125,532.3505859375,1048.9287109375
balanced_s2,plastic_nut/OK/S0159/plastic_nut_0159_OK_C5_20230930135427.jpg,345.9231262207031,529.7869873046875,1116.07470703125
random_s0,plastic_nut/OK/S0159/plastic_nut_0159_OK_C5_20230930135427.jpg,341.10552978515625,530.24609375,922.834228515625
random_s1,plastic_nut/OK/S0159/plastic_nut_0159_OK_C5_20230930135427.jpg,336.9884338378906,525.47216796875,922.834228515625
random_s2,plastic_nut/OK/S0159/plastic_nut_0159_OK_C5_20230930135427.jpg,341.2715148925781,533.7031860351562,922.834228515625
odd_s0,plastic_nut/OK/S0164/plastic_nut_0164_OK_C1_20230930135730.jpg,327.9773254394531,539.9968872070312,884.112548828125
odd_s1,plastic_nut/OK/S0164/plastic_nut_0164_OK_C1_20230930135730.jpg,332.5628662109375,540.818603515625,918.55078125
odd_s2,plastic_nut/OK/S0164/plastic_nut_0164_OK_C1_20230930135730.jpg,329.0194396972656,524.8143310546875,918.55078125
balanced_s0,plastic_nut/OK/S0164/plastic_nut_0164_OK_C1_20230930135730.jpg,331.891845703125,534.6000366210938,890.251708984375
balanced_s1,plastic_nut/OK/S0164/plastic_nut_0164_OK_C1_20230930135730.jpg,327.4139709472656,527.8624877929688,1089.61669921875
balanced_s2,plastic_nut/OK/S0164/plastic_nut_0164_OK_C1_20230930135730.jpg,325.1720275878906,530.3190307617188,1185.091796875
random_s0,plastic_nut/OK/S0164/plastic_nut_0164_OK_C1_20230930135730.jpg,335.3809509277344,541.8770751953125,876.0458984375
random_s1,plastic_nut/OK/S0164/plastic_nut_0164_OK_C1_20230930135730.jpg,327.0069580078125,532.453125,876.0458984375
random_s2,plastic_nut/OK/S0164/plastic_nut_0164_OK_C1_20230930135730.jpg,326.1514892578125,533.245849609375,876.0458984375
odd_s0,plastic_nut/OK/S0164/plastic_nut_0164_OK_C2_20230930135730.jpg,345.0112609863281,538.4879150390625,832.5791015625
odd_s1,plastic_nut/OK/S0164/plastic_nut_0164_OK_C2_20230930135730.jpg,335.05340576171875,531.6784057617188,769.80712890625
odd_s2,plastic_nut/OK/S0164/plastic_nut_0164_OK_C2_20230930135730.jpg,340.1148986816406,529.6590576171875,868.86376953125
balanced_s0,plastic_nut/OK/S0164/plastic_nut_0164_OK_C2_20230930135730.jpg,334.5868225097656,531.74951171875,773.79150390625
balanced_s1,plastic_nut/OK/S0164/plastic_nut_0164_OK_C2_20230930135730.jpg,340.035888671875,535.58203125,904.81396484375
balanced_s2,plastic_nut/OK/S0164/plastic_nut_0164_OK_C2_20230930135730.jpg,341.68548583984375,526.2332763671875,768.36474609375
random_s0,plastic_nut/OK/S0164/plastic_nut_0164_OK_C2_20230930135730.jpg,341.2105712890625,529.02099609375,827.22900390625
random_s1,plastic_nut/OK/S0164/plastic_nut_0164_OK_C2_20230930135730.jpg,340.8871765136719,530.9400634765625,769.80712890625
random_s2,plastic_nut/OK/S0164/plastic_nut_0164_OK_C2_20230930135730.jpg,343.69390869140625,527.7052001953125,826.34326171875
odd_s0,plastic_nut/OK/S0164/plastic_nut_0164_OK_C3_20230930135730.jpg,332.6841735839844,523.4307250976562,755.314453125
odd_s1,plastic_nut/OK/S0164/plastic_nut_0164_OK_C3_20230930135730.jpg,320.08892822265625,515.3609619140625,862.099609375
odd_s2,plastic_nut/OK/S0164/plastic_nut_0164_OK_C3_20230930135730.jpg,328.27685546875,523.5601806640625,774.453125
balanced_s0,plastic_nut/OK/S0164/plastic_nut_0164_OK_C3_20230930135730.jpg,320.2269287109375,514.99072265625,710.90478515625
balanced_s1,plastic_nut/OK/S0164/plastic_nut_0164_OK_C3_20230930135730.jpg,324.15277099609375,516.1842651367188,846.37109375
balanced_s2,plastic_nut/OK/S0164/plastic_nut_0164_OK_C3_20230930135730.jpg,328.68487548828125,514.2125854492188,761.07861328125
random_s0,plastic_nut/OK/S0164/plastic_nut_0164_OK_C3_20230930135730.jpg,327.096435546875,516.166259765625,796.67724609375
random_s1,plastic_nut/OK/S0164/plastic_nut_0164_OK_C3_20230930135730.jpg,325.48199462890625,525.74267578125,739.937255859375
random_s2,plastic_nut/OK/S0164/plastic_nut_0164_OK_C3_20230930135730.jpg,327.9153137207031,517.6957397460938,739.937255859375
odd_s0,plastic_nut/OK/S0164/plastic_nut_0164_OK_C4_20230930135730.jpg,344.6617736816406,531.4254150390625,958.9111328125
odd_s1,plastic_nut/OK/S0164/plastic_nut_0164_OK_C4_20230930135730.jpg,338.8159484863281,534.263427734375,846.7109375
odd_s2,plastic_nut/OK/S0164/plastic_nut_0164_OK_C4_20230930135730.jpg,343.75537109375,533.2064819335938,1068.380615234375
balanced_s0,plastic_nut/OK/S0164/plastic_nut_0164_OK_C4_20230930135730.jpg,336.79119873046875,524.6864013671875,879.860595703125
balanced_s1,plastic_nut/OK/S0164/plastic_nut_0164_OK_C4_20230930135730.jpg,341.2706298828125,529.29296875,761.513916015625
balanced_s2,plastic_nut/OK/S0164/plastic_nut_0164_OK_C4_20230930135730.jpg,352.5499572753906,543.9620971679688,875.6103515625
random_s0,plastic_nut/OK/S0164/plastic_nut_0164_OK_C4_20230930135730.jpg,350.7247009277344,540.388427734375,950.79052734375
random_s1,plastic_nut/OK/S0164/plastic_nut_0164_OK_C4_20230930135730.jpg,348.4913330078125,541.368408203125,950.79052734375
random_s2,plastic_nut/OK/S0164/plastic_nut_0164_OK_C4_20230930135730.jpg,341.733642578125,524.8832397460938,937.499267578125
odd_s0,plastic_nut/OK/S0164/plastic_nut_0164_OK_C5_20230930135730.jpg,349.12841796875,546.248779296875,847.874755859375
odd_s1,plastic_nut/OK/S0164/plastic_nut_0164_OK_C5_20230930135730.jpg,338.39990234375,527.3753662109375,894.197265625
odd_s2,plastic_nut/OK/S0164/plastic_nut_0164_OK_C5_20230930135730.jpg,346.8096923828125,534.7659912109375,778.3486328125
balanced_s0,plastic_nut/OK/S0164/plastic_nut_0164_OK_C5_20230930135730.jpg,335.6091613769531,525.7734985351562,1051.8046875
balanced_s1,plastic_nut/OK/S0164/plastic_nut_0164_OK_C5_20230930135730.jpg,341.3131103515625,530.0068969726562,997.31103515625
balanced_s2,plastic_nut/OK/S0164/plastic_nut_0164_OK_C5_20230930135730.jpg,345.93487548828125,535.8013916015625,1089.6083984375
random_s0,plastic_nut/OK/S0164/plastic_nut_0164_OK_C5_20230930135730.jpg,342.8680419921875,534.2099609375,856.294921875
random_s1,plastic_nut/OK/S0164/plastic_nut_0164_OK_C5_20230930135730.jpg,338.7073974609375,529.602294921875,756.404052734375
random_s2,plastic_nut/OK/S0164/plastic_nut_0164_OK_C5_20230930135730.jpg,343.22332763671875,533.46484375,756.404052734375
odd_s0,plastic_nut/OK/S0170/plastic_nut_0170_OK_C1_20230930135947.jpg,330.609375,541.8323364257812,880.71337890625
odd_s1,plastic_nut/OK/S0170/plastic_nut_0170_OK_C1_20230930135947.jpg,334.6892395019531,539.2359619140625,892.4990234375
odd_s2,plastic_nut/OK/S0170/plastic_nut_0170_OK_C1_20230930135947.jpg,331.56622314453125,537.54248046875,901.043212890625
balanced_s0,plastic_nut/OK/S0170/plastic_nut_0170_OK_C1_20230930135947.jpg,331.4122314453125,544.8075561523438,913.908935546875
balanced_s1,plastic_nut/OK/S0170/plastic_nut_0170_OK_C1_20230930135947.jpg,330.51361083984375,530.4064331054688,992.262939453125
balanced_s2,plastic_nut/OK/S0170/plastic_nut_0170_OK_C1_20230930135947.jpg,327.6669006347656,536.96044921875,863.161865234375
random_s0,plastic_nut/OK/S0170/plastic_nut_0170_OK_C1_20230930135947.jpg,336.30792236328125,542.3449096679688,829.47216796875
random_s1,plastic_nut/OK/S0170/plastic_nut_0170_OK_C1_20230930135947.jpg,326.462890625,535.2702026367188,784.189208984375
random_s2,plastic_nut/OK/S0170/plastic_nut_0170_OK_C1_20230930135947.jpg,326.8859558105469,531.273681640625,784.189208984375
odd_s0,plastic_nut/OK/S0170/plastic_nut_0170_OK_C2_20230930135947.jpg,341.21295166015625,529.5010986328125,1045.5712890625
odd_s1,plastic_nut/OK/S0170/plastic_nut_0170_OK_C2_20230930135947.jpg,327.22637939453125,513.2054443359375,999.31005859375
odd_s2,plastic_nut/OK/S0170/plastic_nut_0170_OK_C2_20230930135947.jpg,330.9996337890625,517.1658325195312,1081.97412109375
balanced_s0,plastic_nut/OK/S0170/plastic_nut_0170_OK_C2_20230930135947.jpg,330.9082946777344,519.62646484375,788.09130859375
balanced_s1,plastic_nut/OK/S0170/plastic_nut_0170_OK_C2_20230930135947.jpg,333.084228515625,520.908203125,695.1650390625
balanced_s2,plastic_nut/OK/S0170/plastic_nut_0170_OK_C2_20230930135947.jpg,336.068115234375,522.63818359375,767.26220703125
random_s0,plastic_nut/OK/S0170/plastic_nut_0170_OK_C2_20230930135947.jpg,336.09405517578125,518.652587890625,786.771484375
random_s1,plastic_nut/OK/S0170/plastic_nut_0170_OK_C2_20230930135947.jpg,336.2921142578125,523.4335327148438,792.93994140625
random_s2,plastic_nut/OK/S0170/plastic_nut_0170_OK_C2_20230930135947.jpg,336.1103515625,519.755126953125,773.603271484375
odd_s0,plastic_nut/OK/S0170/plastic_nut_0170_OK_C3_20230930135947.jpg,346.01007080078125,543.0498657226562,915.22998046875
odd_s1,plastic_nut/OK/S0170/plastic_nut_0170_OK_C3_20230930135947.jpg,327.2106018066406,523.5568237304688,1058.068603515625
odd_s2,plastic_nut/OK/S0170/plastic_nut_0170_OK_C3_20230930135947.jpg,342.46893310546875,545.4398803710938,900.3408203125
balanced_s0,plastic_nut/OK/S0170/plastic_nut_0170_OK_C3_20230930135947.jpg,331.2598876953125,535.8885498046875,1052.44189453125
balanced_s1,plastic_nut/OK/S0170/plastic_nut_0170_OK_C3_20230930135947.jpg,338.27655029296875,533.2870483398438,761.5927734375
balanced_s2,plastic_nut/OK/S0170/plastic_nut_0170_OK_C3_20230930135947.jpg,345.06121826171875,539.7381591796875,769.073974609375
random_s0,plastic_nut/OK/S0170/plastic_nut_0170_OK_C3_20230930135947.jpg,341.5214538574219,537.4136352539062,845.67626953125
random_s1,plastic_nut/OK/S0170/plastic_nut_0170_OK_C3_20230930135947.jpg,340.04498291015625,544.0921630859375,816.39404296875
random_s2,plastic_nut/OK/S0170/plastic_nut_0170_OK_C3_20230930135947.jpg,342.21551513671875,539.770751953125,845.67626953125
odd_s0,plastic_nut/OK/S0170/plastic_nut_0170_OK_C4_20230930135947.jpg,348.3966369628906,548.7498779296875,811.80419921875
odd_s1,plastic_nut/OK/S0170/plastic_nut_0170_OK_C4_20230930135947.jpg,343.3040771484375,543.3737182617188,928.59521484375
odd_s2,plastic_nut/OK/S0170/plastic_nut_0170_OK_C4_20230930135947.jpg,349.2627258300781,546.2542114257812,811.38916015625
balanced_s0,plastic_nut/OK/S0170/plastic_nut_0170_OK_C4_20230930135947.jpg,341.92919921875,538.6744995117188,855.83935546875
balanced_s1,plastic_nut/OK/S0170/plastic_nut_0170_OK_C4_20230930135947.jpg,346.33648681640625,544.3428955078125,893.13720703125
balanced_s2,plastic_nut/OK/S0170/plastic_nut_0170_OK_C4_20230930135947.jpg,356.73980712890625,550.0941162109375,780.02734375
random_s0,plastic_nut/OK/S0170/plastic_nut_0170_OK_C4_20230930135947.jpg,353.8744201660156,549.442626953125,876.486083984375
random_s1,plastic_nut/OK/S0170/plastic_nut_0170_OK_C4_20230930135947.jpg,349.38165283203125,550.0618896484375,888.5341796875
random_s2,plastic_nut/OK/S0170/plastic_nut_0170_OK_C4_20230930135947.jpg,350.24383544921875,546.88232421875,796.9365234375
odd_s0,plastic_nut/OK/S0170/plastic_nut_0170_OK_C5_20230930135947.jpg,346.9296569824219,538.4506225585938,768.9521484375
odd_s1,plastic_nut/OK/S0170/plastic_nut_0170_OK_C5_20230930135947.jpg,338.4635009765625,535.8307495117188,900.47509765625
odd_s2,plastic_nut/OK/S0170/plastic_nut_0170_OK_C5_20230930135947.jpg,343.0252685546875,535.437744140625,825.9677734375
balanced_s0,plastic_nut/OK/S0170/plastic_nut_0170_OK_C5_20230930135947.jpg,335.33740234375,529.767822265625,880.782958984375
balanced_s1,plastic_nut/OK/S0170/plastic_nut_0170_OK_C5_20230930135947.jpg,343.5446472167969,532.4208984375,856.376220703125
balanced_s2,plastic_nut/OK/S0170/plastic_nut_0170_OK_C5_20230930135947.jpg,348.3031921386719,538.8712158203125,793.95263671875
random_s0,plastic_nut/OK/S0170/plastic_nut_0170_OK_C5_20230930135947.jpg,342.0298156738281,540.5363159179688,803.6064453125
random_s1,plastic_nut/OK/S0170/plastic_nut_0170_OK_C5_20230930135947.jpg,341.79766845703125,531.5592041015625,870.368408203125
random_s2,plastic_nut/OK/S0170/plastic_nut_0170_OK_C5_20230930135947.jpg,341.92218017578125,538.689453125,870.368408203125
odd_s0,plastic_nut/OK/S0176/plastic_nut_0176_OK_C1_20230930140125.jpg,324.4149169921875,530.1390380859375,741.95556640625
odd_s1,plastic_nut/OK/S0176/plastic_nut_0176_OK_C1_20230930140125.jpg,329.28729248046875,530.7532958984375,844.474609375
odd_s2,plastic_nut/OK/S0176/plastic_nut_0176_OK_C1_20230930140125.jpg,327.43603515625,532.25146484375,844.474609375
balanced_s0,plastic_nut/OK/S0176/plastic_nut_0176_OK_C1_20230930140125.jpg,328.6334533691406,533.2940673828125,772.8974609375
balanced_s1,plastic_nut/OK/S0176/plastic_nut_0176_OK_C1_20230930140125.jpg,323.75146484375,518.4163818359375,758.26904296875
balanced_s2,plastic_nut/OK/S0176/plastic_nut_0176_OK_C1_20230930140125.jpg,323.11798095703125,528.0926513671875,993.6591796875
random_s0,plastic_nut/OK/S0176/plastic_nut_0176_OK_C1_20230930140125.jpg,333.7451171875,536.0403442382812,747.91796875
random_s1,plastic_nut/OK/S0176/plastic_nut_0176_OK_C1_20230930140125.jpg,324.2289733886719,529.3663330078125,736.48974609375
random_s2,plastic_nut/OK/S0176/plastic_nut_0176_OK_C1_20230930140125.jpg,322.3345642089844,516.832763671875,823.8037109375
odd_s0,plastic_nut/OK/S0176/plastic_nut_0176_OK_C2_20230930140125.jpg,341.4027099609375,534.0704345703125,772.49609375
odd_s1,plastic_nut/OK/S0176/plastic_nut_0176_OK_C2_20230930140125.jpg,325.7418212890625,517.3465576171875,785.4873046875
odd_s2,plastic_nut/OK/S0176/plastic_nut_0176_OK_C2_20230930140125.jpg,330.594482421875,519.0308837890625,857.67919921875
balanced_s0,plastic_nut/OK/S0176/plastic_nut_0176_OK_C2_20230930140125.jpg,325.6695556640625,513.4105834960938,820.996826171875
balanced_s1,plastic_nut/OK/S0176/plastic_nut_0176_OK_C2_20230930140125.jpg,333.2503662109375,522.627685546875,829.55859375
balanced_s2,plastic_nut/OK/S0176/plastic_nut_0176_OK_C2_20230930140125.jpg,332.74078369140625,519.4757080078125,852.02783203125
random_s0,plastic_nut/OK/S0176/plastic_nut_0176_OK_C2_20230930140125.jpg,333.4880676269531,526.2940673828125,699.888671875
random_s1,plastic_nut/OK/S0176/plastic_nut_0176_OK_C2_20230930140125.jpg,333.7862548828125,523.95556640625,727.6474609375
random_s2,plastic_nut/OK/S0176/plastic_nut_0176_OK_C2_20230930140125.jpg,336.50244140625,526.9163818359375,755.16455078125
odd_s0,plastic_nut/OK/S0176/plastic_nut_0176_OK_C3_20230930140125.jpg,337.94427490234375,529.0958251953125,843.81005859375
odd_s1,plastic_nut/OK/S0176/plastic_nut_0176_OK_C3_20230930140125.jpg,322.27508544921875,523.5200805664062,886.99365234375
odd_s2,plastic_nut/OK/S0176/plastic_nut_0176_OK_C3_20230930140125.jpg,334.99993896484375,532.97509765625,993.06591796875
balanced_s0,plastic_nut/OK/S0176/plastic_nut_0176_OK_C3_20230930140125.jpg,325.424072265625,523.3318481445312,768.4345703125
balanced_s1,plastic_nut/OK/S0176/plastic_nut_0176_OK_C3_20230930140125.jpg,331.9105224609375,527.6109619140625,803.516845703125
balanced_s2,plastic_nut/OK/S0176/plastic_nut_0176_OK_C3_20230930140125.jpg,339.0125732421875,532.3427124023438,750.67431640625
random_s0,plastic_nut/OK/S0176/plastic_nut_0176_OK_C3_20230930140125.jpg,333.10162353515625,522.51171875,756.80712890625
random_s1,plastic_nut/OK/S0176/plastic_nut_0176_OK_C3_20230930140125.jpg,333.4601135253906,533.77978515625,848.921875
random_s2,plastic_nut/OK/S0176/plastic_nut_0176_OK_C3_20230930140125.jpg,335.7698669433594,527.3045043945312,716.764404296875
odd_s0,plastic_nut/OK/S0176/plastic_nut_0176_OK_C4_20230930140125.jpg,348.4547119140625,541.703857421875,910.09619140625
odd_s1,plastic_nut/OK/S0176/plastic_nut_0176_OK_C4_20230930140125.jpg,346.743896484375,535.5762939453125,833.1962890625
odd_s2,plastic_nut/OK/S0176/plastic_nut_0176_OK_C4_20230930140125.jpg,347.1374206542969,536.23828125,810.6298828125
balanced_s0,plastic_nut/OK/S0176/plastic_nut_0176_OK_C4_20230930140125.jpg,341.51397705078125,531.3886108398438,829.90869140625
balanced_s1,plastic_nut/OK/S0176/plastic_nut_0176_OK_C4_20230930140125.jpg,345.37957763671875,531.1534423828125,949.6962890625
balanced_s2,plastic_nut/OK/S0176/plastic_nut_0176_OK_C4_20230930140125.jpg,357.3171691894531,540.78125,877.11181640625
random_s0,plastic_nut/OK/S0176/plastic_nut_0176_OK_C4_20230930140125.jpg,353.944580078125,541.9705810546875,1012.452880859375
random_s1,plastic_nut/OK/S0176/plastic_nut_0176_OK_C4_20230930140125.jpg,349.67596435546875,542.7168579101562,807.197265625
random_s2,plastic_nut/OK/S0176/plastic_nut_0176_OK_C4_20230930140125.jpg,346.0740966796875,532.7442626953125,814.87060546875
odd_s0,plastic_nut/OK/S0176/plastic_nut_0176_OK_C5_20230930140125.jpg,342.6065979003906,534.2879638671875,881.00732421875
odd_s1,plastic_nut/OK/S0176/plastic_nut_0176_OK_C5_20230930140125.jpg,330.992431640625,519.4259033203125,792.76220703125
odd_s2,plastic_nut/OK/S0176/plastic_nut_0176_OK_C5_20230930140125.jpg,337.84478759765625,526.6670532226562,781.57080078125
balanced_s0,plastic_nut/OK/S0176/plastic_nut_0176_OK_C5_20230930140125.jpg,333.23297119140625,528.1866455078125,732.37548828125
balanced_s1,plastic_nut/OK/S0176/plastic_nut_0176_OK_C5_20230930140125.jpg,336.63336181640625,526.3741455078125,787.15869140625
balanced_s2,plastic_nut/OK/S0176/plastic_nut_0176_OK_C5_20230930140125.jpg,342.95159912109375,527.17822265625,711.24560546875
random_s0,plastic_nut/OK/S0176/plastic_nut_0176_OK_C5_20230930140125.jpg,335.4919738769531,520.812255859375,714.1142578125
random_s1,plastic_nut/OK/S0176/plastic_nut_0176_OK_C5_20230930140125.jpg,334.419921875,524.8314819335938,848.4072265625
random_s2,plastic_nut/OK/S0176/plastic_nut_0176_OK_C5_20230930140125.jpg,336.7266845703125,527.8310546875,882.72412109375
odd_s0,plastic_nut/OK/S0187/plastic_nut_0187_OK_C1_20230930140554.jpg,340.9347839355469,546.130615234375,765.3525390625
odd_s1,plastic_nut/OK/S0187/plastic_nut_0187_OK_C1_20230930140554.jpg,342.7803039550781,545.2803344726562,841.924072265625
odd_s2,plastic_nut/OK/S0187/plastic_nut_0187_OK_C1_20230930140554.jpg,338.4998474121094,541.9141845703125,750.22705078125
balanced_s0,plastic_nut/OK/S0187/plastic_nut_0187_OK_C1_20230930140554.jpg,342.95416259765625,553.684814453125,862.14599609375
balanced_s1,plastic_nut/OK/S0187/plastic_nut_0187_OK_C1_20230930140554.jpg,337.94635009765625,541.4308471679688,928.60986328125
balanced_s2,plastic_nut/OK/S0187/plastic_nut_0187_OK_C1_20230930140554.jpg,336.5091247558594,537.7037353515625,867.55078125
random_s0,plastic_nut/OK/S0187/plastic_nut_0187_OK_C1_20230930140554.jpg,346.6665344238281,547.044677734375,918.709228515625
random_s1,plastic_nut/OK/S0187/plastic_nut_0187_OK_C1_20230930140554.jpg,334.3582763671875,548.1658935546875,891.421630859375
random_s2,plastic_nut/OK/S0187/plastic_nut_0187_OK_C1_20230930140554.jpg,332.4942626953125,538.76806640625,798.150390625
odd_s0,plastic_nut/OK/S0187/plastic_nut_0187_OK_C2_20230930140554.jpg,348.31072998046875,535.149658203125,1197.68798828125
odd_s1,plastic_nut/OK/S0187/plastic_nut_0187_OK_C2_20230930140554.jpg,333.10711669921875,529.0228271484375,1158.119384765625
odd_s2,plastic_nut/OK/S0187/plastic_nut_0187_OK_C2_20230930140554.jpg,338.0018310546875,523.1492919921875,1182.61572265625
balanced_s0,plastic_nut/OK/S0187/plastic_nut_0187_OK_C2_20230930140554.jpg,336.7255859375,532.04345703125,829.576171875
balanced_s1,plastic_nut/OK/S0187/plastic_nut_0187_OK_C2_20230930140554.jpg,341.2409362792969,535.8291015625,846.26953125
balanced_s2,plastic_nut/OK/S0187/plastic_nut_0187_OK_C2_20230930140554.jpg,341.8153381347656,531.9849243164062,882.1181640625
random_s0,plastic_nut/OK/S0187/plastic_nut_0187_OK_C2_20230930140554.jpg,339.0920104980469,531.3944091796875,922.64697265625
random_s1,plastic_nut/OK/S0187/plastic_nut_0187_OK_C2_20230930140554.jpg,341.095458984375,529.4078979492188,793.21728515625
random_s2,plastic_nut/OK/S0187/plastic_nut_0187_OK_C2_20230930140554.jpg,343.0286865234375,532.113037109375,936.91845703125
odd_s0,plastic_nut/OK/S0187/plastic_nut_0187_OK_C3_20230930140554.jpg,340.8067626953125,532.7882690429688,742.28857421875
odd_s1,plastic_nut/OK/S0187/plastic_nut_0187_OK_C3_20230930140554.jpg,324.743408203125,518.3687744140625,865.984375
odd_s2,plastic_nut/OK/S0187/plastic_nut_0187_OK_C3_20230930140554.jpg,337.2731018066406,533.0643310546875,801.3349609375
balanced_s0,plastic_nut/OK/S0187/plastic_nut_0187_OK_C3_20230930140554.jpg,329.4871520996094,528.65673828125,799.02490234375
balanced_s1,plastic_nut/OK/S0187/plastic_nut_0187_OK_C3_20230930140554.jpg,332.6838684082031,525.5003662109375,762.20703125
balanced_s2,plastic_nut/OK/S0187/plastic_nut_0187_OK_C3_20230930140554.jpg,339.9926452636719,526.3131103515625,785.032958984375
random_s0,plastic_nut/OK/S0187/plastic_nut_0187_OK_C3_20230930140554.jpg,335.88897705078125,533.1304931640625,818.30908203125
random_s1,plastic_nut/OK/S0187/plastic_nut_0187_OK_C3_20230930140554.jpg,335.00872802734375,526.9714965820312,757.990234375
random_s2,plastic_nut/OK/S0187/plastic_nut_0187_OK_C3_20230930140554.jpg,336.7232666015625,525.364990234375,785.032958984375
odd_s0,plastic_nut/OK/S0187/plastic_nut_0187_OK_C4_20230930140554.jpg,344.0462646484375,532.0013427734375,842.154541015625
odd_s1,plastic_nut/OK/S0187/plastic_nut_0187_OK_C4_20230930140554.jpg,337.9177551269531,529.2453002929688,741.254150390625
odd_s2,plastic_nut/OK/S0187/plastic_nut_0187_OK_C4_20230930140554.jpg,342.9648132324219,528.5433349609375,785.16455078125
balanced_s0,plastic_nut/OK/S0187/plastic_nut_0187_OK_C4_20230930140554.jpg,334.3389892578125,524.5618896484375,737.5654296875
balanced_s1,plastic_nut/OK/S0187/plastic_nut_0187_OK_C4_20230930140554.jpg,339.17523193359375,525.2744140625,722.33935546875
balanced_s2,plastic_nut/OK/S0187/plastic_nut_0187_OK_C4_20230930140554.jpg,351.4813232421875,537.2039184570312,697.2373046875
random_s0,plastic_nut/OK/S0187/plastic_nut_0187_OK_C4_20230930140554.jpg,347.4807434082031,534.9407958984375,791.890625
random_s1,plastic_nut/OK/S0187/plastic_nut_0187_OK_C4_20230930140554.jpg,345.8825378417969,543.57568359375,845.731689453125
random_s2,plastic_nut/OK/S0187/plastic_nut_0187_OK_C4_20230930140554.jpg,344.5169677734375,531.08740234375,847.95068359375
odd_s0,plastic_nut/OK/S0187/plastic_nut_0187_OK_C5_20230930140554.jpg,340.6446533203125,521.5361328125,912.294921875
odd_s1,plastic_nut/OK/S0187/plastic_nut_0187_OK_C5_20230930140554.jpg,332.79766845703125,517.4735107421875,793.615234375
odd_s2,plastic_nut/OK/S0187/plastic_nut_0187_OK_C5_20230930140554.jpg,335.65478515625,514.9436645507812,846.48486328125
balanced_s0,plastic_nut/OK/S0187/plastic_nut_0187_OK_C5_20230930140554.jpg,333.8289794921875,518.0963134765625,846.802734375
balanced_s1,plastic_nut/OK/S0187/plastic_nut_0187_OK_C5_20230930140554.jpg,336.9044189453125,518.7783203125,728.38671875
balanced_s2,plastic_nut/OK/S0187/plastic_nut_0187_OK_C5_20230930140554.jpg,341.0386657714844,519.579345703125,748.24951171875
random_s0,plastic_nut/OK/S0187/plastic_nut_0187_OK_C5_20230930140554.jpg,337.077880859375,519.06201171875,703.7333984375
random_s1,plastic_nut/OK/S0187/plastic_nut_0187_OK_C5_20230930140554.jpg,334.0887451171875,522.07373046875,709.776611328125
random_s2,plastic_nut/OK/S0187/plastic_nut_0187_OK_C5_20230930140554.jpg,336.5996398925781,521.1284790039062,707.8564453125
odd_s0,plastic_nut/OK/S0194/plastic_nut_0194_OK_C1_20230930141543.jpg,336.63165283203125,545.4153442382812,853.6171875
odd_s1,plastic_nut/OK/S0194/plastic_nut_0194_OK_C1_20230930141543.jpg,340.12701416015625,540.729248046875,930.4853515625
odd_s2,plastic_nut/OK/S0194/plastic_nut_0194_OK_C1_20230930141543.jpg,334.484130859375,544.1533203125,930.4853515625
balanced_s0,plastic_nut/OK/S0194/plastic_nut_0194_OK_C1_20230930141543.jpg,338.283447265625,547.2088623046875,919.0849609375
balanced_s1,plastic_nut/OK/S0194/plastic_nut_0194_OK_C1_20230930141543.jpg,335.44244384765625,536.4927978515625,889.1396484375
balanced_s2,plastic_nut/OK/S0194/plastic_nut_0194_OK_C1_20230930141543.jpg,331.2593994140625,535.3792724609375,851.73583984375
random_s0,plastic_nut/OK/S0194/plastic_nut_0194_OK_C1_20230930141543.jpg,341.60784912109375,544.5633544921875,943.30224609375
random_s1,plastic_nut/OK/S0194/plastic_nut_0194_OK_C1_20230930141543.jpg,331.7930603027344,537.06982421875,963.2197265625
random_s2,plastic_nut/OK/S0194/plastic_nut_0194_OK_C1_20230930141543.jpg,331.56524658203125,536.71142578125,869.7451171875
odd_s0,plastic_nut/OK/S0194/plastic_nut_0194_OK_C2_20230930141543.jpg,341.1949157714844,525.2561645507812,1114.250732421875
odd_s1,plastic_nut/OK/S0194/plastic_nut_0194_OK_C2_20230930141543.jpg,326.8199157714844,517.4944458007812,1055.91943359375
odd_s2,plastic_nut/OK/S0194/plastic_nut_0194_OK_C2_20230930141543.jpg,333.662109375,517.0829467773438,1108.8427734375
balanced_s0,plastic_nut/OK/S0194/plastic_nut_0194_OK_C2_20230930141543.jpg,330.08447265625,521.341796875,836.28955078125
balanced_s1,plastic_nut/OK/S0194/plastic_nut_0194_OK_C2_20230930141543.jpg,335.72027587890625,522.953857421875,827.843017578125
balanced_s2,plastic_nut/OK/S0194/plastic_nut_0194_OK_C2_20230930141543.jpg,337.2720642089844,520.8253784179688,827.843017578125
random_s0,plastic_nut/OK/S0194/plastic_nut_0194_OK_C2_20230930141543.jpg,335.6639404296875,521.9630737304688,761.347412109375
random_s1,plastic_nut/OK/S0194/plastic_nut_0194_OK_C2_20230930141543.jpg,336.64996337890625,521.3343505859375,806.993896484375
random_s2,plastic_nut/OK/S0194/plastic_nut_0194_OK_C2_20230930141543.jpg,338.1177673339844,525.2332763671875,783.22314453125
odd_s0,plastic_nut/OK/S0194/plastic_nut_0194_OK_C3_20230930141543.jpg,341.70477294921875,533.9876708984375,720.9404296875
odd_s1,plastic_nut/OK/S0194/plastic_nut_0194_OK_C3_20230930141543.jpg,325.2403564453125,521.1175537109375,864.21337890625
odd_s2,plastic_nut/OK/S0194/plastic_nut_0194_OK_C3_20230930141543.jpg,334.0596618652344,535.629638671875,863.0498046875
balanced_s0,plastic_nut/OK/S0194/plastic_nut_0194_OK_C3_20230930141543.jpg,327.0503234863281,524.2939453125,787.50927734375
balanced_s1,plastic_nut/OK/S0194/plastic_nut_0194_OK_C3_20230930141543.jpg,330.0460510253906,525.6342163085938,764.01806640625
balanced_s2,plastic_nut/OK/S0194/plastic_nut_0194_OK_C3_20230930141543.jpg,341.93023681640625,532.92626953125,702.583984375
random_s0,plastic_nut/OK/S0194/plastic_nut_0194_OK_C3_20230930141543.jpg,335.13232421875,525.284423828125,732.664794921875
random_s1,plastic_nut/OK/S0194/plastic_nut_0194_OK_C3_20230930141543.jpg,334.06201171875,528.7068481445312,732.664794921875
random_s2,plastic_nut/OK/S0194/plastic_nut_0194_OK_C3_20230930141543.jpg,334.7901611328125,522.2674560546875,702.7802734375
odd_s0,plastic_nut/OK/S0194/plastic_nut_0194_OK_C4_20230930141543.jpg,347.71051025390625,534.5089111328125,778.59765625
odd_s1,plastic_nut/OK/S0194/plastic_nut_0194_OK_C4_20230930141543.jpg,342.93133544921875,533.6180419921875,764.73046875
odd_s2,plastic_nut/OK/S0194/plastic_nut_0194_OK_C4_20230930141543.jpg,344.494140625,531.135009765625,822.12158203125
balanced_s0,plastic_nut/OK/S0194/plastic_nut_0194_OK_C4_20230930141543.jpg,340.62762451171875,533.0346069335938,772.973388671875
balanced_s1,plastic_nut/OK/S0194/plastic_nut_0194_OK_C4_20230930141543.jpg,341.65240478515625,533.4608154296875,732.40966796875
balanced_s2,plastic_nut/OK/S0194/plastic_nut_0194_OK_C4_20230930141543.jpg,353.7189025878906,536.7418212890625,801.40234375
random_s0,plastic_nut/OK/S0194/plastic_nut_0194_OK_C4_20230930141543.jpg,349.68682861328125,534.3518676757812,842.412109375
random_s1,plastic_nut/OK/S0194/plastic_nut_0194_OK_C4_20230930141543.jpg,346.4983215332031,535.141357421875,760.091796875
random_s2,plastic_nut/OK/S0194/plastic_nut_0194_OK_C4_20230930141543.jpg,345.31512451171875,527.9480590820312,758.7998046875
odd_s0,plastic_nut/OK/S0194/plastic_nut_0194_OK_C5_20230930141543.jpg,350.01251220703125,543.1304931640625,1011.795654296875
odd_s1,plastic_nut/OK/S0194/plastic_nut_0194_OK_C5_20230930141543.jpg,343.8414306640625,540.29736328125,939.47021484375
odd_s2,plastic_nut/OK/S0194/plastic_nut_0194_OK_C5_20230930141543.jpg,342.62786865234375,536.0477905273438,956.427001953125
balanced_s0,plastic_nut/OK/S0194/plastic_nut_0194_OK_C5_20230930141543.jpg,343.58203125,536.6804809570312,1175.33935546875
balanced_s1,plastic_nut/OK/S0194/plastic_nut_0194_OK_C5_20230930141543.jpg,346.8111267089844,541.8369140625,1175.33935546875
balanced_s2,plastic_nut/OK/S0194/plastic_nut_0194_OK_C5_20230930141543.jpg,348.69110107421875,536.9825439453125,1306.901611328125
random_s0,plastic_nut/OK/S0194/plastic_nut_0194_OK_C5_20230930141543.jpg,343.7547302246094,535.3897705078125,1224.2001953125
random_s1,plastic_nut/OK/S0194/plastic_nut_0194_OK_C5_20230930141543.jpg,342.91668701171875,529.2117919921875,1099.5244140625
random_s2,plastic_nut/OK/S0194/plastic_nut_0194_OK_C5_20230930141543.jpg,346.9385986328125,535.4290771484375,1099.5244140625
odd_s0,plastic_nut/OK/S0196/plastic_nut_0196_OK_C1_20230930142728.jpg,345.10308837890625,564.227783203125,1029.4423828125
odd_s1,plastic_nut/OK/S0196/plastic_nut_0196_OK_C1_20230930142728.jpg,349.5491943359375,558.4010620117188,1061.1591796875
odd_s2,plastic_nut/OK/S0196/plastic_nut_0196_OK_C1_20230930142728.jpg,346.73486328125,560.46875,992.97412109375
balanced_s0,plastic_nut/OK/S0196/plastic_nut_0196_OK_C1_20230930142728.jpg,345.3018798828125,553.6537475585938,892.58447265625
balanced_s1,plastic_nut/OK/S0196/plastic_nut_0196_OK_C1_20230930142728.jpg,342.41986083984375,551.0408935546875,927.61865234375
balanced_s2,plastic_nut/OK/S0196/plastic_nut_0196_OK_C1_20230930142728.jpg,344.21112060546875,545.65771484375,953.94580078125
random_s0,plastic_nut/OK/S0196/plastic_nut_0196_OK_C1_20230930142728.jpg,353.72454833984375,566.0929565429688,869.2783203125
random_s1,plastic_nut/OK/S0196/plastic_nut_0196_OK_C1_20230930142728.jpg,338.3750305175781,551.108642578125,1045.998779296875
random_s2,plastic_nut/OK/S0196/plastic_nut_0196_OK_C1_20230930142728.jpg,342.53253173828125,548.6840209960938,863.40869140625
odd_s0,plastic_nut/OK/S0196/plastic_nut_0196_OK_C2_20230930142728.jpg,357.24749755859375,555.5699462890625,786.3427734375
odd_s1,plastic_nut/OK/S0196/plastic_nut_0196_OK_C2_20230930142728.jpg,344.87554931640625,548.5360107421875,784.09375
odd_s2,plastic_nut/OK/S0196/plastic_nut_0196_OK_C2_20230930142728.jpg,348.45123291015625,542.9879760742188,922.273193359375
balanced_s0,plastic_nut/OK/S0196/plastic_nut_0196_OK_C2_20230930142728.jpg,347.13092041015625,547.9111328125,756.516357421875
balanced_s1,plastic_nut/OK/S0196/plastic_nut_0196_OK_C2_20230930142728.jpg,352.83062744140625,552.7757568359375,777.55810546875
balanced_s2,plastic_nut/OK/S0196/plastic_nut_0196_OK_C2_20230930142728.jpg,350.7360534667969,545.4392700195312,815.482421875
random_s0,plastic_nut/OK/S0196/plastic_nut_0196_OK_C2_20230930142728.jpg,353.3511657714844,548.3306274414062,844.5
random_s1,plastic_nut/OK/S0196/plastic_nut_0196_OK_C2_20230930142728.jpg,353.5548095703125,548.8619384765625,890.46044921875
random_s2,plastic_nut/OK/S0196/plastic_nut_0196_OK_C2_20230930142728.jpg,349.39306640625,541.5379638671875,837.3125
odd_s0,plastic_nut/OK/S0196/plastic_nut_0196_OK_C3_20230930142728.jpg,339.94512939453125,539.546630859375,1214.35546875
odd_s1,plastic_nut/OK/S0196/plastic_nut_0196_OK_C3_20230930142728.jpg,328.85467529296875,530.9957885742188,1195.439697265625
odd_s2,plastic_nut/OK/S0196/plastic_nut_0196_OK_C3_20230930142728.jpg,337.2594909667969,536.79931640625,1265.5341796875
balanced_s0,plastic_nut/OK/S0196/plastic_nut_0196_OK_C3_20230930142728.jpg,327.8265075683594,534.0069580078125,866.90625
balanced_s1,plastic_nut/OK/S0196/plastic_nut_0196_OK_C3_20230930142728.jpg,334.866943359375,533.1175537109375,962.474609375
balanced_s2,plastic_nut/OK/S0196/plastic_nut_0196_OK_C3_20230930142728.jpg,341.31866455078125,534.1351318359375,877.17041015625
random_s0,plastic_nut/OK/S0196/plastic_nut_0196_OK_C3_20230930142728.jpg,336.42254638671875,532.8194580078125,922.22412109375
random_s1,plastic_nut/OK/S0196/plastic_nut_0196_OK_C3_20230930142728.jpg,335.34539794921875,536.8229370117188,877.7314453125
random_s2,plastic_nut/OK/S0196/plastic_nut_0196_OK_C3_20230930142728.jpg,339.77874755859375,539.7030029296875,933.7265625
odd_s0,plastic_nut/OK/S0196/plastic_nut_0196_OK_C4_20230930142728.jpg,353.5249938964844,546.6961669921875,803.748291015625
odd_s1,plastic_nut/OK/S0196/plastic_nut_0196_OK_C4_20230930142728.jpg,345.5408630371094,546.007080078125,768.593505859375
odd_s2,plastic_nut/OK/S0196/plastic_nut_0196_OK_C4_20230930142728.jpg,349.015869140625,542.15234375,814.85302734375
balanced_s0,plastic_nut/OK/S0196/plastic_nut_0196_OK_C4_20230930142728.jpg,343.38507080078125,540.225341796875,908.837158203125
balanced_s1,plastic_nut/OK/S0196/plastic_nut_0196_OK_C4_20230930142728.jpg,348.04742431640625,549.2152709960938,1078.71533203125
balanced_s2,plastic_nut/OK/S0196/plastic_nut_0196_OK_C4_20230930142728.jpg,357.81585693359375,543.14306640625,908.837158203125
random_s0,plastic_nut/OK/S0196/plastic_nut_0196_OK_C4_20230930142728.jpg,355.1025695800781,540.4078369140625,881.28125
random_s1,plastic_nut/OK/S0196/plastic_nut_0196_OK_C4_20230930142728.jpg,353.24920654296875,546.3909912109375,881.28125
random_s2,plastic_nut/OK/S0196/plastic_nut_0196_OK_C4_20230930142728.jpg,353.0874328613281,541.4005737304688,881.28125
odd_s0,plastic_nut/OK/S0196/plastic_nut_0196_OK_C5_20230930142728.jpg,361.9078369140625,572.0890502929688,1094.30517578125
odd_s1,plastic_nut/OK/S0196/plastic_nut_0196_OK_C5_20230930142728.jpg,351.358154296875,548.4315185546875,793.421875
odd_s2,plastic_nut/OK/S0196/plastic_nut_0196_OK_C5_20230930142728.jpg,356.07965087890625,555.54296875,844.387451171875
balanced_s0,plastic_nut/OK/S0196/plastic_nut_0196_OK_C5_20230930142728.jpg,356.4473876953125,560.1285400390625,1094.30517578125
balanced_s1,plastic_nut/OK/S0196/plastic_nut_0196_OK_C5_20230930142728.jpg,363.161865234375,564.3758544921875,986.34326171875
balanced_s2,plastic_nut/OK/S0196/plastic_nut_0196_OK_C5_20230930142728.jpg,361.0800476074219,551.4757080078125,1094.30517578125
random_s0,plastic_nut/OK/S0196/plastic_nut_0196_OK_C5_20230930142728.jpg,362.86505126953125,559.7070922851562,1015.470703125
random_s1,plastic_nut/OK/S0196/plastic_nut_0196_OK_C5_20230930142728.jpg,363.6564636230469,565.08935546875,1015.470703125
random_s2,plastic_nut/OK/S0196/plastic_nut_0196_OK_C5_20230930142728.jpg,357.23260498046875,548.4839477539062,1015.470703125
odd_s0,plastic_nut/OK/S0200/plastic_nut_0200_OK_C1_20230930142956.jpg,345.50677490234375,562.0548095703125,878.80517578125
odd_s1,plastic_nut/OK/S0200/plastic_nut_0200_OK_C1_20230930142956.jpg,345.6397399902344,551.9852294921875,883.913818359375
odd_s2,plastic_nut/OK/S0200/plastic_nut_0200_OK_C1_20230930142956.jpg,350.2752685546875,564.2046508789062,879.82470703125
balanced_s0,plastic_nut/OK/S0200/plastic_nut_0200_OK_C1_20230930142956.jpg,349.0040283203125,561.4489135742188,939.554931640625
balanced_s1,plastic_nut/OK/S0200/plastic_nut_0200_OK_C1_20230930142956.jpg,344.2889404296875,550.36328125,875.23388671875
balanced_s2,plastic_nut/OK/S0200/plastic_nut_0200_OK_C1_20230930142956.jpg,340.7663269042969,553.9915771484375,939.554931640625
random_s0,plastic_nut/OK/S0200/plastic_nut_0200_OK_C1_20230930142956.jpg,349.41033935546875,554.77880859375,880.394287109375
random_s1,plastic_nut/OK/S0200/plastic_nut_0200_OK_C1_20230930142956.jpg,338.6710205078125,547.395751953125,740.734375
random_s2,plastic_nut/OK/S0200/plastic_nut_0200_OK_C1_20230930142956.jpg,338.7440185546875,539.1339111328125,915.440673828125
odd_s0,plastic_nut/OK/S0200/plastic_nut_0200_OK_C2_20230930142956.jpg,351.5675964355469,542.9520263671875,750.1533203125
odd_s1,plastic_nut/OK/S0200/plastic_nut_0200_OK_C2_20230930142956.jpg,340.8771667480469,529.4517211914062,821.482421875
odd_s2,plastic_nut/OK/S0200/plastic_nut_0200_OK_C2_20230930142956.jpg,344.28289794921875,533.7816162109375,749.545166015625
balanced_s0,plastic_nut/OK/S0200/plastic_nut_0200_OK_C2_20230930142956.jpg,341.9438171386719,537.2152709960938,749.545166015625
balanced_s1,plastic_nut/OK/S0200/plastic_nut_0200_OK_C2_20230930142956.jpg,349.42730712890625,536.9532470703125,794.37109375
balanced_s2,plastic_nut/OK/S0200/plastic_nut_0200_OK_C2_20230930142956.jpg,349.162109375,531.0415649414062,766.74462890625
random_s0,plastic_nut/OK/S0200/plastic_nut_0200_OK_C2_20230930142956.jpg,350.5975646972656,542.0484619140625,770.99365234375
random_s1,plastic_nut/OK/S0200/plastic_nut_0200_OK_C2_20230930142956.jpg,348.0208435058594,533.5894775390625,746.590576171875
random_s2,plastic_nut/OK/S0200/plastic_nut_0200_OK_C2_20230930142956.jpg,350.8065185546875,537.9410400390625,738.50830078125
odd_s0,plastic_nut/OK/S0200/plastic_nut_0200_OK_C3_20230930142956.jpg,337.6932067871094,531.0374755859375,789.443115234375
odd_s1,plastic_nut/OK/S0200/plastic_nut_0200_OK_C3_20230930142956.jpg,324.1386413574219,524.1568603515625,890.4501953125
odd_s2,plastic_nut/OK/S0200/plastic_nut_0200_OK_C3_20230930142956.jpg,336.96392822265625,537.8966064453125,808.01904296875
balanced_s0,plastic_nut/OK/S0200/plastic_nut_0200_OK_C3_20230930142956.jpg,327.2740478515625,523.7100830078125,724.72216796875
balanced_s1,plastic_nut/OK/S0200/plastic_nut_0200_OK_C3_20230930142956.jpg,332.9779968261719,530.8408203125,826.87451171875
balanced_s2,plastic_nut/OK/S0200/plastic_nut_0200_OK_C3_20230930142956.jpg,342.7109680175781,537.137939453125,786.85009765625
random_s0,plastic_nut/OK/S0200/plastic_nut_0200_OK_C3_20230930142956.jpg,336.48602294921875,531.0323486328125,887.705322265625
random_s1,plastic_nut/OK/S0200/plastic_nut_0200_OK_C3_20230930142956.jpg,338.1907043457031,532.1787719726562,913.6572265625
random_s2,plastic_nut/OK/S0200/plastic_nut_0200_OK_C3_20230930142956.jpg,337.49530029296875,533.5244140625,887.705322265625
odd_s0,plastic_nut/OK/S0200/plastic_nut_0200_OK_C4_20230930142956.jpg,351.28759765625,538.310546875,805.62939453125
odd_s1,plastic_nut/OK/S0200/plastic_nut_0200_OK_C4_20230930142956.jpg,344.8860778808594,541.9832763671875,761.223876953125
odd_s2,plastic_nut/OK/S0200/plastic_nut_0200_OK_C4_20230930142956.jpg,347.77154541015625,535.9873657226562,878.039306640625
balanced_s0,plastic_nut/OK/S0200/plastic_nut_0200_OK_C4_20230930142956.jpg,342.82806396484375,537.5208740234375,958.43505859375
balanced_s1,plastic_nut/OK/S0200/plastic_nut_0200_OK_C4_20230930142956.jpg,349.7279052734375,540.657958984375,863.705810546875
balanced_s2,plastic_nut/OK/S0200/plastic_nut_0200_OK_C4_20230930142956.jpg,356.9970397949219,538.6224365234375,737.31787109375
random_s0,plastic_nut/OK/S0200/plastic_nut_0200_OK_C4_20230930142956.jpg,357.8414306640625,538.9913330078125,1136.6533203125
random_s1,plastic_nut/OK/S0200/plastic_nut_0200_OK_C4_20230930142956.jpg,350.3550720214844,541.6534423828125,748.43701171875
random_s2,plastic_nut/OK/S0200/plastic_nut_0200_OK_C4_20230930142956.jpg,351.8784484863281,539.7527465820312,753.4658203125
odd_s0,plastic_nut/OK/S0200/plastic_nut_0200_OK_C5_20230930142956.jpg,348.6885070800781,538.8567504882812,764.45361328125
odd_s1,plastic_nut/OK/S0200/plastic_nut_0200_OK_C5_20230930142956.jpg,341.1068115234375,528.90478515625,822.639892578125
odd_s2,plastic_nut/OK/S0200/plastic_nut_0200_OK_C5_20230930142956.jpg,342.0482177734375,528.5243530273438,812.02490234375
balanced_s0,plastic_nut/OK/S0200/plastic_nut_0200_OK_C5_20230930142956.jpg,335.3382568359375,524.9465942382812,710.481689453125
balanced_s1,plastic_nut/OK/S0200/plastic_nut_0200_OK_C5_20230930142956.jpg,342.55206298828125,528.2838134765625,853.23095703125
balanced_s2,plastic_nut/OK/S0200/plastic_nut_0200_OK_C5_20230930142956.jpg,349.2445068359375,535.6785888671875,721.4541015625
random_s0,plastic_nut/OK/S0200/plastic_nut_0200_OK_C5_20230930142956.jpg,341.9465026855469,526.7017822265625,754.5029296875
random_s1,plastic_nut/OK/S0200/plastic_nut_0200_OK_C5_20230930142956.jpg,341.1930847167969,531.04638671875,746.68359375
random_s2,plastic_nut/OK/S0200/plastic_nut_0200_OK_C5_20230930142956.jpg,341.7818908691406,531.8953857421875,708.16357421875
odd_s0,plastic_nut/OK/S0204/plastic_nut_0204_OK_C1_20230930143225.jpg,348.68121337890625,554.7853393554688,955.16943359375
odd_s1,plastic_nut/OK/S0204/plastic_nut_0204_OK_C1_20230930143225.jpg,350.3125305175781,560.7582397460938,1024.46923828125
odd_s2,plastic_nut/OK/S0204/plastic_nut_0204_OK_C1_20230930143225.jpg,347.01861572265625,553.068603515625,894.68017578125
balanced_s0,plastic_nut/OK/S0204/plastic_nut_0204_OK_C1_20230930143225.jpg,350.8240051269531,562.2632446289062,868.9345703125
balanced_s1,plastic_nut/OK/S0204/plastic_nut_0204_OK_C1_20230930143225.jpg,345.1475830078125,544.7413330078125,938.496337890625
balanced_s2,plastic_nut/OK/S0204/plastic_nut_0204_OK_C1_20230930143225.jpg,345.822021484375,549.46728515625,868.9345703125
random_s0,plastic_nut/OK/S0204/plastic_nut_0204_OK_C1_20230930143225.jpg,354.4383239746094,560.1094360351562,812.87255859375
random_s1,plastic_nut/OK/S0204/plastic_nut_0204_OK_C1_20230930143225.jpg,339.6459655761719,541.5960083007812,769.640625
random_s2,plastic_nut/OK/S0204/plastic_nut_0204_OK_C1_20230930143225.jpg,339.20513916015625,546.01513671875,808.48046875
odd_s0,plastic_nut/OK/S0204/plastic_nut_0204_OK_C2_20230930143225.jpg,347.1749267578125,529.076171875,1763.41650390625
odd_s1,plastic_nut/OK/S0204/plastic_nut_0204_OK_C2_20230930143225.jpg,332.6737060546875,519.8316650390625,1789.41015625
odd_s2,plastic_nut/OK/S0204/plastic_nut_0204_OK_C2_20230930143225.jpg,337.5450439453125,525.01953125,1794.880859375
balanced_s0,plastic_nut/OK/S0204/plastic_nut_0204_OK_C2_20230930143225.jpg,334.30621337890625,528.4668579101562,790.064453125
balanced_s1,plastic_nut/OK/S0204/plastic_nut_0204_OK_C2_20230930143225.jpg,337.1647644042969,525.5459594726562,758.703857421875
balanced_s2,plastic_nut/OK/S0204/plastic_nut_0204_OK_C2_20230930143225.jpg,338.5794677734375,527.5755004882812,763.085205078125
random_s0,plastic_nut/OK/S0204/plastic_nut_0204_OK_C2_20230930143225.jpg,342.36688232421875,527.7427978515625,805.06005859375
random_s1,plastic_nut/OK/S0204/plastic_nut_0204_OK_C2_20230930143225.jpg,337.80267333984375,527.841064453125,738.5458984375
random_s2,plastic_nut/OK/S0204/plastic_nut_0204_OK_C2_20230930143225.jpg,341.0535583496094,526.697998046875,752.863037109375
odd_s0,plastic_nut/OK/S0204/plastic_nut_0204_OK_C3_20230930143225.jpg,348.47674560546875,539.5074462890625,759.719970703125
odd_s1,plastic_nut/OK/S0204/plastic_nut_0204_OK_C3_20230930143225.jpg,330.5758056640625,528.794677734375,831.0791015625
odd_s2,plastic_nut/OK/S0204/plastic_nut_0204_OK_C3_20230930143225.jpg,345.1179504394531,539.744873046875,816.6044921875
balanced_s0,plastic_nut/OK/S0204/plastic_nut_0204_OK_C3_20230930143225.jpg,339.1622009277344,534.6852416992188,844.07763671875
balanced_s1,plastic_nut/OK/S0204/plastic_nut_0204_OK_C3_20230930143225.jpg,340.8538513183594,542.9257202148438,738.8740234375
balanced_s2,plastic_nut/OK/S0204/plastic_nut_0204_OK_C3_20230930143225.jpg,350.94189453125,541.7168579101562,801.83251953125
random_s0,plastic_nut/OK/S0204/plastic_nut_0204_OK_C3_20230930143225.jpg,343.3774719238281,538.5379638671875,749.353515625
random_s1,plastic_nut/OK/S0204/plastic_nut_0204_OK_C3_20230930143225.jpg,344.80426025390625,550.1405639648438,770.0380859375
random_s2,plastic_nut/OK/S0204/plastic_nut_0204_OK_C3_20230930143225.jpg,344.3875732421875,539.287841796875,765.835693359375
odd_s0,plastic_nut/OK/S0204/plastic_nut_0204_OK_C4_20230930143225.jpg,351.7997131347656,544.08349609375,863.516845703125
odd_s1,plastic_nut/OK/S0204/plastic_nut_0204_OK_C4_20230930143225.jpg,344.5632629394531,540.6014404296875,950.555419921875
odd_s2,plastic_nut/OK/S0204/plastic_nut_0204_OK_C4_20230930143225.jpg,348.2117614746094,542.89599609375,809.46875
balanced_s0,plastic_nut/OK/S0204/plastic_nut_0204_OK_C4_20230930143225.jpg,342.3294677734375,536.2210693359375,886.3662109375
balanced_s1,plastic_nut/OK/S0204/plastic_nut_0204_OK_C4_20230930143225.jpg,346.84979248046875,543.9668579101562,873.48974609375
balanced_s2,plastic_nut/OK/S0204/plastic_nut_0204_OK_C4_20230930143225.jpg,356.1039123535156,551.23681640625,873.48974609375
random_s0,plastic_nut/OK/S0204/plastic_nut_0204_OK_C4_20230930143225.jpg,351.507080078125,540.9036865234375,841.10546875
random_s1,plastic_nut/OK/S0204/plastic_nut_0204_OK_C4_20230930143225.jpg,351.2594299316406,544.02294921875,826.08154296875
random_s2,plastic_nut/OK/S0204/plastic_nut_0204_OK_C4_20230930143225.jpg,348.6488952636719,537.2560424804688,782.88671875
odd_s0,plastic_nut/OK/S0204/plastic_nut_0204_OK_C5_20230930143225.jpg,349.34295654296875,539.231689453125,866.52294921875
odd_s1,plastic_nut/OK/S0204/plastic_nut_0204_OK_C5_20230930143225.jpg,339.66900634765625,533.0108032226562,866.52294921875
odd_s2,plastic_nut/OK/S0204/plastic_nut_0204_OK_C5_20230930143225.jpg,344.39019775390625,526.6449584960938,859.2568359375
balanced_s0,plastic_nut/OK/S0204/plastic_nut_0204_OK_C5_20230930143225.jpg,338.90966796875,529.982666015625,839.59130859375
balanced_s1,plastic_nut/OK/S0204/plastic_nut_0204_OK_C5_20230930143225.jpg,339.76806640625,529.1865234375,897.369140625
balanced_s2,plastic_nut/OK/S0204/plastic_nut_0204_OK_C5_20230930143225.jpg,348.113037109375,534.4624633789062,930.2421875
random_s0,plastic_nut/OK/S0204/plastic_nut_0204_OK_C5_20230930143225.jpg,343.2813415527344,530.9722900390625,911.427490234375
random_s1,plastic_nut/OK/S0204/plastic_nut_0204_OK_C5_20230930143225.jpg,338.87261962890625,529.2467651367188,773.57958984375
random_s2,plastic_nut/OK/S0204/plastic_nut_0204_OK_C5_20230930143225.jpg,344.6009521484375,531.7818603515625,807.702880859375
odd_s0,plastic_nut/OK/S0217/plastic_nut_0217_OK_C1_20230930144018.jpg,337.4720458984375,554.7291870117188,839.220703125
odd_s1,plastic_nut/OK/S0217/plastic_nut_0217_OK_C1_20230930144018.jpg,338.0376281738281,550.3080444335938,988.09619140625
odd_s2,plastic_nut/OK/S0217/plastic_nut_0217_OK_C1_20230930144018.jpg,338.1142883300781,544.2100830078125,988.09619140625
balanced_s0,plastic_nut/OK/S0217/plastic_nut_0217_OK_C1_20230930144018.jpg,332.97381591796875,538.1552734375,913.4970703125
balanced_s1,plastic_nut/OK/S0217/plastic_nut_0217_OK_C1_20230930144018.jpg,335.1556396484375,541.3704223632812,802.64306640625
balanced_s2,plastic_nut/OK/S0217/plastic_nut_0217_OK_C1_20230930144018.jpg,334.72332763671875,539.3095092773438,832.052734375
random_s0,plastic_nut/OK/S0217/plastic_nut_0217_OK_C1_20230930144018.jpg,342.38177490234375,544.1150512695312,831.3486328125
random_s1,plastic_nut/OK/S0217/plastic_nut_0217_OK_C1_20230930144018.jpg,332.31378173828125,541.2060546875,885.8828125
random_s2,plastic_nut/OK/S0217/plastic_nut_0217_OK_C1_20230930144018.jpg,331.9404296875,546.063720703125,885.8828125
odd_s0,plastic_nut/OK/S0217/plastic_nut_0217_OK_C2_20230930144018.jpg,349.6051940917969,545.073486328125,863.4658203125
odd_s1,plastic_nut/OK/S0217/plastic_nut_0217_OK_C2_20230930144018.jpg,339.65777587890625,538.9856567382812,803.58935546875
odd_s2,plastic_nut/OK/S0217/plastic_nut_0217_OK_C2_20230930144018.jpg,343.518310546875,535.7513427734375,739.54296875
balanced_s0,plastic_nut/OK/S0217/plastic_nut_0217_OK_C2_20230930144018.jpg,339.4840087890625,534.95751953125,830.2275390625
balanced_s1,plastic_nut/OK/S0217/plastic_nut_0217_OK_C2_20230930144018.jpg,344.73809814453125,544.4546508789062,812.5556640625
balanced_s2,plastic_nut/OK/S0217/plastic_nut_0217_OK_C2_20230930144018.jpg,348.697998046875,539.8121337890625,850.905029296875
random_s0,plastic_nut/OK/S0217/plastic_nut_0217_OK_C2_20230930144018.jpg,346.5922546386719,539.7742919921875,785.59619140625
random_s1,plastic_nut/OK/S0217/plastic_nut_0217_OK_C2_20230930144018.jpg,349.7373046875,553.3804321289062,812.5556640625
random_s2,plastic_nut/OK/S0217/plastic_nut_0217_OK_C2_20230930144018.jpg,349.23883056640625,539.2178955078125,861.728759765625
odd_s0,plastic_nut/OK/S0217/plastic_nut_0217_OK_C3_20230930144018.jpg,343.203857421875,538.0713500976562,1233.7080078125
odd_s1,plastic_nut/OK/S0217/plastic_nut_0217_OK_C3_20230930144018.jpg,325.3641357421875,521.844970703125,1232.11083984375
odd_s2,plastic_nut/OK/S0217/plastic_nut_0217_OK_C3_20230930144018.jpg,337.63861083984375,531.780517578125,1291.89892578125
balanced_s0,plastic_nut/OK/S0217/plastic_nut_0217_OK_C3_20230930144018.jpg,328.91033935546875,531.699462890625,733.591796875
balanced_s1,plastic_nut/OK/S0217/plastic_nut_0217_OK_C3_20230930144018.jpg,334.3359375,531.3067626953125,754.8095703125
balanced_s2,plastic_nut/OK/S0217/plastic_nut_0217_OK_C3_20230930144018.jpg,343.0350036621094,529.9971923828125,856.98876953125
random_s0,plastic_nut/OK/S0217/plastic_nut_0217_OK_C3_20230930144018.jpg,338.9167175292969,532.73193359375,718.40185546875
random_s1,plastic_nut/OK/S0217/plastic_nut_0217_OK_C3_20230930144018.jpg,335.81585693359375,533.7002563476562,699.10498046875
random_s2,plastic_nut/OK/S0217/plastic_nut_0217_OK_C3_20230930144018.jpg,337.1540832519531,527.5897216796875,741.906494140625
odd_s0,plastic_nut/OK/S0217/plastic_nut_0217_OK_C4_20230930144018.jpg,344.49237060546875,532.0884399414062,780.8984375
odd_s1,plastic_nut/OK/S0217/plastic_nut_0217_OK_C4_20230930144018.jpg,342.89410400390625,535.799072265625,761.223388671875
odd_s2,plastic_nut/OK/S0217/plastic_nut_0217_OK_C4_20230930144018.jpg,348.14044189453125,538.5493774414062,782.46728515625
balanced_s0,plastic_nut/OK/S0217/plastic_nut_0217_OK_C4_20230930144018.jpg,341.56976318359375,534.9144287109375,844.25830078125
balanced_s1,plastic_nut/OK/S0217/plastic_nut_0217_OK_C4_20230930144018.jpg,344.14227294921875,535.72607421875,800.3681640625
balanced_s2,plastic_nut/OK/S0217/plastic_nut_0217_OK_C4_20230930144018.jpg,355.22515869140625,545.5859375,761.178955078125
random_s0,plastic_nut/OK/S0217/plastic_nut_0217_OK_C4_20230930144018.jpg,353.85955810546875,542.654052734375,736.676513671875
random_s1,plastic_nut/OK/S0217/plastic_nut_0217_OK_C4_20230930144018.jpg,352.12652587890625,542.319091796875,717.45068359375
random_s2,plastic_nut/OK/S0217/plastic_nut_0217_OK_C4_20230930144018.jpg,346.359130859375,536.142333984375,825.35400390625
odd_s0,plastic_nut/OK/S0217/plastic_nut_0217_OK_C5_20230930144018.jpg,349.27471923828125,535.26025390625,1117.091796875
odd_s1,plastic_nut/OK/S0217/plastic_nut_0217_OK_C5_20230930144018.jpg,337.2557373046875,528.3823852539062,1108.7216796875
odd_s2,plastic_nut/OK/S0217/plastic_nut_0217_OK_C5_20230930144018.jpg,343.37750244140625,520.7203369140625,1106.12255859375
balanced_s0,plastic_nut/OK/S0217/plastic_nut_0217_OK_C5_20230930144018.jpg,337.21685791015625,524.5159301757812,782.08154296875
balanced_s1,plastic_nut/OK/S0217/plastic_nut_0217_OK_C5_20230930144018.jpg,342.617431640625,524.47021484375,904.41357421875
balanced_s2,plastic_nut/OK/S0217/plastic_nut_0217_OK_C5_20230930144018.jpg,343.2940673828125,525.425048828125,782.2314453125
random_s0,plastic_nut/OK/S0217/plastic_nut_0217_OK_C5_20230930144018.jpg,345.121826171875,534.5421142578125,777.27880859375
random_s1,plastic_nut/OK/S0217/plastic_nut_0217_OK_C5_20230930144018.jpg,343.2682800292969,530.7432861328125,766.51025390625
random_s2,plastic_nut/OK/S0217/plastic_nut_0217_OK_C5_20230930144018.jpg,343.61212158203125,524.540283203125,798.55908203125
odd_s0,plastic_nut/OK/S0222/plastic_nut_0222_OK_C1_20230930144230.jpg,337.15301513671875,549.4384155273438,926.935546875
odd_s1,plastic_nut/OK/S0222/plastic_nut_0222_OK_C1_20230930144230.jpg,339.91070556640625,549.3265380859375,923.86962890625
odd_s2,plastic_nut/OK/S0222/plastic_nut_0222_OK_C1_20230930144230.jpg,344.42132568359375,557.108154296875,948.02490234375
balanced_s0,plastic_nut/OK/S0222/plastic_nut_0222_OK_C1_20230930144230.jpg,342.72747802734375,555.709228515625,926.412109375
balanced_s1,plastic_nut/OK/S0222/plastic_nut_0222_OK_C1_20230930144230.jpg,339.1934814453125,537.7109985351562,1028.990966796875
balanced_s2,plastic_nut/OK/S0222/plastic_nut_0222_OK_C1_20230930144230.jpg,339.6372375488281,544.2344970703125,1035.617919921875
random_s0,plastic_nut/OK/S0222/plastic_nut_0222_OK_C1_20230930144230.jpg,345.2743835449219,552.8086547851562,959.1064453125
random_s1,plastic_nut/OK/S0222/plastic_nut_0222_OK_C1_20230930144230.jpg,335.7817077636719,536.4058837890625,852.064697265625
random_s2,plastic_nut/OK/S0222/plastic_nut_0222_OK_C1_20230930144230.jpg,336.7436218261719,539.7377319335938,864.53564453125
odd_s0,plastic_nut/OK/S0222/plastic_nut_0222_OK_C2_20230930144230.jpg,342.3267822265625,531.122314453125,1408.237060546875
odd_s1,plastic_nut/OK/S0222/plastic_nut_0222_OK_C2_20230930144230.jpg,331.13800048828125,522.1866455078125,1350.77880859375
odd_s2,plastic_nut/OK/S0222/plastic_nut_0222_OK_C2_20230930144230.jpg,337.1849060058594,531.2465209960938,1381.625
balanced_s0,plastic_nut/OK/S0222/plastic_nut_0222_OK_C2_20230930144230.jpg,334.1714172363281,530.2784423828125,812.054443359375
balanced_s1,plastic_nut/OK/S0222/plastic_nut_0222_OK_C2_20230930144230.jpg,339.4610595703125,532.644287109375,1001.01806640625
balanced_s2,plastic_nut/OK/S0222/plastic_nut_0222_OK_C2_20230930144230.jpg,341.79150390625,533.6192626953125,952.07470703125
random_s0,plastic_nut/OK/S0222/plastic_nut_0222_OK_C2_20230930144230.jpg,340.4528503417969,531.779296875,756.82421875
random_s1,plastic_nut/OK/S0222/plastic_nut_0222_OK_C2_20230930144230.jpg,341.1867370605469,534.940673828125,774.8642578125
random_s2,plastic_nut/OK/S0222/plastic_nut_0222_OK_C2_20230930144230.jpg,338.72821044921875,526.2806396484375,774.8642578125
odd_s0,plastic_nut/OK/S0222/plastic_nut_0222_OK_C3_20230930144230.jpg,342.22613525390625,537.46630859375,1367.896240234375
odd_s1,plastic_nut/OK/S0222/plastic_nut_0222_OK_C3_20230930144230.jpg,326.5843505859375,525.362548828125,1333.33544921875
odd_s2,plastic_nut/OK/S0222/plastic_nut_0222_OK_C3_20230930144230.jpg,338.4010314941406,526.10693359375,1343.7666015625
balanced_s0,plastic_nut/OK/S0222/plastic_nut_0222_OK_C3_20230930144230.jpg,331.4334716796875,530.6246337890625,830.927490234375
balanced_s1,plastic_nut/OK/S0222/plastic_nut_0222_OK_C3_20230930144230.jpg,338.836669921875,537.063720703125,909.519775390625
balanced_s2,plastic_nut/OK/S0222/plastic_nut_0222_OK_C3_20230930144230.jpg,341.09759521484375,528.7338256835938,723.6396484375
random_s0,plastic_nut/OK/S0222/plastic_nut_0222_OK_C3_20230930144230.jpg,341.11724853515625,530.1826171875,785.3291015625
random_s1,plastic_nut/OK/S0222/plastic_nut_0222_OK_C3_20230930144230.jpg,337.9417724609375,535.3329467773438,845.46533203125
random_s2,plastic_nut/OK/S0222/plastic_nut_0222_OK_C3_20230930144230.jpg,335.22503662109375,529.0433959960938,815.40625
odd_s0,plastic_nut/OK/S0222/plastic_nut_0222_OK_C4_20230930144230.jpg,355.86224365234375,550.3282470703125,840.5419921875
odd_s1,plastic_nut/OK/S0222/plastic_nut_0222_OK_C4_20230930144230.jpg,351.01324462890625,537.35888671875,806.84716796875
odd_s2,plastic_nut/OK/S0222/plastic_nut_0222_OK_C4_20230930144230.jpg,351.7585144042969,542.1483154296875,830.92333984375
balanced_s0,plastic_nut/OK/S0222/plastic_nut_0222_OK_C4_20230930144230.jpg,349.28173828125,538.063720703125,871.5986328125
balanced_s1,plastic_nut/OK/S0222/plastic_nut_0222_OK_C4_20230930144230.jpg,348.53265380859375,532.8414306640625,819.915283203125
balanced_s2,plastic_nut/OK/S0222/plastic_nut_0222_OK_C4_20230930144230.jpg,362.3641052246094,550.0391845703125,855.415771484375
random_s0,plastic_nut/OK/S0222/plastic_nut_0222_OK_C4_20230930144230.jpg,361.1076354980469,548.8947143554688,859.316650390625
random_s1,plastic_nut/OK/S0222/plastic_nut_0222_OK_C4_20230930144230.jpg,354.4156799316406,544.1911010742188,926.032958984375
random_s2,plastic_nut/OK/S0222/plastic_nut_0222_OK_C4_20230930144230.jpg,358.0790710449219,544.3052978515625,859.316650390625
odd_s0,plastic_nut/OK/S0222/plastic_nut_0222_OK_C5_20230930144230.jpg,352.8692321777344,540.1137084960938,827.20947265625
odd_s1,plastic_nut/OK/S0222/plastic_nut_0222_OK_C5_20230930144230.jpg,342.0694274902344,529.6381225585938,815.1103515625
odd_s2,plastic_nut/OK/S0222/plastic_nut_0222_OK_C5_20230930144230.jpg,345.62103271484375,527.2869873046875,866.2734375
balanced_s0,plastic_nut/OK/S0222/plastic_nut_0222_OK_C5_20230930144230.jpg,347.85784912109375,537.9627075195312,768.9052734375
balanced_s1,plastic_nut/OK/S0222/plastic_nut_0222_OK_C5_20230930144230.jpg,353.7066650390625,539.0460205078125,791.14013671875
balanced_s2,plastic_nut/OK/S0222/plastic_nut_0222_OK_C5_20230930144230.jpg,351.9073486328125,539.7271728515625,829.021484375
random_s0,plastic_nut/OK/S0222/plastic_nut_0222_OK_C5_20230930144230.jpg,349.0646667480469,534.5908203125,803.099365234375
random_s1,plastic_nut/OK/S0222/plastic_nut_0222_OK_C5_20230930144230.jpg,341.15472412109375,526.1151123046875,861.741455078125
random_s2,plastic_nut/OK/S0222/plastic_nut_0222_OK_C5_20230930144230.jpg,350.9709167480469,532.6844482421875,856.09619140625
odd_s0,plastic_nut/OK/S0223/plastic_nut_0223_OK_C1_20230930144242.jpg,363.433837890625,587.3681030273438,1111.984619140625
odd_s1,plastic_nut/OK/S0223/plastic_nut_0223_OK_C1_20230930144242.jpg,366.3927917480469,589.623779296875,1062.921875
odd_s2,plastic_nut/OK/S0223/plastic_nut_0223_OK_C1_20230930144242.jpg,365.27008056640625,588.7803955078125,1231.549072265625
balanced_s0,plastic_nut/OK/S0223/plastic_nut_0223_OK_C1_20230930144242.jpg,363.38861083984375,580.6146850585938,1019.78857421875
balanced_s1,plastic_nut/OK/S0223/plastic_nut_0223_OK_C1_20230930144242.jpg,355.27105712890625,564.3192138671875,1100.5283203125
balanced_s2,plastic_nut/OK/S0223/plastic_nut_0223_OK_C1_20230930144242.jpg,358.88421630859375,574.731201171875,1121.624755859375
random_s0,plastic_nut/OK/S0223/plastic_nut_0223_OK_C1_20230930144242.jpg,370.02520751953125,599.0406494140625,1034.140625
random_s1,plastic_nut/OK/S0223/plastic_nut_0223_OK_C1_20230930144242.jpg,361.6593322753906,592.851806640625,1034.140625
random_s2,plastic_nut/OK/S0223/plastic_nut_0223_OK_C1_20230930144242.jpg,355.4202880859375,586.7579956054688,997.041259765625
odd_s0,plastic_nut/OK/S0223/plastic_nut_0223_OK_C2_20230930144242.jpg,373.14678955078125,573.7720336914062,802.626708984375
odd_s1,plastic_nut/OK/S0223/plastic_nut_0223_OK_C2_20230930144242.jpg,362.954345703125,585.9533081054688,843.4736328125
odd_s2,plastic_nut/OK/S0223/plastic_nut_0223_OK_C2_20230930144242.jpg,367.2046203613281,573.6874389648438,872.57373046875
balanced_s0,plastic_nut/OK/S0223/plastic_nut_0223_OK_C2_20230930144242.jpg,361.69287109375,574.634521484375,890.59521484375
balanced_s1,plastic_nut/OK/S0223/plastic_nut_0223_OK_C2_20230930144242.jpg,364.3009948730469,580.29296875,922.4638671875
balanced_s2,plastic_nut/OK/S0223/plastic_nut_0223_OK_C2_20230930144242.jpg,374.05780029296875,587.6796875,836.4248046875
random_s0,plastic_nut/OK/S0223/plastic_nut_0223_OK_C2_20230930144242.jpg,368.0578308105469,577.05615234375,826.2890625
random_s1,plastic_nut/OK/S0223/plastic_nut_0223_OK_C2_20230930144242.jpg,367.5863037109375,579.9403076171875,830.52587890625
random_s2,plastic_nut/OK/S0223/plastic_nut_0223_OK_C2_20230930144242.jpg,369.70953369140625,574.3977661132812,879.97900390625
odd_s0,plastic_nut/OK/S0223/plastic_nut_0223_OK_C3_20230930144242.jpg,360.20703125,565.407958984375,997.46044921875
odd_s1,plastic_nut/OK/S0223/plastic_nut_0223_OK_C3_20230930144242.jpg,348.7318115234375,572.926025390625,920.283935546875
odd_s2,plastic_nut/OK/S0223/plastic_nut_0223_OK_C3_20230930144242.jpg,360.4685363769531,569.43115234375,1004.957275390625
balanced_s0,plastic_nut/OK/S0223/plastic_nut_0223_OK_C3_20230930144242.jpg,348.599609375,564.2640380859375,929.9130859375
balanced_s1,plastic_nut/OK/S0223/plastic_nut_0223_OK_C3_20230930144242.jpg,354.246337890625,563.022705078125,901.235107421875
balanced_s2,plastic_nut/OK/S0223/plastic_nut_0223_OK_C3_20230930144242.jpg,363.10693359375,563.9248657226562,1066.61474609375
random_s0,plastic_nut/OK/S0223/plastic_nut_0223_OK_C3_20230930144242.jpg,357.84674072265625,561.3505859375,952.24169921875
random_s1,plastic_nut/OK/S0223/plastic_nut_0223_OK_C3_20230930144242.jpg,355.69696044921875,568.1868286132812,904.12890625
random_s2,plastic_nut/OK/S0223/plastic_nut_0223_OK_C3_20230930144242.jpg,359.50274658203125,574.717041015625,895.43994140625
odd_s0,plastic_nut/OK/S0223/plastic_nut_0223_OK_C4_20230930144242.jpg,366.4338073730469,572.7343139648438,1228.918701171875
odd_s1,plastic_nut/OK/S0223/plastic_nut_0223_OK_C4_20230930144242.jpg,361.87603759765625,565.7681274414062,1054.910888671875
odd_s2,plastic_nut/OK/S0223/plastic_nut_0223_OK_C4_20230930144242.jpg,369.83203125,561.2471313476562,1228.918701171875
balanced_s0,plastic_nut/OK/S0223/plastic_nut_0223_OK_C4_20230930144242.jpg,363.78057861328125,573.7645263671875,1262.268310546875
balanced_s1,plastic_nut/OK/S0223/plastic_nut_0223_OK_C4_20230930144242.jpg,359.9773864746094,562.8108520507812,1228.209228515625
balanced_s2,plastic_nut/OK/S0223/plastic_nut_0223_OK_C4_20230930144242.jpg,373.2283020019531,572.3052368164062,1309.5947265625
random_s0,plastic_nut/OK/S0223/plastic_nut_0223_OK_C4_20230930144242.jpg,372.29071044921875,576.3134155273438,1228.918701171875
random_s1,plastic_nut/OK/S0223/plastic_nut_0223_OK_C4_20230930144242.jpg,373.6976318359375,580.6539306640625,1089.992919921875
random_s2,plastic_nut/OK/S0223/plastic_nut_0223_OK_C4_20230930144242.jpg,365.518310546875,568.466552734375,1089.992919921875
odd_s0,plastic_nut/OK/S0223/plastic_nut_0223_OK_C5_20230930144242.jpg,371.63006591796875,573.5860595703125,967.36669921875
odd_s1,plastic_nut/OK/S0223/plastic_nut_0223_OK_C5_20230930144242.jpg,364.2451171875,573.7960205078125,997.92138671875
odd_s2,plastic_nut/OK/S0223/plastic_nut_0223_OK_C5_20230930144242.jpg,367.23724365234375,570.5847778320312,999.1875
balanced_s0,plastic_nut/OK/S0223/plastic_nut_0223_OK_C5_20230930144242.jpg,362.38250732421875,562.8907470703125,1009.478271484375
balanced_s1,plastic_nut/OK/S0223/plastic_nut_0223_OK_C5_20230930144242.jpg,366.919921875,572.5049438476562,967.997314453125
balanced_s2,plastic_nut/OK/S0223/plastic_nut_0223_OK_C5_20230930144242.jpg,371.0467529296875,572.656982421875,986.55078125
random_s0,plastic_nut/OK/S0223/plastic_nut_0223_OK_C5_20230930144242.jpg,369.2795715332031,576.115966796875,966.402099609375
random_s1,plastic_nut/OK/S0223/plastic_nut_0223_OK_C5_20230930144242.jpg,356.7191467285156,566.9035034179688,916.84814453125
random_s2,plastic_nut/OK/S0223/plastic_nut_0223_OK_C5_20230930144242.jpg,365.76025390625,570.2813110351562,916.84814453125
odd_s0,plastic_nut/OK/S0228/plastic_nut_0228_OK_C1_20230930144506.jpg,333.10595703125,540.1791381835938,833.96435546875
odd_s1,plastic_nut/OK/S0228/plastic_nut_0228_OK_C1_20230930144506.jpg,332.76953125,540.031005859375,881.015625
odd_s2,plastic_nut/OK/S0228/plastic_nut_0228_OK_C1_20230930144506.jpg,334.49749755859375,549.3514404296875,881.015625
balanced_s0,plastic_nut/OK/S0228/plastic_nut_0228_OK_C1_20230930144506.jpg,334.4184875488281,538.8734130859375,987.566650390625
balanced_s1,plastic_nut/OK/S0228/plastic_nut_0228_OK_C1_20230930144506.jpg,331.518310546875,531.7811279296875,820.6357421875
balanced_s2,plastic_nut/OK/S0228/plastic_nut_0228_OK_C1_20230930144506.jpg,331.6109924316406,540.2880249023438,905.84912109375
random_s0,plastic_nut/OK/S0228/plastic_nut_0228_OK_C1_20230930144506.jpg,337.93145751953125,541.658203125,948.709716796875
random_s1,plastic_nut/OK/S0228/plastic_nut_0228_OK_C1_20230930144506.jpg,328.61798095703125,539.541748046875,948.709716796875
random_s2,plastic_nut/OK/S0228/plastic_nut_0228_OK_C1_20230930144506.jpg,330.0740966796875,539.7664794921875,948.709716796875
odd_s0,plastic_nut/OK/S0228/plastic_nut_0228_OK_C2_20230930144506.jpg,339.78106689453125,528.82080078125,853.93798828125
odd_s1,plastic_nut/OK/S0228/plastic_nut_0228_OK_C2_20230930144506.jpg,324.9820251464844,515.7421875,822.5400390625
odd_s2,plastic_nut/OK/S0228/plastic_nut_0228_OK_C2_20230930144506.jpg,331.1640625,521.572998046875,950.3544921875
balanced_s0,plastic_nut/OK/S0228/plastic_nut_0228_OK_C2_20230930144506.jpg,329.04058837890625,521.1735229492188,733.582275390625
balanced_s1,plastic_nut/OK/S0228/plastic_nut_0228_OK_C2_20230930144506.jpg,333.7894592285156,527.0556640625,754.195556640625
balanced_s2,plastic_nut/OK/S0228/plastic_nut_0228_OK_C2_20230930144506.jpg,335.15020751953125,525.7318115234375,787.59765625
random_s0,plastic_nut/OK/S0228/plastic_nut_0228_OK_C2_20230930144506.jpg,335.11572265625,527.342041015625,758.296875
random_s1,plastic_nut/OK/S0228/plastic_nut_0228_OK_C2_20230930144506.jpg,337.66497802734375,529.1380615234375,889.36376953125
random_s2,plastic_nut/OK/S0228/plastic_nut_0228_OK_C2_20230930144506.jpg,334.78790283203125,523.9827880859375,729.74267578125
odd_s0,plastic_nut/OK/S0228/plastic_nut_0228_OK_C3_20230930144506.jpg,336.52056884765625,535.190673828125,1069.24951171875
odd_s1,plastic_nut/OK/S0228/plastic_nut_0228_OK_C3_20230930144506.jpg,318.84259033203125,518.4385375976562,1052.6064453125
odd_s2,plastic_nut/OK/S0228/plastic_nut_0228_OK_C3_20230930144506.jpg,331.0440368652344,522.2745971679688,1114.0537109375
balanced_s0,plastic_nut/OK/S0228/plastic_nut_0228_OK_C3_20230930144506.jpg,323.9936828613281,519.8753051757812,901.19970703125
balanced_s1,plastic_nut/OK/S0228/plastic_nut_0228_OK_C3_20230930144506.jpg,327.6647644042969,516.241943359375,878.0546875
balanced_s2,plastic_nut/OK/S0228/plastic_nut_0228_OK_C3_20230930144506.jpg,334.05279541015625,522.8966064453125,901.19970703125
random_s0,plastic_nut/OK/S0228/plastic_nut_0228_OK_C3_20230930144506.jpg,333.0074157714844,523.0492553710938,896.169189453125
random_s1,plastic_nut/OK/S0228/plastic_nut_0228_OK_C3_20230930144506.jpg,329.26043701171875,530.7738037109375,896.169189453125
random_s2,plastic_nut/OK/S0228/plastic_nut_0228_OK_C3_20230930144506.jpg,328.8621826171875,518.2974243164062,732.01513671875
odd_s0,plastic_nut/OK/S0228/plastic_nut_0228_OK_C4_20230930144506.jpg,340.146728515625,531.3544921875,817.68798828125
odd_s1,plastic_nut/OK/S0228/plastic_nut_0228_OK_C4_20230930144506.jpg,337.3656921386719,527.7734375,1018.14794921875
odd_s2,plastic_nut/OK/S0228/plastic_nut_0228_OK_C4_20230930144506.jpg,344.33380126953125,527.234130859375,852.25146484375
balanced_s0,plastic_nut/OK/S0228/plastic_nut_0228_OK_C4_20230930144506.jpg,337.22076416015625,526.7330322265625,728.128173828125
balanced_s1,plastic_nut/OK/S0228/plastic_nut_0228_OK_C4_20230930144506.jpg,340.03228759765625,532.4151000976562,724.40185546875
balanced_s2,plastic_nut/OK/S0228/plastic_nut_0228_OK_C4_20230930144506.jpg,351.7274169921875,542.4719848632812,774.309814453125
random_s0,plastic_nut/OK/S0228/plastic_nut_0228_OK_C4_20230930144506.jpg,350.6145935058594,537.8980712890625,960.1513671875
random_s1,plastic_nut/OK/S0228/plastic_nut_0228_OK_C4_20230930144506.jpg,347.34234619140625,542.609130859375,807.859130859375
random_s2,plastic_nut/OK/S0228/plastic_nut_0228_OK_C4_20230930144506.jpg,343.4195556640625,530.4495849609375,821.83984375
odd_s0,plastic_nut/OK/S0228/plastic_nut_0228_OK_C5_20230930144506.jpg,342.2713317871094,529.5468139648438,967.029296875
odd_s1,plastic_nut/OK/S0228/plastic_nut_0228_OK_C5_20230930144506.jpg,334.84735107421875,525.8444213867188,907.36083984375
odd_s2,plastic_nut/OK/S0228/plastic_nut_0228_OK_C5_20230930144506.jpg,337.9981994628906,527.3649291992188,954.9765625
balanced_s0,plastic_nut/OK/S0228/plastic_nut_0228_OK_C5_20230930144506.jpg,330.282958984375,517.5271606445312,766.216552734375
balanced_s1,plastic_nut/OK/S0228/plastic_nut_0228_OK_C5_20230930144506.jpg,336.75762939453125,525.2373046875,758.104248046875
balanced_s2,plastic_nut/OK/S0228/plastic_nut_0228_OK_C5_20230930144506.jpg,341.2044677734375,526.308349609375,744.271728515625
random_s0,plastic_nut/OK/S0228/plastic_nut_0228_OK_C5_20230930144506.jpg,335.2059326171875,519.965576171875,804.008056640625
random_s1,plastic_nut/OK/S0228/plastic_nut_0228_OK_C5_20230930144506.jpg,332.8706970214844,517.989990234375,756.3486328125
random_s2,plastic_nut/OK/S0228/plastic_nut_0228_OK_C5_20230930144506.jpg,337.3349609375,524.8330078125,802.11572265625
odd_s0,plastic_nut/OK/S0236/plastic_nut_0236_OK_C1_20230930145126.jpg,337.5804443359375,548.5181884765625,1469.6181640625
odd_s1,plastic_nut/OK/S0236/plastic_nut_0236_OK_C1_20230930145126.jpg,340.218017578125,545.8069458007812,1469.6181640625
odd_s2,plastic_nut/OK/S0236/plastic_nut_0236_OK_C1_20230930145126.jpg,339.2524719238281,537.4998168945312,1469.6181640625
balanced_s0,plastic_nut/OK/S0236/plastic_nut_0236_OK_C1_20230930145126.jpg,339.73028564453125,555.4336547851562,871.056884765625
balanced_s1,plastic_nut/OK/S0236/plastic_nut_0236_OK_C1_20230930145126.jpg,335.5386962890625,537.4570922851562,966.5419921875
balanced_s2,plastic_nut/OK/S0236/plastic_nut_0236_OK_C1_20230930145126.jpg,337.32257080078125,540.5037231445312,939.236328125
random_s0,plastic_nut/OK/S0236/plastic_nut_0236_OK_C1_20230930145126.jpg,344.7768249511719,548.04296875,967.80322265625
random_s1,plastic_nut/OK/S0236/plastic_nut_0236_OK_C1_20230930145126.jpg,332.6446228027344,541.0147705078125,887.7021484375
random_s2,plastic_nut/OK/S0236/plastic_nut_0236_OK_C1_20230930145126.jpg,333.0828552246094,532.6121826171875,966.256591796875
odd_s0,plastic_nut/OK/S0236/plastic_nut_0236_OK_C2_20230930145126.jpg,353.65130615234375,549.2353515625,784.0
odd_s1,plastic_nut/OK/S0236/plastic_nut_0236_OK_C2_20230930145126.jpg,336.54010009765625,534.5504150390625,796.1611328125
odd_s2,plastic_nut/OK/S0236/plastic_nut_0236_OK_C2_20230930145126.jpg,343.08868408203125,531.691650390625,876.948486328125
balanced_s0,plastic_nut/OK/S0236/plastic_nut_0236_OK_C2_20230930145126.jpg,341.39697265625,538.3387451171875,828.4521484375
balanced_s1,plastic_nut/OK/S0236/plastic_nut_0236_OK_C2_20230930145126.jpg,342.4992370605469,531.449462890625,872.427001953125
balanced_s2,plastic_nut/OK/S0236/plastic_nut_0236_OK_C2_20230930145126.jpg,346.5430908203125,535.399658203125,844.334228515625
random_s0,plastic_nut/OK/S0236/plastic_nut_0236_OK_C2_20230930145126.jpg,346.791259765625,539.73046875,798.88623046875
random_s1,plastic_nut/OK/S0236/plastic_nut_0236_OK_C2_20230930145126.jpg,347.12530517578125,537.7661743164062,790.43505859375
random_s2,plastic_nut/OK/S0236/plastic_nut_0236_OK_C2_20230930145126.jpg,346.08966064453125,531.4915771484375,852.50732421875
odd_s0,plastic_nut/OK/S0236/plastic_nut_0236_OK_C3_20230930145126.jpg,342.0029296875,531.9239501953125,915.7412109375
odd_s1,plastic_nut/OK/S0236/plastic_nut_0236_OK_C3_20230930145126.jpg,325.7435302734375,528.738525390625,911.1123046875
odd_s2,plastic_nut/OK/S0236/plastic_nut_0236_OK_C3_20230930145126.jpg,337.8443908691406,537.3768920898438,990.353515625
balanced_s0,plastic_nut/OK/S0236/plastic_nut_0236_OK_C3_20230930145126.jpg,328.4205322265625,529.5044555664062,824.140869140625
balanced_s1,plastic_nut/OK/S0236/plastic_nut_0236_OK_C3_20230930145126.jpg,332.98968505859375,526.4131469726562,929.0771484375
balanced_s2,plastic_nut/OK/S0236/plastic_nut_0236_OK_C3_20230930145126.jpg,339.9259033203125,533.588623046875,929.0771484375
random_s0,plastic_nut/OK/S0236/plastic_nut_0236_OK_C3_20230930145126.jpg,337.9783630371094,533.705322265625,816.511474609375
random_s1,plastic_nut/OK/S0236/plastic_nut_0236_OK_C3_20230930145126.jpg,338.42578125,537.9746704101562,833.88623046875
random_s2,plastic_nut/OK/S0236/plastic_nut_0236_OK_C3_20230930145126.jpg,337.025146484375,531.6853637695312,822.044189453125
odd_s0,plastic_nut/OK/S0236/plastic_nut_0236_OK_C4_20230930145126.jpg,346.7074279785156,534.5292358398438,838.7568359375
odd_s1,plastic_nut/OK/S0236/plastic_nut_0236_OK_C4_20230930145126.jpg,341.7757568359375,532.3480224609375,862.953125
odd_s2,plastic_nut/OK/S0236/plastic_nut_0236_OK_C4_20230930145126.jpg,345.8482971191406,537.259765625,837.443359375
balanced_s0,plastic_nut/OK/S0236/plastic_nut_0236_OK_C4_20230930145126.jpg,342.7681884765625,530.9021606445312,796.12646484375
balanced_s1,plastic_nut/OK/S0236/plastic_nut_0236_OK_C4_20230930145126.jpg,344.81085205078125,537.9312744140625,780.0693359375
balanced_s2,plastic_nut/OK/S0236/plastic_nut_0236_OK_C4_20230930145126.jpg,354.39556884765625,544.419921875,831.099609375
random_s0,plastic_nut/OK/S0236/plastic_nut_0236_OK_C4_20230930145126.jpg,352.001953125,544.6353759765625,842.8671875
random_s1,plastic_nut/OK/S0236/plastic_nut_0236_OK_C4_20230930145126.jpg,349.05194091796875,539.9600830078125,842.8671875
random_s2,plastic_nut/OK/S0236/plastic_nut_0236_OK_C4_20230930145126.jpg,350.33001708984375,540.018798828125,904.77001953125
odd_s0,plastic_nut/OK/S0236/plastic_nut_0236_OK_C5_20230930145126.jpg,345.84027099609375,538.40283203125,910.171875
odd_s1,plastic_nut/OK/S0236/plastic_nut_0236_OK_C5_20230930145126.jpg,336.7645263671875,526.9614868164062,849.484375
odd_s2,plastic_nut/OK/S0236/plastic_nut_0236_OK_C5_20230930145126.jpg,340.84814453125,523.507568359375,755.42333984375
balanced_s0,plastic_nut/OK/S0236/plastic_nut_0236_OK_C5_20230930145126.jpg,335.33587646484375,519.568603515625,790.37353515625
balanced_s1,plastic_nut/OK/S0236/plastic_nut_0236_OK_C5_20230930145126.jpg,339.8994140625,521.0257568359375,891.544921875
balanced_s2,plastic_nut/OK/S0236/plastic_nut_0236_OK_C5_20230930145126.jpg,348.010498046875,528.3687744140625,810.869384765625
random_s0,plastic_nut/OK/S0236/plastic_nut_0236_OK_C5_20230930145126.jpg,338.929443359375,522.1150512695312,832.798583984375
random_s1,plastic_nut/OK/S0236/plastic_nut_0236_OK_C5_20230930145126.jpg,338.38067626953125,528.124267578125,839.8955078125
random_s2,plastic_nut/OK/S0236/plastic_nut_0236_OK_C5_20230930145126.jpg,342.1553649902344,523.7286987304688,797.94287109375
odd_s0,plastic_nut/OK/S0238/plastic_nut_0238_OK_C1_20230930145323.jpg,347.5513610839844,559.9365844726562,1766.1328125
odd_s1,plastic_nut/OK/S0238/plastic_nut_0238_OK_C1_20230930145323.jpg,347.6863708496094,559.0609130859375,1766.1328125
odd_s2,plastic_nut/OK/S0238/plastic_nut_0238_OK_C1_20230930145323.jpg,344.76043701171875,551.3240966796875,1766.1328125
balanced_s0,plastic_nut/OK/S0238/plastic_nut_0238_OK_C1_20230930145323.jpg,344.83642578125,551.597900390625,960.290771484375
balanced_s1,plastic_nut/OK/S0238/plastic_nut_0238_OK_C1_20230930145323.jpg,340.7889404296875,548.1090698242188,945.3896484375
balanced_s2,plastic_nut/OK/S0238/plastic_nut_0238_OK_C1_20230930145323.jpg,345.49053955078125,546.05322265625,882.873046875
random_s0,plastic_nut/OK/S0238/plastic_nut_0238_OK_C1_20230930145323.jpg,350.6277160644531,563.5921630859375,960.7158203125
random_s1,plastic_nut/OK/S0238/plastic_nut_0238_OK_C1_20230930145323.jpg,340.2801208496094,552.771484375,940.57763671875
random_s2,plastic_nut/OK/S0238/plastic_nut_0238_OK_C1_20230930145323.jpg,339.4053649902344,545.466796875,960.7158203125
odd_s0,plastic_nut/OK/S0238/plastic_nut_0238_OK_C2_20230930145323.jpg,353.5745544433594,540.059814453125,843.529052734375
odd_s1,plastic_nut/OK/S0238/plastic_nut_0238_OK_C2_20230930145323.jpg,340.86248779296875,526.98876953125,977.399169921875
odd_s2,plastic_nut/OK/S0238/plastic_nut_0238_OK_C2_20230930145323.jpg,347.67864990234375,532.4393310546875,843.529052734375
balanced_s0,plastic_nut/OK/S0238/plastic_nut_0238_OK_C2_20230930145323.jpg,342.8139953613281,534.2083129882812,787.17822265625
balanced_s1,plastic_nut/OK/S0238/plastic_nut_0238_OK_C2_20230930145323.jpg,347.4143981933594,528.4700927734375,806.16650390625
balanced_s2,plastic_nut/OK/S0238/plastic_nut_0238_OK_C2_20230930145323.jpg,349.5645446777344,535.054443359375,779.392578125
random_s0,plastic_nut/OK/S0238/plastic_nut_0238_OK_C2_20230930145323.jpg,348.3563232421875,535.1639404296875,897.398193359375
random_s1,plastic_nut/OK/S0238/plastic_nut_0238_OK_C2_20230930145323.jpg,350.4961242675781,534.2442626953125,808.0654296875
random_s2,plastic_nut/OK/S0238/plastic_nut_0238_OK_C2_20230930145323.jpg,347.12127685546875,532.5611572265625,897.398193359375
odd_s0,plastic_nut/OK/S0238/plastic_nut_0238_OK_C3_20230930145323.jpg,352.305419921875,554.7930908203125,1002.4306640625
odd_s1,plastic_nut/OK/S0238/plastic_nut_0238_OK_C3_20230930145323.jpg,338.573486328125,546.135986328125,990.3330078125
odd_s2,plastic_nut/OK/S0238/plastic_nut_0238_OK_C3_20230930145323.jpg,349.52520751953125,553.3201904296875,1065.8759765625
balanced_s0,plastic_nut/OK/S0238/plastic_nut_0238_OK_C3_20230930145323.jpg,340.34893798828125,540.7652587890625,904.3203125
balanced_s1,plastic_nut/OK/S0238/plastic_nut_0238_OK_C3_20230930145323.jpg,346.00994873046875,545.249755859375,793.27490234375
balanced_s2,plastic_nut/OK/S0238/plastic_nut_0238_OK_C3_20230930145323.jpg,351.20849609375,548.5562744140625,804.4296875
random_s0,plastic_nut/OK/S0238/plastic_nut_0238_OK_C3_20230930145323.jpg,349.9577941894531,545.5853271484375,837.668701171875
random_s1,plastic_nut/OK/S0238/plastic_nut_0238_OK_C3_20230930145323.jpg,346.6735534667969,552.7636108398438,825.38134765625
random_s2,plastic_nut/OK/S0238/plastic_nut_0238_OK_C3_20230930145323.jpg,349.2319030761719,555.088623046875,803.282958984375
odd_s0,plastic_nut/OK/S0238/plastic_nut_0238_OK_C4_20230930145323.jpg,355.5627136230469,557.1197509765625,1047.4541015625
odd_s1,plastic_nut/OK/S0238/plastic_nut_0238_OK_C4_20230930145323.jpg,352.1990966796875,550.9349365234375,983.106201171875
odd_s2,plastic_nut/OK/S0238/plastic_nut_0238_OK_C4_20230930145323.jpg,356.9729919433594,551.838134765625,888.9052734375
balanced_s0,plastic_nut/OK/S0238/plastic_nut_0238_OK_C4_20230930145323.jpg,351.88604736328125,545.9481811523438,835.7802734375
balanced_s1,plastic_nut/OK/S0238/plastic_nut_0238_OK_C4_20230930145323.jpg,351.1867370605469,555.41259765625,898.467041015625
balanced_s2,plastic_nut/OK/S0238/plastic_nut_0238_OK_C4_20230930145323.jpg,364.1087646484375,555.8793334960938,826.55224609375
random_s0,plastic_nut/OK/S0238/plastic_nut_0238_OK_C4_20230930145323.jpg,360.90087890625,549.5646362304688,1075.080810546875
random_s1,plastic_nut/OK/S0238/plastic_nut_0238_OK_C4_20230930145323.jpg,358.456787109375,557.965576171875,825.27294921875
random_s2,plastic_nut/OK/S0238/plastic_nut_0238_OK_C4_20230930145323.jpg,356.9578552246094,556.1900634765625,972.294921875
odd_s0,plastic_nut/OK/S0238/plastic_nut_0238_OK_C5_20230930145323.jpg,354.9582214355469,549.323486328125,931.488525390625
odd_s1,plastic_nut/OK/S0238/plastic_nut_0238_OK_C5_20230930145323.jpg,349.9871520996094,546.3902587890625,854.55029296875
odd_s2,plastic_nut/OK/S0238/plastic_nut_0238_OK_C5_20230930145323.jpg,350.866455078125,543.2549438476562,854.55029296875
balanced_s0,plastic_nut/OK/S0238/plastic_nut_0238_OK_C5_20230930145323.jpg,348.0487060546875,544.883056640625,820.716552734375
balanced_s1,plastic_nut/OK/S0238/plastic_nut_0238_OK_C5_20230930145323.jpg,351.2187194824219,541.7001953125,801.716552734375
balanced_s2,plastic_nut/OK/S0238/plastic_nut_0238_OK_C5_20230930145323.jpg,355.1975402832031,548.161376953125,851.018798828125
random_s0,plastic_nut/OK/S0238/plastic_nut_0238_OK_C5_20230930145323.jpg,348.44525146484375,545.7527465820312,975.769287109375
random_s1,plastic_nut/OK/S0238/plastic_nut_0238_OK_C5_20230930145323.jpg,347.49310302734375,545.2596435546875,906.0791015625
random_s2,plastic_nut/OK/S0238/plastic_nut_0238_OK_C5_20230930145323.jpg,349.4425964355469,544.9713134765625,770.7822265625
odd_s0,plastic_nut/OK/S0247/plastic_nut_0247_OK_C1_20230930145732.jpg,342.1287841796875,553.3526000976562,1522.7080078125
odd_s1,plastic_nut/OK/S0247/plastic_nut_0247_OK_C1_20230930145732.jpg,348.6668701171875,552.3167724609375,1522.7080078125
odd_s2,plastic_nut/OK/S0247/plastic_nut_0247_OK_C1_20230930145732.jpg,344.90216064453125,545.10986328125,1522.7080078125
balanced_s0,plastic_nut/OK/S0247/plastic_nut_0247_OK_C1_20230930145732.jpg,341.8924255371094,552.1238403320312,1066.814697265625
balanced_s1,plastic_nut/OK/S0247/plastic_nut_0247_OK_C1_20230930145732.jpg,342.8147888183594,542.0267944335938,891.991943359375
balanced_s2,plastic_nut/OK/S0247/plastic_nut_0247_OK_C1_20230930145732.jpg,342.37530517578125,545.6071166992188,969.6396484375
random_s0,plastic_nut/OK/S0247/plastic_nut_0247_OK_C1_20230930145732.jpg,351.12969970703125,557.9378662109375,993.818115234375
random_s1,plastic_nut/OK/S0247/plastic_nut_0247_OK_C1_20230930145732.jpg,336.4185791015625,537.0177001953125,939.619140625
random_s2,plastic_nut/OK/S0247/plastic_nut_0247_OK_C1_20230930145732.jpg,336.9694519042969,537.5816650390625,848.258544921875
odd_s0,plastic_nut/OK/S0247/plastic_nut_0247_OK_C2_20230930145732.jpg,344.46002197265625,529.2815551757812,860.96533203125
odd_s1,plastic_nut/OK/S0247/plastic_nut_0247_OK_C2_20230930145732.jpg,334.25640869140625,522.7400512695312,799.0966796875
odd_s2,plastic_nut/OK/S0247/plastic_nut_0247_OK_C2_20230930145732.jpg,337.46990966796875,527.9550170898438,793.58056640625
balanced_s0,plastic_nut/OK/S0247/plastic_nut_0247_OK_C2_20230930145732.jpg,335.00042724609375,529.7164306640625,915.500732421875
balanced_s1,plastic_nut/OK/S0247/plastic_nut_0247_OK_C2_20230930145732.jpg,341.42669677734375,527.6231689453125,839.041259765625
balanced_s2,plastic_nut/OK/S0247/plastic_nut_0247_OK_C2_20230930145732.jpg,342.76422119140625,526.1800537109375,795.03076171875
random_s0,plastic_nut/OK/S0247/plastic_nut_0247_OK_C2_20230930145732.jpg,341.584716796875,529.4824829101562,841.71044921875
random_s1,plastic_nut/OK/S0247/plastic_nut_0247_OK_C2_20230930145732.jpg,343.4299621582031,533.3834838867188,853.3671875
random_s2,plastic_nut/OK/S0247/plastic_nut_0247_OK_C2_20230930145732.jpg,342.22955322265625,528.751708984375,929.75146484375
odd_s0,plastic_nut/OK/S0247/plastic_nut_0247_OK_C3_20230930145732.jpg,333.30999755859375,524.9984130859375,1226.287109375
odd_s1,plastic_nut/OK/S0247/plastic_nut_0247_OK_C3_20230930145732.jpg,319.9234924316406,518.1392822265625,1211.445556640625
odd_s2,plastic_nut/OK/S0247/plastic_nut_0247_OK_C3_20230930145732.jpg,331.20880126953125,521.4896240234375,1265.0947265625
balanced_s0,plastic_nut/OK/S0247/plastic_nut_0247_OK_C3_20230930145732.jpg,322.55206298828125,523.722900390625,780.48583984375
balanced_s1,plastic_nut/OK/S0247/plastic_nut_0247_OK_C3_20230930145732.jpg,326.3670654296875,515.28955078125,691.4072265625
balanced_s2,plastic_nut/OK/S0247/plastic_nut_0247_OK_C3_20230930145732.jpg,335.1319885253906,528.3201904296875,752.79345703125
random_s0,plastic_nut/OK/S0247/plastic_nut_0247_OK_C3_20230930145732.jpg,331.7222900390625,530.7613525390625,789.84619140625
random_s1,plastic_nut/OK/S0247/plastic_nut_0247_OK_C3_20230930145732.jpg,329.71551513671875,527.404052734375,754.96630859375
random_s2,plastic_nut/OK/S0247/plastic_nut_0247_OK_C3_20230930145732.jpg,332.1239929199219,523.1990966796875,822.1044921875
odd_s0,plastic_nut/OK/S0247/plastic_nut_0247_OK_C4_20230930145732.jpg,350.41455078125,548.7789916992188,822.427490234375
odd_s1,plastic_nut/OK/S0247/plastic_nut_0247_OK_C4_20230930145732.jpg,343.27874755859375,540.0953979492188,799.2705078125
odd_s2,plastic_nut/OK/S0247/plastic_nut_0247_OK_C4_20230930145732.jpg,347.00787353515625,541.85400390625,847.46142578125
balanced_s0,plastic_nut/OK/S0247/plastic_nut_0247_OK_C4_20230930145732.jpg,343.20245361328125,536.564208984375,811.62353515625
balanced_s1,plastic_nut/OK/S0247/plastic_nut_0247_OK_C4_20230930145732.jpg,340.59112548828125,530.855712890625,774.4033203125
balanced_s2,plastic_nut/OK/S0247/plastic_nut_0247_OK_C4_20230930145732.jpg,357.34625244140625,549.0120239257812,860.0634765625
random_s0,plastic_nut/OK/S0247/plastic_nut_0247_OK_C4_20230930145732.jpg,354.7483825683594,543.5205078125,842.594970703125
random_s1,plastic_nut/OK/S0247/plastic_nut_0247_OK_C4_20230930145732.jpg,347.6412353515625,542.9865112304688,776.36376953125
random_s2,plastic_nut/OK/S0247/plastic_nut_0247_OK_C4_20230930145732.jpg,349.616943359375,543.6611328125,802.917724609375
odd_s0,plastic_nut/OK/S0247/plastic_nut_0247_OK_C5_20230930145732.jpg,342.2665710449219,529.486083984375,1004.34228515625
odd_s1,plastic_nut/OK/S0247/plastic_nut_0247_OK_C5_20230930145732.jpg,334.2378234863281,525.5416870117188,998.6884765625
odd_s2,plastic_nut/OK/S0247/plastic_nut_0247_OK_C5_20230930145732.jpg,342.097412109375,525.1322021484375,996.84375
balanced_s0,plastic_nut/OK/S0247/plastic_nut_0247_OK_C5_20230930145732.jpg,335.9349670410156,525.1763916015625,779.17333984375
balanced_s1,plastic_nut/OK/S0247/plastic_nut_0247_OK_C5_20230930145732.jpg,341.6973571777344,526.0218505859375,724.576416015625
balanced_s2,plastic_nut/OK/S0247/plastic_nut_0247_OK_C5_20230930145732.jpg,340.14178466796875,526.1824951171875,712.724609375
random_s0,plastic_nut/OK/S0247/plastic_nut_0247_OK_C5_20230930145732.jpg,339.5146484375,527.4620971679688,751.0703125
random_s1,plastic_nut/OK/S0247/plastic_nut_0247_OK_C5_20230930145732.jpg,336.4012756347656,522.2070922851562,751.0703125
random_s2,plastic_nut/OK/S0247/plastic_nut_0247_OK_C5_20230930145732.jpg,337.64398193359375,522.28662109375,817.125
odd_s0,plastic_nut/OK/S0259/plastic_nut_0259_OK_C1_20230930150223.jpg,328.3875732421875,534.3751220703125,995.7470703125
odd_s1,plastic_nut/OK/S0259/plastic_nut_0259_OK_C1_20230930150223.jpg,329.03118896484375,535.5398559570312,901.1123046875
odd_s2,plastic_nut/OK/S0259/plastic_nut_0259_OK_C1_20230930150223.jpg,330.42034912109375,536.6064453125,926.4501953125
balanced_s0,plastic_nut/OK/S0259/plastic_nut_0259_OK_C1_20230930150223.jpg,332.91131591796875,539.4134521484375,778.59375
balanced_s1,plastic_nut/OK/S0259/plastic_nut_0259_OK_C1_20230930150223.jpg,327.496337890625,525.3291015625,760.52783203125
balanced_s2,plastic_nut/OK/S0259/plastic_nut_0259_OK_C1_20230930150223.jpg,327.1689453125,528.3856811523438,760.52783203125
random_s0,plastic_nut/OK/S0259/plastic_nut_0259_OK_C1_20230930150223.jpg,335.69622802734375,533.512939453125,885.91259765625
random_s1,plastic_nut/OK/S0259/plastic_nut_0259_OK_C1_20230930150223.jpg,322.7397766113281,525.7449951171875,832.755615234375
random_s2,plastic_nut/OK/S0259/plastic_nut_0259_OK_C1_20230930150223.jpg,325.6986083984375,526.5665283203125,836.06591796875
odd_s0,plastic_nut/OK/S0259/plastic_nut_0259_OK_C2_20230930150223.jpg,340.4307556152344,528.9889526367188,1167.84619140625
odd_s1,plastic_nut/OK/S0259/plastic_nut_0259_OK_C2_20230930150223.jpg,328.2776794433594,522.863037109375,1105.755859375
odd_s2,plastic_nut/OK/S0259/plastic_nut_0259_OK_C2_20230930150223.jpg,334.8097229003906,523.8638916015625,1170.916259765625
balanced_s0,plastic_nut/OK/S0259/plastic_nut_0259_OK_C2_20230930150223.jpg,328.9344482421875,521.7417602539062,741.10009765625
balanced_s1,plastic_nut/OK/S0259/plastic_nut_0259_OK_C2_20230930150223.jpg,335.36065673828125,523.0401611328125,897.73046875
balanced_s2,plastic_nut/OK/S0259/plastic_nut_0259_OK_C2_20230930150223.jpg,336.8114318847656,524.1932983398438,715.28369140625
random_s0,plastic_nut/OK/S0259/plastic_nut_0259_OK_C2_20230930150223.jpg,337.4994201660156,528.582275390625,712.531982421875
random_s1,plastic_nut/OK/S0259/plastic_nut_0259_OK_C2_20230930150223.jpg,337.7524108886719,526.0010375976562,801.79296875
random_s2,plastic_nut/OK/S0259/plastic_nut_0259_OK_C2_20230930150223.jpg,337.6024169921875,521.90185546875,755.13037109375
odd_s0,plastic_nut/OK/S0259/plastic_nut_0259_OK_C3_20230930150223.jpg,333.77276611328125,526.622802734375,917.53515625
odd_s1,plastic_nut/OK/S0259/plastic_nut_0259_OK_C3_20230930150223.jpg,319.5712585449219,521.355224609375,921.1796875
odd_s2,plastic_nut/OK/S0259/plastic_nut_0259_OK_C3_20230930150223.jpg,330.6337585449219,525.3670043945312,1024.9755859375
balanced_s0,plastic_nut/OK/S0259/plastic_nut_0259_OK_C3_20230930150223.jpg,324.1425476074219,522.2858276367188,917.49755859375
balanced_s1,plastic_nut/OK/S0259/plastic_nut_0259_OK_C3_20230930150223.jpg,329.50677490234375,525.4373779296875,899.526611328125
balanced_s2,plastic_nut/OK/S0259/plastic_nut_0259_OK_C3_20230930150223.jpg,334.84942626953125,528.465087890625,899.526611328125
random_s0,plastic_nut/OK/S0259/plastic_nut_0259_OK_C3_20230930150223.jpg,331.61541748046875,525.7997436523438,978.863037109375
random_s1,plastic_nut/OK/S0259/plastic_nut_0259_OK_C3_20230930150223.jpg,329.7109680175781,532.5322265625,831.50341796875
random_s2,plastic_nut/OK/S0259/plastic_nut_0259_OK_C3_20230930150223.jpg,330.878662109375,524.4498901367188,885.26513671875
odd_s0,plastic_nut/OK/S0259/plastic_nut_0259_OK_C4_20230930150223.jpg,342.6437072753906,534.2648315429688,855.027587890625
odd_s1,plastic_nut/OK/S0259/plastic_nut_0259_OK_C4_20230930150223.jpg,340.1095275878906,536.3228759765625,769.80029296875
odd_s2,plastic_nut/OK/S0259/plastic_nut_0259_OK_C4_20230930150223.jpg,346.7185363769531,533.6337890625,809.9541015625
balanced_s0,plastic_nut/OK/S0259/plastic_nut_0259_OK_C4_20230930150223.jpg,340.6844177246094,528.8253173828125,794.55859375
balanced_s1,plastic_nut/OK/S0259/plastic_nut_0259_OK_C4_20230930150223.jpg,339.9332580566406,522.08349609375,805.283203125
balanced_s2,plastic_nut/OK/S0259/plastic_nut_0259_OK_C4_20230930150223.jpg,353.3470153808594,535.8038940429688,805.283203125
random_s0,plastic_nut/OK/S0259/plastic_nut_0259_OK_C4_20230930150223.jpg,352.11676025390625,537.2045288085938,845.93701171875
random_s1,plastic_nut/OK/S0259/plastic_nut_0259_OK_C4_20230930150223.jpg,347.969482421875,539.935791015625,805.283203125
random_s2,plastic_nut/OK/S0259/plastic_nut_0259_OK_C4_20230930150223.jpg,347.8125,537.4854736328125,845.93701171875
odd_s0,plastic_nut/OK/S0259/plastic_nut_0259_OK_C5_20230930150223.jpg,343.7278137207031,529.607177734375,765.94873046875
odd_s1,plastic_nut/OK/S0259/plastic_nut_0259_OK_C5_20230930150223.jpg,334.75445556640625,522.90380859375,794.5107421875
odd_s2,plastic_nut/OK/S0259/plastic_nut_0259_OK_C5_20230930150223.jpg,336.67303466796875,523.6759643554688,787.767578125
balanced_s0,plastic_nut/OK/S0259/plastic_nut_0259_OK_C5_20230930150223.jpg,332.2106018066406,517.7628173828125,906.29638671875
balanced_s1,plastic_nut/OK/S0259/plastic_nut_0259_OK_C5_20230930150223.jpg,338.3440856933594,519.5103759765625,803.438720703125
balanced_s2,plastic_nut/OK/S0259/plastic_nut_0259_OK_C5_20230930150223.jpg,340.9892272949219,525.0159912109375,803.438720703125
random_s0,plastic_nut/OK/S0259/plastic_nut_0259_OK_C5_20230930150223.jpg,336.93896484375,523.560546875,805.53271484375
random_s1,plastic_nut/OK/S0259/plastic_nut_0259_OK_C5_20230930150223.jpg,335.91680908203125,526.3216552734375,820.784423828125
random_s2,plastic_nut/OK/S0259/plastic_nut_0259_OK_C5_20230930150223.jpg,335.07989501953125,523.5177001953125,750.469482421875
odd_s0,plastic_nut/OK/S0260/plastic_nut_0260_OK_C1_20230930150255.jpg,334.9383544921875,546.6168823242188,828.764404296875
odd_s1,plastic_nut/OK/S0260/plastic_nut_0260_OK_C1_20230930150255.jpg,335.9390869140625,544.5515747070312,810.16796875
odd_s2,plastic_nut/OK/S0260/plastic_nut_0260_OK_C1_20230930150255.jpg,337.87933349609375,546.8485717773438,853.978515625
balanced_s0,plastic_nut/OK/S0260/plastic_nut_0260_OK_C1_20230930150255.jpg,336.47210693359375,543.2041015625,806.216796875
balanced_s1,plastic_nut/OK/S0260/plastic_nut_0260_OK_C1_20230930150255.jpg,333.1041564941406,528.6768188476562,817.3056640625
balanced_s2,plastic_nut/OK/S0260/plastic_nut_0260_OK_C1_20230930150255.jpg,334.4242248535156,531.9130859375,798.794921875
random_s0,plastic_nut/OK/S0260/plastic_nut_0260_OK_C1_20230930150255.jpg,341.01055908203125,546.3826904296875,859.15673828125
random_s1,plastic_nut/OK/S0260/plastic_nut_0260_OK_C1_20230930150255.jpg,330.3366394042969,537.5853271484375,825.38037109375
random_s2,plastic_nut/OK/S0260/plastic_nut_0260_OK_C1_20230930150255.jpg,331.6495056152344,531.74560546875,770.056640625
odd_s0,plastic_nut/OK/S0260/plastic_nut_0260_OK_C2_20230930150255.jpg,342.74755859375,536.1607666015625,990.5146484375
odd_s1,plastic_nut/OK/S0260/plastic_nut_0260_OK_C2_20230930150255.jpg,333.07562255859375,527.1517333984375,950.55078125
odd_s2,plastic_nut/OK/S0260/plastic_nut_0260_OK_C2_20230930150255.jpg,337.802001953125,532.195556640625,1064.3427734375
balanced_s0,plastic_nut/OK/S0260/plastic_nut_0260_OK_C2_20230930150255.jpg,334.6850280761719,534.3569946289062,973.282470703125
balanced_s1,plastic_nut/OK/S0260/plastic_nut_0260_OK_C2_20230930150255.jpg,340.2823181152344,532.9693603515625,942.5302734375
balanced_s2,plastic_nut/OK/S0260/plastic_nut_0260_OK_C2_20230930150255.jpg,341.88128662109375,536.4131469726562,835.2880859375
random_s0,plastic_nut/OK/S0260/plastic_nut_0260_OK_C2_20230930150255.jpg,341.7698974609375,531.130859375,686.265380859375
random_s1,plastic_nut/OK/S0260/plastic_nut_0260_OK_C2_20230930150255.jpg,341.352783203125,533.1189575195312,740.801513671875
random_s2,plastic_nut/OK/S0260/plastic_nut_0260_OK_C2_20230930150255.jpg,340.51287841796875,529.5181274414062,744.8291015625
odd_s0,plastic_nut/OK/S0260/plastic_nut_0260_OK_C3_20230930150255.jpg,339.87841796875,531.647705078125,1229.03955078125
odd_s1,plastic_nut/OK/S0260/plastic_nut_0260_OK_C3_20230930150255.jpg,323.7243347167969,522.2651977539062,1197.3623046875
odd_s2,plastic_nut/OK/S0260/plastic_nut_0260_OK_C3_20230930150255.jpg,337.6806945800781,541.8023681640625,1252.19580078125
balanced_s0,plastic_nut/OK/S0260/plastic_nut_0260_OK_C3_20230930150255.jpg,327.26092529296875,524.3350830078125,750.22900390625
balanced_s1,plastic_nut/OK/S0260/plastic_nut_0260_OK_C3_20230930150255.jpg,333.4435729980469,528.1500854492188,808.8623046875
balanced_s2,plastic_nut/OK/S0260/plastic_nut_0260_OK_C3_20230930150255.jpg,339.8232727050781,533.3104248046875,780.554443359375
random_s0,plastic_nut/OK/S0260/plastic_nut_0260_OK_C3_20230930150255.jpg,337.1802062988281,534.6533203125,898.2841796875
random_s1,plastic_nut/OK/S0260/plastic_nut_0260_OK_C3_20230930150255.jpg,333.992431640625,532.9677734375,765.29345703125
random_s2,plastic_nut/OK/S0260/plastic_nut_0260_OK_C3_20230930150255.jpg,335.9521484375,535.8917236328125,930.16064453125
odd_s0,plastic_nut/OK/S0260/plastic_nut_0260_OK_C4_20230930150255.jpg,345.4271545410156,528.9613647460938,792.95751953125
odd_s1,plastic_nut/OK/S0260/plastic_nut_0260_OK_C4_20230930150255.jpg,340.93731689453125,532.7778930664062,766.8486328125
odd_s2,plastic_nut/OK/S0260/plastic_nut_0260_OK_C4_20230930150255.jpg,346.7458801269531,536.009521484375,815.712890625
balanced_s0,plastic_nut/OK/S0260/plastic_nut_0260_OK_C4_20230930150255.jpg,340.7344970703125,531.326904296875,799.2802734375
balanced_s1,plastic_nut/OK/S0260/plastic_nut_0260_OK_C4_20230930150255.jpg,341.09423828125,531.0015869140625,803.93359375
balanced_s2,plastic_nut/OK/S0260/plastic_nut_0260_OK_C4_20230930150255.jpg,354.94647216796875,539.648681640625,776.54150390625
random_s0,plastic_nut/OK/S0260/plastic_nut_0260_OK_C4_20230930150255.jpg,350.9315490722656,539.0128173828125,918.80419921875
random_s1,plastic_nut/OK/S0260/plastic_nut_0260_OK_C4_20230930150255.jpg,350.00927734375,543.2167358398438,784.14111328125
random_s2,plastic_nut/OK/S0260/plastic_nut_0260_OK_C4_20230930150255.jpg,350.7266845703125,540.18212890625,758.656494140625
odd_s0,plastic_nut/OK/S0260/plastic_nut_0260_OK_C5_20230930150255.jpg,350.02655029296875,540.5038452148438,832.994140625
odd_s1,plastic_nut/OK/S0260/plastic_nut_0260_OK_C5_20230930150255.jpg,340.91796875,527.875,839.239501953125
odd_s2,plastic_nut/OK/S0260/plastic_nut_0260_OK_C5_20230930150255.jpg,344.9385070800781,535.7410888671875,814.2099609375
balanced_s0,plastic_nut/OK/S0260/plastic_nut_0260_OK_C5_20230930150255.jpg,342.523681640625,533.32080078125,865.449951171875
balanced_s1,plastic_nut/OK/S0260/plastic_nut_0260_OK_C5_20230930150255.jpg,346.40252685546875,525.5177612304688,961.66552734375
balanced_s2,plastic_nut/OK/S0260/plastic_nut_0260_OK_C5_20230930150255.jpg,346.64959716796875,534.3802490234375,759.52978515625
random_s0,plastic_nut/OK/S0260/plastic_nut_0260_OK_C5_20230930150255.jpg,344.3822326660156,532.684326171875,788.92822265625
random_s1,plastic_nut/OK/S0260/plastic_nut_0260_OK_C5_20230930150255.jpg,339.1667785644531,526.4349975585938,765.8046875
random_s2,plastic_nut/OK/S0260/plastic_nut_0260_OK_C5_20230930150255.jpg,347.15582275390625,536.8651733398438,827.51611328125
odd_s0,plastic_nut/OK/S0265/plastic_nut_0265_OK_C1_20230930150507.jpg,338.7120666503906,555.9525146484375,982.624755859375
odd_s1,plastic_nut/OK/S0265/plastic_nut_0265_OK_C1_20230930150507.jpg,346.079833984375,555.2293090820312,880.3349609375
odd_s2,plastic_nut/OK/S0265/plastic_nut_0265_OK_C1_20230930150507.jpg,345.133544921875,546.718017578125,982.624755859375
balanced_s0,plastic_nut/OK/S0265/plastic_nut_0265_OK_C1_20230930150507.jpg,343.27093505859375,552.0626220703125,869.46923828125
balanced_s1,plastic_nut/OK/S0265/plastic_nut_0265_OK_C1_20230930150507.jpg,342.06256103515625,548.5943603515625,862.544921875
balanced_s2,plastic_nut/OK/S0265/plastic_nut_0265_OK_C1_20230930150507.jpg,341.23114013671875,546.0674438476562,817.77392578125
random_s0,plastic_nut/OK/S0265/plastic_nut_0265_OK_C1_20230930150507.jpg,348.0602111816406,551.6388549804688,921.604736328125
random_s1,plastic_nut/OK/S0265/plastic_nut_0265_OK_C1_20230930150507.jpg,338.04217529296875,543.8823852539062,889.344970703125
random_s2,plastic_nut/OK/S0265/plastic_nut_0265_OK_C1_20230930150507.jpg,338.33990478515625,540.3712158203125,915.68505859375
odd_s0,plastic_nut/OK/S0265/plastic_nut_0265_OK_C2_20230930150507.jpg,350.49407958984375,546.6183471679688,940.90869140625
odd_s1,plastic_nut/OK/S0265/plastic_nut_0265_OK_C2_20230930150507.jpg,340.58453369140625,531.5685424804688,940.90869140625
odd_s2,plastic_nut/OK/S0265/plastic_nut_0265_OK_C2_20230930150507.jpg,346.6805725097656,549.2158203125,940.90869140625
balanced_s0,plastic_nut/OK/S0265/plastic_nut_0265_OK_C2_20230930150507.jpg,344.1498107910156,549.541748046875,1111.28857421875
balanced_s1,plastic_nut/OK/S0265/plastic_nut_0265_OK_C2_20230930150507.jpg,346.86590576171875,544.1026000976562,1127.291259765625
balanced_s2,plastic_nut/OK/S0265/plastic_nut_0265_OK_C2_20230930150507.jpg,351.69378662109375,548.2363891601562,1122.4091796875
random_s0,plastic_nut/OK/S0265/plastic_nut_0265_OK_C2_20230930150507.jpg,347.2794189453125,536.8843994140625,751.200927734375
random_s1,plastic_nut/OK/S0265/plastic_nut_0265_OK_C2_20230930150507.jpg,350.54901123046875,546.9881591796875,956.7431640625
random_s2,plastic_nut/OK/S0265/plastic_nut_0265_OK_C2_20230930150507.jpg,352.60772705078125,541.6141357421875,774.945068359375
odd_s0,plastic_nut/OK/S0265/plastic_nut_0265_OK_C3_20230930150507.jpg,334.43499755859375,533.4920654296875,1145.927490234375
odd_s1,plastic_nut/OK/S0265/plastic_nut_0265_OK_C3_20230930150507.jpg,320.6266784667969,520.8145751953125,1137.66748046875
odd_s2,plastic_nut/OK/S0265/plastic_nut_0265_OK_C3_20230930150507.jpg,332.958251953125,531.7481079101562,1203.63134765625
balanced_s0,plastic_nut/OK/S0265/plastic_nut_0265_OK_C3_20230930150507.jpg,324.5635986328125,522.9053344726562,790.454833984375
balanced_s1,plastic_nut/OK/S0265/plastic_nut_0265_OK_C3_20230930150507.jpg,330.2708740234375,525.1353759765625,762.720703125
balanced_s2,plastic_nut/OK/S0265/plastic_nut_0265_OK_C3_20230930150507.jpg,335.66937255859375,526.1737060546875,853.181640625
random_s0,plastic_nut/OK/S0265/plastic_nut_0265_OK_C3_20230930150507.jpg,331.51654052734375,526.1631469726562,820.3447265625
random_s1,plastic_nut/OK/S0265/plastic_nut_0265_OK_C3_20230930150507.jpg,332.26446533203125,535.5662841796875,870.345947265625
random_s2,plastic_nut/OK/S0265/plastic_nut_0265_OK_C3_20230930150507.jpg,331.6738586425781,528.0967407226562,710.05224609375
odd_s0,plastic_nut/OK/S0265/plastic_nut_0265_OK_C4_20230930150507.jpg,343.97515869140625,530.277587890625,782.703125
odd_s1,plastic_nut/OK/S0265/plastic_nut_0265_OK_C4_20230930150507.jpg,337.0843505859375,531.9013671875,790.35595703125
odd_s2,plastic_nut/OK/S0265/plastic_nut_0265_OK_C4_20230930150507.jpg,346.05426025390625,535.5687866210938,844.013916015625
balanced_s0,plastic_nut/OK/S0265/plastic_nut_0265_OK_C4_20230930150507.jpg,338.93798828125,527.0322875976562,826.3212890625
balanced_s1,plastic_nut/OK/S0265/plastic_nut_0265_OK_C4_20230930150507.jpg,341.73345947265625,536.5980224609375,743.11767578125
balanced_s2,plastic_nut/OK/S0265/plastic_nut_0265_OK_C4_20230930150507.jpg,352.28973388671875,536.4700317382812,743.407470703125
random_s0,plastic_nut/OK/S0265/plastic_nut_0265_OK_C4_20230930150507.jpg,351.8447265625,538.432861328125,777.8271484375
random_s1,plastic_nut/OK/S0265/plastic_nut_0265_OK_C4_20230930150507.jpg,347.94189453125,543.1587524414062,827.96533203125
random_s2,plastic_nut/OK/S0265/plastic_nut_0265_OK_C4_20230930150507.jpg,343.2441101074219,535.58203125,784.390625
odd_s0,plastic_nut/OK/S0265/plastic_nut_0265_OK_C5_20230930150507.jpg,350.9343566894531,539.72998046875,1178.052978515625
odd_s1,plastic_nut/OK/S0265/plastic_nut_0265_OK_C5_20230930150507.jpg,342.1213684082031,532.0510864257812,1173.55615234375
odd_s2,plastic_nut/OK/S0265/plastic_nut_0265_OK_C5_20230930150507.jpg,347.37274169921875,531.8953857421875,1160.670166015625
balanced_s0,plastic_nut/OK/S0265/plastic_nut_0265_OK_C5_20230930150507.jpg,344.77581787109375,532.6310424804688,936.318359375
balanced_s1,plastic_nut/OK/S0265/plastic_nut_0265_OK_C5_20230930150507.jpg,348.6639404296875,533.1415405273438,1014.478515625
balanced_s2,plastic_nut/OK/S0265/plastic_nut_0265_OK_C5_20230930150507.jpg,350.4532470703125,535.7765502929688,936.318359375
random_s0,plastic_nut/OK/S0265/plastic_nut_0265_OK_C5_20230930150507.jpg,346.86077880859375,531.805908203125,752.873046875
random_s1,plastic_nut/OK/S0265/plastic_nut_0265_OK_C5_20230930150507.jpg,345.3638610839844,533.21533203125,833.61328125
random_s2,plastic_nut/OK/S0265/plastic_nut_0265_OK_C5_20230930150507.jpg,349.0802917480469,535.4219970703125,874.951904296875
odd_s0,plastic_nut/OK/S0275/plastic_nut_0275_OK_C1_20230930150847.jpg,333.1080322265625,542.8037719726562,885.1376953125
odd_s1,plastic_nut/OK/S0275/plastic_nut_0275_OK_C1_20230930150847.jpg,340.1129150390625,546.1158447265625,934.1533203125
odd_s2,plastic_nut/OK/S0275/plastic_nut_0275_OK_C1_20230930150847.jpg,339.425537109375,542.3794555664062,934.1533203125
balanced_s0,plastic_nut/OK/S0275/plastic_nut_0275_OK_C1_20230930150847.jpg,339.3574523925781,543.5841674804688,788.671630859375
balanced_s1,plastic_nut/OK/S0275/plastic_nut_0275_OK_C1_20230930150847.jpg,332.83172607421875,537.4727783203125,788.671630859375
balanced_s2,plastic_nut/OK/S0275/plastic_nut_0275_OK_C1_20230930150847.jpg,336.00152587890625,538.1497192382812,783.747802734375
random_s0,plastic_nut/OK/S0275/plastic_nut_0275_OK_C1_20230930150847.jpg,343.28204345703125,548.9156494140625,887.440673828125
random_s1,plastic_nut/OK/S0275/plastic_nut_0275_OK_C1_20230930150847.jpg,331.8603515625,532.5283203125,928.90087890625
random_s2,plastic_nut/OK/S0275/plastic_nut_0275_OK_C1_20230930150847.jpg,331.7144775390625,532.9436645507812,912.33642578125
odd_s0,plastic_nut/OK/S0275/plastic_nut_0275_OK_C2_20230930150847.jpg,348.4553527832031,540.6126098632812,921.841796875
odd_s1,plastic_nut/OK/S0275/plastic_nut_0275_OK_C2_20230930150847.jpg,333.7894592285156,535.2054443359375,836.77001953125
odd_s2,plastic_nut/OK/S0275/plastic_nut_0275_OK_C2_20230930150847.jpg,339.8087158203125,535.9660034179688,953.5009765625
balanced_s0,plastic_nut/OK/S0275/plastic_nut_0275_OK_C2_20230930150847.jpg,335.4248046875,538.9849853515625,816.6494140625
balanced_s1,plastic_nut/OK/S0275/plastic_nut_0275_OK_C2_20230930150847.jpg,341.4880065917969,537.69091796875,858.4921875
balanced_s2,plastic_nut/OK/S0275/plastic_nut_0275_OK_C2_20230930150847.jpg,341.0306396484375,532.1693115234375,858.4921875
random_s0,plastic_nut/OK/S0275/plastic_nut_0275_OK_C2_20230930150847.jpg,340.56817626953125,536.1285400390625,934.562744140625
random_s1,plastic_nut/OK/S0275/plastic_nut_0275_OK_C2_20230930150847.jpg,344.9042663574219,543.982666015625,933.70703125
random_s2,plastic_nut/OK/S0275/plastic_nut_0275_OK_C2_20230930150847.jpg,345.6449279785156,533.3651123046875,818.626953125
odd_s0,plastic_nut/OK/S0275/plastic_nut_0275_OK_C3_20230930150847.jpg,352.392333984375,569.4839477539062,1143.6396484375
odd_s1,plastic_nut/OK/S0275/plastic_nut_0275_OK_C3_20230930150847.jpg,335.3537902832031,554.9945068359375,1127.0537109375
odd_s2,plastic_nut/OK/S0275/plastic_nut_0275_OK_C3_20230930150847.jpg,350.2073974609375,568.1858520507812,1193.88330078125
balanced_s0,plastic_nut/OK/S0275/plastic_nut_0275_OK_C3_20230930150847.jpg,340.65472412109375,559.9869384765625,875.92578125
balanced_s1,plastic_nut/OK/S0275/plastic_nut_0275_OK_C3_20230930150847.jpg,345.8329162597656,559.3074951171875,875.92578125
balanced_s2,plastic_nut/OK/S0275/plastic_nut_0275_OK_C3_20230930150847.jpg,353.2102355957031,560.3841552734375,872.731201171875
random_s0,plastic_nut/OK/S0275/plastic_nut_0275_OK_C3_20230930150847.jpg,348.7500915527344,548.0484619140625,871.44189453125
random_s1,plastic_nut/OK/S0275/plastic_nut_0275_OK_C3_20230930150847.jpg,348.855224609375,568.4843139648438,939.396484375
random_s2,plastic_nut/OK/S0275/plastic_nut_0275_OK_C3_20230930150847.jpg,350.4730224609375,564.5264282226562,848.02978515625
odd_s0,plastic_nut/OK/S0275/plastic_nut_0275_OK_C4_20230930150847.jpg,349.796630859375,542.0750732421875,777.404541015625
odd_s1,plastic_nut/OK/S0275/plastic_nut_0275_OK_C4_20230930150847.jpg,343.1922607421875,534.3353881835938,766.1376953125
odd_s2,plastic_nut/OK/S0275/plastic_nut_0275_OK_C4_20230930150847.jpg,349.0272216796875,534.8286743164062,819.5546875
balanced_s0,plastic_nut/OK/S0275/plastic_nut_0275_OK_C4_20230930150847.jpg,339.7497253417969,531.0770263671875,785.54150390625
balanced_s1,plastic_nut/OK/S0275/plastic_nut_0275_OK_C4_20230930150847.jpg,347.904296875,535.6466064453125,766.591064453125
balanced_s2,plastic_nut/OK/S0275/plastic_nut_0275_OK_C4_20230930150847.jpg,353.0964050292969,544.6550903320312,819.31689453125
random_s0,plastic_nut/OK/S0275/plastic_nut_0275_OK_C4_20230930150847.jpg,349.685302734375,538.49462890625,819.601806640625
random_s1,plastic_nut/OK/S0275/plastic_nut_0275_OK_C4_20230930150847.jpg,351.41839599609375,542.7605590820312,843.43359375
random_s2,plastic_nut/OK/S0275/plastic_nut_0275_OK_C4_20230930150847.jpg,349.38836669921875,538.0579223632812,831.375732421875
odd_s0,plastic_nut/OK/S0275/plastic_nut_0275_OK_C5_20230930150847.jpg,367.42041015625,561.7055053710938,1005.37158203125
odd_s1,plastic_nut/OK/S0275/plastic_nut_0275_OK_C5_20230930150847.jpg,355.24981689453125,553.0556640625,922.32275390625
odd_s2,plastic_nut/OK/S0275/plastic_nut_0275_OK_C5_20230930150847.jpg,360.9416198730469,559.7579956054688,856.689453125
balanced_s0,plastic_nut/OK/S0275/plastic_nut_0275_OK_C5_20230930150847.jpg,359.31207275390625,559.1566772460938,951.1025390625
balanced_s1,plastic_nut/OK/S0275/plastic_nut_0275_OK_C5_20230930150847.jpg,365.7989501953125,551.4449462890625,906.031005859375
balanced_s2,plastic_nut/OK/S0275/plastic_nut_0275_OK_C5_20230930150847.jpg,362.41351318359375,554.8453369140625,869.49951171875
random_s0,plastic_nut/OK/S0275/plastic_nut_0275_OK_C5_20230930150847.jpg,362.2421875,560.534423828125,791.67138671875
random_s1,plastic_nut/OK/S0275/plastic_nut_0275_OK_C5_20230930150847.jpg,355.42413330078125,549.9313354492188,839.7314453125
random_s2,plastic_nut/OK/S0275/plastic_nut_0275_OK_C5_20230930150847.jpg,358.6260070800781,549.2650756835938,841.14794921875
odd_s0,plastic_nut/OK/S0276/plastic_nut_0276_OK_C1_20230930150907.jpg,342.0222473144531,562.6263427734375,880.1650390625
odd_s1,plastic_nut/OK/S0276/plastic_nut_0276_OK_C1_20230930150907.jpg,344.2662353515625,553.8253784179688,761.360595703125
odd_s2,plastic_nut/OK/S0276/plastic_nut_0276_OK_C1_20230930150907.jpg,347.23681640625,551.6219482421875,847.2744140625
balanced_s0,plastic_nut/OK/S0276/plastic_nut_0276_OK_C1_20230930150907.jpg,342.9393310546875,554.1065063476562,906.7138671875
balanced_s1,plastic_nut/OK/S0276/plastic_nut_0276_OK_C1_20230930150907.jpg,339.82232666015625,547.1533813476562,781.82373046875
balanced_s2,plastic_nut/OK/S0276/plastic_nut_0276_OK_C1_20230930150907.jpg,344.52899169921875,547.1829833984375,849.9453125
random_s0,plastic_nut/OK/S0276/plastic_nut_0276_OK_C1_20230930150907.jpg,348.0484924316406,559.2520751953125,869.97998046875
random_s1,plastic_nut/OK/S0276/plastic_nut_0276_OK_C1_20230930150907.jpg,339.211669921875,544.5596313476562,1000.081298828125
random_s2,plastic_nut/OK/S0276/plastic_nut_0276_OK_C1_20230930150907.jpg,341.2193603515625,547.71484375,1006.978759765625
odd_s0,plastic_nut/OK/S0276/plastic_nut_0276_OK_C2_20230930150907.jpg,363.3282775878906,553.3654174804688,787.82373046875
odd_s1,plastic_nut/OK/S0276/plastic_nut_0276_OK_C2_20230930150907.jpg,355.17156982421875,542.5696411132812,756.00732421875
odd_s2,plastic_nut/OK/S0276/plastic_nut_0276_OK_C2_20230930150907.jpg,356.14508056640625,548.0911865234375,739.0888671875
balanced_s0,plastic_nut/OK/S0276/plastic_nut_0276_OK_C2_20230930150907.jpg,353.2899475097656,554.40478515625,750.29931640625
balanced_s1,plastic_nut/OK/S0276/plastic_nut_0276_OK_C2_20230930150907.jpg,359.00616455078125,559.25537109375,853.8046875
balanced_s2,plastic_nut/OK/S0276/plastic_nut_0276_OK_C2_20230930150907.jpg,359.8037109375,545.555419921875,764.66650390625
random_s0,plastic_nut/OK/S0276/plastic_nut_0276_OK_C2_20230930150907.jpg,361.307373046875,546.7811279296875,763.86865234375
random_s1,plastic_nut/OK/S0276/plastic_nut_0276_OK_C2_20230930150907.jpg,360.21832275390625,547.6741333007812,789.126953125
random_s2,plastic_nut/OK/S0276/plastic_nut_0276_OK_C2_20230930150907.jpg,362.4049072265625,549.6378784179688,878.78564453125
odd_s0,plastic_nut/OK/S0276/plastic_nut_0276_OK_C3_20230930150907.jpg,353.47125244140625,565.08642578125,1440.4716796875
odd_s1,plastic_nut/OK/S0276/plastic_nut_0276_OK_C3_20230930150907.jpg,343.14886474609375,558.112060546875,1429.4990234375
odd_s2,plastic_nut/OK/S0276/plastic_nut_0276_OK_C3_20230930150907.jpg,351.9502868652344,560.5114135742188,1466.7568359375
balanced_s0,plastic_nut/OK/S0276/plastic_nut_0276_OK_C3_20230930150907.jpg,341.9373779296875,551.4025268554688,1008.93017578125
balanced_s1,plastic_nut/OK/S0276/plastic_nut_0276_OK_C3_20230930150907.jpg,349.1179504394531,561.1103515625,962.7587890625
balanced_s2,plastic_nut/OK/S0276/plastic_nut_0276_OK_C3_20230930150907.jpg,356.98382568359375,557.7276611328125,1078.29345703125
random_s0,plastic_nut/OK/S0276/plastic_nut_0276_OK_C3_20230930150907.jpg,351.7951354980469,558.4146728515625,1064.326416015625
random_s1,plastic_nut/OK/S0276/plastic_nut_0276_OK_C3_20230930150907.jpg,347.7990417480469,556.7042236328125,1066.04296875
random_s2,plastic_nut/OK/S0276/plastic_nut_0276_OK_C3_20230930150907.jpg,350.07354736328125,560.4486083984375,1000.53662109375
odd_s0,plastic_nut/OK/S0276/plastic_nut_0276_OK_C4_20230930150907.jpg,357.0751953125,544.2619018554688,785.852294921875
odd_s1,plastic_nut/OK/S0276/plastic_nut_0276_OK_C4_20230930150907.jpg,347.13861083984375,535.072509765625,680.891357421875
odd_s2,plastic_nut/OK/S0276/plastic_nut_0276_OK_C4_20230930150907.jpg,352.309814453125,534.7266845703125,806.9423828125
balanced_s0,plastic_nut/OK/S0276/plastic_nut_0276_OK_C4_20230930150907.jpg,351.9531555175781,537.7928466796875,738.480712890625
balanced_s1,plastic_nut/OK/S0276/plastic_nut_0276_OK_C4_20230930150907.jpg,353.1924743652344,535.041015625,719.893310546875
balanced_s2,plastic_nut/OK/S0276/plastic_nut_0276_OK_C4_20230930150907.jpg,358.3204650878906,537.58251953125,765.0400390625
random_s0,plastic_nut/OK/S0276/plastic_nut_0276_OK_C4_20230930150907.jpg,359.3233642578125,545.001953125,732.4072265625
random_s1,plastic_nut/OK/S0276/plastic_nut_0276_OK_C4_20230930150907.jpg,356.6226806640625,543.9178466796875,702.26171875
random_s2,plastic_nut/OK/S0276/plastic_nut_0276_OK_C4_20230930150907.jpg,352.42742919921875,538.9066162109375,795.4404296875
odd_s0,plastic_nut/OK/S0276/plastic_nut_0276_OK_C5_20230930150907.jpg,369.6471252441406,561.83154296875,877.42822265625
odd_s1,plastic_nut/OK/S0276/plastic_nut_0276_OK_C5_20230930150907.jpg,357.896240234375,552.7010498046875,869.009765625
odd_s2,plastic_nut/OK/S0276/plastic_nut_0276_OK_C5_20230930150907.jpg,367.5417175292969,566.7854614257812,906.78369140625
balanced_s0,plastic_nut/OK/S0276/plastic_nut_0276_OK_C5_20230930150907.jpg,364.79144287109375,560.0601806640625,795.096923828125
balanced_s1,plastic_nut/OK/S0276/plastic_nut_0276_OK_C5_20230930150907.jpg,370.52294921875,562.21337890625,838.185791015625
balanced_s2,plastic_nut/OK/S0276/plastic_nut_0276_OK_C5_20230930150907.jpg,370.1795654296875,555.0435180664062,818.71337890625
random_s0,plastic_nut/OK/S0276/plastic_nut_0276_OK_C5_20230930150907.jpg,366.8104553222656,561.6889038085938,849.306640625
random_s1,plastic_nut/OK/S0276/plastic_nut_0276_OK_C5_20230930150907.jpg,359.525634765625,552.1554565429688,750.414306640625
random_s2,plastic_nut/OK/S0276/plastic_nut_0276_OK_C5_20230930150907.jpg,366.644775390625,553.9090576171875,857.593994140625
odd_s0,plastic_nut/OK/S0278/plastic_nut_0278_OK_C1_20230930150942.jpg,357.5841064453125,576.2972412109375,1018.81396484375
odd_s1,plastic_nut/OK/S0278/plastic_nut_0278_OK_C1_20230930150942.jpg,363.6097717285156,580.23876953125,864.21826171875
odd_s2,plastic_nut/OK/S0278/plastic_nut_0278_OK_C1_20230930150942.jpg,361.1529235839844,565.4794311523438,974.90087890625
balanced_s0,plastic_nut/OK/S0278/plastic_nut_0278_OK_C1_20230930150942.jpg,359.63629150390625,575.624267578125,861.892333984375
balanced_s1,plastic_nut/OK/S0278/plastic_nut_0278_OK_C1_20230930150942.jpg,352.04034423828125,562.0501098632812,984.6279296875
balanced_s2,plastic_nut/OK/S0278/plastic_nut_0278_OK_C1_20230930150942.jpg,357.79888916015625,568.18017578125,919.54248046875
random_s0,plastic_nut/OK/S0278/plastic_nut_0278_OK_C1_20230930150942.jpg,364.4358825683594,573.4293212890625,949.478515625
random_s1,plastic_nut/OK/S0278/plastic_nut_0278_OK_C1_20230930150942.jpg,354.867431640625,572.072998046875,949.478515625
random_s2,plastic_nut/OK/S0278/plastic_nut_0278_OK_C1_20230930150942.jpg,356.2070007324219,572.892822265625,1033.90185546875
odd_s0,plastic_nut/OK/S0278/plastic_nut_0278_OK_C2_20230930150942.jpg,349.9991455078125,542.613525390625,1272.9140625
odd_s1,plastic_nut/OK/S0278/plastic_nut_0278_OK_C2_20230930150942.jpg,338.9440002441406,531.5274047851562,1215.82958984375
odd_s2,plastic_nut/OK/S0278/plastic_nut_0278_OK_C2_20230930150942.jpg,349.0772705078125,542.6389770507812,1258.4580078125
balanced_s0,plastic_nut/OK/S0278/plastic_nut_0278_OK_C2_20230930150942.jpg,341.6018981933594,540.0167236328125,913.3857421875
balanced_s1,plastic_nut/OK/S0278/plastic_nut_0278_OK_C2_20230930150942.jpg,346.49676513671875,542.3742065429688,813.702392578125
balanced_s2,plastic_nut/OK/S0278/plastic_nut_0278_OK_C2_20230930150942.jpg,350.68951416015625,542.1836547851562,995.78076171875
random_s0,plastic_nut/OK/S0278/plastic_nut_0278_OK_C2_20230930150942.jpg,348.13348388671875,546.98779296875,1021.245849609375
random_s1,plastic_nut/OK/S0278/plastic_nut_0278_OK_C2_20230930150942.jpg,347.2039794921875,541.4053955078125,1021.245849609375
random_s2,plastic_nut/OK/S0278/plastic_nut_0278_OK_C2_20230930150942.jpg,350.87432861328125,543.9825439453125,1021.245849609375
odd_s0,plastic_nut/OK/S0278/plastic_nut_0278_OK_C3_20230930150942.jpg,338.4441223144531,534.17626953125,1004.20166015625
odd_s1,plastic_nut/OK/S0278/plastic_nut_0278_OK_C3_20230930150942.jpg,325.84783935546875,531.591064453125,1010.314453125
odd_s2,plastic_nut/OK/S0278/plastic_nut_0278_OK_C3_20230930150942.jpg,336.6904602050781,534.5844116210938,1102.21875
balanced_s0,plastic_nut/OK/S0278/plastic_nut_0278_OK_C3_20230930150942.jpg,327.4671325683594,532.0569458007812,872.7724609375
balanced_s1,plastic_nut/OK/S0278/plastic_nut_0278_OK_C3_20230930150942.jpg,331.97882080078125,527.8259887695312,770.14697265625
balanced_s2,plastic_nut/OK/S0278/plastic_nut_0278_OK_C3_20230930150942.jpg,339.61572265625,532.4068603515625,864.3603515625
random_s0,plastic_nut/OK/S0278/plastic_nut_0278_OK_C3_20230930150942.jpg,334.75469970703125,523.916259765625,801.57666015625
random_s1,plastic_nut/OK/S0278/plastic_nut_0278_OK_C3_20230930150942.jpg,334.44586181640625,543.421875,855.67919921875
random_s2,plastic_nut/OK/S0278/plastic_nut_0278_OK_C3_20230930150942.jpg,334.7215576171875,534.0714111328125,766.889404296875
odd_s0,plastic_nut/OK/S0278/plastic_nut_0278_OK_C4_20230930150942.jpg,352.6287536621094,546.6060791015625,749.032470703125
odd_s1,plastic_nut/OK/S0278/plastic_nut_0278_OK_C4_20230930150942.jpg,347.63250732421875,541.1373901367188,778.77734375
odd_s2,plastic_nut/OK/S0278/plastic_nut_0278_OK_C4_20230930150942.jpg,353.7527160644531,545.7077026367188,816.64208984375
balanced_s0,plastic_nut/OK/S0278/plastic_nut_0278_OK_C4_20230930150942.jpg,350.3280029296875,540.1796875,825.01123046875
balanced_s1,plastic_nut/OK/S0278/plastic_nut_0278_OK_C4_20230930150942.jpg,347.7057189941406,543.093505859375,930.921630859375
balanced_s2,plastic_nut/OK/S0278/plastic_nut_0278_OK_C4_20230930150942.jpg,361.4349365234375,547.0521240234375,876.03955078125
random_s0,plastic_nut/OK/S0278/plastic_nut_0278_OK_C4_20230930150942.jpg,358.17901611328125,551.984619140625,878.377685546875
random_s1,plastic_nut/OK/S0278/plastic_nut_0278_OK_C4_20230930150942.jpg,357.559326171875,550.799072265625,825.712890625
random_s2,plastic_nut/OK/S0278/plastic_nut_0278_OK_C4_20230930150942.jpg,353.2361145019531,545.6895751953125,847.671630859375
odd_s0,plastic_nut/OK/S0278/plastic_nut_0278_OK_C5_20230930150942.jpg,360.8121032714844,567.9374389648438,1074.51953125
odd_s1,plastic_nut/OK/S0278/plastic_nut_0278_OK_C5_20230930150942.jpg,356.03668212890625,565.099609375,1074.51953125
odd_s2,plastic_nut/OK/S0278/plastic_nut_0278_OK_C5_20230930150942.jpg,358.3172607421875,563.7909545898438,967.588623046875
balanced_s0,plastic_nut/OK/S0278/plastic_nut_0278_OK_C5_20230930150942.jpg,354.14678955078125,555.802734375,964.13525390625
balanced_s1,plastic_nut/OK/S0278/plastic_nut_0278_OK_C5_20230930150942.jpg,357.8238220214844,568.14990234375,1038.0263671875
balanced_s2,plastic_nut/OK/S0278/plastic_nut_0278_OK_C5_20230930150942.jpg,362.96600341796875,566.9254150390625,1037.25341796875
random_s0,plastic_nut/OK/S0278/plastic_nut_0278_OK_C5_20230930150942.jpg,355.806640625,561.0379638671875,964.650390625
random_s1,plastic_nut/OK/S0278/plastic_nut_0278_OK_C5_20230930150942.jpg,352.53955078125,559.220458984375,964.650390625
random_s2,plastic_nut/OK/S0278/plastic_nut_0278_OK_C5_20230930150942.jpg,357.8966369628906,559.3877563476562,996.25
odd_s0,plastic_nut/OK/S0287/plastic_nut_0287_OK_C1_20230930152021.jpg,340.08453369140625,555.5150146484375,835.87646484375
odd_s1,plastic_nut/OK/S0287/plastic_nut_0287_OK_C1_20230930152021.jpg,344.73101806640625,550.587646484375,928.462890625
odd_s2,plastic_nut/OK/S0287/plastic_nut_0287_OK_C1_20230930152021.jpg,347.35418701171875,552.5588989257812,956.240234375
balanced_s0,plastic_nut/OK/S0287/plastic_nut_0287_OK_C1_20230930152021.jpg,344.25885009765625,551.0552978515625,956.240234375
balanced_s1,plastic_nut/OK/S0287/plastic_nut_0287_OK_C1_20230930152021.jpg,338.948486328125,543.353759765625,956.240234375
balanced_s2,plastic_nut/OK/S0287/plastic_nut_0287_OK_C1_20230930152021.jpg,341.88299560546875,551.416748046875,1002.6455078125
random_s0,plastic_nut/OK/S0287/plastic_nut_0287_OK_C1_20230930152021.jpg,349.97314453125,551.3967895507812,842.972900390625
random_s1,plastic_nut/OK/S0287/plastic_nut_0287_OK_C1_20230930152021.jpg,342.3871765136719,547.1036987304688,847.69140625
random_s2,plastic_nut/OK/S0287/plastic_nut_0287_OK_C1_20230930152021.jpg,339.147216796875,548.632568359375,823.001220703125
odd_s0,plastic_nut/OK/S0287/plastic_nut_0287_OK_C2_20230930152021.jpg,347.34332275390625,540.6094970703125,775.941650390625
odd_s1,plastic_nut/OK/S0287/plastic_nut_0287_OK_C2_20230930152021.jpg,335.5630798339844,525.97998046875,798.45556640625
odd_s2,plastic_nut/OK/S0287/plastic_nut_0287_OK_C2_20230930152021.jpg,338.67999267578125,526.2227783203125,804.3896484375
balanced_s0,plastic_nut/OK/S0287/plastic_nut_0287_OK_C2_20230930152021.jpg,336.6856689453125,530.8864135742188,940.268310546875
balanced_s1,plastic_nut/OK/S0287/plastic_nut_0287_OK_C2_20230930152021.jpg,342.35614013671875,531.0994873046875,754.00146484375
balanced_s2,plastic_nut/OK/S0287/plastic_nut_0287_OK_C2_20230930152021.jpg,343.33465576171875,527.728759765625,882.77783203125
random_s0,plastic_nut/OK/S0287/plastic_nut_0287_OK_C2_20230930152021.jpg,341.45111083984375,527.0072631835938,815.87646484375
random_s1,plastic_nut/OK/S0287/plastic_nut_0287_OK_C2_20230930152021.jpg,344.14739990234375,532.9620361328125,860.095458984375
random_s2,plastic_nut/OK/S0287/plastic_nut_0287_OK_C2_20230930152021.jpg,342.6909484863281,535.3616943359375,763.1337890625
odd_s0,plastic_nut/OK/S0287/plastic_nut_0287_OK_C3_20230930152021.jpg,345.7476806640625,540.662353515625,1012.5458984375
odd_s1,plastic_nut/OK/S0287/plastic_nut_0287_OK_C3_20230930152021.jpg,331.1103515625,542.641845703125,998.6796875
odd_s2,plastic_nut/OK/S0287/plastic_nut_0287_OK_C3_20230930152021.jpg,342.273193359375,543.5730590820312,1106.3310546875
balanced_s0,plastic_nut/OK/S0287/plastic_nut_0287_OK_C3_20230930152021.jpg,333.6680603027344,538.70654296875,800.452392578125
balanced_s1,plastic_nut/OK/S0287/plastic_nut_0287_OK_C3_20230930152021.jpg,334.61181640625,539.7534790039062,799.98095703125
balanced_s2,plastic_nut/OK/S0287/plastic_nut_0287_OK_C3_20230930152021.jpg,340.9952087402344,528.770751953125,877.193359375
random_s0,plastic_nut/OK/S0287/plastic_nut_0287_OK_C3_20230930152021.jpg,338.43487548828125,534.954833984375,792.99169921875
random_s1,plastic_nut/OK/S0287/plastic_nut_0287_OK_C3_20230930152021.jpg,335.47698974609375,533.26611328125,859.1279296875
random_s2,plastic_nut/OK/S0287/plastic_nut_0287_OK_C3_20230930152021.jpg,340.1290283203125,535.353759765625,785.307373046875
odd_s0,plastic_nut/OK/S0287/plastic_nut_0287_OK_C4_20230930152021.jpg,349.01739501953125,541.9764404296875,854.77587890625
odd_s1,plastic_nut/OK/S0287/plastic_nut_0287_OK_C4_20230930152021.jpg,341.51495361328125,527.101806640625,1030.42333984375
odd_s2,plastic_nut/OK/S0287/plastic_nut_0287_OK_C4_20230930152021.jpg,346.15484619140625,537.2533569335938,836.06298828125
balanced_s0,plastic_nut/OK/S0287/plastic_nut_0287_OK_C4_20230930152021.jpg,341.8005065917969,529.5906982421875,968.314453125
balanced_s1,plastic_nut/OK/S0287/plastic_nut_0287_OK_C4_20230930152021.jpg,343.32196044921875,535.8875732421875,1029.83740234375
balanced_s2,plastic_nut/OK/S0287/plastic_nut_0287_OK_C4_20230930152021.jpg,353.7427062988281,535.42529296875,908.9794921875
random_s0,plastic_nut/OK/S0287/plastic_nut_0287_OK_C4_20230930152021.jpg,355.2889404296875,536.74462890625,966.052978515625
random_s1,plastic_nut/OK/S0287/plastic_nut_0287_OK_C4_20230930152021.jpg,352.955810546875,544.3860473632812,780.59228515625
random_s2,plastic_nut/OK/S0287/plastic_nut_0287_OK_C4_20230930152021.jpg,351.23089599609375,535.3809814453125,838.81884765625
odd_s0,plastic_nut/OK/S0287/plastic_nut_0287_OK_C5_20230930152021.jpg,345.3993835449219,534.101806640625,716.6279296875
odd_s1,plastic_nut/OK/S0287/plastic_nut_0287_OK_C5_20230930152021.jpg,337.02337646484375,524.144287109375,840.9521484375
odd_s2,plastic_nut/OK/S0287/plastic_nut_0287_OK_C5_20230930152021.jpg,339.39874267578125,526.0169677734375,784.98095703125
balanced_s0,plastic_nut/OK/S0287/plastic_nut_0287_OK_C5_20230930152021.jpg,334.39630126953125,520.2166748046875,796.000732421875
balanced_s1,plastic_nut/OK/S0287/plastic_nut_0287_OK_C5_20230930152021.jpg,342.2486267089844,530.44384765625,734.27734375
balanced_s2,plastic_nut/OK/S0287/plastic_nut_0287_OK_C5_20230930152021.jpg,344.46051025390625,529.0191650390625,737.322265625
random_s0,plastic_nut/OK/S0287/plastic_nut_0287_OK_C5_20230930152021.jpg,341.9499206542969,529.133056640625,824.9013671875
random_s1,plastic_nut/OK/S0287/plastic_nut_0287_OK_C5_20230930152021.jpg,338.1248779296875,524.361572265625,713.126953125
random_s2,plastic_nut/OK/S0287/plastic_nut_0287_OK_C5_20230930152021.jpg,339.8157043457031,530.6319580078125,716.778564453125
odd_s0,plastic_nut/OK/S0316/plastic_nut_0316_OK_C1_20230930152701.jpg,326.87420654296875,528.88623046875,929.138916015625
odd_s1,plastic_nut/OK/S0316/plastic_nut_0316_OK_C1_20230930152701.jpg,332.8105773925781,530.3570556640625,995.2109375
odd_s2,plastic_nut/OK/S0316/plastic_nut_0316_OK_C1_20230930152701.jpg,331.9246826171875,537.0601806640625,949.234375
balanced_s0,plastic_nut/OK/S0316/plastic_nut_0316_OK_C1_20230930152701.jpg,332.947998046875,534.137939453125,860.13720703125
balanced_s1,plastic_nut/OK/S0316/plastic_nut_0316_OK_C1_20230930152701.jpg,328.50238037109375,527.4010009765625,903.283203125
balanced_s2,plastic_nut/OK/S0316/plastic_nut_0316_OK_C1_20230930152701.jpg,329.2425842285156,529.2446899414062,853.650390625
random_s0,plastic_nut/OK/S0316/plastic_nut_0316_OK_C1_20230930152701.jpg,338.2898254394531,545.0125732421875,938.514404296875
random_s1,plastic_nut/OK/S0316/plastic_nut_0316_OK_C1_20230930152701.jpg,329.4410705566406,529.280517578125,938.514404296875
random_s2,plastic_nut/OK/S0316/plastic_nut_0316_OK_C1_20230930152701.jpg,328.0975341796875,526.4408569335938,740.298828125
odd_s0,plastic_nut/OK/S0316/plastic_nut_0316_OK_C2_20230930152701.jpg,346.2156677246094,543.0650634765625,1001.4072265625
odd_s1,plastic_nut/OK/S0316/plastic_nut_0316_OK_C2_20230930152701.jpg,332.8869323730469,525.6510009765625,976.291015625
odd_s2,plastic_nut/OK/S0316/plastic_nut_0316_OK_C2_20230930152701.jpg,339.71820068359375,535.5844116210938,907.3779296875
balanced_s0,plastic_nut/OK/S0316/plastic_nut_0316_OK_C2_20230930152701.jpg,333.1799011230469,530.9384155273438,851.87890625
balanced_s1,plastic_nut/OK/S0316/plastic_nut_0316_OK_C2_20230930152701.jpg,340.345947265625,539.080322265625,919.006591796875
balanced_s2,plastic_nut/OK/S0316/plastic_nut_0316_OK_C2_20230930152701.jpg,342.4962158203125,534.0118408203125,918.88037109375
random_s0,plastic_nut/OK/S0316/plastic_nut_0316_OK_C2_20230930152701.jpg,339.84283447265625,535.519775390625,800.798828125
random_s1,plastic_nut/OK/S0316/plastic_nut_0316_OK_C2_20230930152701.jpg,344.8890380859375,545.4968872070312,835.038818359375
random_s2,plastic_nut/OK/S0316/plastic_nut_0316_OK_C2_20230930152701.jpg,344.43426513671875,543.80322265625,876.43603515625
odd_s0,plastic_nut/OK/S0316/plastic_nut_0316_OK_C3_20230930152701.jpg,342.74810791015625,537.859375,754.49609375
odd_s1,plastic_nut/OK/S0316/plastic_nut_0316_OK_C3_20230930152701.jpg,324.2889404296875,524.2216186523438,855.55810546875
odd_s2,plastic_nut/OK/S0316/plastic_nut_0316_OK_C3_20230930152701.jpg,340.1551513671875,537.9342651367188,827.41748046875
balanced_s0,plastic_nut/OK/S0316/plastic_nut_0316_OK_C3_20230930152701.jpg,330.359130859375,534.7464599609375,794.27001953125
balanced_s1,plastic_nut/OK/S0316/plastic_nut_0316_OK_C3_20230930152701.jpg,333.9788513183594,529.9854736328125,772.55322265625
balanced_s2,plastic_nut/OK/S0316/plastic_nut_0316_OK_C3_20230930152701.jpg,340.8997802734375,536.3610229492188,759.19091796875
random_s0,plastic_nut/OK/S0316/plastic_nut_0316_OK_C3_20230930152701.jpg,341.621337890625,531.0926513671875,853.063720703125
random_s1,plastic_nut/OK/S0316/plastic_nut_0316_OK_C3_20230930152701.jpg,338.69921875,544.287109375,879.892578125
random_s2,plastic_nut/OK/S0316/plastic_nut_0316_OK_C3_20230930152701.jpg,336.11578369140625,533.770751953125,840.72998046875
odd_s0,plastic_nut/OK/S0316/plastic_nut_0316_OK_C4_20230930152701.jpg,347.32037353515625,541.1080932617188,973.104248046875
odd_s1,plastic_nut/OK/S0316/plastic_nut_0316_OK_C4_20230930152701.jpg,341.9538879394531,538.7032470703125,896.900390625
odd_s2,plastic_nut/OK/S0316/plastic_nut_0316_OK_C4_20230930152701.jpg,353.4697570800781,547.6856689453125,1043.707275390625
balanced_s0,plastic_nut/OK/S0316/plastic_nut_0316_OK_C4_20230930152701.jpg,342.7258605957031,533.587158203125,912.08935546875
balanced_s1,plastic_nut/OK/S0316/plastic_nut_0316_OK_C4_20230930152701.jpg,345.40264892578125,536.1963500976562,931.947509765625
balanced_s2,plastic_nut/OK/S0316/plastic_nut_0316_OK_C4_20230930152701.jpg,352.296630859375,543.472900390625,912.08935546875
random_s0,plastic_nut/OK/S0316/plastic_nut_0316_OK_C4_20230930152701.jpg,352.04168701171875,544.2032470703125,913.3291015625
random_s1,plastic_nut/OK/S0316/plastic_nut_0316_OK_C4_20230930152701.jpg,353.5098876953125,544.1039428710938,806.064697265625
random_s2,plastic_nut/OK/S0316/plastic_nut_0316_OK_C4_20230930152701.jpg,349.6040954589844,537.3226318359375,855.40673828125
odd_s0,plastic_nut/OK/S0316/plastic_nut_0316_OK_C5_20230930152701.jpg,344.60467529296875,534.127685546875,910.438232421875
odd_s1,plastic_nut/OK/S0316/plastic_nut_0316_OK_C5_20230930152701.jpg,333.5351257324219,522.3699951171875,971.982177734375
odd_s2,plastic_nut/OK/S0316/plastic_nut_0316_OK_C5_20230930152701.jpg,340.5567321777344,523.5333251953125,971.982177734375
balanced_s0,plastic_nut/OK/S0316/plastic_nut_0316_OK_C5_20230930152701.jpg,334.8726806640625,525.4002685546875,851.346923828125
balanced_s1,plastic_nut/OK/S0316/plastic_nut_0316_OK_C5_20230930152701.jpg,339.4088134765625,524.3076782226562,792.2900390625
balanced_s2,plastic_nut/OK/S0316/plastic_nut_0316_OK_C5_20230930152701.jpg,342.2330322265625,534.1062622070312,792.2900390625
random_s0,plastic_nut/OK/S0316/plastic_nut_0316_OK_C5_20230930152701.jpg,336.9330139160156,519.482177734375,799.76220703125
random_s1,plastic_nut/OK/S0316/plastic_nut_0316_OK_C5_20230930152701.jpg,336.2010803222656,522.01318359375,917.99267578125
random_s2,plastic_nut/OK/S0316/plastic_nut_0316_OK_C5_20230930152701.jpg,338.0326843261719,526.9613037109375,773.20361328125
odd_s0,plastic_nut/OK/S0317/plastic_nut_0317_OK_C1_20230930152714.jpg,335.25323486328125,547.8329467773438,992.00634765625
odd_s1,plastic_nut/OK/S0317/plastic_nut_0317_OK_C1_20230930152714.jpg,335.8533935546875,536.1995849609375,1062.97412109375
odd_s2,plastic_nut/OK/S0317/plastic_nut_0317_OK_C1_20230930152714.jpg,336.51190185546875,540.2685546875,1062.97412109375
balanced_s0,plastic_nut/OK/S0317/plastic_nut_0317_OK_C1_20230930152714.jpg,342.67962646484375,551.9288940429688,964.49365234375
balanced_s1,plastic_nut/OK/S0317/plastic_nut_0317_OK_C1_20230930152714.jpg,332.91021728515625,535.6614990234375,1006.181640625
balanced_s2,plastic_nut/OK/S0317/plastic_nut_0317_OK_C1_20230930152714.jpg,331.4918212890625,530.542724609375,792.6015625
random_s0,plastic_nut/OK/S0317/plastic_nut_0317_OK_C1_20230930152714.jpg,342.54034423828125,546.4291381835938,1170.640625
random_s1,plastic_nut/OK/S0317/plastic_nut_0317_OK_C1_20230930152714.jpg,333.84771728515625,534.4346923828125,1170.640625
random_s2,plastic_nut/OK/S0317/plastic_nut_0317_OK_C1_20230930152714.jpg,334.1175537109375,536.4110107421875,1170.640625
odd_s0,plastic_nut/OK/S0317/plastic_nut_0317_OK_C2_20230930152714.jpg,342.8023681640625,535.7913208007812,860.229248046875
odd_s1,plastic_nut/OK/S0317/plastic_nut_0317_OK_C2_20230930152714.jpg,328.1022033691406,522.7452392578125,848.9638671875
odd_s2,plastic_nut/OK/S0317/plastic_nut_0317_OK_C2_20230930152714.jpg,337.40557861328125,534.5654296875,899.89794921875
balanced_s0,plastic_nut/OK/S0317/plastic_nut_0317_OK_C2_20230930152714.jpg,334.7869873046875,528.3082275390625,808.76123046875
balanced_s1,plastic_nut/OK/S0317/plastic_nut_0317_OK_C2_20230930152714.jpg,336.6424255371094,528.1561279296875,776.93212890625
balanced_s2,plastic_nut/OK/S0317/plastic_nut_0317_OK_C2_20230930152714.jpg,340.4971618652344,530.0421142578125,995.34521484375
random_s0,plastic_nut/OK/S0317/plastic_nut_0317_OK_C2_20230930152714.jpg,337.4045104980469,527.266845703125,926.0048828125
random_s1,plastic_nut/OK/S0317/plastic_nut_0317_OK_C2_20230930152714.jpg,341.11676025390625,534.79833984375,859.34716796875
random_s2,plastic_nut/OK/S0317/plastic_nut_0317_OK_C2_20230930152714.jpg,340.1766662597656,535.4490356445312,926.0048828125
odd_s0,plastic_nut/OK/S0317/plastic_nut_0317_OK_C3_20230930152714.jpg,343.97869873046875,541.7936401367188,800.00048828125
odd_s1,plastic_nut/OK/S0317/plastic_nut_0317_OK_C3_20230930152714.jpg,328.4483337402344,530.7571411132812,910.0771484375
odd_s2,plastic_nut/OK/S0317/plastic_nut_0317_OK_C3_20230930152714.jpg,340.26007080078125,551.802978515625,802.48828125
balanced_s0,plastic_nut/OK/S0317/plastic_nut_0317_OK_C3_20230930152714.jpg,330.6927490234375,529.2578125,832.07373046875
balanced_s1,plastic_nut/OK/S0317/plastic_nut_0317_OK_C3_20230930152714.jpg,336.9716796875,537.4217529296875,901.521728515625
balanced_s2,plastic_nut/OK/S0317/plastic_nut_0317_OK_C3_20230930152714.jpg,344.29534912109375,535.3091430664062,829.888916015625
random_s0,plastic_nut/OK/S0317/plastic_nut_0317_OK_C3_20230930152714.jpg,339.15643310546875,538.630126953125,768.02734375
random_s1,plastic_nut/OK/S0317/plastic_nut_0317_OK_C3_20230930152714.jpg,340.44451904296875,546.3766479492188,768.02880859375
random_s2,plastic_nut/OK/S0317/plastic_nut_0317_OK_C3_20230930152714.jpg,340.78912353515625,541.5274047851562,930.64208984375
odd_s0,plastic_nut/OK/S0317/plastic_nut_0317_OK_C4_20230930152714.jpg,344.2672119140625,537.5263671875,1044.965576171875
odd_s1,plastic_nut/OK/S0317/plastic_nut_0317_OK_C4_20230930152714.jpg,338.23681640625,530.7823486328125,866.33447265625
odd_s2,plastic_nut/OK/S0317/plastic_nut_0317_OK_C4_20230930152714.jpg,350.47149658203125,542.4255981445312,1044.965576171875
balanced_s0,plastic_nut/OK/S0317/plastic_nut_0317_OK_C4_20230930152714.jpg,339.1435241699219,535.7017822265625,851.19384765625
balanced_s1,plastic_nut/OK/S0317/plastic_nut_0317_OK_C4_20230930152714.jpg,342.90728759765625,533.91748046875,810.89697265625
balanced_s2,plastic_nut/OK/S0317/plastic_nut_0317_OK_C4_20230930152714.jpg,352.2741394042969,538.76220703125,848.682861328125
random_s0,plastic_nut/OK/S0317/plastic_nut_0317_OK_C4_20230930152714.jpg,347.13311767578125,533.6734619140625,881.158203125
random_s1,plastic_nut/OK/S0317/plastic_nut_0317_OK_C4_20230930152714.jpg,350.68157958984375,541.1854248046875,830.4912109375
random_s2,plastic_nut/OK/S0317/plastic_nut_0317_OK_C4_20230930152714.jpg,345.59857177734375,533.5429077148438,905.766845703125
odd_s0,plastic_nut/OK/S0317/plastic_nut_0317_OK_C5_20230930152714.jpg,353.9775695800781,548.7105102539062,931.4296875
odd_s1,plastic_nut/OK/S0317/plastic_nut_0317_OK_C5_20230930152714.jpg,343.929931640625,532.3306274414062,931.4296875
odd_s2,plastic_nut/OK/S0317/plastic_nut_0317_OK_C5_20230930152714.jpg,349.55633544921875,535.8726806640625,931.4296875
balanced_s0,plastic_nut/OK/S0317/plastic_nut_0317_OK_C5_20230930152714.jpg,342.71514892578125,534.1454467773438,874.509765625
balanced_s1,plastic_nut/OK/S0317/plastic_nut_0317_OK_C5_20230930152714.jpg,350.1385498046875,541.5144653320312,874.509765625
balanced_s2,plastic_nut/OK/S0317/plastic_nut_0317_OK_C5_20230930152714.jpg,353.4022216796875,544.8248291015625,855.798828125
random_s0,plastic_nut/OK/S0317/plastic_nut_0317_OK_C5_20230930152714.jpg,348.7172546386719,538.83642578125,1171.4033203125
random_s1,plastic_nut/OK/S0317/plastic_nut_0317_OK_C5_20230930152714.jpg,347.89874267578125,534.90576171875,1171.4033203125
random_s2,plastic_nut/OK/S0317/plastic_nut_0317_OK_C5_20230930152714.jpg,348.73321533203125,539.209228515625,1171.4033203125
odd_s0,plastic_nut/OK/S0319/plastic_nut_0319_OK_C1_20230930152728.jpg,329.4344482421875,538.37646484375,816.8798828125
odd_s1,plastic_nut/OK/S0319/plastic_nut_0319_OK_C1_20230930152728.jpg,332.0188903808594,537.0862426757812,1021.11181640625
odd_s2,plastic_nut/OK/S0319/plastic_nut_0319_OK_C1_20230930152728.jpg,333.042724609375,535.1830444335938,977.14453125
balanced_s0,plastic_nut/OK/S0319/plastic_nut_0319_OK_C1_20230930152728.jpg,334.25250244140625,537.059326171875,800.60693359375
balanced_s1,plastic_nut/OK/S0319/plastic_nut_0319_OK_C1_20230930152728.jpg,328.2876892089844,529.3689575195312,726.6904296875
balanced_s2,plastic_nut/OK/S0319/plastic_nut_0319_OK_C1_20230930152728.jpg,326.91064453125,529.4652099609375,798.87646484375
random_s0,plastic_nut/OK/S0319/plastic_nut_0319_OK_C1_20230930152728.jpg,337.2554626464844,542.7783813476562,885.39013671875
random_s1,plastic_nut/OK/S0319/plastic_nut_0319_OK_C1_20230930152728.jpg,327.844970703125,532.030029296875,1061.466796875
random_s2,plastic_nut/OK/S0319/plastic_nut_0319_OK_C1_20230930152728.jpg,331.29913330078125,530.643310546875,881.919921875
odd_s0,plastic_nut/OK/S0319/plastic_nut_0319_OK_C2_20230930152728.jpg,338.9168701171875,525.1799926757812,892.80615234375
odd_s1,plastic_nut/OK/S0319/plastic_nut_0319_OK_C2_20230930152728.jpg,326.5029296875,512.63623046875,838.517578125
odd_s2,plastic_nut/OK/S0319/plastic_nut_0319_OK_C2_20230930152728.jpg,332.7734375,521.764892578125,943.658203125
balanced_s0,plastic_nut/OK/S0319/plastic_nut_0319_OK_C2_20230930152728.jpg,329.7368469238281,519.8002319335938,850.1025390625
balanced_s1,plastic_nut/OK/S0319/plastic_nut_0319_OK_C2_20230930152728.jpg,333.92315673828125,528.9246826171875,834.662841796875
balanced_s2,plastic_nut/OK/S0319/plastic_nut_0319_OK_C2_20230930152728.jpg,335.4413146972656,519.4921875,728.674560546875
random_s0,plastic_nut/OK/S0319/plastic_nut_0319_OK_C2_20230930152728.jpg,333.6187744140625,524.391845703125,794.369873046875
random_s1,plastic_nut/OK/S0319/plastic_nut_0319_OK_C2_20230930152728.jpg,336.93756103515625,526.5990600585938,867.7900390625
random_s2,plastic_nut/OK/S0319/plastic_nut_0319_OK_C2_20230930152728.jpg,336.78704833984375,522.9072265625,832.760498046875
odd_s0,plastic_nut/OK/S0319/plastic_nut_0319_OK_C3_20230930152728.jpg,337.43707275390625,529.0452270507812,1009.255859375
odd_s1,plastic_nut/OK/S0319/plastic_nut_0319_OK_C3_20230930152728.jpg,321.8104553222656,517.756591796875,1009.255859375
odd_s2,plastic_nut/OK/S0319/plastic_nut_0319_OK_C3_20230930152728.jpg,335.4754943847656,526.5450439453125,889.42138671875
balanced_s0,plastic_nut/OK/S0319/plastic_nut_0319_OK_C3_20230930152728.jpg,327.5931396484375,521.465576171875,918.82470703125
balanced_s1,plastic_nut/OK/S0319/plastic_nut_0319_OK_C3_20230930152728.jpg,331.7652587890625,520.66748046875,988.698974609375
balanced_s2,plastic_nut/OK/S0319/plastic_nut_0319_OK_C3_20230930152728.jpg,337.0534973144531,530.029296875,815.5986328125
random_s0,plastic_nut/OK/S0319/plastic_nut_0319_OK_C3_20230930152728.jpg,330.68695068359375,518.0421142578125,827.21923828125
random_s1,plastic_nut/OK/S0319/plastic_nut_0319_OK_C3_20230930152728.jpg,330.7128601074219,525.2467041015625,766.95458984375
random_s2,plastic_nut/OK/S0319/plastic_nut_0319_OK_C3_20230930152728.jpg,329.5487060546875,516.7269287109375,895.25439453125
odd_s0,plastic_nut/OK/S0319/plastic_nut_0319_OK_C4_20230930152728.jpg,344.30535888671875,535.0993041992188,935.748779296875
odd_s1,plastic_nut/OK/S0319/plastic_nut_0319_OK_C4_20230930152728.jpg,339.62908935546875,532.2347412109375,831.070556640625
odd_s2,plastic_nut/OK/S0319/plastic_nut_0319_OK_C4_20230930152728.jpg,347.91424560546875,536.653564453125,799.495849609375
balanced_s0,plastic_nut/OK/S0319/plastic_nut_0319_OK_C4_20230930152728.jpg,339.4798583984375,532.0565185546875,950.5849609375
balanced_s1,plastic_nut/OK/S0319/plastic_nut_0319_OK_C4_20230930152728.jpg,342.70245361328125,532.12939453125,870.0927734375
balanced_s2,plastic_nut/OK/S0319/plastic_nut_0319_OK_C4_20230930152728.jpg,350.1531982421875,542.63427734375,827.94970703125
random_s0,plastic_nut/OK/S0319/plastic_nut_0319_OK_C4_20230930152728.jpg,349.5526123046875,535.7291259765625,803.892822265625
random_s1,plastic_nut/OK/S0319/plastic_nut_0319_OK_C4_20230930152728.jpg,350.26959228515625,541.8008422851562,740.6708984375
random_s2,plastic_nut/OK/S0319/plastic_nut_0319_OK_C4_20230930152728.jpg,346.78704833984375,529.822021484375,809.01708984375
odd_s0,plastic_nut/OK/S0319/plastic_nut_0319_OK_C5_20230930152728.jpg,349.3377685546875,539.0048217773438,849.615234375
odd_s1,plastic_nut/OK/S0319/plastic_nut_0319_OK_C5_20230930152728.jpg,341.13836669921875,531.903076171875,849.615234375
odd_s2,plastic_nut/OK/S0319/plastic_nut_0319_OK_C5_20230930152728.jpg,345.9364318847656,527.659912109375,849.615234375
balanced_s0,plastic_nut/OK/S0319/plastic_nut_0319_OK_C5_20230930152728.jpg,339.51031494140625,527.9586791992188,813.04248046875
balanced_s1,plastic_nut/OK/S0319/plastic_nut_0319_OK_C5_20230930152728.jpg,344.0660400390625,524.7999267578125,825.48876953125
balanced_s2,plastic_nut/OK/S0319/plastic_nut_0319_OK_C5_20230930152728.jpg,347.430908203125,536.2791748046875,805.31640625
random_s0,plastic_nut/OK/S0319/plastic_nut_0319_OK_C5_20230930152728.jpg,341.7967529296875,528.279052734375,781.103759765625
random_s1,plastic_nut/OK/S0319/plastic_nut_0319_OK_C5_20230930152728.jpg,339.630126953125,522.64404296875,791.267578125
random_s2,plastic_nut/OK/S0319/plastic_nut_0319_OK_C5_20230930152728.jpg,343.31976318359375,531.4085693359375,707.46630859375
odd_s0,plastic_nut/OK/S0322/plastic_nut_0322_OK_C1_20230930152758.jpg,352.928955078125,566.0368041992188,844.301513671875
odd_s1,plastic_nut/OK/S0322/plastic_nut_0322_OK_C1_20230930152758.jpg,350.8569030761719,553.99365234375,801.6171875
odd_s2,plastic_nut/OK/S0322/plastic_nut_0322_OK_C1_20230930152758.jpg,345.0602111816406,550.25634765625,777.468994140625
balanced_s0,plastic_nut/OK/S0322/plastic_nut_0322_OK_C1_20230930152758.jpg,352.31622314453125,551.5013427734375,808.38134765625
balanced_s1,plastic_nut/OK/S0322/plastic_nut_0322_OK_C1_20230930152758.jpg,346.16510009765625,540.6550903320312,833.767578125
balanced_s2,plastic_nut/OK/S0322/plastic_nut_0322_OK_C1_20230930152758.jpg,347.7723388671875,548.8411865234375,831.844970703125
random_s0,plastic_nut/OK/S0322/plastic_nut_0322_OK_C1_20230930152758.jpg,354.2744445800781,560.025146484375,834.39599609375
random_s1,plastic_nut/OK/S0322/plastic_nut_0322_OK_C1_20230930152758.jpg,344.51239013671875,542.0274658203125,755.1640625
random_s2,plastic_nut/OK/S0322/plastic_nut_0322_OK_C1_20230930152758.jpg,342.4063415527344,543.3643798828125,866.32568359375
odd_s0,plastic_nut/OK/S0322/plastic_nut_0322_OK_C2_20230930152758.jpg,357.1431579589844,552.4425048828125,870.797119140625
odd_s1,plastic_nut/OK/S0322/plastic_nut_0322_OK_C2_20230930152758.jpg,347.3212890625,539.0670776367188,870.797119140625
odd_s2,plastic_nut/OK/S0322/plastic_nut_0322_OK_C2_20230930152758.jpg,347.60577392578125,540.5987548828125,913.289794921875
balanced_s0,plastic_nut/OK/S0322/plastic_nut_0322_OK_C2_20230930152758.jpg,350.1679382324219,540.4099731445312,800.73486328125
balanced_s1,plastic_nut/OK/S0322/plastic_nut_0322_OK_C2_20230930152758.jpg,352.57171630859375,545.6699829101562,861.27587890625
balanced_s2,plastic_nut/OK/S0322/plastic_nut_0322_OK_C2_20230930152758.jpg,352.2080383300781,538.4713134765625,759.63134765625
random_s0,plastic_nut/OK/S0322/plastic_nut_0322_OK_C2_20230930152758.jpg,354.3273010253906,543.6277465820312,886.82275390625
random_s1,plastic_nut/OK/S0322/plastic_nut_0322_OK_C2_20230930152758.jpg,357.9271240234375,546.1492919921875,1032.201171875
random_s2,plastic_nut/OK/S0322/plastic_nut_0322_OK_C2_20230930152758.jpg,353.1707763671875,549.5294189453125,860.13671875
odd_s0,plastic_nut/OK/S0322/plastic_nut_0322_OK_C3_20230930152758.jpg,353.15936279296875,545.423828125,1461.66650390625
odd_s1,plastic_nut/OK/S0322/plastic_nut_0322_OK_C3_20230930152758.jpg,339.3282470703125,536.7186279296875,1441.936279296875
odd_s2,plastic_nut/OK/S0322/plastic_nut_0322_OK_C3_20230930152758.jpg,348.1631164550781,546.8598022460938,1482.50048828125
balanced_s0,plastic_nut/OK/S0322/plastic_nut_0322_OK_C3_20230930152758.jpg,338.0999755859375,534.4527587890625,1006.376953125
balanced_s1,plastic_nut/OK/S0322/plastic_nut_0322_OK_C3_20230930152758.jpg,345.3811340332031,533.5946044921875,1006.376953125
balanced_s2,plastic_nut/OK/S0322/plastic_nut_0322_OK_C3_20230930152758.jpg,351.3922119140625,537.065673828125,1006.376953125
random_s0,plastic_nut/OK/S0322/plastic_nut_0322_OK_C3_20230930152758.jpg,347.46240234375,539.4686279296875,1008.8662109375
random_s1,plastic_nut/OK/S0322/plastic_nut_0322_OK_C3_20230930152758.jpg,341.3683166503906,539.6044311523438,882.66357421875
random_s2,plastic_nut/OK/S0322/plastic_nut_0322_OK_C3_20230930152758.jpg,346.8660888671875,542.7669067382812,882.66357421875
odd_s0,plastic_nut/OK/S0322/plastic_nut_0322_OK_C4_20230930152758.jpg,359.7237548828125,549.284912109375,816.52783203125
odd_s1,plastic_nut/OK/S0322/plastic_nut_0322_OK_C4_20230930152758.jpg,355.15386962890625,547.3221435546875,778.73876953125
odd_s2,plastic_nut/OK/S0322/plastic_nut_0322_OK_C4_20230930152758.jpg,357.00213623046875,549.86962890625,792.69287109375
balanced_s0,plastic_nut/OK/S0322/plastic_nut_0322_OK_C4_20230930152758.jpg,351.5409851074219,545.0628662109375,845.85693359375
balanced_s1,plastic_nut/OK/S0322/plastic_nut_0322_OK_C4_20230930152758.jpg,357.66131591796875,545.3995361328125,834.7919921875
balanced_s2,plastic_nut/OK/S0322/plastic_nut_0322_OK_C4_20230930152758.jpg,362.65533447265625,553.5439453125,868.021484375
random_s0,plastic_nut/OK/S0322/plastic_nut_0322_OK_C4_20230930152758.jpg,363.9610900878906,550.2002563476562,719.57861328125
random_s1,plastic_nut/OK/S0322/plastic_nut_0322_OK_C4_20230930152758.jpg,360.47418212890625,558.2987060546875,778.45068359375
random_s2,plastic_nut/OK/S0322/plastic_nut_0322_OK_C4_20230930152758.jpg,355.20892333984375,549.0982055664062,730.29541015625
odd_s0,plastic_nut/OK/S0322/plastic_nut_0322_OK_C5_20230930152758.jpg,368.8773498535156,564.1092529296875,937.801513671875
odd_s1,plastic_nut/OK/S0322/plastic_nut_0322_OK_C5_20230930152758.jpg,358.477783203125,551.3001708984375,989.643798828125
odd_s2,plastic_nut/OK/S0322/plastic_nut_0322_OK_C5_20230930152758.jpg,368.73492431640625,556.29150390625,989.643798828125
balanced_s0,plastic_nut/OK/S0322/plastic_nut_0322_OK_C5_20230930152758.jpg,366.5888671875,557.8416137695312,998.911865234375
balanced_s1,plastic_nut/OK/S0322/plastic_nut_0322_OK_C5_20230930152758.jpg,366.24774169921875,551.0755615234375,753.498779296875
balanced_s2,plastic_nut/OK/S0322/plastic_nut_0322_OK_C5_20230930152758.jpg,365.782958984375,549.5050048828125,846.912109375
random_s0,plastic_nut/OK/S0322/plastic_nut_0322_OK_C5_20230930152758.jpg,362.994140625,552.0526733398438,767.48974609375
random_s1,plastic_nut/OK/S0322/plastic_nut_0322_OK_C5_20230930152758.jpg,359.6803894042969,542.9918823242188,985.500244140625
random_s2,plastic_nut/OK/S0322/plastic_nut_0322_OK_C5_20230930152758.jpg,369.96258544921875,559.6538696289062,806.9482421875
odd_s0,plastic_nut/OK/S0326/plastic_nut_0326_OK_C1_20230930153021.jpg,351.7257385253906,561.23046875,1009.162109375
odd_s1,plastic_nut/OK/S0326/plastic_nut_0326_OK_C1_20230930153021.jpg,351.5704345703125,547.7373657226562,1229.098876953125
odd_s2,plastic_nut/OK/S0326/plastic_nut_0326_OK_C1_20230930153021.jpg,347.071044921875,555.2345581054688,1229.098876953125
balanced_s0,plastic_nut/OK/S0326/plastic_nut_0326_OK_C1_20230930153021.jpg,352.72705078125,557.905517578125,1004.85400390625
balanced_s1,plastic_nut/OK/S0326/plastic_nut_0326_OK_C1_20230930153021.jpg,351.14599609375,555.351318359375,963.80810546875
balanced_s2,plastic_nut/OK/S0326/plastic_nut_0326_OK_C1_20230930153021.jpg,345.2833251953125,555.3094482421875,1004.85400390625
random_s0,plastic_nut/OK/S0326/plastic_nut_0326_OK_C1_20230930153021.jpg,357.22601318359375,564.3582763671875,907.5302734375
random_s1,plastic_nut/OK/S0326/plastic_nut_0326_OK_C1_20230930153021.jpg,348.8568420410156,552.2274780273438,907.5302734375
random_s2,plastic_nut/OK/S0326/plastic_nut_0326_OK_C1_20230930153021.jpg,345.6470947265625,550.620849609375,939.356689453125
odd_s0,plastic_nut/OK/S0326/plastic_nut_0326_OK_C2_20230930153021.jpg,348.3816223144531,533.6416625976562,1571.7978515625
odd_s1,plastic_nut/OK/S0326/plastic_nut_0326_OK_C2_20230930153021.jpg,333.06646728515625,520.37841796875,1584.39990234375
odd_s2,plastic_nut/OK/S0326/plastic_nut_0326_OK_C2_20230930153021.jpg,340.5330810546875,526.8776245117188,1589.76171875
balanced_s0,plastic_nut/OK/S0326/plastic_nut_0326_OK_C2_20230930153021.jpg,332.5356140136719,522.8172607421875,759.6123046875
balanced_s1,plastic_nut/OK/S0326/plastic_nut_0326_OK_C2_20230930153021.jpg,333.72052001953125,519.254638671875,725.772216796875
balanced_s2,plastic_nut/OK/S0326/plastic_nut_0326_OK_C2_20230930153021.jpg,341.00494384765625,529.6360473632812,717.164794921875
random_s0,plastic_nut/OK/S0326/plastic_nut_0326_OK_C2_20230930153021.jpg,341.90338134765625,524.0533447265625,774.431640625
random_s1,plastic_nut/OK/S0326/plastic_nut_0326_OK_C2_20230930153021.jpg,342.0259094238281,530.34521484375,793.292724609375
random_s2,plastic_nut/OK/S0326/plastic_nut_0326_OK_C2_20230930153021.jpg,338.1676330566406,529.5536499023438,774.431640625
odd_s0,plastic_nut/OK/S0326/plastic_nut_0326_OK_C3_20230930153021.jpg,352.6064453125,543.50390625,867.234130859375
odd_s1,plastic_nut/OK/S0326/plastic_nut_0326_OK_C3_20230930153021.jpg,335.869873046875,532.1911010742188,780.179931640625
odd_s2,plastic_nut/OK/S0326/plastic_nut_0326_OK_C3_20230930153021.jpg,348.2193603515625,543.9783935546875,910.4130859375
balanced_s0,plastic_nut/OK/S0326/plastic_nut_0326_OK_C3_20230930153021.jpg,341.17254638671875,540.173095703125,920.1962890625
balanced_s1,plastic_nut/OK/S0326/plastic_nut_0326_OK_C3_20230930153021.jpg,343.47979736328125,537.7047729492188,925.470458984375
balanced_s2,plastic_nut/OK/S0326/plastic_nut_0326_OK_C3_20230930153021.jpg,352.00439453125,540.0689086914062,867.27197265625
random_s0,plastic_nut/OK/S0326/plastic_nut_0326_OK_C3_20230930153021.jpg,345.3467712402344,538.9127197265625,832.486083984375
random_s1,plastic_nut/OK/S0326/plastic_nut_0326_OK_C3_20230930153021.jpg,347.16571044921875,540.3312377929688,888.350341796875
random_s2,plastic_nut/OK/S0326/plastic_nut_0326_OK_C3_20230930153021.jpg,343.09991455078125,529.12890625,874.295654296875
odd_s0,plastic_nut/OK/S0326/plastic_nut_0326_OK_C4_20230930153021.jpg,357.31085205078125,546.9244384765625,781.86083984375
odd_s1,plastic_nut/OK/S0326/plastic_nut_0326_OK_C4_20230930153021.jpg,354.35968017578125,547.502685546875,828.9423828125
odd_s2,plastic_nut/OK/S0326/plastic_nut_0326_OK_C4_20230930153021.jpg,352.2459716796875,544.1820068359375,817.97021484375
balanced_s0,plastic_nut/OK/S0326/plastic_nut_0326_OK_C4_20230930153021.jpg,349.95465087890625,543.963134765625,814.6767578125
balanced_s1,plastic_nut/OK/S0326/plastic_nut_0326_OK_C4_20230930153021.jpg,352.0232238769531,543.3668212890625,913.90283203125
balanced_s2,plastic_nut/OK/S0326/plastic_nut_0326_OK_C4_20230930153021.jpg,366.70855712890625,553.3310546875,790.0458984375
random_s0,plastic_nut/OK/S0326/plastic_nut_0326_OK_C4_20230930153021.jpg,362.9986877441406,547.2546997070312,897.2568359375
random_s1,plastic_nut/OK/S0326/plastic_nut_0326_OK_C4_20230930153021.jpg,352.9771728515625,547.0143432617188,834.44091796875
random_s2,plastic_nut/OK/S0326/plastic_nut_0326_OK_C4_20230930153021.jpg,361.6788330078125,552.6918334960938,802.39990234375
odd_s0,plastic_nut/OK/S0326/plastic_nut_0326_OK_C5_20230930153021.jpg,355.05877685546875,542.7303466796875,820.19677734375
odd_s1,plastic_nut/OK/S0326/plastic_nut_0326_OK_C5_20230930153021.jpg,347.15057373046875,541.3216552734375,840.70703125
odd_s2,plastic_nut/OK/S0326/plastic_nut_0326_OK_C5_20230930153021.jpg,348.5225830078125,538.7308959960938,823.7421875
balanced_s0,plastic_nut/OK/S0326/plastic_nut_0326_OK_C5_20230930153021.jpg,344.86431884765625,535.3448486328125,811.1533203125
balanced_s1,plastic_nut/OK/S0326/plastic_nut_0326_OK_C5_20230930153021.jpg,346.2616271972656,540.5816650390625,840.2568359375
balanced_s2,plastic_nut/OK/S0326/plastic_nut_0326_OK_C5_20230930153021.jpg,353.1665344238281,538.7528686523438,772.85107421875
random_s0,plastic_nut/OK/S0326/plastic_nut_0326_OK_C5_20230930153021.jpg,343.68426513671875,534.6201171875,828.2841796875
random_s1,plastic_nut/OK/S0326/plastic_nut_0326_OK_C5_20230930153021.jpg,346.7978820800781,543.0318603515625,837.8447265625
random_s2,plastic_nut/OK/S0326/plastic_nut_0326_OK_C5_20230930153021.jpg,349.09307861328125,538.3443603515625,921.940185546875
odd_s0,plastic_nut/OK/S0329/plastic_nut_0329_OK_C1_20230930153203.jpg,349.1846923828125,554.6451416015625,1003.5849609375
odd_s1,plastic_nut/OK/S0329/plastic_nut_0329_OK_C1_20230930153203.jpg,347.89013671875,550.47119140625,1333.5927734375
odd_s2,plastic_nut/OK/S0329/plastic_nut_0329_OK_C1_20230930153203.jpg,345.94366455078125,548.5082397460938,1155.26708984375
balanced_s0,plastic_nut/OK/S0329/plastic_nut_0329_OK_C1_20230930153203.jpg,348.0616455078125,552.1906127929688,838.6591796875
balanced_s1,plastic_nut/OK/S0329/plastic_nut_0329_OK_C1_20230930153203.jpg,344.8805236816406,550.0865478515625,853.3583984375
balanced_s2,plastic_nut/OK/S0329/plastic_nut_0329_OK_C1_20230930153203.jpg,343.0235900878906,544.194091796875,866.03759765625
random_s0,plastic_nut/OK/S0329/plastic_nut_0329_OK_C1_20230930153203.jpg,355.4942321777344,551.6441650390625,1311.12841796875
random_s1,plastic_nut/OK/S0329/plastic_nut_0329_OK_C1_20230930153203.jpg,346.7294921875,552.0230712890625,1214.926025390625
random_s2,plastic_nut/OK/S0329/plastic_nut_0329_OK_C1_20230930153203.jpg,342.2371826171875,539.446044921875,1214.926025390625
odd_s0,plastic_nut/OK/S0329/plastic_nut_0329_OK_C2_20230930153203.jpg,347.3299560546875,530.54052734375,1297.86474609375
odd_s1,plastic_nut/OK/S0329/plastic_nut_0329_OK_C2_20230930153203.jpg,333.99578857421875,521.4453735351562,1263.08837890625
odd_s2,plastic_nut/OK/S0329/plastic_nut_0329_OK_C2_20230930153203.jpg,339.00653076171875,524.1146850585938,1273.845947265625
balanced_s0,plastic_nut/OK/S0329/plastic_nut_0329_OK_C2_20230930153203.jpg,335.6612243652344,525.5579833984375,819.88525390625
balanced_s1,plastic_nut/OK/S0329/plastic_nut_0329_OK_C2_20230930153203.jpg,340.54736328125,529.4703369140625,826.07666015625
balanced_s2,plastic_nut/OK/S0329/plastic_nut_0329_OK_C2_20230930153203.jpg,341.5246276855469,531.5941772460938,736.3828125
random_s0,plastic_nut/OK/S0329/plastic_nut_0329_OK_C2_20230930153203.jpg,342.1333312988281,526.0025634765625,811.62841796875
random_s1,plastic_nut/OK/S0329/plastic_nut_0329_OK_C2_20230930153203.jpg,340.9107666015625,530.8472900390625,765.20751953125
random_s2,plastic_nut/OK/S0329/plastic_nut_0329_OK_C2_20230930153203.jpg,340.767822265625,521.9427490234375,714.8427734375
odd_s0,plastic_nut/OK/S0329/plastic_nut_0329_OK_C3_20230930153203.jpg,353.897216796875,551.9075927734375,811.91259765625
odd_s1,plastic_nut/OK/S0329/plastic_nut_0329_OK_C3_20230930153203.jpg,339.8201904296875,538.7835083007812,893.50146484375
odd_s2,plastic_nut/OK/S0329/plastic_nut_0329_OK_C3_20230930153203.jpg,351.0635070800781,552.75244140625,826.0947265625
balanced_s0,plastic_nut/OK/S0329/plastic_nut_0329_OK_C3_20230930153203.jpg,344.4457092285156,547.965087890625,745.06396484375
balanced_s1,plastic_nut/OK/S0329/plastic_nut_0329_OK_C3_20230930153203.jpg,348.98883056640625,550.5921630859375,953.15771484375
balanced_s2,plastic_nut/OK/S0329/plastic_nut_0329_OK_C3_20230930153203.jpg,355.34234619140625,553.6307983398438,831.471923828125
random_s0,plastic_nut/OK/S0329/plastic_nut_0329_OK_C3_20230930153203.jpg,349.86090087890625,546.0972290039062,798.3994140625
random_s1,plastic_nut/OK/S0329/plastic_nut_0329_OK_C3_20230930153203.jpg,355.98828125,553.88623046875,839.05322265625
random_s2,plastic_nut/OK/S0329/plastic_nut_0329_OK_C3_20230930153203.jpg,349.5194091796875,545.4901733398438,736.1669921875
odd_s0,plastic_nut/OK/S0329/plastic_nut_0329_OK_C4_20230930153203.jpg,348.20733642578125,532.3072509765625,754.6220703125
odd_s1,plastic_nut/OK/S0329/plastic_nut_0329_OK_C4_20230930153203.jpg,343.16497802734375,530.6852416992188,735.34619140625
odd_s2,plastic_nut/OK/S0329/plastic_nut_0329_OK_C4_20230930153203.jpg,345.8117370605469,525.2338256835938,785.3681640625
balanced_s0,plastic_nut/OK/S0329/plastic_nut_0329_OK_C4_20230930153203.jpg,339.2755432128906,525.7840576171875,802.80078125
balanced_s1,plastic_nut/OK/S0329/plastic_nut_0329_OK_C4_20230930153203.jpg,343.79888916015625,528.6094970703125,833.78466796875
balanced_s2,plastic_nut/OK/S0329/plastic_nut_0329_OK_C4_20230930153203.jpg,354.3465576171875,535.8262939453125,788.99072265625
random_s0,plastic_nut/OK/S0329/plastic_nut_0329_OK_C4_20230930153203.jpg,353.13134765625,532.744140625,816.236083984375
random_s1,plastic_nut/OK/S0329/plastic_nut_0329_OK_C4_20230930153203.jpg,345.73553466796875,531.2799682617188,741.70166015625
random_s2,plastic_nut/OK/S0329/plastic_nut_0329_OK_C4_20230930153203.jpg,346.2726745605469,528.9694213867188,855.38525390625
odd_s0,plastic_nut/OK/S0329/plastic_nut_0329_OK_C5_20230930153203.jpg,351.7516784667969,537.1303100585938,838.031494140625
odd_s1,plastic_nut/OK/S0329/plastic_nut_0329_OK_C5_20230930153203.jpg,344.6182556152344,528.630126953125,838.031494140625
odd_s2,plastic_nut/OK/S0329/plastic_nut_0329_OK_C5_20230930153203.jpg,347.5371398925781,533.440185546875,882.60009765625
balanced_s0,plastic_nut/OK/S0329/plastic_nut_0329_OK_C5_20230930153203.jpg,342.1463317871094,521.9464111328125,807.1259765625
balanced_s1,plastic_nut/OK/S0329/plastic_nut_0329_OK_C5_20230930153203.jpg,344.3701171875,535.9302978515625,729.727294921875
balanced_s2,plastic_nut/OK/S0329/plastic_nut_0329_OK_C5_20230930153203.jpg,351.3201599121094,539.5199584960938,808.547119140625
random_s0,plastic_nut/OK/S0329/plastic_nut_0329_OK_C5_20230930153203.jpg,339.9756164550781,529.0872192382812,901.64892578125
random_s1,plastic_nut/OK/S0329/plastic_nut_0329_OK_C5_20230930153203.jpg,347.83697509765625,536.1011352539062,881.6591796875
random_s2,plastic_nut/OK/S0329/plastic_nut_0329_OK_C5_20230930153203.jpg,346.42486572265625,532.77783203125,953.35009765625
odd_s0,plastic_nut/OK/S0331/plastic_nut_0331_OK_C1_20230930153349.jpg,344.79864501953125,555.3822631835938,804.970458984375
odd_s1,plastic_nut/OK/S0331/plastic_nut_0331_OK_C1_20230930153349.jpg,345.8112487792969,546.1912841796875,857.5029296875
odd_s2,plastic_nut/OK/S0331/plastic_nut_0331_OK_C1_20230930153349.jpg,344.05279541015625,544.9259033203125,841.045654296875
balanced_s0,plastic_nut/OK/S0331/plastic_nut_0331_OK_C1_20230930153349.jpg,343.50872802734375,545.4356689453125,737.842041015625
balanced_s1,plastic_nut/OK/S0331/plastic_nut_0331_OK_C1_20230930153349.jpg,343.77447509765625,541.3778076171875,877.2978515625
balanced_s2,plastic_nut/OK/S0331/plastic_nut_0331_OK_C1_20230930153349.jpg,340.35589599609375,543.2709350585938,826.82470703125
random_s0,plastic_nut/OK/S0331/plastic_nut_0331_OK_C1_20230930153349.jpg,352.2217712402344,552.3052978515625,868.35888671875
random_s1,plastic_nut/OK/S0331/plastic_nut_0331_OK_C1_20230930153349.jpg,343.673828125,550.5306396484375,830.39404296875
random_s2,plastic_nut/OK/S0331/plastic_nut_0331_OK_C1_20230930153349.jpg,338.3999938964844,539.9620361328125,903.38330078125
odd_s0,plastic_nut/OK/S0331/plastic_nut_0331_OK_C2_20230930153349.jpg,346.75665283203125,536.8178100585938,1165.6005859375
odd_s1,plastic_nut/OK/S0331/plastic_nut_0331_OK_C2_20230930153349.jpg,332.16912841796875,516.541748046875,1100.7314453125
odd_s2,plastic_nut/OK/S0331/plastic_nut_0331_OK_C2_20230930153349.jpg,339.0570068359375,530.1879272460938,1152.9951171875
balanced_s0,plastic_nut/OK/S0331/plastic_nut_0331_OK_C2_20230930153349.jpg,335.3330078125,523.730224609375,738.27099609375
balanced_s1,plastic_nut/OK/S0331/plastic_nut_0331_OK_C2_20230930153349.jpg,340.5812683105469,528.7742309570312,957.98046875
balanced_s2,plastic_nut/OK/S0331/plastic_nut_0331_OK_C2_20230930153349.jpg,343.107666015625,531.2924194335938,892.3837890625
random_s0,plastic_nut/OK/S0331/plastic_nut_0331_OK_C2_20230930153349.jpg,339.89837646484375,526.755615234375,770.474853515625
random_s1,plastic_nut/OK/S0331/plastic_nut_0331_OK_C2_20230930153349.jpg,339.0831298828125,531.0899047851562,784.29248046875
random_s2,plastic_nut/OK/S0331/plastic_nut_0331_OK_C2_20230930153349.jpg,342.7548522949219,533.9312744140625,907.81103515625
odd_s0,plastic_nut/OK/S0331/plastic_nut_0331_OK_C3_20230930153349.jpg,341.5604248046875,539.91552734375,812.090576171875
odd_s1,plastic_nut/OK/S0331/plastic_nut_0331_OK_C3_20230930153349.jpg,330.0728454589844,537.6477661132812,807.2294921875
odd_s2,plastic_nut/OK/S0331/plastic_nut_0331_OK_C3_20230930153349.jpg,341.9020080566406,546.6827392578125,908.783203125
balanced_s0,plastic_nut/OK/S0331/plastic_nut_0331_OK_C3_20230930153349.jpg,331.67877197265625,531.425048828125,850.015625
balanced_s1,plastic_nut/OK/S0331/plastic_nut_0331_OK_C3_20230930153349.jpg,336.5577392578125,537.1810302734375,808.387939453125
balanced_s2,plastic_nut/OK/S0331/plastic_nut_0331_OK_C3_20230930153349.jpg,344.548583984375,544.879150390625,797.973876953125
random_s0,plastic_nut/OK/S0331/plastic_nut_0331_OK_C3_20230930153349.jpg,342.5013427734375,537.867431640625,941.83203125
random_s1,plastic_nut/OK/S0331/plastic_nut_0331_OK_C3_20230930153349.jpg,342.5645751953125,545.06689453125,771.90234375
random_s2,plastic_nut/OK/S0331/plastic_nut_0331_OK_C3_20230930153349.jpg,342.4358825683594,538.8272705078125,785.132080078125
odd_s0,plastic_nut/OK/S0331/plastic_nut_0331_OK_C4_20230930153349.jpg,348.60009765625,534.8630981445312,816.69091796875
odd_s1,plastic_nut/OK/S0331/plastic_nut_0331_OK_C4_20230930153349.jpg,341.962158203125,530.61083984375,807.927734375
odd_s2,plastic_nut/OK/S0331/plastic_nut_0331_OK_C4_20230930153349.jpg,344.608154296875,531.7274169921875,812.74560546875
balanced_s0,plastic_nut/OK/S0331/plastic_nut_0331_OK_C4_20230930153349.jpg,342.7813720703125,533.0078735351562,848.068115234375
balanced_s1,plastic_nut/OK/S0331/plastic_nut_0331_OK_C4_20230930153349.jpg,347.3846740722656,538.5361328125,860.15576171875
balanced_s2,plastic_nut/OK/S0331/plastic_nut_0331_OK_C4_20230930153349.jpg,353.811279296875,539.2403564453125,785.035400390625
random_s0,plastic_nut/OK/S0331/plastic_nut_0331_OK_C4_20230930153349.jpg,352.22076416015625,538.8704833984375,808.841552734375
random_s1,plastic_nut/OK/S0331/plastic_nut_0331_OK_C4_20230930153349.jpg,350.02874755859375,541.8746337890625,799.5654296875
random_s2,plastic_nut/OK/S0331/plastic_nut_0331_OK_C4_20230930153349.jpg,348.3345642089844,532.8560791015625,924.565673828125
odd_s0,plastic_nut/OK/S0331/plastic_nut_0331_OK_C5_20230930153349.jpg,381.4851379394531,593.5608520507812,1303.2021484375
odd_s1,plastic_nut/OK/S0331/plastic_nut_0331_OK_C5_20230930153349.jpg,381.622314453125,614.62841796875,1314.08544921875
odd_s2,plastic_nut/OK/S0331/plastic_nut_0331_OK_C5_20230930153349.jpg,379.3525695800781,590.159423828125,1314.08544921875
balanced_s0,plastic_nut/OK/S0331/plastic_nut_0331_OK_C5_20230930153349.jpg,373.18927001953125,579.95849609375,971.9580078125
balanced_s1,plastic_nut/OK/S0331/plastic_nut_0331_OK_C5_20230930153349.jpg,378.74627685546875,582.9810791015625,931.48583984375
balanced_s2,plastic_nut/OK/S0331/plastic_nut_0331_OK_C5_20230930153349.jpg,383.5146484375,599.630859375,996.3583984375
random_s0,plastic_nut/OK/S0331/plastic_nut_0331_OK_C5_20230930153349.jpg,376.582275390625,589.50146484375,966.592529296875
random_s1,plastic_nut/OK/S0331/plastic_nut_0331_OK_C5_20230930153349.jpg,374.87835693359375,592.916015625,1003.58984375
random_s2,plastic_nut/OK/S0331/plastic_nut_0331_OK_C5_20230930153349.jpg,378.713623046875,588.25146484375,929.33544921875
odd_s0,plastic_nut/OK/S0338/plastic_nut_0338_OK_C1_20230930153615.jpg,345.81982421875,551.8238525390625,894.5048828125
odd_s1,plastic_nut/OK/S0338/plastic_nut_0338_OK_C1_20230930153615.jpg,348.2976379394531,563.0695190429688,950.144287109375
odd_s2,plastic_nut/OK/S0338/plastic_nut_0338_OK_C1_20230930153615.jpg,350.9622497558594,559.5623779296875,926.560546875
balanced_s0,plastic_nut/OK/S0338/plastic_nut_0338_OK_C1_20230930153615.jpg,350.40570068359375,560.0587768554688,959.4404296875
balanced_s1,plastic_nut/OK/S0338/plastic_nut_0338_OK_C1_20230930153615.jpg,348.22015380859375,543.8258666992188,984.498046875
balanced_s2,plastic_nut/OK/S0338/plastic_nut_0338_OK_C1_20230930153615.jpg,344.52001953125,551.0836791992188,1004.72802734375
random_s0,plastic_nut/OK/S0338/plastic_nut_0338_OK_C1_20230930153615.jpg,355.02764892578125,556.2476806640625,878.83056640625
random_s1,plastic_nut/OK/S0338/plastic_nut_0338_OK_C1_20230930153615.jpg,345.4085388183594,550.8365478515625,930.55908203125
random_s2,plastic_nut/OK/S0338/plastic_nut_0338_OK_C1_20230930153615.jpg,347.3861083984375,550.6544189453125,951.88818359375
odd_s0,plastic_nut/OK/S0338/plastic_nut_0338_OK_C2_20230930153615.jpg,343.862060546875,529.9471435546875,1399.25
odd_s1,plastic_nut/OK/S0338/plastic_nut_0338_OK_C2_20230930153615.jpg,332.9579772949219,525.068359375,1399.50048828125
odd_s2,plastic_nut/OK/S0338/plastic_nut_0338_OK_C2_20230930153615.jpg,339.0223388671875,529.30126953125,1409.19189453125
balanced_s0,plastic_nut/OK/S0338/plastic_nut_0338_OK_C2_20230930153615.jpg,331.814453125,525.1847534179688,794.80908203125
balanced_s1,plastic_nut/OK/S0338/plastic_nut_0338_OK_C2_20230930153615.jpg,338.2343444824219,521.0477905273438,780.61083984375
balanced_s2,plastic_nut/OK/S0338/plastic_nut_0338_OK_C2_20230930153615.jpg,340.4556884765625,525.9960327148438,763.339111328125
random_s0,plastic_nut/OK/S0338/plastic_nut_0338_OK_C2_20230930153615.jpg,340.10784912109375,527.8604736328125,808.1962890625
random_s1,plastic_nut/OK/S0338/plastic_nut_0338_OK_C2_20230930153615.jpg,338.747314453125,532.1204223632812,714.91015625
random_s2,plastic_nut/OK/S0338/plastic_nut_0338_OK_C2_20230930153615.jpg,337.5220947265625,527.3587646484375,756.49755859375
odd_s0,plastic_nut/OK/S0338/plastic_nut_0338_OK_C3_20230930153615.jpg,340.33758544921875,536.0293579101562,829.31298828125
odd_s1,plastic_nut/OK/S0338/plastic_nut_0338_OK_C3_20230930153615.jpg,325.48919677734375,528.1519165039062,760.16796875
odd_s2,plastic_nut/OK/S0338/plastic_nut_0338_OK_C3_20230930153615.jpg,338.5660400390625,539.44287109375,874.09814453125
balanced_s0,plastic_nut/OK/S0338/plastic_nut_0338_OK_C3_20230930153615.jpg,330.3746337890625,530.6090087890625,804.70068359375
balanced_s1,plastic_nut/OK/S0338/plastic_nut_0338_OK_C3_20230930153615.jpg,332.9163818359375,526.7049560546875,1003.473388671875
balanced_s2,plastic_nut/OK/S0338/plastic_nut_0338_OK_C3_20230930153615.jpg,340.8584899902344,528.088134765625,776.78564453125
random_s0,plastic_nut/OK/S0338/plastic_nut_0338_OK_C3_20230930153615.jpg,336.13275146484375,531.2005615234375,769.826171875
random_s1,plastic_nut/OK/S0338/plastic_nut_0338_OK_C3_20230930153615.jpg,336.18963623046875,539.2709350585938,711.93310546875
random_s2,plastic_nut/OK/S0338/plastic_nut_0338_OK_C3_20230930153615.jpg,335.0731201171875,534.0176391601562,730.587646484375
odd_s0,plastic_nut/OK/S0338/plastic_nut_0338_OK_C4_20230930153615.jpg,349.3750915527344,537.8697509765625,764.3076171875
odd_s1,plastic_nut/OK/S0338/plastic_nut_0338_OK_C4_20230930153615.jpg,347.0186767578125,540.442138671875,750.59326171875
odd_s2,plastic_nut/OK/S0338/plastic_nut_0338_OK_C4_20230930153615.jpg,346.7132263183594,539.8152465820312,813.65087890625
balanced_s0,plastic_nut/OK/S0338/plastic_nut_0338_OK_C4_20230930153615.jpg,343.5968017578125,537.365234375,859.673583984375
balanced_s1,plastic_nut/OK/S0338/plastic_nut_0338_OK_C4_20230930153615.jpg,342.96099853515625,539.9019165039062,834.6865234375
balanced_s2,plastic_nut/OK/S0338/plastic_nut_0338_OK_C4_20230930153615.jpg,357.0502014160156,542.0203857421875,834.6865234375
random_s0,plastic_nut/OK/S0338/plastic_nut_0338_OK_C4_20230930153615.jpg,354.13006591796875,542.4630126953125,857.65576171875
random_s1,plastic_nut/OK/S0338/plastic_nut_0338_OK_C4_20230930153615.jpg,350.1435241699219,538.3359375,895.16357421875
random_s2,plastic_nut/OK/S0338/plastic_nut_0338_OK_C4_20230930153615.jpg,352.3536071777344,542.7086791992188,915.954833984375
odd_s0,plastic_nut/OK/S0338/plastic_nut_0338_OK_C5_20230930153615.jpg,347.07904052734375,535.0401611328125,778.50537109375
odd_s1,plastic_nut/OK/S0338/plastic_nut_0338_OK_C5_20230930153615.jpg,336.448974609375,523.465087890625,801.3291015625
odd_s2,plastic_nut/OK/S0338/plastic_nut_0338_OK_C5_20230930153615.jpg,340.51727294921875,526.0252685546875,779.204345703125
balanced_s0,plastic_nut/OK/S0338/plastic_nut_0338_OK_C5_20230930153615.jpg,336.5885009765625,523.5525512695312,717.08935546875
balanced_s1,plastic_nut/OK/S0338/plastic_nut_0338_OK_C5_20230930153615.jpg,344.45477294921875,524.0413818359375,784.7119140625
balanced_s2,plastic_nut/OK/S0338/plastic_nut_0338_OK_C5_20230930153615.jpg,346.8625183105469,532.9642944335938,713.622802734375
random_s0,plastic_nut/OK/S0338/plastic_nut_0338_OK_C5_20230930153615.jpg,339.48028564453125,530.087646484375,804.55517578125
random_s1,plastic_nut/OK/S0338/plastic_nut_0338_OK_C5_20230930153615.jpg,335.8658447265625,524.6024169921875,859.61572265625
random_s2,plastic_nut/OK/S0338/plastic_nut_0338_OK_C5_20230930153615.jpg,341.8484191894531,532.1177978515625,781.84814453125
odd_s0,plastic_nut/OK/S0339/plastic_nut_0339_OK_C1_20230930153627.jpg,339.39605712890625,551.7736206054688,1163.25732421875
odd_s1,plastic_nut/OK/S0339/plastic_nut_0339_OK_C1_20230930153627.jpg,337.8208923339844,546.9212646484375,1181.16552734375
odd_s2,plastic_nut/OK/S0339/plastic_nut_0339_OK_C1_20230930153627.jpg,340.81756591796875,546.1035766601562,1181.16552734375
balanced_s0,plastic_nut/OK/S0339/plastic_nut_0339_OK_C1_20230930153627.jpg,342.07708740234375,549.5459594726562,1076.284912109375
balanced_s1,plastic_nut/OK/S0339/plastic_nut_0339_OK_C1_20230930153627.jpg,338.6846923828125,541.4020385742188,993.83251953125
balanced_s2,plastic_nut/OK/S0339/plastic_nut_0339_OK_C1_20230930153627.jpg,334.3920593261719,541.7086791992188,948.212890625
random_s0,plastic_nut/OK/S0339/plastic_nut_0339_OK_C1_20230930153627.jpg,347.1921081542969,553.4327392578125,940.497802734375
random_s1,plastic_nut/OK/S0339/plastic_nut_0339_OK_C1_20230930153627.jpg,333.17987060546875,533.1820068359375,866.77197265625
random_s2,plastic_nut/OK/S0339/plastic_nut_0339_OK_C1_20230930153627.jpg,336.57232666015625,536.1475830078125,916.173583984375
odd_s0,plastic_nut/OK/S0339/plastic_nut_0339_OK_C2_20230930153627.jpg,343.7402648925781,529.8629150390625,1470.3056640625
odd_s1,plastic_nut/OK/S0339/plastic_nut_0339_OK_C2_20230930153627.jpg,331.9024658203125,518.0595703125,1472.1025390625
odd_s2,plastic_nut/OK/S0339/plastic_nut_0339_OK_C2_20230930153627.jpg,336.466796875,533.1931762695312,1479.375
balanced_s0,plastic_nut/OK/S0339/plastic_nut_0339_OK_C2_20230930153627.jpg,330.765625,521.4447021484375,835.9794921875
balanced_s1,plastic_nut/OK/S0339/plastic_nut_0339_OK_C2_20230930153627.jpg,338.25634765625,530.3272705078125,967.942138671875
balanced_s2,plastic_nut/OK/S0339/plastic_nut_0339_OK_C2_20230930153627.jpg,338.79583740234375,523.6876220703125,805.080322265625
random_s0,plastic_nut/OK/S0339/plastic_nut_0339_OK_C2_20230930153627.jpg,342.0596923828125,530.0667724609375,895.13818359375
random_s1,plastic_nut/OK/S0339/plastic_nut_0339_OK_C2_20230930153627.jpg,338.21807861328125,526.7094116210938,1039.529541015625
random_s2,plastic_nut/OK/S0339/plastic_nut_0339_OK_C2_20230930153627.jpg,336.4396057128906,528.6989135742188,1027.8515625
odd_s0,plastic_nut/OK/S0339/plastic_nut_0339_OK_C3_20230930153627.jpg,340.80517578125,533.0693969726562,920.77197265625
odd_s1,plastic_nut/OK/S0339/plastic_nut_0339_OK_C3_20230930153627.jpg,327.53570556640625,530.3660888671875,1047.924072265625
odd_s2,plastic_nut/OK/S0339/plastic_nut_0339_OK_C3_20230930153627.jpg,340.0891418457031,532.7361450195312,1022.353271484375
balanced_s0,plastic_nut/OK/S0339/plastic_nut_0339_OK_C3_20230930153627.jpg,329.16180419921875,534.2727661132812,980.9296875
balanced_s1,plastic_nut/OK/S0339/plastic_nut_0339_OK_C3_20230930153627.jpg,333.54095458984375,535.0323486328125,1015.2958984375
balanced_s2,plastic_nut/OK/S0339/plastic_nut_0339_OK_C3_20230930153627.jpg,341.6444091796875,535.1995849609375,996.5302734375
random_s0,plastic_nut/OK/S0339/plastic_nut_0339_OK_C3_20230930153627.jpg,337.48980712890625,532.5805053710938,1255.862548828125
random_s1,plastic_nut/OK/S0339/plastic_nut_0339_OK_C3_20230930153627.jpg,336.5449523925781,539.0380859375,928.44580078125
random_s2,plastic_nut/OK/S0339/plastic_nut_0339_OK_C3_20230930153627.jpg,337.0226745605469,532.2132568359375,921.652587890625
odd_s0,plastic_nut/OK/S0339/plastic_nut_0339_OK_C4_20230930153627.jpg,347.35595703125,536.1356201171875,785.8515625
odd_s1,plastic_nut/OK/S0339/plastic_nut_0339_OK_C4_20230930153627.jpg,342.72015380859375,535.649169921875,1026.324462890625
odd_s2,plastic_nut/OK/S0339/plastic_nut_0339_OK_C4_20230930153627.jpg,349.312744140625,538.0775146484375,1081.518310546875
balanced_s0,plastic_nut/OK/S0339/plastic_nut_0339_OK_C4_20230930153627.jpg,340.23712158203125,530.86083984375,1082.0625
balanced_s1,plastic_nut/OK/S0339/plastic_nut_0339_OK_C4_20230930153627.jpg,344.8462219238281,532.6150512695312,1077.9599609375
balanced_s2,plastic_nut/OK/S0339/plastic_nut_0339_OK_C4_20230930153627.jpg,356.9045104980469,548.1919555664062,1077.9599609375
random_s0,plastic_nut/OK/S0339/plastic_nut_0339_OK_C4_20230930153627.jpg,354.2245788574219,533.954833984375,1025.70751953125
random_s1,plastic_nut/OK/S0339/plastic_nut_0339_OK_C4_20230930153627.jpg,352.97412109375,546.7532348632812,917.7890625
random_s2,plastic_nut/OK/S0339/plastic_nut_0339_OK_C4_20230930153627.jpg,350.3822937011719,540.350830078125,1007.826416015625
odd_s0,plastic_nut/OK/S0339/plastic_nut_0339_OK_C5_20230930153627.jpg,345.8882141113281,536.0208740234375,815.818115234375
odd_s1,plastic_nut/OK/S0339/plastic_nut_0339_OK_C5_20230930153627.jpg,337.9881591796875,533.18115234375,811.82763671875
odd_s2,plastic_nut/OK/S0339/plastic_nut_0339_OK_C5_20230930153627.jpg,343.65643310546875,533.6480712890625,855.48779296875
balanced_s0,plastic_nut/OK/S0339/plastic_nut_0339_OK_C5_20230930153627.jpg,339.3800048828125,532.2376708984375,891.5048828125
balanced_s1,plastic_nut/OK/S0339/plastic_nut_0339_OK_C5_20230930153627.jpg,345.773193359375,535.06396484375,896.316162109375
balanced_s2,plastic_nut/OK/S0339/plastic_nut_0339_OK_C5_20230930153627.jpg,348.4622802734375,533.5857543945312,856.786376953125
random_s0,plastic_nut/OK/S0339/plastic_nut_0339_OK_C5_20230930153627.jpg,341.98736572265625,537.3197021484375,790.6298828125
random_s1,plastic_nut/OK/S0339/plastic_nut_0339_OK_C5_20230930153627.jpg,340.82708740234375,538.12646484375,834.368408203125
random_s2,plastic_nut/OK/S0339/plastic_nut_0339_OK_C5_20230930153627.jpg,342.14837646484375,532.7623291015625,917.80419921875
odd_s0,plastic_nut/OK/S0340/plastic_nut_0340_OK_C1_20230930153635.jpg,338.1825866699219,544.1512451171875,995.077392578125
odd_s1,plastic_nut/OK/S0340/plastic_nut_0340_OK_C1_20230930153635.jpg,336.010986328125,539.6595458984375,936.15576171875
odd_s2,plastic_nut/OK/S0340/plastic_nut_0340_OK_C1_20230930153635.jpg,340.89666748046875,542.8973388671875,1038.220458984375
balanced_s0,plastic_nut/OK/S0340/plastic_nut_0340_OK_C1_20230930153635.jpg,337.40240478515625,547.310546875,939.0517578125
balanced_s1,plastic_nut/OK/S0340/plastic_nut_0340_OK_C1_20230930153635.jpg,337.6488952636719,541.4859008789062,983.888916015625
balanced_s2,plastic_nut/OK/S0340/plastic_nut_0340_OK_C1_20230930153635.jpg,333.1688232421875,535.883056640625,780.552734375
random_s0,plastic_nut/OK/S0340/plastic_nut_0340_OK_C1_20230930153635.jpg,344.7839660644531,548.23486328125,896.255859375
random_s1,plastic_nut/OK/S0340/plastic_nut_0340_OK_C1_20230930153635.jpg,335.8755798339844,537.1009521484375,896.255859375
random_s2,plastic_nut/OK/S0340/plastic_nut_0340_OK_C1_20230930153635.jpg,335.7642822265625,536.04150390625,854.34130859375
odd_s0,plastic_nut/OK/S0340/plastic_nut_0340_OK_C2_20230930153635.jpg,342.3328857421875,528.0834350585938,1395.209716796875
odd_s1,plastic_nut/OK/S0340/plastic_nut_0340_OK_C2_20230930153635.jpg,330.9416809082031,525.1827392578125,1341.74462890625
odd_s2,plastic_nut/OK/S0340/plastic_nut_0340_OK_C2_20230930153635.jpg,337.1410217285156,534.0537109375,1373.692138671875
balanced_s0,plastic_nut/OK/S0340/plastic_nut_0340_OK_C2_20230930153635.jpg,333.119140625,526.7366333007812,777.717041015625
balanced_s1,plastic_nut/OK/S0340/plastic_nut_0340_OK_C2_20230930153635.jpg,336.3305969238281,526.4611206054688,839.9794921875
balanced_s2,plastic_nut/OK/S0340/plastic_nut_0340_OK_C2_20230930153635.jpg,339.87811279296875,531.09521484375,745.60986328125
random_s0,plastic_nut/OK/S0340/plastic_nut_0340_OK_C2_20230930153635.jpg,341.1514587402344,538.5426025390625,805.054443359375
random_s1,plastic_nut/OK/S0340/plastic_nut_0340_OK_C2_20230930153635.jpg,340.736083984375,541.4374389648438,805.8291015625
random_s2,plastic_nut/OK/S0340/plastic_nut_0340_OK_C2_20230930153635.jpg,340.26287841796875,536.5719604492188,918.58935546875
odd_s0,plastic_nut/OK/S0340/plastic_nut_0340_OK_C3_20230930153635.jpg,343.9786376953125,540.052978515625,830.54150390625
odd_s1,plastic_nut/OK/S0340/plastic_nut_0340_OK_C3_20230930153635.jpg,328.69189453125,536.0775146484375,842.75146484375
odd_s2,plastic_nut/OK/S0340/plastic_nut_0340_OK_C3_20230930153635.jpg,341.43310546875,544.8966064453125,949.01513671875
balanced_s0,plastic_nut/OK/S0340/plastic_nut_0340_OK_C3_20230930153635.jpg,332.35992431640625,533.1292724609375,793.3486328125
balanced_s1,plastic_nut/OK/S0340/plastic_nut_0340_OK_C3_20230930153635.jpg,337.57598876953125,532.1463623046875,1065.359619140625
balanced_s2,plastic_nut/OK/S0340/plastic_nut_0340_OK_C3_20230930153635.jpg,344.59844970703125,539.65283203125,937.3486328125
random_s0,plastic_nut/OK/S0340/plastic_nut_0340_OK_C3_20230930153635.jpg,340.8879089355469,535.9653930664062,792.3251953125
random_s1,plastic_nut/OK/S0340/plastic_nut_0340_OK_C3_20230930153635.jpg,340.9656066894531,545.950927734375,722.793701171875
random_s2,plastic_nut/OK/S0340/plastic_nut_0340_OK_C3_20230930153635.jpg,339.27850341796875,541.99072265625,927.7626953125
odd_s0,plastic_nut/OK/S0340/plastic_nut_0340_OK_C4_20230930153635.jpg,352.2311706542969,542.6400146484375,999.040283203125
odd_s1,plastic_nut/OK/S0340/plastic_nut_0340_OK_C4_20230930153635.jpg,347.99591064453125,543.9700317382812,999.040283203125
odd_s2,plastic_nut/OK/S0340/plastic_nut_0340_OK_C4_20230930153635.jpg,352.115478515625,547.2950439453125,1031.150634765625
balanced_s0,plastic_nut/OK/S0340/plastic_nut_0340_OK_C4_20230930153635.jpg,349.37969970703125,553.0006713867188,1197.48486328125
balanced_s1,plastic_nut/OK/S0340/plastic_nut_0340_OK_C4_20230930153635.jpg,347.1065673828125,550.968505859375,1165.29345703125
balanced_s2,plastic_nut/OK/S0340/plastic_nut_0340_OK_C4_20230930153635.jpg,360.381591796875,559.5928344726562,1168.75439453125
random_s0,plastic_nut/OK/S0340/plastic_nut_0340_OK_C4_20230930153635.jpg,356.08984375,546.1260986328125,938.02392578125
random_s1,plastic_nut/OK/S0340/plastic_nut_0340_OK_C4_20230930153635.jpg,357.1868591308594,555.4652709960938,874.048828125
random_s2,plastic_nut/OK/S0340/plastic_nut_0340_OK_C4_20230930153635.jpg,354.67889404296875,551.03662109375,961.8125
odd_s0,plastic_nut/OK/S0340/plastic_nut_0340_OK_C5_20230930153635.jpg,345.36260986328125,535.462158203125,768.84619140625
odd_s1,plastic_nut/OK/S0340/plastic_nut_0340_OK_C5_20230930153635.jpg,336.4223327636719,534.2347412109375,817.705078125
odd_s2,plastic_nut/OK/S0340/plastic_nut_0340_OK_C5_20230930153635.jpg,341.61456298828125,535.8372192382812,856.78857421875
balanced_s0,plastic_nut/OK/S0340/plastic_nut_0340_OK_C5_20230930153635.jpg,337.2730712890625,526.7420654296875,769.322509765625
balanced_s1,plastic_nut/OK/S0340/plastic_nut_0340_OK_C5_20230930153635.jpg,344.77764892578125,533.441650390625,741.06005859375
balanced_s2,plastic_nut/OK/S0340/plastic_nut_0340_OK_C5_20230930153635.jpg,343.72198486328125,528.6657104492188,817.705078125
random_s0,plastic_nut/OK/S0340/plastic_nut_0340_OK_C5_20230930153635.jpg,343.149169921875,531.18359375,828.708984375
random_s1,plastic_nut/OK/S0340/plastic_nut_0340_OK_C5_20230930153635.jpg,339.1318359375,533.6445922851562,809.376708984375
random_s2,plastic_nut/OK/S0340/plastic_nut_0340_OK_C5_20230930153635.jpg,341.1356201171875,529.326904296875,886.572509765625
odd_s0,plastic_nut/OK/S0346/plastic_nut_0346_OK_C1_20230930153745.jpg,339.2694091796875,546.0372314453125,861.6845703125
odd_s1,plastic_nut/OK/S0346/plastic_nut_0346_OK_C1_20230930153745.jpg,343.20208740234375,543.1243896484375,909.1806640625
odd_s2,plastic_nut/OK/S0346/plastic_nut_0346_OK_C1_20230930153745.jpg,343.334228515625,551.2562866210938,909.1806640625
balanced_s0,plastic_nut/OK/S0346/plastic_nut_0346_OK_C1_20230930153745.jpg,342.33209228515625,553.8294677734375,817.86181640625
balanced_s1,plastic_nut/OK/S0346/plastic_nut_0346_OK_C1_20230930153745.jpg,340.3817138671875,539.8397216796875,919.977783203125
balanced_s2,plastic_nut/OK/S0346/plastic_nut_0346_OK_C1_20230930153745.jpg,338.9880065917969,542.964111328125,922.551513671875
random_s0,plastic_nut/OK/S0346/plastic_nut_0346_OK_C1_20230930153745.jpg,344.1285400390625,550.0823364257812,911.0478515625
random_s1,plastic_nut/OK/S0346/plastic_nut_0346_OK_C1_20230930153745.jpg,338.53326416015625,539.91943359375,971.32568359375
random_s2,plastic_nut/OK/S0346/plastic_nut_0346_OK_C1_20230930153745.jpg,337.0584716796875,544.7164306640625,951.9873046875
odd_s0,plastic_nut/OK/S0346/plastic_nut_0346_OK_C2_20230930153745.jpg,345.8582458496094,530.0702514648438,1379.48486328125
odd_s1,plastic_nut/OK/S0346/plastic_nut_0346_OK_C2_20230930153745.jpg,333.2993469238281,526.923095703125,1322.74169921875
odd_s2,plastic_nut/OK/S0346/plastic_nut_0346_OK_C2_20230930153745.jpg,338.20751953125,530.489013671875,1355.5732421875
balanced_s0,plastic_nut/OK/S0346/plastic_nut_0346_OK_C2_20230930153745.jpg,335.7691650390625,531.8321533203125,1209.12890625
balanced_s1,plastic_nut/OK/S0346/plastic_nut_0346_OK_C2_20230930153745.jpg,336.3417053222656,523.9920654296875,913.290283203125
balanced_s2,plastic_nut/OK/S0346/plastic_nut_0346_OK_C2_20230930153745.jpg,344.58251953125,534.9142456054688,1173.4619140625
random_s0,plastic_nut/OK/S0346/plastic_nut_0346_OK_C2_20230930153745.jpg,339.90533447265625,530.54833984375,860.177490234375
random_s1,plastic_nut/OK/S0346/plastic_nut_0346_OK_C2_20230930153745.jpg,340.02288818359375,533.521240234375,894.607421875
random_s2,plastic_nut/OK/S0346/plastic_nut_0346_OK_C2_20230930153745.jpg,339.2819519042969,530.4857177734375,952.24755859375
odd_s0,plastic_nut/OK/S0346/plastic_nut_0346_OK_C3_20230930153745.jpg,342.9755859375,538.3294067382812,1418.66455078125
odd_s1,plastic_nut/OK/S0346/plastic_nut_0346_OK_C3_20230930153745.jpg,329.3184814453125,528.741943359375,1400.030029296875
odd_s2,plastic_nut/OK/S0346/plastic_nut_0346_OK_C3_20230930153745.jpg,340.9470520019531,542.288330078125,1436.576171875
balanced_s0,plastic_nut/OK/S0346/plastic_nut_0346_OK_C3_20230930153745.jpg,331.63385009765625,539.831298828125,825.400634765625
balanced_s1,plastic_nut/OK/S0346/plastic_nut_0346_OK_C3_20230930153745.jpg,339.85955810546875,533.9886474609375,751.112548828125
balanced_s2,plastic_nut/OK/S0346/plastic_nut_0346_OK_C3_20230930153745.jpg,344.7684631347656,545.1810302734375,815.402587890625
random_s0,plastic_nut/OK/S0346/plastic_nut_0346_OK_C3_20230930153745.jpg,339.51483154296875,538.4967651367188,754.82470703125
random_s1,plastic_nut/OK/S0346/plastic_nut_0346_OK_C3_20230930153745.jpg,341.3972473144531,545.7069091796875,732.681396484375
random_s2,plastic_nut/OK/S0346/plastic_nut_0346_OK_C3_20230930153745.jpg,339.33319091796875,541.4168701171875,837.455078125
odd_s0,plastic_nut/OK/S0346/plastic_nut_0346_OK_C4_20230930153745.jpg,349.8108825683594,548.91552734375,865.6611328125
odd_s1,plastic_nut/OK/S0346/plastic_nut_0346_OK_C4_20230930153745.jpg,349.09027099609375,549.7676391601562,762.79150390625
odd_s2,plastic_nut/OK/S0346/plastic_nut_0346_OK_C4_20230930153745.jpg,347.0743103027344,534.6217041015625,831.026611328125
balanced_s0,plastic_nut/OK/S0346/plastic_nut_0346_OK_C4_20230930153745.jpg,341.11846923828125,532.8682861328125,1008.154541015625
balanced_s1,plastic_nut/OK/S0346/plastic_nut_0346_OK_C4_20230930153745.jpg,340.715087890625,534.693115234375,980.23828125
balanced_s2,plastic_nut/OK/S0346/plastic_nut_0346_OK_C4_20230930153745.jpg,358.216552734375,547.8914794921875,980.23828125
random_s0,plastic_nut/OK/S0346/plastic_nut_0346_OK_C4_20230930153745.jpg,353.38128662109375,537.3045654296875,806.30029296875
random_s1,plastic_nut/OK/S0346/plastic_nut_0346_OK_C4_20230930153745.jpg,350.7596435546875,542.0964965820312,772.73388671875
random_s2,plastic_nut/OK/S0346/plastic_nut_0346_OK_C4_20230930153745.jpg,350.60198974609375,544.7655639648438,846.6982421875
odd_s0,plastic_nut/OK/S0346/plastic_nut_0346_OK_C5_20230930153745.jpg,351.2813415527344,539.3624267578125,795.90625
odd_s1,plastic_nut/OK/S0346/plastic_nut_0346_OK_C5_20230930153745.jpg,341.07232666015625,531.8185424804688,896.091796875
odd_s2,plastic_nut/OK/S0346/plastic_nut_0346_OK_C5_20230930153745.jpg,344.8431701660156,534.7645263671875,760.28515625
balanced_s0,plastic_nut/OK/S0346/plastic_nut_0346_OK_C5_20230930153745.jpg,343.7716064453125,534.0963134765625,938.349365234375
balanced_s1,plastic_nut/OK/S0346/plastic_nut_0346_OK_C5_20230930153745.jpg,352.6102600097656,540.62353515625,870.641845703125
balanced_s2,plastic_nut/OK/S0346/plastic_nut_0346_OK_C5_20230930153745.jpg,348.77984619140625,530.0013427734375,965.93994140625
random_s0,plastic_nut/OK/S0346/plastic_nut_0346_OK_C5_20230930153745.jpg,344.67828369140625,533.4842529296875,1020.875
random_s1,plastic_nut/OK/S0346/plastic_nut_0346_OK_C5_20230930153745.jpg,342.2615966796875,532.1522216796875,736.23291015625
random_s2,plastic_nut/OK/S0346/plastic_nut_0346_OK_C5_20230930153745.jpg,346.86297607421875,532.1751098632812,818.4462890625
odd_s0,plastic_nut/OK/S0357/plastic_nut_0357_OK_C1_20230930154014.jpg,333.959228515625,547.1824951171875,833.53466796875
odd_s1,plastic_nut/OK/S0357/plastic_nut_0357_OK_C1_20230930154014.jpg,336.84307861328125,540.776123046875,979.3720703125
odd_s2,plastic_nut/OK/S0357/plastic_nut_0357_OK_C1_20230930154014.jpg,335.5869140625,535.9248046875,964.23486328125
balanced_s0,plastic_nut/OK/S0357/plastic_nut_0357_OK_C1_20230930154014.jpg,335.662109375,541.0198974609375,889.809814453125
balanced_s1,plastic_nut/OK/S0357/plastic_nut_0357_OK_C1_20230930154014.jpg,333.35687255859375,540.9862670898438,839.02099609375
balanced_s2,plastic_nut/OK/S0357/plastic_nut_0357_OK_C1_20230930154014.jpg,335.12994384765625,540.9327392578125,963.949951171875
random_s0,plastic_nut/OK/S0357/plastic_nut_0357_OK_C1_20230930154014.jpg,339.8402099609375,541.5474243164062,789.11962890625
random_s1,plastic_nut/OK/S0357/plastic_nut_0357_OK_C1_20230930154014.jpg,334.3343505859375,536.38134765625,839.02099609375
random_s2,plastic_nut/OK/S0357/plastic_nut_0357_OK_C1_20230930154014.jpg,332.3811950683594,542.9825439453125,839.02099609375
odd_s0,plastic_nut/OK/S0357/plastic_nut_0357_OK_C2_20230930154014.jpg,346.37060546875,546.6809692382812,987.033203125
odd_s1,plastic_nut/OK/S0357/plastic_nut_0357_OK_C2_20230930154014.jpg,339.5928039550781,549.938232421875,996.78076171875
odd_s2,plastic_nut/OK/S0357/plastic_nut_0357_OK_C2_20230930154014.jpg,344.39471435546875,541.4721069335938,1063.58642578125
balanced_s0,plastic_nut/OK/S0357/plastic_nut_0357_OK_C2_20230930154014.jpg,340.875,548.3560180664062,1015.8857421875
balanced_s1,plastic_nut/OK/S0357/plastic_nut_0357_OK_C2_20230930154014.jpg,346.1026611328125,551.4427490234375,939.5849609375
balanced_s2,plastic_nut/OK/S0357/plastic_nut_0357_OK_C2_20230930154014.jpg,347.048828125,543.373046875,915.1728515625
random_s0,plastic_nut/OK/S0357/plastic_nut_0357_OK_C2_20230930154014.jpg,346.23443603515625,549.1839599609375,1050.184814453125
random_s1,plastic_nut/OK/S0357/plastic_nut_0357_OK_C2_20230930154014.jpg,348.66607666015625,549.7666015625,979.78271484375
random_s2,plastic_nut/OK/S0357/plastic_nut_0357_OK_C2_20230930154014.jpg,347.40594482421875,546.80810546875,958.499267578125
odd_s0,plastic_nut/OK/S0357/plastic_nut_0357_OK_C3_20230930154014.jpg,367.313720703125,584.6324462890625,1398.651123046875
odd_s1,plastic_nut/OK/S0357/plastic_nut_0357_OK_C3_20230930154014.jpg,357.669921875,583.6234130859375,1372.389404296875
odd_s2,plastic_nut/OK/S0357/plastic_nut_0357_OK_C3_20230930154014.jpg,372.62872314453125,584.845703125,1413.42626953125
balanced_s0,plastic_nut/OK/S0357/plastic_nut_0357_OK_C3_20230930154014.jpg,365.84844970703125,599.001708984375,900.0849609375
balanced_s1,plastic_nut/OK/S0357/plastic_nut_0357_OK_C3_20230930154014.jpg,375.1192626953125,596.3944091796875,863.85791015625
balanced_s2,plastic_nut/OK/S0357/plastic_nut_0357_OK_C3_20230930154014.jpg,367.8138427734375,576.599365234375,797.814208984375
random_s0,plastic_nut/OK/S0357/plastic_nut_0357_OK_C3_20230930154014.jpg,371.30792236328125,597.22900390625,942.689453125
random_s1,plastic_nut/OK/S0357/plastic_nut_0357_OK_C3_20230930154014.jpg,370.204345703125,591.8643798828125,870.57373046875
random_s2,plastic_nut/OK/S0357/plastic_nut_0357_OK_C3_20230930154014.jpg,368.30499267578125,582.4886474609375,865.20751953125
odd_s0,plastic_nut/OK/S0357/plastic_nut_0357_OK_C4_20230930154014.jpg,352.47113037109375,545.3271484375,895.001708984375
odd_s1,plastic_nut/OK/S0357/plastic_nut_0357_OK_C4_20230930154014.jpg,344.69659423828125,539.2506103515625,819.417724609375
odd_s2,plastic_nut/OK/S0357/plastic_nut_0357_OK_C4_20230930154014.jpg,350.37091064453125,536.1734619140625,853.259521484375
balanced_s0,plastic_nut/OK/S0357/plastic_nut_0357_OK_C4_20230930154014.jpg,346.5975341796875,538.2623291015625,797.283203125
balanced_s1,plastic_nut/OK/S0357/plastic_nut_0357_OK_C4_20230930154014.jpg,342.2347106933594,532.3931274414062,721.69189453125
balanced_s2,plastic_nut/OK/S0357/plastic_nut_0357_OK_C4_20230930154014.jpg,358.637939453125,548.7356567382812,819.2958984375
random_s0,plastic_nut/OK/S0357/plastic_nut_0357_OK_C4_20230930154014.jpg,351.34344482421875,539.5274658203125,814.061767578125
random_s1,plastic_nut/OK/S0357/plastic_nut_0357_OK_C4_20230930154014.jpg,351.27960205078125,548.025146484375,897.326171875
random_s2,plastic_nut/OK/S0357/plastic_nut_0357_OK_C4_20230930154014.jpg,350.74090576171875,542.688720703125,787.282958984375
odd_s0,plastic_nut/OK/S0357/plastic_nut_0357_OK_C5_20230930154014.jpg,347.3427734375,535.6620483398438,905.856689453125
odd_s1,plastic_nut/OK/S0357/plastic_nut_0357_OK_C5_20230930154014.jpg,335.30322265625,524.1009521484375,853.03076171875
odd_s2,plastic_nut/OK/S0357/plastic_nut_0357_OK_C5_20230930154014.jpg,346.13568115234375,531.226318359375,787.475830078125
balanced_s0,plastic_nut/OK/S0357/plastic_nut_0357_OK_C5_20230930154014.jpg,336.31658935546875,526.1630859375,787.475830078125
balanced_s1,plastic_nut/OK/S0357/plastic_nut_0357_OK_C5_20230930154014.jpg,347.486572265625,532.7803344726562,763.2490234375
balanced_s2,plastic_nut/OK/S0357/plastic_nut_0357_OK_C5_20230930154014.jpg,349.8438720703125,533.5458984375,765.928466796875
random_s0,plastic_nut/OK/S0357/plastic_nut_0357_OK_C5_20230930154014.jpg,342.5101318359375,529.0263671875,774.516845703125
random_s1,plastic_nut/OK/S0357/plastic_nut_0357_OK_C5_20230930154014.jpg,338.24169921875,529.887939453125,790.0712890625
random_s2,plastic_nut/OK/S0357/plastic_nut_0357_OK_C5_20230930154014.jpg,344.7043762207031,526.81201171875,808.453369140625
odd_s0,plastic_nut/OK/S0358/plastic_nut_0358_OK_C1_20230930154023.jpg,342.30364990234375,559.2325439453125,846.3671875
odd_s1,plastic_nut/OK/S0358/plastic_nut_0358_OK_C1_20230930154023.jpg,342.3449401855469,545.064208984375,962.505126953125
odd_s2,plastic_nut/OK/S0358/plastic_nut_0358_OK_C1_20230930154023.jpg,344.2061767578125,552.4822998046875,913.6943359375
balanced_s0,plastic_nut/OK/S0358/plastic_nut_0358_OK_C1_20230930154023.jpg,344.3255920410156,553.8092041015625,846.3671875
balanced_s1,plastic_nut/OK/S0358/plastic_nut_0358_OK_C1_20230930154023.jpg,340.32208251953125,549.3090209960938,835.01953125
balanced_s2,plastic_nut/OK/S0358/plastic_nut_0358_OK_C1_20230930154023.jpg,343.90234375,549.8327026367188,856.57861328125
random_s0,plastic_nut/OK/S0358/plastic_nut_0358_OK_C1_20230930154023.jpg,349.1342468261719,553.447265625,821.235595703125
random_s1,plastic_nut/OK/S0358/plastic_nut_0358_OK_C1_20230930154023.jpg,339.0731506347656,546.0249633789062,801.8095703125
random_s2,plastic_nut/OK/S0358/plastic_nut_0358_OK_C1_20230930154023.jpg,339.459228515625,542.3050537109375,819.885009765625
odd_s0,plastic_nut/OK/S0358/plastic_nut_0358_OK_C2_20230930154023.jpg,346.39984130859375,531.981201171875,823.571044921875
odd_s1,plastic_nut/OK/S0358/plastic_nut_0358_OK_C2_20230930154023.jpg,337.9497375488281,523.9606323242188,734.1611328125
odd_s2,plastic_nut/OK/S0358/plastic_nut_0358_OK_C2_20230930154023.jpg,344.60906982421875,533.305419921875,748.173828125
balanced_s0,plastic_nut/OK/S0358/plastic_nut_0358_OK_C2_20230930154023.jpg,339.27471923828125,532.970947265625,820.63427734375
balanced_s1,plastic_nut/OK/S0358/plastic_nut_0358_OK_C2_20230930154023.jpg,344.04608154296875,528.1033935546875,841.9228515625
balanced_s2,plastic_nut/OK/S0358/plastic_nut_0358_OK_C2_20230930154023.jpg,348.0737609863281,532.68310546875,771.01318359375
random_s0,plastic_nut/OK/S0358/plastic_nut_0358_OK_C2_20230930154023.jpg,344.16595458984375,533.7437133789062,763.6962890625
random_s1,plastic_nut/OK/S0358/plastic_nut_0358_OK_C2_20230930154023.jpg,346.57647705078125,533.1881103515625,861.786376953125
random_s2,plastic_nut/OK/S0358/plastic_nut_0358_OK_C2_20230930154023.jpg,346.33685302734375,536.6514892578125,737.581298828125
odd_s0,plastic_nut/OK/S0358/plastic_nut_0358_OK_C3_20230930154023.jpg,345.71136474609375,546.5816650390625,1486.83056640625
odd_s1,plastic_nut/OK/S0358/plastic_nut_0358_OK_C3_20230930154023.jpg,339.6985778808594,541.6812744140625,1448.3623046875
odd_s2,plastic_nut/OK/S0358/plastic_nut_0358_OK_C3_20230930154023.jpg,349.1729736328125,547.305908203125,1475.55810546875
balanced_s0,plastic_nut/OK/S0358/plastic_nut_0358_OK_C3_20230930154023.jpg,336.7437744140625,535.4320678710938,781.43408203125
balanced_s1,plastic_nut/OK/S0358/plastic_nut_0358_OK_C3_20230930154023.jpg,345.4372253417969,536.485107421875,765.67626953125
balanced_s2,plastic_nut/OK/S0358/plastic_nut_0358_OK_C3_20230930154023.jpg,347.3263244628906,540.72509765625,740.48876953125
random_s0,plastic_nut/OK/S0358/plastic_nut_0358_OK_C3_20230930154023.jpg,342.9354553222656,533.6470947265625,792.4638671875
random_s1,plastic_nut/OK/S0358/plastic_nut_0358_OK_C3_20230930154023.jpg,346.0373229980469,554.3670654296875,936.230712890625
random_s2,plastic_nut/OK/S0358/plastic_nut_0358_OK_C3_20230930154023.jpg,344.6331787109375,543.9033203125,708.3583984375
odd_s0,plastic_nut/OK/S0358/plastic_nut_0358_OK_C4_20230930154023.jpg,355.92083740234375,542.475341796875,767.8720703125
odd_s1,plastic_nut/OK/S0358/plastic_nut_0358_OK_C4_20230930154023.jpg,350.83282470703125,545.7866821289062,744.505859375
odd_s2,plastic_nut/OK/S0358/plastic_nut_0358_OK_C4_20230930154023.jpg,354.9058532714844,548.973388671875,795.41748046875
balanced_s0,plastic_nut/OK/S0358/plastic_nut_0358_OK_C4_20230930154023.jpg,350.5960998535156,539.38330078125,754.710693359375
balanced_s1,plastic_nut/OK/S0358/plastic_nut_0358_OK_C4_20230930154023.jpg,350.46282958984375,544.6433715820312,815.82275390625
balanced_s2,plastic_nut/OK/S0358/plastic_nut_0358_OK_C4_20230930154023.jpg,359.0231628417969,546.9437255859375,803.40185546875
random_s0,plastic_nut/OK/S0358/plastic_nut_0358_OK_C4_20230930154023.jpg,356.09136962890625,540.8397216796875,800.68701171875
random_s1,plastic_nut/OK/S0358/plastic_nut_0358_OK_C4_20230930154023.jpg,355.99920654296875,549.8206787109375,759.662109375
random_s2,plastic_nut/OK/S0358/plastic_nut_0358_OK_C4_20230930154023.jpg,355.6535949707031,551.1549072265625,831.6865234375
odd_s0,plastic_nut/OK/S0358/plastic_nut_0358_OK_C5_20230930154023.jpg,355.8641662597656,536.514404296875,808.29931640625
odd_s1,plastic_nut/OK/S0358/plastic_nut_0358_OK_C5_20230930154023.jpg,342.9552917480469,535.1658935546875,830.9775390625
odd_s2,plastic_nut/OK/S0358/plastic_nut_0358_OK_C5_20230930154023.jpg,352.6385192871094,541.756591796875,715.5654296875
balanced_s0,plastic_nut/OK/S0358/plastic_nut_0358_OK_C5_20230930154023.jpg,349.62158203125,543.0712890625,799.6318359375
balanced_s1,plastic_nut/OK/S0358/plastic_nut_0358_OK_C5_20230930154023.jpg,358.91033935546875,541.7210693359375,759.89990234375
balanced_s2,plastic_nut/OK/S0358/plastic_nut_0358_OK_C5_20230930154023.jpg,357.8680114746094,544.341796875,732.08349609375
random_s0,plastic_nut/OK/S0358/plastic_nut_0358_OK_C5_20230930154023.jpg,352.2550964355469,540.1177978515625,814.14208984375
random_s1,plastic_nut/OK/S0358/plastic_nut_0358_OK_C5_20230930154023.jpg,347.682373046875,542.3829345703125,818.037109375
random_s2,plastic_nut/OK/S0358/plastic_nut_0358_OK_C5_20230930154023.jpg,353.8170166015625,542.6326904296875,757.806396484375
odd_s0,plastic_nut/OK/S0360/plastic_nut_0360_OK_C1_20230930154055.jpg,346.99951171875,557.665771484375,888.64501953125
odd_s1,plastic_nut/OK/S0360/plastic_nut_0360_OK_C1_20230930154055.jpg,347.2106018066406,548.1597900390625,988.30615234375
odd_s2,plastic_nut/OK/S0360/plastic_nut_0360_OK_C1_20230930154055.jpg,349.43914794921875,553.8143310546875,988.30615234375
balanced_s0,plastic_nut/OK/S0360/plastic_nut_0360_OK_C1_20230930154055.jpg,349.7315673828125,563.0923461914062,890.3056640625
balanced_s1,plastic_nut/OK/S0360/plastic_nut_0360_OK_C1_20230930154055.jpg,348.1810302734375,551.875244140625,966.055908203125
balanced_s2,plastic_nut/OK/S0360/plastic_nut_0360_OK_C1_20230930154055.jpg,346.4161376953125,548.63818359375,914.5947265625
random_s0,plastic_nut/OK/S0360/plastic_nut_0360_OK_C1_20230930154055.jpg,351.1144104003906,551.1854858398438,1042.7734375
random_s1,plastic_nut/OK/S0360/plastic_nut_0360_OK_C1_20230930154055.jpg,345.4020690917969,546.4840698242188,858.429443359375
random_s2,plastic_nut/OK/S0360/plastic_nut_0360_OK_C1_20230930154055.jpg,342.0509948730469,548.4952392578125,853.9482421875
odd_s0,plastic_nut/OK/S0360/plastic_nut_0360_OK_C2_20230930154055.jpg,347.4165344238281,537.2784423828125,901.365234375
odd_s1,plastic_nut/OK/S0360/plastic_nut_0360_OK_C2_20230930154055.jpg,341.017578125,533.35888671875,901.365234375
odd_s2,plastic_nut/OK/S0360/plastic_nut_0360_OK_C2_20230930154055.jpg,344.1627197265625,538.3447265625,937.9873046875
balanced_s0,plastic_nut/OK/S0360/plastic_nut_0360_OK_C2_20230930154055.jpg,343.0013427734375,533.48291015625,952.192138671875
balanced_s1,plastic_nut/OK/S0360/plastic_nut_0360_OK_C2_20230930154055.jpg,344.8834533691406,536.9737548828125,898.42724609375
balanced_s2,plastic_nut/OK/S0360/plastic_nut_0360_OK_C2_20230930154055.jpg,349.4582824707031,537.7371826171875,941.715087890625
random_s0,plastic_nut/OK/S0360/plastic_nut_0360_OK_C2_20230930154055.jpg,347.98541259765625,540.399658203125,943.7177734375
random_s1,plastic_nut/OK/S0360/plastic_nut_0360_OK_C2_20230930154055.jpg,349.65997314453125,538.126708984375,1012.772705078125
random_s2,plastic_nut/OK/S0360/plastic_nut_0360_OK_C2_20230930154055.jpg,349.13153076171875,542.293212890625,957.7294921875
odd_s0,plastic_nut/OK/S0360/plastic_nut_0360_OK_C3_20230930154055.jpg,354.52911376953125,553.3563232421875,1447.52783203125
odd_s1,plastic_nut/OK/S0360/plastic_nut_0360_OK_C3_20230930154055.jpg,342.26519775390625,541.5636596679688,1430.94384765625
odd_s2,plastic_nut/OK/S0360/plastic_nut_0360_OK_C3_20230930154055.jpg,351.05718994140625,555.3084716796875,1468.89453125
balanced_s0,plastic_nut/OK/S0360/plastic_nut_0360_OK_C3_20230930154055.jpg,341.95599365234375,549.3408203125,847.0
balanced_s1,plastic_nut/OK/S0360/plastic_nut_0360_OK_C3_20230930154055.jpg,352.5906982421875,558.1451416015625,761.732666015625
balanced_s2,plastic_nut/OK/S0360/plastic_nut_0360_OK_C3_20230930154055.jpg,358.0938720703125,553.5762329101562,799.91015625
random_s0,plastic_nut/OK/S0360/plastic_nut_0360_OK_C3_20230930154055.jpg,351.13067626953125,547.0641479492188,778.287109375
random_s1,plastic_nut/OK/S0360/plastic_nut_0360_OK_C3_20230930154055.jpg,348.3914794921875,554.201416015625,829.7763671875
random_s2,plastic_nut/OK/S0360/plastic_nut_0360_OK_C3_20230930154055.jpg,351.6614685058594,554.6466674804688,804.783203125
odd_s0,plastic_nut/OK/S0360/plastic_nut_0360_OK_C4_20230930154055.jpg,354.73150634765625,547.503173828125,751.224609375
odd_s1,plastic_nut/OK/S0360/plastic_nut_0360_OK_C4_20230930154055.jpg,346.555908203125,535.3067016601562,797.39111328125
odd_s2,plastic_nut/OK/S0360/plastic_nut_0360_OK_C4_20230930154055.jpg,352.3526306152344,541.62451171875,821.15673828125
balanced_s0,plastic_nut/OK/S0360/plastic_nut_0360_OK_C4_20230930154055.jpg,347.31396484375,535.6531982421875,775.302978515625
balanced_s1,plastic_nut/OK/S0360/plastic_nut_0360_OK_C4_20230930154055.jpg,347.098876953125,541.4873657226562,778.5849609375
balanced_s2,plastic_nut/OK/S0360/plastic_nut_0360_OK_C4_20230930154055.jpg,359.6977233886719,551.0416870117188,767.94873046875
random_s0,plastic_nut/OK/S0360/plastic_nut_0360_OK_C4_20230930154055.jpg,355.64215087890625,542.941650390625,866.48046875
random_s1,plastic_nut/OK/S0360/plastic_nut_0360_OK_C4_20230930154055.jpg,353.76397705078125,548.9251708984375,752.0283203125
random_s2,plastic_nut/OK/S0360/plastic_nut_0360_OK_C4_20230930154055.jpg,351.16021728515625,535.5050048828125,803.760498046875
odd_s0,plastic_nut/OK/S0360/plastic_nut_0360_OK_C5_20230930154055.jpg,366.3262939453125,549.621826171875,992.2275390625
odd_s1,plastic_nut/OK/S0360/plastic_nut_0360_OK_C5_20230930154055.jpg,351.215087890625,535.82470703125,808.420654296875
odd_s2,plastic_nut/OK/S0360/plastic_nut_0360_OK_C5_20230930154055.jpg,362.6023254394531,542.5499267578125,817.81591796875
balanced_s0,plastic_nut/OK/S0360/plastic_nut_0360_OK_C5_20230930154055.jpg,357.5711669921875,544.18603515625,846.84326171875
balanced_s1,plastic_nut/OK/S0360/plastic_nut_0360_OK_C5_20230930154055.jpg,365.2019958496094,550.049072265625,790.06298828125
balanced_s2,plastic_nut/OK/S0360/plastic_nut_0360_OK_C5_20230930154055.jpg,365.48822021484375,545.1246337890625,933.00732421875
random_s0,plastic_nut/OK/S0360/plastic_nut_0360_OK_C5_20230930154055.jpg,363.492919921875,547.5689697265625,822.179443359375
random_s1,plastic_nut/OK/S0360/plastic_nut_0360_OK_C5_20230930154055.jpg,357.04205322265625,543.183837890625,822.179443359375
random_s2,plastic_nut/OK/S0360/plastic_nut_0360_OK_C5_20230930154055.jpg,363.53363037109375,546.166259765625,788.3671875
odd_s0,plastic_nut/OK/S0362/plastic_nut_0362_OK_C1_20230930154112.jpg,343.9834899902344,562.4681396484375,808.81591796875
odd_s1,plastic_nut/OK/S0362/plastic_nut_0362_OK_C1_20230930154112.jpg,348.9355773925781,553.39501953125,984.32275390625
odd_s2,plastic_nut/OK/S0362/plastic_nut_0362_OK_C1_20230930154112.jpg,347.29827880859375,553.67822265625,984.32275390625
balanced_s0,plastic_nut/OK/S0362/plastic_nut_0362_OK_C1_20230930154112.jpg,344.5821533203125,553.1146240234375,896.814453125
balanced_s1,plastic_nut/OK/S0362/plastic_nut_0362_OK_C1_20230930154112.jpg,337.94573974609375,538.12451171875,896.814453125
balanced_s2,plastic_nut/OK/S0362/plastic_nut_0362_OK_C1_20230930154112.jpg,344.12908935546875,546.8876953125,896.814453125
random_s0,plastic_nut/OK/S0362/plastic_nut_0362_OK_C1_20230930154112.jpg,352.6954345703125,558.8145751953125,1049.447998046875
random_s1,plastic_nut/OK/S0362/plastic_nut_0362_OK_C1_20230930154112.jpg,341.56304931640625,546.4750366210938,1034.53369140625
random_s2,plastic_nut/OK/S0362/plastic_nut_0362_OK_C1_20230930154112.jpg,340.7314453125,543.9616088867188,1034.53369140625
odd_s0,plastic_nut/OK/S0362/plastic_nut_0362_OK_C2_20230930154112.jpg,343.2760314941406,535.2247314453125,713.2724609375
odd_s1,plastic_nut/OK/S0362/plastic_nut_0362_OK_C2_20230930154112.jpg,333.40185546875,523.4755859375,764.533203125
odd_s2,plastic_nut/OK/S0362/plastic_nut_0362_OK_C2_20230930154112.jpg,338.3628234863281,525.8868408203125,715.3173828125
balanced_s0,plastic_nut/OK/S0362/plastic_nut_0362_OK_C2_20230930154112.jpg,334.439697265625,525.4404296875,744.56201171875
balanced_s1,plastic_nut/OK/S0362/plastic_nut_0362_OK_C2_20230930154112.jpg,340.3479919433594,531.6368408203125,778.14794921875
balanced_s2,plastic_nut/OK/S0362/plastic_nut_0362_OK_C2_20230930154112.jpg,342.7469177246094,527.9700927734375,756.196044921875
random_s0,plastic_nut/OK/S0362/plastic_nut_0362_OK_C2_20230930154112.jpg,338.9283447265625,532.2105102539062,737.937255859375
random_s1,plastic_nut/OK/S0362/plastic_nut_0362_OK_C2_20230930154112.jpg,342.0467224121094,531.0458984375,766.5283203125
random_s2,plastic_nut/OK/S0362/plastic_nut_0362_OK_C2_20230930154112.jpg,342.5800476074219,527.6405639648438,768.01806640625
odd_s0,plastic_nut/OK/S0362/plastic_nut_0362_OK_C3_20230930154112.jpg,348.37713623046875,554.5955810546875,1403.8232421875
odd_s1,plastic_nut/OK/S0362/plastic_nut_0362_OK_C3_20230930154112.jpg,340.177490234375,540.8948364257812,1388.38330078125
odd_s2,plastic_nut/OK/S0362/plastic_nut_0362_OK_C3_20230930154112.jpg,348.58087158203125,552.9473876953125,1438.3525390625
balanced_s0,plastic_nut/OK/S0362/plastic_nut_0362_OK_C3_20230930154112.jpg,339.02410888671875,548.2952880859375,780.78271484375
balanced_s1,plastic_nut/OK/S0362/plastic_nut_0362_OK_C3_20230930154112.jpg,349.49664306640625,550.9317626953125,823.3974609375
balanced_s2,plastic_nut/OK/S0362/plastic_nut_0362_OK_C3_20230930154112.jpg,350.53607177734375,548.3276977539062,823.8740234375
random_s0,plastic_nut/OK/S0362/plastic_nut_0362_OK_C3_20230930154112.jpg,348.94305419921875,548.45166015625,888.8837890625
random_s1,plastic_nut/OK/S0362/plastic_nut_0362_OK_C3_20230930154112.jpg,348.2180480957031,552.4686279296875,798.23681640625
random_s2,plastic_nut/OK/S0362/plastic_nut_0362_OK_C3_20230930154112.jpg,349.6041259765625,553.1658935546875,817.562744140625
odd_s0,plastic_nut/OK/S0362/plastic_nut_0362_OK_C4_20230930154112.jpg,347.68914794921875,533.9330444335938,761.9970703125
odd_s1,plastic_nut/OK/S0362/plastic_nut_0362_OK_C4_20230930154112.jpg,339.77447509765625,529.4403076171875,705.134033203125
odd_s2,plastic_nut/OK/S0362/plastic_nut_0362_OK_C4_20230930154112.jpg,350.0283203125,535.3370361328125,792.6376953125
balanced_s0,plastic_nut/OK/S0362/plastic_nut_0362_OK_C4_20230930154112.jpg,344.6492614746094,534.0975341796875,762.689453125
balanced_s1,plastic_nut/OK/S0362/plastic_nut_0362_OK_C4_20230930154112.jpg,342.48577880859375,532.574462890625,712.19580078125
balanced_s2,plastic_nut/OK/S0362/plastic_nut_0362_OK_C4_20230930154112.jpg,354.574951171875,542.30224609375,802.15771484375
random_s0,plastic_nut/OK/S0362/plastic_nut_0362_OK_C4_20230930154112.jpg,353.0170593261719,534.3849487304688,799.298828125
random_s1,plastic_nut/OK/S0362/plastic_nut_0362_OK_C4_20230930154112.jpg,350.81524658203125,542.6572875976562,837.281494140625
random_s2,plastic_nut/OK/S0362/plastic_nut_0362_OK_C4_20230930154112.jpg,348.7945556640625,539.7892456054688,738.35498046875
odd_s0,plastic_nut/OK/S0362/plastic_nut_0362_OK_C5_20230930154112.jpg,349.7750244140625,532.5498046875,742.66162109375
odd_s1,plastic_nut/OK/S0362/plastic_nut_0362_OK_C5_20230930154112.jpg,339.55462646484375,526.0172119140625,805.13134765625
odd_s2,plastic_nut/OK/S0362/plastic_nut_0362_OK_C5_20230930154112.jpg,345.1036682128906,529.9068603515625,827.858154296875
balanced_s0,plastic_nut/OK/S0362/plastic_nut_0362_OK_C5_20230930154112.jpg,344.25390625,528.206298828125,922.981689453125
balanced_s1,plastic_nut/OK/S0362/plastic_nut_0362_OK_C5_20230930154112.jpg,349.08709716796875,527.4896850585938,876.7001953125
balanced_s2,plastic_nut/OK/S0362/plastic_nut_0362_OK_C5_20230930154112.jpg,348.4597473144531,529.7780151367188,919.8681640625
random_s0,plastic_nut/OK/S0362/plastic_nut_0362_OK_C5_20230930154112.jpg,345.097900390625,533.032958984375,775.166259765625
random_s1,plastic_nut/OK/S0362/plastic_nut_0362_OK_C5_20230930154112.jpg,341.19989013671875,530.1005859375,809.265869140625
random_s2,plastic_nut/OK/S0362/plastic_nut_0362_OK_C5_20230930154112.jpg,348.392822265625,536.8914794921875,830.40478515625
odd_s0,plastic_nut/OK/S0373/plastic_nut_0373_OK_C1_20230930154354.jpg,336.7729187011719,552.6331176757812,977.77197265625
odd_s1,plastic_nut/OK/S0373/plastic_nut_0373_OK_C1_20230930154354.jpg,340.6178894042969,545.5151977539062,1094.8125
odd_s2,plastic_nut/OK/S0373/plastic_nut_0373_OK_C1_20230930154354.jpg,338.2649230957031,537.7164306640625,1094.8125
balanced_s0,plastic_nut/OK/S0373/plastic_nut_0373_OK_C1_20230930154354.jpg,335.43792724609375,543.454833984375,913.630126953125
balanced_s1,plastic_nut/OK/S0373/plastic_nut_0373_OK_C1_20230930154354.jpg,334.2341613769531,537.5888671875,922.9794921875
balanced_s2,plastic_nut/OK/S0373/plastic_nut_0373_OK_C1_20230930154354.jpg,337.08880615234375,551.98974609375,903.55859375
random_s0,plastic_nut/OK/S0373/plastic_nut_0373_OK_C1_20230930154354.jpg,347.03594970703125,558.650146484375,990.04052734375
random_s1,plastic_nut/OK/S0373/plastic_nut_0373_OK_C1_20230930154354.jpg,335.9808044433594,543.442138671875,840.893310546875
random_s2,plastic_nut/OK/S0373/plastic_nut_0373_OK_C1_20230930154354.jpg,331.59185791015625,535.85400390625,958.880615234375
odd_s0,plastic_nut/OK/S0373/plastic_nut_0373_OK_C2_20230930154354.jpg,358.17425537109375,576.5492553710938,977.83154296875
odd_s1,plastic_nut/OK/S0373/plastic_nut_0373_OK_C2_20230930154354.jpg,347.97869873046875,565.51171875,977.83154296875
odd_s2,plastic_nut/OK/S0373/plastic_nut_0373_OK_C2_20230930154354.jpg,351.66741943359375,565.2443237304688,1015.041748046875
balanced_s0,plastic_nut/OK/S0373/plastic_nut_0373_OK_C2_20230930154354.jpg,349.1722412109375,570.962646484375,926.587890625
balanced_s1,plastic_nut/OK/S0373/plastic_nut_0373_OK_C2_20230930154354.jpg,352.7063293457031,569.026611328125,934.95166015625
balanced_s2,plastic_nut/OK/S0373/plastic_nut_0373_OK_C2_20230930154354.jpg,357.93695068359375,572.5047607421875,904.283935546875
random_s0,plastic_nut/OK/S0373/plastic_nut_0373_OK_C2_20230930154354.jpg,357.0269775390625,574.696044921875,921.88720703125
random_s1,plastic_nut/OK/S0373/plastic_nut_0373_OK_C2_20230930154354.jpg,358.501953125,579.5609130859375,934.361572265625
random_s2,plastic_nut/OK/S0373/plastic_nut_0373_OK_C2_20230930154354.jpg,358.1986083984375,570.0902099609375,939.89208984375
odd_s0,plastic_nut/OK/S0373/plastic_nut_0373_OK_C3_20230930154354.jpg,364.35028076171875,609.0550537109375,1426.0078125
odd_s1,plastic_nut/OK/S0373/plastic_nut_0373_OK_C3_20230930154354.jpg,354.97607421875,598.7576293945312,1402.6513671875
odd_s2,plastic_nut/OK/S0373/plastic_nut_0373_OK_C3_20230930154354.jpg,364.4571533203125,604.786376953125,1436.398681640625
balanced_s0,plastic_nut/OK/S0373/plastic_nut_0373_OK_C3_20230930154354.jpg,348.74755859375,588.76806640625,1182.26416015625
balanced_s1,plastic_nut/OK/S0373/plastic_nut_0373_OK_C3_20230930154354.jpg,359.271484375,584.8077392578125,1190.3232421875
balanced_s2,plastic_nut/OK/S0373/plastic_nut_0373_OK_C3_20230930154354.jpg,367.1942443847656,588.3644409179688,1182.26416015625
random_s0,plastic_nut/OK/S0373/plastic_nut_0373_OK_C3_20230930154354.jpg,361.9497985839844,590.0669555664062,1057.391845703125
random_s1,plastic_nut/OK/S0373/plastic_nut_0373_OK_C3_20230930154354.jpg,360.16949462890625,608.0250244140625,1097.088623046875
random_s2,plastic_nut/OK/S0373/plastic_nut_0373_OK_C3_20230930154354.jpg,364.3172607421875,600.8992919921875,1121.564453125
odd_s0,plastic_nut/OK/S0373/plastic_nut_0373_OK_C4_20230930154354.jpg,363.00140380859375,566.10595703125,903.935546875
odd_s1,plastic_nut/OK/S0373/plastic_nut_0373_OK_C4_20230930154354.jpg,355.82452392578125,559.1442260742188,903.935546875
odd_s2,plastic_nut/OK/S0373/plastic_nut_0373_OK_C4_20230930154354.jpg,361.2191467285156,559.3319702148438,842.51123046875
balanced_s0,plastic_nut/OK/S0373/plastic_nut_0373_OK_C4_20230930154354.jpg,356.6028747558594,562.2027587890625,945.1337890625
balanced_s1,plastic_nut/OK/S0373/plastic_nut_0373_OK_C4_20230930154354.jpg,355.7503662109375,560.0972290039062,876.0126953125
balanced_s2,plastic_nut/OK/S0373/plastic_nut_0373_OK_C4_20230930154354.jpg,366.36065673828125,564.574951171875,881.08740234375
random_s0,plastic_nut/OK/S0373/plastic_nut_0373_OK_C4_20230930154354.jpg,361.4788513183594,555.44287109375,974.793701171875
random_s1,plastic_nut/OK/S0373/plastic_nut_0373_OK_C4_20230930154354.jpg,364.48089599609375,570.891845703125,896.77587890625
random_s2,plastic_nut/OK/S0373/plastic_nut_0373_OK_C4_20230930154354.jpg,357.51568603515625,555.5599975585938,906.62890625
odd_s0,plastic_nut/OK/S0373/plastic_nut_0373_OK_C5_20230930154354.jpg,355.55780029296875,548.9166259765625,916.512451171875
odd_s1,plastic_nut/OK/S0373/plastic_nut_0373_OK_C5_20230930154354.jpg,345.21282958984375,539.4088134765625,855.803466796875
odd_s2,plastic_nut/OK/S0373/plastic_nut_0373_OK_C5_20230930154354.jpg,352.496337890625,539.3820190429688,855.803466796875
balanced_s0,plastic_nut/OK/S0373/plastic_nut_0373_OK_C5_20230930154354.jpg,351.0631103515625,544.9877319335938,814.230712890625
balanced_s1,plastic_nut/OK/S0373/plastic_nut_0373_OK_C5_20230930154354.jpg,357.8648681640625,546.5936279296875,853.174560546875
balanced_s2,plastic_nut/OK/S0373/plastic_nut_0373_OK_C5_20230930154354.jpg,357.7127990722656,539.68798828125,814.230712890625
random_s0,plastic_nut/OK/S0373/plastic_nut_0373_OK_C5_20230930154354.jpg,353.2102966308594,551.29052734375,773.4208984375
random_s1,plastic_nut/OK/S0373/plastic_nut_0373_OK_C5_20230930154354.jpg,344.8237609863281,527.9815673828125,867.05712890625
random_s2,plastic_nut/OK/S0373/plastic_nut_0373_OK_C5_20230930154354.jpg,356.6078796386719,550.0130615234375,786.372802734375
odd_s0,plastic_nut/OK/S0377/plastic_nut_0377_OK_C1_20230930154459.jpg,339.85638427734375,556.7263793945312,833.94091796875
odd_s1,plastic_nut/OK/S0377/plastic_nut_0377_OK_C1_20230930154459.jpg,344.0467834472656,550.6834716796875,976.2705078125
odd_s2,plastic_nut/OK/S0377/plastic_nut_0377_OK_C1_20230930154459.jpg,343.94500732421875,552.7610473632812,918.083984375
balanced_s0,plastic_nut/OK/S0377/plastic_nut_0377_OK_C1_20230930154459.jpg,343.91259765625,557.0894775390625,916.755126953125
balanced_s1,plastic_nut/OK/S0377/plastic_nut_0377_OK_C1_20230930154459.jpg,337.74285888671875,544.79931640625,1011.72265625
balanced_s2,plastic_nut/OK/S0377/plastic_nut_0377_OK_C1_20230930154459.jpg,340.901611328125,546.28125,890.876953125
random_s0,plastic_nut/OK/S0377/plastic_nut_0377_OK_C1_20230930154459.jpg,347.8199462890625,560.18701171875,921.630126953125
random_s1,plastic_nut/OK/S0377/plastic_nut_0377_OK_C1_20230930154459.jpg,336.36077880859375,544.787353515625,1160.120361328125
random_s2,plastic_nut/OK/S0377/plastic_nut_0377_OK_C1_20230930154459.jpg,338.732177734375,551.2510375976562,865.72216796875
odd_s0,plastic_nut/OK/S0377/plastic_nut_0377_OK_C2_20230930154459.jpg,351.7171630859375,535.3917236328125,808.0498046875
odd_s1,plastic_nut/OK/S0377/plastic_nut_0377_OK_C2_20230930154459.jpg,339.20660400390625,534.1561279296875,915.164794921875
odd_s2,plastic_nut/OK/S0377/plastic_nut_0377_OK_C2_20230930154459.jpg,344.3314514160156,533.6461791992188,770.62890625
balanced_s0,plastic_nut/OK/S0377/plastic_nut_0377_OK_C2_20230930154459.jpg,341.651611328125,536.458984375,1000.38134765625
balanced_s1,plastic_nut/OK/S0377/plastic_nut_0377_OK_C2_20230930154459.jpg,346.56317138671875,538.212890625,868.96826171875
balanced_s2,plastic_nut/OK/S0377/plastic_nut_0377_OK_C2_20230930154459.jpg,350.35546875,541.3881225585938,866.30322265625
random_s0,plastic_nut/OK/S0377/plastic_nut_0377_OK_C2_20230930154459.jpg,346.0753173828125,536.29345703125,830.51708984375
random_s1,plastic_nut/OK/S0377/plastic_nut_0377_OK_C2_20230930154459.jpg,345.19134521484375,533.9603271484375,792.64111328125
random_s2,plastic_nut/OK/S0377/plastic_nut_0377_OK_C2_20230930154459.jpg,344.7598876953125,535.739990234375,762.8193359375
odd_s0,plastic_nut/OK/S0377/plastic_nut_0377_OK_C3_20230930154459.jpg,342.0667724609375,545.0374755859375,1209.2431640625
odd_s1,plastic_nut/OK/S0377/plastic_nut_0377_OK_C3_20230930154459.jpg,328.8249206542969,537.26416015625,1206.46337890625
odd_s2,plastic_nut/OK/S0377/plastic_nut_0377_OK_C3_20230930154459.jpg,342.7633056640625,539.4835815429688,1279.4541015625
balanced_s0,plastic_nut/OK/S0377/plastic_nut_0377_OK_C3_20230930154459.jpg,330.115234375,536.2514038085938,698.916015625
balanced_s1,plastic_nut/OK/S0377/plastic_nut_0377_OK_C3_20230930154459.jpg,337.54718017578125,536.5743408203125,879.480712890625
balanced_s2,plastic_nut/OK/S0377/plastic_nut_0377_OK_C3_20230930154459.jpg,346.55548095703125,543.472412109375,899.90625
random_s0,plastic_nut/OK/S0377/plastic_nut_0377_OK_C3_20230930154459.jpg,341.7289123535156,540.2647705078125,852.685302734375
random_s1,plastic_nut/OK/S0377/plastic_nut_0377_OK_C3_20230930154459.jpg,338.869384765625,539.194580078125,776.5947265625
random_s2,plastic_nut/OK/S0377/plastic_nut_0377_OK_C3_20230930154459.jpg,338.8848876953125,540.13916015625,895.395751953125
odd_s0,plastic_nut/OK/S0377/plastic_nut_0377_OK_C4_20230930154459.jpg,354.6324157714844,547.6365356445312,928.27978515625
odd_s1,plastic_nut/OK/S0377/plastic_nut_0377_OK_C4_20230930154459.jpg,347.30291748046875,537.19384765625,1100.35107421875
odd_s2,plastic_nut/OK/S0377/plastic_nut_0377_OK_C4_20230930154459.jpg,349.37774658203125,539.01220703125,966.3466796875
balanced_s0,plastic_nut/OK/S0377/plastic_nut_0377_OK_C4_20230930154459.jpg,345.28533935546875,542.5960083007812,796.020263671875
balanced_s1,plastic_nut/OK/S0377/plastic_nut_0377_OK_C4_20230930154459.jpg,345.4107971191406,537.02197265625,850.831298828125
balanced_s2,plastic_nut/OK/S0377/plastic_nut_0377_OK_C4_20230930154459.jpg,357.8218078613281,547.1216430664062,805.0185546875
random_s0,plastic_nut/OK/S0377/plastic_nut_0377_OK_C4_20230930154459.jpg,353.0262451171875,543.9594116210938,798.13671875
random_s1,plastic_nut/OK/S0377/plastic_nut_0377_OK_C4_20230930154459.jpg,350.64794921875,544.587646484375,798.13671875
random_s2,plastic_nut/OK/S0377/plastic_nut_0377_OK_C4_20230930154459.jpg,351.5118408203125,542.7947998046875,798.13671875
odd_s0,plastic_nut/OK/S0377/plastic_nut_0377_OK_C5_20230930154459.jpg,359.36163330078125,547.3255615234375,907.57470703125
odd_s1,plastic_nut/OK/S0377/plastic_nut_0377_OK_C5_20230930154459.jpg,345.0072937011719,544.5784912109375,863.588623046875
odd_s2,plastic_nut/OK/S0377/plastic_nut_0377_OK_C5_20230930154459.jpg,353.9331359863281,532.3057861328125,896.04638671875
balanced_s0,plastic_nut/OK/S0377/plastic_nut_0377_OK_C5_20230930154459.jpg,352.3721923828125,545.782470703125,840.166748046875
balanced_s1,plastic_nut/OK/S0377/plastic_nut_0377_OK_C5_20230930154459.jpg,355.06011962890625,546.262451171875,882.46630859375
balanced_s2,plastic_nut/OK/S0377/plastic_nut_0377_OK_C5_20230930154459.jpg,354.0467834472656,539.4056396484375,966.943115234375
random_s0,plastic_nut/OK/S0377/plastic_nut_0377_OK_C5_20230930154459.jpg,353.75335693359375,541.809326171875,984.2412109375
random_s1,plastic_nut/OK/S0377/plastic_nut_0377_OK_C5_20230930154459.jpg,348.66827392578125,540.8255004882812,770.61474609375
random_s2,plastic_nut/OK/S0377/plastic_nut_0377_OK_C5_20230930154459.jpg,356.9822082519531,547.2158203125,985.16845703125
odd_s0,plastic_nut/OK/S0411/plastic_nut_0411_OK_C1_20230930155900.jpg,346.31158447265625,558.82861328125,1007.047607421875
odd_s1,plastic_nut/OK/S0411/plastic_nut_0411_OK_C1_20230930155900.jpg,346.7481689453125,552.8630981445312,1001.9326171875
odd_s2,plastic_nut/OK/S0411/plastic_nut_0411_OK_C1_20230930155900.jpg,350.2596740722656,557.73486328125,961.467529296875
balanced_s0,plastic_nut/OK/S0411/plastic_nut_0411_OK_C1_20230930155900.jpg,347.6963806152344,560.001953125,1002.416015625
balanced_s1,plastic_nut/OK/S0411/plastic_nut_0411_OK_C1_20230930155900.jpg,342.5771789550781,545.2551879882812,899.06787109375
balanced_s2,plastic_nut/OK/S0411/plastic_nut_0411_OK_C1_20230930155900.jpg,343.1608581542969,548.3486328125,803.6513671875
random_s0,plastic_nut/OK/S0411/plastic_nut_0411_OK_C1_20230930155900.jpg,355.8653564453125,562.4217529296875,1092.52880859375
random_s1,plastic_nut/OK/S0411/plastic_nut_0411_OK_C1_20230930155900.jpg,344.0457763671875,549.2802734375,942.5263671875
random_s2,plastic_nut/OK/S0411/plastic_nut_0411_OK_C1_20230930155900.jpg,344.0780334472656,548.9952392578125,918.265380859375
odd_s0,plastic_nut/OK/S0411/plastic_nut_0411_OK_C2_20230930155900.jpg,357.7611083984375,541.438720703125,852.04296875
odd_s1,plastic_nut/OK/S0411/plastic_nut_0411_OK_C2_20230930155900.jpg,348.3130798339844,526.9276123046875,852.04296875
odd_s2,plastic_nut/OK/S0411/plastic_nut_0411_OK_C2_20230930155900.jpg,349.4461669921875,534.5089111328125,867.83349609375
balanced_s0,plastic_nut/OK/S0411/plastic_nut_0411_OK_C2_20230930155900.jpg,350.09368896484375,545.1170654296875,897.099853515625
balanced_s1,plastic_nut/OK/S0411/plastic_nut_0411_OK_C2_20230930155900.jpg,352.1630859375,537.9049682617188,763.794189453125
balanced_s2,plastic_nut/OK/S0411/plastic_nut_0411_OK_C2_20230930155900.jpg,355.1824951171875,541.3648071289062,751.971923828125
random_s0,plastic_nut/OK/S0411/plastic_nut_0411_OK_C2_20230930155900.jpg,356.5252685546875,539.7351684570312,801.39697265625
random_s1,plastic_nut/OK/S0411/plastic_nut_0411_OK_C2_20230930155900.jpg,354.91845703125,542.881103515625,783.45458984375
random_s2,plastic_nut/OK/S0411/plastic_nut_0411_OK_C2_20230930155900.jpg,356.809326171875,545.0045166015625,753.04833984375
odd_s0,plastic_nut/OK/S0411/plastic_nut_0411_OK_C3_20230930155900.jpg,367.8986511230469,578.674560546875,914.64111328125
odd_s1,plastic_nut/OK/S0411/plastic_nut_0411_OK_C3_20230930155900.jpg,357.4033203125,568.3172607421875,990.8828125
odd_s2,plastic_nut/OK/S0411/plastic_nut_0411_OK_C3_20230930155900.jpg,365.12188720703125,579.9024658203125,990.8828125
balanced_s0,plastic_nut/OK/S0411/plastic_nut_0411_OK_C3_20230930155900.jpg,367.67218017578125,576.4291381835938,839.89111328125
balanced_s1,plastic_nut/OK/S0411/plastic_nut_0411_OK_C3_20230930155900.jpg,361.2537841796875,567.4886474609375,793.772705078125
balanced_s2,plastic_nut/OK/S0411/plastic_nut_0411_OK_C3_20230930155900.jpg,371.4570007324219,574.5650024414062,838.09765625
random_s0,plastic_nut/OK/S0411/plastic_nut_0411_OK_C3_20230930155900.jpg,362.4810791015625,570.441162109375,829.830322265625
random_s1,plastic_nut/OK/S0411/plastic_nut_0411_OK_C3_20230930155900.jpg,370.80877685546875,587.451904296875,854.72607421875
random_s2,plastic_nut/OK/S0411/plastic_nut_0411_OK_C3_20230930155900.jpg,365.30975341796875,576.6972045898438,789.921875
odd_s0,plastic_nut/OK/S0411/plastic_nut_0411_OK_C4_20230930155900.jpg,358.5357971191406,548.1387939453125,880.4609375
odd_s1,plastic_nut/OK/S0411/plastic_nut_0411_OK_C4_20230930155900.jpg,355.5010986328125,545.6580200195312,909.012451171875
odd_s2,plastic_nut/OK/S0411/plastic_nut_0411_OK_C4_20230930155900.jpg,354.75201416015625,535.3566284179688,807.86376953125
balanced_s0,plastic_nut/OK/S0411/plastic_nut_0411_OK_C4_20230930155900.jpg,351.6407165527344,534.10009765625,800.7275390625
balanced_s1,plastic_nut/OK/S0411/plastic_nut_0411_OK_C4_20230930155900.jpg,354.91778564453125,539.4993896484375,930.87158203125
balanced_s2,plastic_nut/OK/S0411/plastic_nut_0411_OK_C4_20230930155900.jpg,361.42352294921875,541.7759399414062,911.994140625
random_s0,plastic_nut/OK/S0411/plastic_nut_0411_OK_C4_20230930155900.jpg,359.58660888671875,539.66796875,981.52880859375
random_s1,plastic_nut/OK/S0411/plastic_nut_0411_OK_C4_20230930155900.jpg,358.76129150390625,546.1268920898438,750.09521484375
random_s2,plastic_nut/OK/S0411/plastic_nut_0411_OK_C4_20230930155900.jpg,357.572021484375,539.3843994140625,800.42236328125
odd_s0,plastic_nut/OK/S0411/plastic_nut_0411_OK_C5_20230930155900.jpg,362.58013916015625,548.540771484375,842.47607421875
odd_s1,plastic_nut/OK/S0411/plastic_nut_0411_OK_C5_20230930155900.jpg,354.3299255371094,547.9605712890625,845.7548828125
odd_s2,plastic_nut/OK/S0411/plastic_nut_0411_OK_C5_20230930155900.jpg,358.31573486328125,544.1936645507812,854.50830078125
balanced_s0,plastic_nut/OK/S0411/plastic_nut_0411_OK_C5_20230930155900.jpg,352.856201171875,544.173828125,806.755859375
balanced_s1,plastic_nut/OK/S0411/plastic_nut_0411_OK_C5_20230930155900.jpg,356.2218933105469,550.4164428710938,806.755859375
balanced_s2,plastic_nut/OK/S0411/plastic_nut_0411_OK_C5_20230930155900.jpg,364.2147216796875,549.3861083984375,810.392578125
random_s0,plastic_nut/OK/S0411/plastic_nut_0411_OK_C5_20230930155900.jpg,353.62335205078125,547.6571655273438,899.9541015625
random_s1,plastic_nut/OK/S0411/plastic_nut_0411_OK_C5_20230930155900.jpg,356.13946533203125,552.3251953125,865.071533203125
random_s2,plastic_nut/OK/S0411/plastic_nut_0411_OK_C5_20230930155900.jpg,354.91552734375,543.0704956054688,840.3740234375
odd_s0,plastic_nut/OK/S0412/plastic_nut_0412_OK_C1_20230930155913.jpg,357.1763916015625,582.113525390625,1120.2275390625
odd_s1,plastic_nut/OK/S0412/plastic_nut_0412_OK_C1_20230930155913.jpg,360.8597412109375,569.2157592773438,1145.05419921875
odd_s2,plastic_nut/OK/S0412/plastic_nut_0412_OK_C1_20230930155913.jpg,367.605224609375,575.4752807617188,1145.05419921875
balanced_s0,plastic_nut/OK/S0412/plastic_nut_0412_OK_C1_20230930155913.jpg,358.52392578125,571.4202880859375,1103.147216796875
balanced_s1,plastic_nut/OK/S0412/plastic_nut_0412_OK_C1_20230930155913.jpg,355.1153869628906,559.3167724609375,1103.147216796875
balanced_s2,plastic_nut/OK/S0412/plastic_nut_0412_OK_C1_20230930155913.jpg,358.1416015625,566.1094970703125,1041.4033203125
random_s0,plastic_nut/OK/S0412/plastic_nut_0412_OK_C1_20230930155913.jpg,364.2891845703125,575.2596435546875,981.845947265625
random_s1,plastic_nut/OK/S0412/plastic_nut_0412_OK_C1_20230930155913.jpg,357.5133056640625,576.5885009765625,899.223388671875
random_s2,plastic_nut/OK/S0412/plastic_nut_0412_OK_C1_20230930155913.jpg,358.36492919921875,560.452392578125,899.223388671875
odd_s0,plastic_nut/OK/S0412/plastic_nut_0412_OK_C2_20230930155913.jpg,372.40057373046875,573.52587890625,926.87646484375
odd_s1,plastic_nut/OK/S0412/plastic_nut_0412_OK_C2_20230930155913.jpg,361.534912109375,556.997314453125,981.64892578125
odd_s2,plastic_nut/OK/S0412/plastic_nut_0412_OK_C2_20230930155913.jpg,362.98126220703125,564.4002685546875,933.38623046875
balanced_s0,plastic_nut/OK/S0412/plastic_nut_0412_OK_C2_20230930155913.jpg,359.10540771484375,559.514404296875,854.0859375
balanced_s1,plastic_nut/OK/S0412/plastic_nut_0412_OK_C2_20230930155913.jpg,361.9724426269531,561.9119873046875,983.036376953125
balanced_s2,plastic_nut/OK/S0412/plastic_nut_0412_OK_C2_20230930155913.jpg,370.133544921875,564.505126953125,873.11669921875
random_s0,plastic_nut/OK/S0412/plastic_nut_0412_OK_C2_20230930155913.jpg,370.2470703125,559.9229736328125,793.087890625
random_s1,plastic_nut/OK/S0412/plastic_nut_0412_OK_C2_20230930155913.jpg,365.60687255859375,563.41796875,915.020263671875
random_s2,plastic_nut/OK/S0412/plastic_nut_0412_OK_C2_20230930155913.jpg,370.91925048828125,555.60546875,871.2666015625
odd_s0,plastic_nut/OK/S0412/plastic_nut_0412_OK_C3_20230930155913.jpg,370.96002197265625,588.10009765625,960.505126953125
odd_s1,plastic_nut/OK/S0412/plastic_nut_0412_OK_C3_20230930155913.jpg,368.79248046875,586.4595947265625,916.049560546875
odd_s2,plastic_nut/OK/S0412/plastic_nut_0412_OK_C3_20230930155913.jpg,373.51031494140625,595.91748046875,960.505126953125
balanced_s0,plastic_nut/OK/S0412/plastic_nut_0412_OK_C3_20230930155913.jpg,366.573486328125,575.591796875,895.53076171875
balanced_s1,plastic_nut/OK/S0412/plastic_nut_0412_OK_C3_20230930155913.jpg,361.45758056640625,581.7017211914062,1010.353759765625
balanced_s2,plastic_nut/OK/S0412/plastic_nut_0412_OK_C3_20230930155913.jpg,374.58056640625,591.326171875,895.53076171875
random_s0,plastic_nut/OK/S0412/plastic_nut_0412_OK_C3_20230930155913.jpg,367.205078125,579.377197265625,976.941650390625
random_s1,plastic_nut/OK/S0412/plastic_nut_0412_OK_C3_20230930155913.jpg,372.224853515625,597.1679077148438,976.941650390625
random_s2,plastic_nut/OK/S0412/plastic_nut_0412_OK_C3_20230930155913.jpg,371.8666687011719,594.0928344726562,1000.103515625
odd_s0,plastic_nut/OK/S0412/plastic_nut_0412_OK_C4_20230930155913.jpg,372.5765075683594,561.8850708007812,970.586669921875
odd_s1,plastic_nut/OK/S0412/plastic_nut_0412_OK_C4_20230930155913.jpg,364.23626708984375,560.053955078125,969.302734375
odd_s2,plastic_nut/OK/S0412/plastic_nut_0412_OK_C4_20230930155913.jpg,367.93548583984375,560.5689697265625,973.91943359375
balanced_s0,plastic_nut/OK/S0412/plastic_nut_0412_OK_C4_20230930155913.jpg,364.0892333984375,551.9060668945312,1002.179443359375
balanced_s1,plastic_nut/OK/S0412/plastic_nut_0412_OK_C4_20230930155913.jpg,368.29608154296875,557.4365844726562,1043.14013671875
balanced_s2,plastic_nut/OK/S0412/plastic_nut_0412_OK_C4_20230930155913.jpg,376.27899169921875,559.5494384765625,1003.367431640625
random_s0,plastic_nut/OK/S0412/plastic_nut_0412_OK_C4_20230930155913.jpg,371.375732421875,564.20751953125,971.529052734375
random_s1,plastic_nut/OK/S0412/plastic_nut_0412_OK_C4_20230930155913.jpg,373.0475158691406,569.4229736328125,971.529052734375
random_s2,plastic_nut/OK/S0412/plastic_nut_0412_OK_C4_20230930155913.jpg,368.5206298828125,559.2850952148438,837.4462890625
odd_s0,plastic_nut/OK/S0412/plastic_nut_0412_OK_C5_20230930155913.jpg,353.8204345703125,543.0184326171875,1095.2470703125
odd_s1,plastic_nut/OK/S0412/plastic_nut_0412_OK_C5_20230930155913.jpg,345.083740234375,529.934814453125,1117.75439453125
odd_s2,plastic_nut/OK/S0412/plastic_nut_0412_OK_C5_20230930155913.jpg,346.5544738769531,528.2522583007812,1094.357421875
balanced_s0,plastic_nut/OK/S0412/plastic_nut_0412_OK_C5_20230930155913.jpg,345.2501220703125,537.2696533203125,884.8076171875
balanced_s1,plastic_nut/OK/S0412/plastic_nut_0412_OK_C5_20230930155913.jpg,347.17242431640625,540.1123046875,895.734619140625
balanced_s2,plastic_nut/OK/S0412/plastic_nut_0412_OK_C5_20230930155913.jpg,351.608154296875,531.857177734375,799.108154296875
random_s0,plastic_nut/OK/S0412/plastic_nut_0412_OK_C5_20230930155913.jpg,347.5552062988281,535.2012329101562,804.9453125
random_s1,plastic_nut/OK/S0412/plastic_nut_0412_OK_C5_20230930155913.jpg,345.25762939453125,531.1798095703125,725.61474609375
random_s2,plastic_nut/OK/S0412/plastic_nut_0412_OK_C5_20230930155913.jpg,348.06201171875,538.230712890625,902.71484375
odd_s0,plastic_nut/OK/S0415/plastic_nut_0415_OK_C1_20230930155950.jpg,348.134765625,575.9662475585938,937.31689453125
odd_s1,plastic_nut/OK/S0415/plastic_nut_0415_OK_C1_20230930155950.jpg,351.1524658203125,558.45947265625,1046.181640625
odd_s2,plastic_nut/OK/S0415/plastic_nut_0415_OK_C1_20230930155950.jpg,352.0772705078125,560.5084228515625,945.71728515625
balanced_s0,plastic_nut/OK/S0415/plastic_nut_0415_OK_C1_20230930155950.jpg,348.172607421875,562.87939453125,951.67919921875
balanced_s1,plastic_nut/OK/S0415/plastic_nut_0415_OK_C1_20230930155950.jpg,348.6435546875,556.4180908203125,951.67919921875
balanced_s2,plastic_nut/OK/S0415/plastic_nut_0415_OK_C1_20230930155950.jpg,347.1375427246094,553.5147705078125,1013.3857421875
random_s0,plastic_nut/OK/S0415/plastic_nut_0415_OK_C1_20230930155950.jpg,356.4295349121094,574.634033203125,905.058837890625
random_s1,plastic_nut/OK/S0415/plastic_nut_0415_OK_C1_20230930155950.jpg,347.938232421875,553.7437133789062,993.3876953125
random_s2,plastic_nut/OK/S0415/plastic_nut_0415_OK_C1_20230930155950.jpg,349.86090087890625,547.6336669921875,890.4765625
odd_s0,plastic_nut/OK/S0415/plastic_nut_0415_OK_C2_20230930155950.jpg,354.83447265625,541.95556640625,772.816162109375
odd_s1,plastic_nut/OK/S0415/plastic_nut_0415_OK_C2_20230930155950.jpg,341.50482177734375,534.4046630859375,784.65087890625
odd_s2,plastic_nut/OK/S0415/plastic_nut_0415_OK_C2_20230930155950.jpg,342.7886962890625,528.5938110351562,715.8076171875
balanced_s0,plastic_nut/OK/S0415/plastic_nut_0415_OK_C2_20230930155950.jpg,346.0538024902344,534.312255859375,752.218017578125
balanced_s1,plastic_nut/OK/S0415/plastic_nut_0415_OK_C2_20230930155950.jpg,347.34234619140625,538.2360229492188,786.94189453125
balanced_s2,plastic_nut/OK/S0415/plastic_nut_0415_OK_C2_20230930155950.jpg,351.50311279296875,537.9918212890625,737.135498046875
random_s0,plastic_nut/OK/S0415/plastic_nut_0415_OK_C2_20230930155950.jpg,353.5560607910156,539.2767333984375,735.583740234375
random_s1,plastic_nut/OK/S0415/plastic_nut_0415_OK_C2_20230930155950.jpg,349.0989074707031,536.4635009765625,707.98193359375
random_s2,plastic_nut/OK/S0415/plastic_nut_0415_OK_C2_20230930155950.jpg,348.8528747558594,527.8438110351562,819.955078125
odd_s0,plastic_nut/OK/S0415/plastic_nut_0415_OK_C3_20230930155950.jpg,366.9589538574219,594.7211303710938,1210.94873046875
odd_s1,plastic_nut/OK/S0415/plastic_nut_0415_OK_C3_20230930155950.jpg,362.5327453613281,586.1825561523438,1210.94873046875
odd_s2,plastic_nut/OK/S0415/plastic_nut_0415_OK_C3_20230930155950.jpg,366.8508605957031,590.194091796875,999.390625
balanced_s0,plastic_nut/OK/S0415/plastic_nut_0415_OK_C3_20230930155950.jpg,361.49420166015625,574.6972045898438,969.42578125
balanced_s1,plastic_nut/OK/S0415/plastic_nut_0415_OK_C3_20230930155950.jpg,359.24078369140625,578.3553466796875,1235.201416015625
balanced_s2,plastic_nut/OK/S0415/plastic_nut_0415_OK_C3_20230930155950.jpg,365.2022399902344,576.9170532226562,969.42578125
random_s0,plastic_nut/OK/S0415/plastic_nut_0415_OK_C3_20230930155950.jpg,365.05499267578125,576.1658935546875,970.341796875
random_s1,plastic_nut/OK/S0415/plastic_nut_0415_OK_C3_20230930155950.jpg,368.8827209472656,584.7684326171875,1144.142578125
random_s2,plastic_nut/OK/S0415/plastic_nut_0415_OK_C3_20230930155950.jpg,366.4049377441406,588.85400390625,970.341796875
odd_s0,plastic_nut/OK/S0415/plastic_nut_0415_OK_C4_20230930155950.jpg,361.1946105957031,546.5057373046875,936.8388671875
odd_s1,plastic_nut/OK/S0415/plastic_nut_0415_OK_C4_20230930155950.jpg,355.263671875,552.4932861328125,742.26611328125
odd_s2,plastic_nut/OK/S0415/plastic_nut_0415_OK_C4_20230930155950.jpg,361.134033203125,549.4407958984375,787.841552734375
balanced_s0,plastic_nut/OK/S0415/plastic_nut_0415_OK_C4_20230930155950.jpg,354.0335998535156,538.1544799804688,856.125
balanced_s1,plastic_nut/OK/S0415/plastic_nut_0415_OK_C4_20230930155950.jpg,359.849853515625,544.8846435546875,856.125
balanced_s2,plastic_nut/OK/S0415/plastic_nut_0415_OK_C4_20230930155950.jpg,365.542724609375,552.85498046875,856.125
random_s0,plastic_nut/OK/S0415/plastic_nut_0415_OK_C4_20230930155950.jpg,361.84869384765625,549.3106689453125,893.593994140625
random_s1,plastic_nut/OK/S0415/plastic_nut_0415_OK_C4_20230930155950.jpg,363.2632141113281,549.9903564453125,817.5537109375
random_s2,plastic_nut/OK/S0415/plastic_nut_0415_OK_C4_20230930155950.jpg,359.13519287109375,543.8348999023438,846.00830078125
odd_s0,plastic_nut/OK/S0415/plastic_nut_0415_OK_C5_20230930155950.jpg,348.6102600097656,534.9566650390625,829.48046875
odd_s1,plastic_nut/OK/S0415/plastic_nut_0415_OK_C5_20230930155950.jpg,339.7684020996094,531.6392822265625,841.99560546875
odd_s2,plastic_nut/OK/S0415/plastic_nut_0415_OK_C5_20230930155950.jpg,348.7552795410156,536.8578491210938,829.3154296875
balanced_s0,plastic_nut/OK/S0415/plastic_nut_0415_OK_C5_20230930155950.jpg,341.114501953125,527.1171875,755.970703125
balanced_s1,plastic_nut/OK/S0415/plastic_nut_0415_OK_C5_20230930155950.jpg,343.7365417480469,535.7167358398438,797.69677734375
balanced_s2,plastic_nut/OK/S0415/plastic_nut_0415_OK_C5_20230930155950.jpg,349.6695556640625,538.853515625,905.525146484375
random_s0,plastic_nut/OK/S0415/plastic_nut_0415_OK_C5_20230930155950.jpg,344.52874755859375,536.09765625,785.9306640625
random_s1,plastic_nut/OK/S0415/plastic_nut_0415_OK_C5_20230930155950.jpg,342.23797607421875,534.2666015625,795.5986328125
random_s2,plastic_nut/OK/S0415/plastic_nut_0415_OK_C5_20230930155950.jpg,343.9116516113281,535.2900390625,749.54052734375
odd_s0,plastic_nut/OK/S0417/plastic_nut_0417_OK_C1_20230930160012.jpg,363.60089111328125,593.408203125,1379.5390625
odd_s1,plastic_nut/OK/S0417/plastic_nut_0417_OK_C1_20230930160012.jpg,365.1893310546875,585.12109375,1379.5390625
odd_s2,plastic_nut/OK/S0417/plastic_nut_0417_OK_C1_20230930160012.jpg,372.7127685546875,593.4931030273438,1379.5390625
balanced_s0,plastic_nut/OK/S0417/plastic_nut_0417_OK_C1_20230930160012.jpg,364.6011962890625,580.7137451171875,898.16845703125
balanced_s1,plastic_nut/OK/S0417/plastic_nut_0417_OK_C1_20230930160012.jpg,364.3858642578125,580.00048828125,849.46240234375
balanced_s2,plastic_nut/OK/S0417/plastic_nut_0417_OK_C1_20230930160012.jpg,364.6476745605469,576.3045654296875,1000.34130859375
random_s0,plastic_nut/OK/S0417/plastic_nut_0417_OK_C1_20230930160012.jpg,369.7884521484375,589.295166015625,1282.40966796875
random_s1,plastic_nut/OK/S0417/plastic_nut_0417_OK_C1_20230930160012.jpg,361.99053955078125,574.00634765625,1465.254638671875
random_s2,plastic_nut/OK/S0417/plastic_nut_0417_OK_C1_20230930160012.jpg,364.951904296875,573.90625,1282.40966796875
odd_s0,plastic_nut/OK/S0417/plastic_nut_0417_OK_C2_20230930160012.jpg,375.7243957519531,570.504638671875,907.5166015625
odd_s1,plastic_nut/OK/S0417/plastic_nut_0417_OK_C2_20230930160012.jpg,368.006103515625,565.1666870117188,907.5166015625
odd_s2,plastic_nut/OK/S0417/plastic_nut_0417_OK_C2_20230930160012.jpg,365.17431640625,563.1337890625,926.41943359375
balanced_s0,plastic_nut/OK/S0417/plastic_nut_0417_OK_C2_20230930160012.jpg,366.71002197265625,561.986083984375,894.53759765625
balanced_s1,plastic_nut/OK/S0417/plastic_nut_0417_OK_C2_20230930160012.jpg,364.95758056640625,564.5677490234375,894.53759765625
balanced_s2,plastic_nut/OK/S0417/plastic_nut_0417_OK_C2_20230930160012.jpg,371.2021179199219,564.054443359375,894.53759765625
random_s0,plastic_nut/OK/S0417/plastic_nut_0417_OK_C2_20230930160012.jpg,371.22796630859375,561.4322509765625,785.449462890625
random_s1,plastic_nut/OK/S0417/plastic_nut_0417_OK_C2_20230930160012.jpg,372.2149353027344,572.6927490234375,772.84326171875
random_s2,plastic_nut/OK/S0417/plastic_nut_0417_OK_C2_20230930160012.jpg,375.3995056152344,561.4033813476562,763.3115234375
odd_s0,plastic_nut/OK/S0417/plastic_nut_0417_OK_C3_20230930160012.jpg,369.1600341796875,601.0067749023438,947.4189453125
odd_s1,plastic_nut/OK/S0417/plastic_nut_0417_OK_C3_20230930160012.jpg,363.533447265625,590.7164306640625,1006.64208984375
odd_s2,plastic_nut/OK/S0417/plastic_nut_0417_OK_C3_20230930160012.jpg,375.03338623046875,604.041748046875,966.137451171875
balanced_s0,plastic_nut/OK/S0417/plastic_nut_0417_OK_C3_20230930160012.jpg,365.2651062011719,581.2054443359375,899.47412109375
balanced_s1,plastic_nut/OK/S0417/plastic_nut_0417_OK_C3_20230930160012.jpg,361.68878173828125,582.7689208984375,1005.78857421875
balanced_s2,plastic_nut/OK/S0417/plastic_nut_0417_OK_C3_20230930160012.jpg,372.95989990234375,595.6295166015625,1054.04345703125
random_s0,plastic_nut/OK/S0417/plastic_nut_0417_OK_C3_20230930160012.jpg,363.6634521484375,591.8950805664062,954.7470703125
random_s1,plastic_nut/OK/S0417/plastic_nut_0417_OK_C3_20230930160012.jpg,371.900146484375,601.63525390625,946.458984375
random_s2,plastic_nut/OK/S0417/plastic_nut_0417_OK_C3_20230930160012.jpg,370.91754150390625,598.2115478515625,1010.795654296875
odd_s0,plastic_nut/OK/S0417/plastic_nut_0417_OK_C4_20230930160012.jpg,370.3569030761719,575.50146484375,1075.1953125
odd_s1,plastic_nut/OK/S0417/plastic_nut_0417_OK_C4_20230930160012.jpg,363.09649658203125,566.6398315429688,1146.414306640625
odd_s2,plastic_nut/OK/S0417/plastic_nut_0417_OK_C4_20230930160012.jpg,366.9886169433594,570.7265014648438,967.43115234375
balanced_s0,plastic_nut/OK/S0417/plastic_nut_0417_OK_C4_20230930160012.jpg,362.11590576171875,562.3896484375,1025.10009765625
balanced_s1,plastic_nut/OK/S0417/plastic_nut_0417_OK_C4_20230930160012.jpg,364.8460998535156,568.02685546875,1183.294677734375
balanced_s2,plastic_nut/OK/S0417/plastic_nut_0417_OK_C4_20230930160012.jpg,371.2723388671875,570.3258056640625,1025.10009765625
random_s0,plastic_nut/OK/S0417/plastic_nut_0417_OK_C4_20230930160012.jpg,371.5516662597656,566.97216796875,1213.71630859375
random_s1,plastic_nut/OK/S0417/plastic_nut_0417_OK_C4_20230930160012.jpg,368.15472412109375,575.3558959960938,1074.33251953125
random_s2,plastic_nut/OK/S0417/plastic_nut_0417_OK_C4_20230930160012.jpg,367.01422119140625,557.9645385742188,1069.780029296875
odd_s0,plastic_nut/OK/S0417/plastic_nut_0417_OK_C5_20230930160012.jpg,366.6761474609375,555.097900390625,1221.64990234375
odd_s1,plastic_nut/OK/S0417/plastic_nut_0417_OK_C5_20230930160012.jpg,352.44122314453125,545.4862060546875,1265.67333984375
odd_s2,plastic_nut/OK/S0417/plastic_nut_0417_OK_C5_20230930160012.jpg,361.07952880859375,549.8350830078125,1237.44921875
balanced_s0,plastic_nut/OK/S0417/plastic_nut_0417_OK_C5_20230930160012.jpg,358.8722229003906,548.4549560546875,797.3291015625
balanced_s1,plastic_nut/OK/S0417/plastic_nut_0417_OK_C5_20230930160012.jpg,359.2989501953125,550.143798828125,752.99072265625
balanced_s2,plastic_nut/OK/S0417/plastic_nut_0417_OK_C5_20230930160012.jpg,363.2060241699219,544.2581787109375,808.90234375
random_s0,plastic_nut/OK/S0417/plastic_nut_0417_OK_C5_20230930160012.jpg,358.413330078125,548.5867919921875,823.55712890625
random_s1,plastic_nut/OK/S0417/plastic_nut_0417_OK_C5_20230930160012.jpg,357.751708984375,543.7128295898438,797.65283203125
random_s2,plastic_nut/OK/S0417/plastic_nut_0417_OK_C5_20230930160012.jpg,358.0727233886719,546.1522216796875,786.644775390625
odd_s0,plastic_nut/OK/S0425/plastic_nut_0425_OK_C1_20230930160213.jpg,346.1214599609375,556.0184936523438,854.751953125
odd_s1,plastic_nut/OK/S0425/plastic_nut_0425_OK_C1_20230930160213.jpg,346.33477783203125,544.0667724609375,1147.98681640625
odd_s2,plastic_nut/OK/S0425/plastic_nut_0425_OK_C1_20230930160213.jpg,348.13470458984375,553.0123291015625,1040.53466796875
balanced_s0,plastic_nut/OK/S0425/plastic_nut_0425_OK_C1_20230930160213.jpg,347.43212890625,555.3527221679688,965.046875
balanced_s1,plastic_nut/OK/S0425/plastic_nut_0425_OK_C1_20230930160213.jpg,345.10638427734375,547.2876586914062,860.432861328125
balanced_s2,plastic_nut/OK/S0425/plastic_nut_0425_OK_C1_20230930160213.jpg,342.4414367675781,541.2271728515625,849.3330078125
random_s0,plastic_nut/OK/S0425/plastic_nut_0425_OK_C1_20230930160213.jpg,350.6668701171875,558.1566162109375,1089.84423828125
random_s1,plastic_nut/OK/S0425/plastic_nut_0425_OK_C1_20230930160213.jpg,344.49896240234375,556.70849609375,850.149169921875
random_s2,plastic_nut/OK/S0425/plastic_nut_0425_OK_C1_20230930160213.jpg,343.262451171875,544.708251953125,847.983154296875
odd_s0,plastic_nut/OK/S0425/plastic_nut_0425_OK_C2_20230930160213.jpg,356.53363037109375,547.8522338867188,768.13330078125
odd_s1,plastic_nut/OK/S0425/plastic_nut_0425_OK_C2_20230930160213.jpg,346.58392333984375,543.827880859375,764.6357421875
odd_s2,plastic_nut/OK/S0425/plastic_nut_0425_OK_C2_20230930160213.jpg,346.71832275390625,537.6712646484375,775.40966796875
balanced_s0,plastic_nut/OK/S0425/plastic_nut_0425_OK_C2_20230930160213.jpg,347.9261474609375,543.3533935546875,778.778564453125
balanced_s1,plastic_nut/OK/S0425/plastic_nut_0425_OK_C2_20230930160213.jpg,349.3504638671875,539.7069091796875,827.4375
balanced_s2,plastic_nut/OK/S0425/plastic_nut_0425_OK_C2_20230930160213.jpg,353.10333251953125,543.9598388671875,775.125
random_s0,plastic_nut/OK/S0425/plastic_nut_0425_OK_C2_20230930160213.jpg,351.8916015625,543.936767578125,757.3623046875
random_s1,plastic_nut/OK/S0425/plastic_nut_0425_OK_C2_20230930160213.jpg,354.35797119140625,544.8189697265625,726.7099609375
random_s2,plastic_nut/OK/S0425/plastic_nut_0425_OK_C2_20230930160213.jpg,356.98504638671875,544.68310546875,759.5029296875
odd_s0,plastic_nut/OK/S0425/plastic_nut_0425_OK_C3_20230930160213.jpg,360.242919921875,578.9107666015625,969.621337890625
odd_s1,plastic_nut/OK/S0425/plastic_nut_0425_OK_C3_20230930160213.jpg,351.29168701171875,573.73779296875,969.621337890625
odd_s2,plastic_nut/OK/S0425/plastic_nut_0425_OK_C3_20230930160213.jpg,360.8858947753906,581.953125,932.381591796875
balanced_s0,plastic_nut/OK/S0425/plastic_nut_0425_OK_C3_20230930160213.jpg,350.41827392578125,566.6347045898438,920.525146484375
balanced_s1,plastic_nut/OK/S0425/plastic_nut_0425_OK_C3_20230930160213.jpg,349.4384765625,567.9530029296875,926.0810546875
balanced_s2,plastic_nut/OK/S0425/plastic_nut_0425_OK_C3_20230930160213.jpg,357.8659973144531,574.829345703125,1000.513671875
random_s0,plastic_nut/OK/S0425/plastic_nut_0425_OK_C3_20230930160213.jpg,354.529296875,573.1987915039062,886.828125
random_s1,plastic_nut/OK/S0425/plastic_nut_0425_OK_C3_20230930160213.jpg,358.06402587890625,582.0901489257812,933.587646484375
random_s2,plastic_nut/OK/S0425/plastic_nut_0425_OK_C3_20230930160213.jpg,358.9144287109375,577.4244384765625,796.843505859375
odd_s0,plastic_nut/OK/S0425/plastic_nut_0425_OK_C4_20230930160213.jpg,358.990966796875,548.8907470703125,959.603515625
odd_s1,plastic_nut/OK/S0425/plastic_nut_0425_OK_C4_20230930160213.jpg,351.4368591308594,541.7080078125,866.37060546875
odd_s2,plastic_nut/OK/S0425/plastic_nut_0425_OK_C4_20230930160213.jpg,354.76654052734375,539.753173828125,838.20654296875
balanced_s0,plastic_nut/OK/S0425/plastic_nut_0425_OK_C4_20230930160213.jpg,349.7015686035156,535.9282836914062,891.50146484375
balanced_s1,plastic_nut/OK/S0425/plastic_nut_0425_OK_C4_20230930160213.jpg,351.35955810546875,537.8374633789062,1072.82568359375
balanced_s2,plastic_nut/OK/S0425/plastic_nut_0425_OK_C4_20230930160213.jpg,358.8957214355469,541.10546875,891.50146484375
random_s0,plastic_nut/OK/S0425/plastic_nut_0425_OK_C4_20230930160213.jpg,360.6204833984375,545.3917236328125,815.75732421875
random_s1,plastic_nut/OK/S0425/plastic_nut_0425_OK_C4_20230930160213.jpg,359.99884033203125,553.2152099609375,896.47607421875
random_s2,plastic_nut/OK/S0425/plastic_nut_0425_OK_C4_20230930160213.jpg,355.58984375,543.0050048828125,798.0419921875
odd_s0,plastic_nut/OK/S0425/plastic_nut_0425_OK_C5_20230930160213.jpg,350.3941650390625,534.1527099609375,730.511962890625
odd_s1,plastic_nut/OK/S0425/plastic_nut_0425_OK_C5_20230930160213.jpg,341.58428955078125,528.5291748046875,837.7890625
odd_s2,plastic_nut/OK/S0425/plastic_nut_0425_OK_C5_20230930160213.jpg,347.52874755859375,527.9786376953125,884.8115234375
balanced_s0,plastic_nut/OK/S0425/plastic_nut_0425_OK_C5_20230930160213.jpg,343.3976135253906,530.2423095703125,730.25537109375
balanced_s1,plastic_nut/OK/S0425/plastic_nut_0425_OK_C5_20230930160213.jpg,346.01708984375,526.9877319335938,728.51513671875
balanced_s2,plastic_nut/OK/S0425/plastic_nut_0425_OK_C5_20230930160213.jpg,351.14794921875,533.673828125,748.78173828125
random_s0,plastic_nut/OK/S0425/plastic_nut_0425_OK_C5_20230930160213.jpg,347.60284423828125,527.7540283203125,732.20068359375
random_s1,plastic_nut/OK/S0425/plastic_nut_0425_OK_C5_20230930160213.jpg,344.54449462890625,525.41357421875,792.34814453125
random_s2,plastic_nut/OK/S0425/plastic_nut_0425_OK_C5_20230930160213.jpg,345.9383239746094,530.7374267578125,786.20947265625
odd_s0,plastic_nut/OK/S0429/plastic_nut_0429_OK_C1_20230930160516.jpg,353.68212890625,559.498779296875,874.055908203125
odd_s1,plastic_nut/OK/S0429/plastic_nut_0429_OK_C1_20230930160516.jpg,349.1908874511719,548.7919311523438,973.5927734375
odd_s2,plastic_nut/OK/S0429/plastic_nut_0429_OK_C1_20230930160516.jpg,357.16650390625,562.9857177734375,973.5927734375
balanced_s0,plastic_nut/OK/S0429/plastic_nut_0429_OK_C1_20230930160516.jpg,357.03009033203125,565.1943359375,980.071533203125
balanced_s1,plastic_nut/OK/S0429/plastic_nut_0429_OK_C1_20230930160516.jpg,349.3736267089844,551.50146484375,983.554931640625
balanced_s2,plastic_nut/OK/S0429/plastic_nut_0429_OK_C1_20230930160516.jpg,354.0189514160156,559.3186645507812,928.35400390625
random_s0,plastic_nut/OK/S0429/plastic_nut_0429_OK_C1_20230930160516.jpg,358.41815185546875,564.53857421875,959.136962890625
random_s1,plastic_nut/OK/S0429/plastic_nut_0429_OK_C1_20230930160516.jpg,350.39630126953125,558.4485473632812,954.532470703125
random_s2,plastic_nut/OK/S0429/plastic_nut_0429_OK_C1_20230930160516.jpg,351.8531494140625,560.27734375,1011.876708984375
odd_s0,plastic_nut/OK/S0429/plastic_nut_0429_OK_C2_20230930160516.jpg,353.53546142578125,542.98876953125,1386.04052734375
odd_s1,plastic_nut/OK/S0429/plastic_nut_0429_OK_C2_20230930160516.jpg,341.20953369140625,535.0577392578125,1380.06787109375
odd_s2,plastic_nut/OK/S0429/plastic_nut_0429_OK_C2_20230930160516.jpg,341.61846923828125,533.8682250976562,1389.5185546875
balanced_s0,plastic_nut/OK/S0429/plastic_nut_0429_OK_C2_20230930160516.jpg,341.0811462402344,542.9830322265625,914.7177734375
balanced_s1,plastic_nut/OK/S0429/plastic_nut_0429_OK_C2_20230930160516.jpg,341.8934326171875,532.900146484375,833.30419921875
balanced_s2,plastic_nut/OK/S0429/plastic_nut_0429_OK_C2_20230930160516.jpg,347.9288330078125,534.953125,754.32373046875
random_s0,plastic_nut/OK/S0429/plastic_nut_0429_OK_C2_20230930160516.jpg,346.7745056152344,541.074462890625,984.905029296875
random_s1,plastic_nut/OK/S0429/plastic_nut_0429_OK_C2_20230930160516.jpg,346.3577880859375,542.606201171875,960.55908203125
random_s2,plastic_nut/OK/S0429/plastic_nut_0429_OK_C2_20230930160516.jpg,345.7771911621094,539.350341796875,911.585693359375
odd_s0,plastic_nut/OK/S0429/plastic_nut_0429_OK_C3_20230930160516.jpg,342.11309814453125,547.1246948242188,815.01806640625
odd_s1,plastic_nut/OK/S0429/plastic_nut_0429_OK_C3_20230930160516.jpg,333.7547912597656,542.1146240234375,753.575439453125
odd_s2,plastic_nut/OK/S0429/plastic_nut_0429_OK_C3_20230930160516.jpg,341.0462646484375,546.2752685546875,901.75537109375
balanced_s0,plastic_nut/OK/S0429/plastic_nut_0429_OK_C3_20230930160516.jpg,335.651123046875,536.4036254882812,815.78125
balanced_s1,plastic_nut/OK/S0429/plastic_nut_0429_OK_C3_20230930160516.jpg,336.341064453125,539.4705810546875,912.366455078125
balanced_s2,plastic_nut/OK/S0429/plastic_nut_0429_OK_C3_20230930160516.jpg,340.46368408203125,537.9714965820312,790.99560546875
random_s0,plastic_nut/OK/S0429/plastic_nut_0429_OK_C3_20230930160516.jpg,335.796630859375,529.37841796875,743.451171875
random_s1,plastic_nut/OK/S0429/plastic_nut_0429_OK_C3_20230930160516.jpg,343.49578857421875,551.2766723632812,818.28759765625
random_s2,plastic_nut/OK/S0429/plastic_nut_0429_OK_C3_20230930160516.jpg,342.5857238769531,550.549072265625,836.08642578125
odd_s0,plastic_nut/OK/S0429/plastic_nut_0429_OK_C4_20230930160516.jpg,368.818359375,562.1800537109375,824.739990234375
odd_s1,plastic_nut/OK/S0429/plastic_nut_0429_OK_C4_20230930160516.jpg,365.58465576171875,563.9376220703125,946.89794921875
odd_s2,plastic_nut/OK/S0429/plastic_nut_0429_OK_C4_20230930160516.jpg,362.2188415527344,558.2574462890625,853.712890625
balanced_s0,plastic_nut/OK/S0429/plastic_nut_0429_OK_C4_20230930160516.jpg,360.6020202636719,551.186279296875,893.5068359375
balanced_s1,plastic_nut/OK/S0429/plastic_nut_0429_OK_C4_20230930160516.jpg,358.45404052734375,545.1021728515625,721.75634765625
balanced_s2,plastic_nut/OK/S0429/plastic_nut_0429_OK_C4_20230930160516.jpg,375.0291442871094,565.0602416992188,836.001953125
random_s0,plastic_nut/OK/S0429/plastic_nut_0429_OK_C4_20230930160516.jpg,371.3299865722656,560.85986328125,962.95263671875
random_s1,plastic_nut/OK/S0429/plastic_nut_0429_OK_C4_20230930160516.jpg,367.25372314453125,563.1900024414062,903.361572265625
random_s2,plastic_nut/OK/S0429/plastic_nut_0429_OK_C4_20230930160516.jpg,370.81597900390625,565.4733276367188,793.85595703125
odd_s0,plastic_nut/OK/S0429/plastic_nut_0429_OK_C5_20230930160516.jpg,357.92730712890625,540.761962890625,753.988037109375
odd_s1,plastic_nut/OK/S0429/plastic_nut_0429_OK_C5_20230930160516.jpg,348.21875,544.8592529296875,791.5078125
odd_s2,plastic_nut/OK/S0429/plastic_nut_0429_OK_C5_20230930160516.jpg,350.74127197265625,539.944580078125,753.988037109375
balanced_s0,plastic_nut/OK/S0429/plastic_nut_0429_OK_C5_20230930160516.jpg,346.3283386230469,531.34228515625,749.75830078125
balanced_s1,plastic_nut/OK/S0429/plastic_nut_0429_OK_C5_20230930160516.jpg,356.32537841796875,549.4775390625,831.6943359375
balanced_s2,plastic_nut/OK/S0429/plastic_nut_0429_OK_C5_20230930160516.jpg,354.3526611328125,535.7288818359375,705.8994140625
random_s0,plastic_nut/OK/S0429/plastic_nut_0429_OK_C5_20230930160516.jpg,356.7677001953125,541.8656005859375,772.3408203125
random_s1,plastic_nut/OK/S0429/plastic_nut_0429_OK_C5_20230930160516.jpg,350.77838134765625,542.9146118164062,794.653076171875
random_s2,plastic_nut/OK/S0429/plastic_nut_0429_OK_C5_20230930160516.jpg,351.463134765625,533.6295776367188,772.5107421875
odd_s0,plastic_nut/OK/S0433/plastic_nut_0433_OK_C1_20230930160743.jpg,368.29095458984375,581.7257080078125,960.629150390625
odd_s1,plastic_nut/OK/S0433/plastic_nut_0433_OK_C1_20230930160743.jpg,370.32232666015625,580.9357299804688,966.39013671875
odd_s2,plastic_nut/OK/S0433/plastic_nut_0433_OK_C1_20230930160743.jpg,371.04620361328125,576.9374389648438,980.60693359375
balanced_s0,plastic_nut/OK/S0433/plastic_nut_0433_OK_C1_20230930160743.jpg,368.0841064453125,582.8244018554688,1037.375
balanced_s1,plastic_nut/OK/S0433/plastic_nut_0433_OK_C1_20230930160743.jpg,363.76190185546875,568.604248046875,889.831298828125
balanced_s2,plastic_nut/OK/S0433/plastic_nut_0433_OK_C1_20230930160743.jpg,369.20361328125,575.402587890625,853.23291015625
random_s0,plastic_nut/OK/S0433/plastic_nut_0433_OK_C1_20230930160743.jpg,375.8348083496094,584.812744140625,962.927490234375
random_s1,plastic_nut/OK/S0433/plastic_nut_0433_OK_C1_20230930160743.jpg,363.99652099609375,573.1226806640625,962.927490234375
random_s2,plastic_nut/OK/S0433/plastic_nut_0433_OK_C1_20230930160743.jpg,365.77923583984375,566.1653442382812,933.195068359375
odd_s0,plastic_nut/OK/S0433/plastic_nut_0433_OK_C2_20230930160743.jpg,373.8349609375,582.4335327148438,846.92578125
odd_s1,plastic_nut/OK/S0433/plastic_nut_0433_OK_C2_20230930160743.jpg,363.3251953125,560.270751953125,814.96728515625
odd_s2,plastic_nut/OK/S0433/plastic_nut_0433_OK_C2_20230930160743.jpg,372.39862060546875,579.2860107421875,862.346923828125
balanced_s0,plastic_nut/OK/S0433/plastic_nut_0433_OK_C2_20230930160743.jpg,365.1131286621094,570.5765380859375,860.04931640625
balanced_s1,plastic_nut/OK/S0433/plastic_nut_0433_OK_C2_20230930160743.jpg,367.1841125488281,564.62060546875,817.02001953125
balanced_s2,plastic_nut/OK/S0433/plastic_nut_0433_OK_C2_20230930160743.jpg,374.63751220703125,578.094970703125,860.04931640625
random_s0,plastic_nut/OK/S0433/plastic_nut_0433_OK_C2_20230930160743.jpg,368.40234375,571.8946533203125,803.9931640625
random_s1,plastic_nut/OK/S0433/plastic_nut_0433_OK_C2_20230930160743.jpg,370.5651550292969,571.1842041015625,872.191162109375
random_s2,plastic_nut/OK/S0433/plastic_nut_0433_OK_C2_20230930160743.jpg,371.8050231933594,575.362060546875,903.48779296875
odd_s0,plastic_nut/OK/S0433/plastic_nut_0433_OK_C3_20230930160743.jpg,362.76947021484375,573.1005859375,1036.08642578125
odd_s1,plastic_nut/OK/S0433/plastic_nut_0433_OK_C3_20230930160743.jpg,357.71246337890625,573.9505615234375,1021.439453125
odd_s2,plastic_nut/OK/S0433/plastic_nut_0433_OK_C3_20230930160743.jpg,361.14453125,572.2242431640625,1060.63720703125
balanced_s0,plastic_nut/OK/S0433/plastic_nut_0433_OK_C3_20230930160743.jpg,358.1636657714844,573.0030517578125,902.4267578125
balanced_s1,plastic_nut/OK/S0433/plastic_nut_0433_OK_C3_20230930160743.jpg,355.50006103515625,565.3255004882812,892.281982421875
balanced_s2,plastic_nut/OK/S0433/plastic_nut_0433_OK_C3_20230930160743.jpg,360.081298828125,574.185302734375,940.3232421875
random_s0,plastic_nut/OK/S0433/plastic_nut_0433_OK_C3_20230930160743.jpg,358.518798828125,577.3934936523438,928.24072265625
random_s1,plastic_nut/OK/S0433/plastic_nut_0433_OK_C3_20230930160743.jpg,360.68914794921875,570.9727783203125,893.8095703125
random_s2,plastic_nut/OK/S0433/plastic_nut_0433_OK_C3_20230930160743.jpg,364.90350341796875,580.6988525390625,883.62939453125
odd_s0,plastic_nut/OK/S0433/plastic_nut_0433_OK_C4_20230930160743.jpg,363.98382568359375,556.9666748046875,1203.744873046875
odd_s1,plastic_nut/OK/S0433/plastic_nut_0433_OK_C4_20230930160743.jpg,354.7685546875,546.1435546875,1052.9853515625
odd_s2,plastic_nut/OK/S0433/plastic_nut_0433_OK_C4_20230930160743.jpg,362.19512939453125,554.8307495117188,1052.9853515625
balanced_s0,plastic_nut/OK/S0433/plastic_nut_0433_OK_C4_20230930160743.jpg,356.27423095703125,551.64208984375,885.708251953125
balanced_s1,plastic_nut/OK/S0433/plastic_nut_0433_OK_C4_20230930160743.jpg,353.9320068359375,548.6713256835938,885.708251953125
balanced_s2,plastic_nut/OK/S0433/plastic_nut_0433_OK_C4_20230930160743.jpg,367.425048828125,550.574951171875,748.57177734375
random_s0,plastic_nut/OK/S0433/plastic_nut_0433_OK_C4_20230930160743.jpg,366.01556396484375,550.9094848632812,987.9609375
random_s1,plastic_nut/OK/S0433/plastic_nut_0433_OK_C4_20230930160743.jpg,362.42242431640625,557.14013671875,815.9697265625
random_s2,plastic_nut/OK/S0433/plastic_nut_0433_OK_C4_20230930160743.jpg,362.2717590332031,556.368408203125,1119.9755859375
odd_s0,plastic_nut/OK/S0433/plastic_nut_0433_OK_C5_20230930160743.jpg,362.22991943359375,548.7001342773438,852.51513671875
odd_s1,plastic_nut/OK/S0433/plastic_nut_0433_OK_C5_20230930160743.jpg,351.58013916015625,547.3455810546875,828.52294921875
odd_s2,plastic_nut/OK/S0433/plastic_nut_0433_OK_C5_20230930160743.jpg,356.608642578125,546.07080078125,848.65087890625
balanced_s0,plastic_nut/OK/S0433/plastic_nut_0433_OK_C5_20230930160743.jpg,354.50164794921875,542.3466796875,823.9248046875
balanced_s1,plastic_nut/OK/S0433/plastic_nut_0433_OK_C5_20230930160743.jpg,359.7872314453125,548.4456787109375,749.806640625
balanced_s2,plastic_nut/OK/S0433/plastic_nut_0433_OK_C5_20230930160743.jpg,358.34954833984375,540.3047485351562,831.68310546875
random_s0,plastic_nut/OK/S0433/plastic_nut_0433_OK_C5_20230930160743.jpg,354.7276611328125,540.4297485351562,858.27294921875
random_s1,plastic_nut/OK/S0433/plastic_nut_0433_OK_C5_20230930160743.jpg,350.88458251953125,546.0545043945312,906.1884765625
random_s2,plastic_nut/OK/S0433/plastic_nut_0433_OK_C5_20230930160743.jpg,358.3497314453125,545.3389892578125,816.307861328125
odd_s0,plastic_nut/OK/S0434/plastic_nut_0434_OK_C1_20230930160824.jpg,350.24481201171875,551.953125,831.251708984375
odd_s1,plastic_nut/OK/S0434/plastic_nut_0434_OK_C1_20230930160824.jpg,346.96734619140625,548.9041748046875,1453.458740234375
odd_s2,plastic_nut/OK/S0434/plastic_nut_0434_OK_C1_20230930160824.jpg,349.70794677734375,551.630126953125,1402.4267578125
balanced_s0,plastic_nut/OK/S0434/plastic_nut_0434_OK_C1_20230930160824.jpg,348.8072204589844,557.001220703125,924.12451171875
balanced_s1,plastic_nut/OK/S0434/plastic_nut_0434_OK_C1_20230930160824.jpg,343.48541259765625,546.362060546875,841.174560546875
balanced_s2,plastic_nut/OK/S0434/plastic_nut_0434_OK_C1_20230930160824.jpg,345.45654296875,548.4166870117188,923.77880859375
random_s0,plastic_nut/OK/S0434/plastic_nut_0434_OK_C1_20230930160824.jpg,354.1523132324219,555.56591796875,934.898193359375
random_s1,plastic_nut/OK/S0434/plastic_nut_0434_OK_C1_20230930160824.jpg,342.840087890625,542.248779296875,904.00341796875
random_s2,plastic_nut/OK/S0434/plastic_nut_0434_OK_C1_20230930160824.jpg,344.65362548828125,542.9815063476562,915.5302734375
odd_s0,plastic_nut/OK/S0434/plastic_nut_0434_OK_C2_20230930160824.jpg,352.92584228515625,539.21728515625,880.33740234375
odd_s1,plastic_nut/OK/S0434/plastic_nut_0434_OK_C2_20230930160824.jpg,338.2025146484375,522.07470703125,836.845703125
odd_s2,plastic_nut/OK/S0434/plastic_nut_0434_OK_C2_20230930160824.jpg,341.77099609375,526.8653564453125,841.29345703125
balanced_s0,plastic_nut/OK/S0434/plastic_nut_0434_OK_C2_20230930160824.jpg,341.7847595214844,532.0196533203125,900.573974609375
balanced_s1,plastic_nut/OK/S0434/plastic_nut_0434_OK_C2_20230930160824.jpg,343.3955078125,532.987060546875,778.129150390625
balanced_s2,plastic_nut/OK/S0434/plastic_nut_0434_OK_C2_20230930160824.jpg,345.3359069824219,527.8338012695312,863.997802734375
random_s0,plastic_nut/OK/S0434/plastic_nut_0434_OK_C2_20230930160824.jpg,346.49310302734375,535.1517333984375,929.0439453125
random_s1,plastic_nut/OK/S0434/plastic_nut_0434_OK_C2_20230930160824.jpg,345.82330322265625,533.623046875,829.974853515625
random_s2,plastic_nut/OK/S0434/plastic_nut_0434_OK_C2_20230930160824.jpg,347.7513427734375,530.3602905273438,926.65478515625
odd_s0,plastic_nut/OK/S0434/plastic_nut_0434_OK_C3_20230930160824.jpg,367.2596435546875,590.071044921875,1060.328369140625
odd_s1,plastic_nut/OK/S0434/plastic_nut_0434_OK_C3_20230930160824.jpg,353.75518798828125,574.0487060546875,1059.701416015625
odd_s2,plastic_nut/OK/S0434/plastic_nut_0434_OK_C3_20230930160824.jpg,358.49005126953125,572.7320556640625,906.26416015625
balanced_s0,plastic_nut/OK/S0434/plastic_nut_0434_OK_C3_20230930160824.jpg,356.8265075683594,570.994384765625,933.466552734375
balanced_s1,plastic_nut/OK/S0434/plastic_nut_0434_OK_C3_20230930160824.jpg,351.9007568359375,566.76806640625,900.7841796875
balanced_s2,plastic_nut/OK/S0434/plastic_nut_0434_OK_C3_20230930160824.jpg,366.23211669921875,577.03759765625,914.705078125
random_s0,plastic_nut/OK/S0434/plastic_nut_0434_OK_C3_20230930160824.jpg,361.72686767578125,583.451416015625,893.49365234375
random_s1,plastic_nut/OK/S0434/plastic_nut_0434_OK_C3_20230930160824.jpg,363.64068603515625,578.32373046875,834.64599609375
random_s2,plastic_nut/OK/S0434/plastic_nut_0434_OK_C3_20230930160824.jpg,363.2388916015625,583.57421875,869.334228515625
odd_s0,plastic_nut/OK/S0434/plastic_nut_0434_OK_C4_20230930160824.jpg,355.7236022949219,541.6134033203125,1204.12255859375
odd_s1,plastic_nut/OK/S0434/plastic_nut_0434_OK_C4_20230930160824.jpg,349.0345153808594,535.2003173828125,1204.12255859375
odd_s2,plastic_nut/OK/S0434/plastic_nut_0434_OK_C4_20230930160824.jpg,352.41705322265625,542.6143798828125,1204.12255859375
balanced_s0,plastic_nut/OK/S0434/plastic_nut_0434_OK_C4_20230930160824.jpg,347.91497802734375,536.8099365234375,868.868408203125
balanced_s1,plastic_nut/OK/S0434/plastic_nut_0434_OK_C4_20230930160824.jpg,354.2510681152344,545.8413696289062,912.048828125
balanced_s2,plastic_nut/OK/S0434/plastic_nut_0434_OK_C4_20230930160824.jpg,361.43548583984375,552.4046020507812,713.869140625
random_s0,plastic_nut/OK/S0434/plastic_nut_0434_OK_C4_20230930160824.jpg,356.9334411621094,547.4869384765625,859.943359375
random_s1,plastic_nut/OK/S0434/plastic_nut_0434_OK_C4_20230930160824.jpg,353.76824951171875,547.030029296875,917.94921875
random_s2,plastic_nut/OK/S0434/plastic_nut_0434_OK_C4_20230930160824.jpg,352.95526123046875,540.0977172851562,810.747802734375
odd_s0,plastic_nut/OK/S0434/plastic_nut_0434_OK_C5_20230930160824.jpg,365.63330078125,554.4833984375,760.10791015625
odd_s1,plastic_nut/OK/S0434/plastic_nut_0434_OK_C5_20230930160824.jpg,356.03033447265625,548.489501953125,845.34814453125
odd_s2,plastic_nut/OK/S0434/plastic_nut_0434_OK_C5_20230930160824.jpg,358.0685729980469,549.6272583007812,837.180419921875
balanced_s0,plastic_nut/OK/S0434/plastic_nut_0434_OK_C5_20230930160824.jpg,348.7113037109375,539.8053588867188,877.36669921875
balanced_s1,plastic_nut/OK/S0434/plastic_nut_0434_OK_C5_20230930160824.jpg,354.13519287109375,541.6241455078125,890.685791015625
balanced_s2,plastic_nut/OK/S0434/plastic_nut_0434_OK_C5_20230930160824.jpg,360.8922424316406,551.478515625,873.9609375
random_s0,plastic_nut/OK/S0434/plastic_nut_0434_OK_C5_20230930160824.jpg,350.1530456542969,544.97314453125,837.15625
random_s1,plastic_nut/OK/S0434/plastic_nut_0434_OK_C5_20230930160824.jpg,358.21124267578125,552.8896484375,873.3720703125
random_s2,plastic_nut/OK/S0434/plastic_nut_0434_OK_C5_20230930160824.jpg,357.8540344238281,552.4164428710938,843.251708984375
odd_s0,plastic_nut/OK/S0458/plastic_nut_0458_OK_C1_20230930162131.jpg,340.9748840332031,562.4586791992188,1106.28271484375
odd_s1,plastic_nut/OK/S0458/plastic_nut_0458_OK_C1_20230930162131.jpg,339.2041015625,547.4732666015625,1111.79638671875
odd_s2,plastic_nut/OK/S0458/plastic_nut_0458_OK_C1_20230930162131.jpg,342.651123046875,546.368896484375,1111.79638671875
balanced_s0,plastic_nut/OK/S0458/plastic_nut_0458_OK_C1_20230930162131.jpg,341.3182373046875,550.90283203125,1027.746826171875
balanced_s1,plastic_nut/OK/S0458/plastic_nut_0458_OK_C1_20230930162131.jpg,337.88311767578125,537.58837890625,1123.76416015625
balanced_s2,plastic_nut/OK/S0458/plastic_nut_0458_OK_C1_20230930162131.jpg,338.4403381347656,549.648681640625,1037.28515625
random_s0,plastic_nut/OK/S0458/plastic_nut_0458_OK_C1_20230930162131.jpg,347.7210693359375,555.5211181640625,905.947265625
random_s1,plastic_nut/OK/S0458/plastic_nut_0458_OK_C1_20230930162131.jpg,335.0224609375,545.2003173828125,981.1474609375
random_s2,plastic_nut/OK/S0458/plastic_nut_0458_OK_C1_20230930162131.jpg,338.468505859375,538.8160400390625,910.23974609375
odd_s0,plastic_nut/OK/S0458/plastic_nut_0458_OK_C2_20230930162131.jpg,351.1005859375,538.7306518554688,757.787353515625
odd_s1,plastic_nut/OK/S0458/plastic_nut_0458_OK_C2_20230930162131.jpg,342.33489990234375,538.0631103515625,837.77783203125
odd_s2,plastic_nut/OK/S0458/plastic_nut_0458_OK_C2_20230930162131.jpg,343.0289611816406,531.6553955078125,788.0830078125
balanced_s0,plastic_nut/OK/S0458/plastic_nut_0458_OK_C2_20230930162131.jpg,343.7359619140625,534.0651245117188,893.9580078125
balanced_s1,plastic_nut/OK/S0458/plastic_nut_0458_OK_C2_20230930162131.jpg,345.5927734375,532.426513671875,800.115478515625
balanced_s2,plastic_nut/OK/S0458/plastic_nut_0458_OK_C2_20230930162131.jpg,349.9095458984375,535.0094604492188,876.29150390625
random_s0,plastic_nut/OK/S0458/plastic_nut_0458_OK_C2_20230930162131.jpg,348.3236083984375,536.1552124023438,823.77783203125
random_s1,plastic_nut/OK/S0458/plastic_nut_0458_OK_C2_20230930162131.jpg,351.5007019042969,537.2426147460938,876.0087890625
random_s2,plastic_nut/OK/S0458/plastic_nut_0458_OK_C2_20230930162131.jpg,352.0294189453125,539.0936889648438,864.83740234375
odd_s0,plastic_nut/OK/S0458/plastic_nut_0458_OK_C3_20230930162131.jpg,350.4590759277344,571.2568359375,799.888916015625
odd_s1,plastic_nut/OK/S0458/plastic_nut_0458_OK_C3_20230930162131.jpg,344.12738037109375,567.37744140625,876.7109375
odd_s2,plastic_nut/OK/S0458/plastic_nut_0458_OK_C3_20230930162131.jpg,349.8768310546875,570.5040283203125,887.258544921875
balanced_s0,plastic_nut/OK/S0458/plastic_nut_0458_OK_C3_20230930162131.jpg,343.20672607421875,553.8952026367188,741.81982421875
balanced_s1,plastic_nut/OK/S0458/plastic_nut_0458_OK_C3_20230930162131.jpg,343.22296142578125,568.24169921875,775.39794921875
balanced_s2,plastic_nut/OK/S0458/plastic_nut_0458_OK_C3_20230930162131.jpg,349.40576171875,561.66650390625,843.70068359375
random_s0,plastic_nut/OK/S0458/plastic_nut_0458_OK_C3_20230930162131.jpg,343.2012939453125,560.0777587890625,842.06689453125
random_s1,plastic_nut/OK/S0458/plastic_nut_0458_OK_C3_20230930162131.jpg,347.7713623046875,563.1502075195312,777.427490234375
random_s2,plastic_nut/OK/S0458/plastic_nut_0458_OK_C3_20230930162131.jpg,346.50775146484375,559.1505126953125,876.138671875
odd_s0,plastic_nut/OK/S0458/plastic_nut_0458_OK_C4_20230930162131.jpg,358.3567199707031,547.262939453125,1022.39599609375
odd_s1,plastic_nut/OK/S0458/plastic_nut_0458_OK_C4_20230930162131.jpg,348.62982177734375,540.1036376953125,1057.84130859375
odd_s2,plastic_nut/OK/S0458/plastic_nut_0458_OK_C4_20230930162131.jpg,354.76129150390625,541.4393310546875,978.203125
balanced_s0,plastic_nut/OK/S0458/plastic_nut_0458_OK_C4_20230930162131.jpg,351.2854919433594,540.1195068359375,1017.5029296875
balanced_s1,plastic_nut/OK/S0458/plastic_nut_0458_OK_C4_20230930162131.jpg,357.45794677734375,544.016357421875,1137.20263671875
balanced_s2,plastic_nut/OK/S0458/plastic_nut_0458_OK_C4_20230930162131.jpg,360.59552001953125,553.2957153320312,970.28369140625
random_s0,plastic_nut/OK/S0458/plastic_nut_0458_OK_C4_20230930162131.jpg,360.66827392578125,547.246826171875,1109.866943359375
random_s1,plastic_nut/OK/S0458/plastic_nut_0458_OK_C4_20230930162131.jpg,360.5189208984375,548.4852905273438,1022.080078125
random_s2,plastic_nut/OK/S0458/plastic_nut_0458_OK_C4_20230930162131.jpg,355.037109375,540.0952758789062,924.433837890625
odd_s0,plastic_nut/OK/S0458/plastic_nut_0458_OK_C5_20230930162131.jpg,354.30438232421875,538.8931884765625,918.4228515625
odd_s1,plastic_nut/OK/S0458/plastic_nut_0458_OK_C5_20230930162131.jpg,341.9276123046875,530.2069091796875,926.0244140625
odd_s2,plastic_nut/OK/S0458/plastic_nut_0458_OK_C5_20230930162131.jpg,348.89654541015625,532.8453369140625,924.384765625
balanced_s0,plastic_nut/OK/S0458/plastic_nut_0458_OK_C5_20230930162131.jpg,345.16693115234375,537.7567138671875,806.50732421875
balanced_s1,plastic_nut/OK/S0458/plastic_nut_0458_OK_C5_20230930162131.jpg,349.8332214355469,544.8193969726562,888.573486328125
balanced_s2,plastic_nut/OK/S0458/plastic_nut_0458_OK_C5_20230930162131.jpg,350.9993896484375,536.909912109375,888.573486328125
random_s0,plastic_nut/OK/S0458/plastic_nut_0458_OK_C5_20230930162131.jpg,349.96630859375,533.90576171875,993.00146484375
random_s1,plastic_nut/OK/S0458/plastic_nut_0458_OK_C5_20230930162131.jpg,347.0848083496094,536.1707763671875,867.07958984375
random_s2,plastic_nut/OK/S0458/plastic_nut_0458_OK_C5_20230930162131.jpg,349.3691711425781,538.1687622070312,993.00146484375
odd_s0,plastic_nut/OK/S0464/plastic_nut_0464_OK_C1_20230930162227.jpg,340.2502746582031,547.1263427734375,1195.29248046875
odd_s1,plastic_nut/OK/S0464/plastic_nut_0464_OK_C1_20230930162227.jpg,342.852294921875,551.15625,1195.29248046875
odd_s2,plastic_nut/OK/S0464/plastic_nut_0464_OK_C1_20230930162227.jpg,338.351318359375,539.4125366210938,1195.29248046875
balanced_s0,plastic_nut/OK/S0464/plastic_nut_0464_OK_C1_20230930162227.jpg,342.62664794921875,547.575439453125,1016.73876953125
balanced_s1,plastic_nut/OK/S0464/plastic_nut_0464_OK_C1_20230930162227.jpg,337.493896484375,543.2904052734375,993.7626953125
balanced_s2,plastic_nut/OK/S0464/plastic_nut_0464_OK_C1_20230930162227.jpg,336.51397705078125,541.268310546875,1033.052001953125
random_s0,plastic_nut/OK/S0464/plastic_nut_0464_OK_C1_20230930162227.jpg,345.550537109375,545.8846435546875,908.90869140625
random_s1,plastic_nut/OK/S0464/plastic_nut_0464_OK_C1_20230930162227.jpg,337.31182861328125,538.9715576171875,905.27587890625
random_s2,plastic_nut/OK/S0464/plastic_nut_0464_OK_C1_20230930162227.jpg,337.70343017578125,541.3450317382812,961.008544921875
odd_s0,plastic_nut/OK/S0464/plastic_nut_0464_OK_C2_20230930162227.jpg,349.6002197265625,539.5277099609375,804.802734375
odd_s1,plastic_nut/OK/S0464/plastic_nut_0464_OK_C2_20230930162227.jpg,340.30224609375,529.864990234375,804.802734375
odd_s2,plastic_nut/OK/S0464/plastic_nut_0464_OK_C2_20230930162227.jpg,343.4254150390625,536.51806640625,898.342041015625
balanced_s0,plastic_nut/OK/S0464/plastic_nut_0464_OK_C2_20230930162227.jpg,339.9044494628906,538.8409423828125,870.00927734375
balanced_s1,plastic_nut/OK/S0464/plastic_nut_0464_OK_C2_20230930162227.jpg,347.4004821777344,547.418701171875,841.2138671875
balanced_s2,plastic_nut/OK/S0464/plastic_nut_0464_OK_C2_20230930162227.jpg,349.48773193359375,538.8133544921875,985.58056640625
random_s0,plastic_nut/OK/S0464/plastic_nut_0464_OK_C2_20230930162227.jpg,346.978271484375,537.1529541015625,877.050048828125
random_s1,plastic_nut/OK/S0464/plastic_nut_0464_OK_C2_20230930162227.jpg,349.15875244140625,536.431884765625,847.325439453125
random_s2,plastic_nut/OK/S0464/plastic_nut_0464_OK_C2_20230930162227.jpg,351.1471252441406,536.8060302734375,893.607421875
odd_s0,plastic_nut/OK/S0464/plastic_nut_0464_OK_C3_20230930162227.jpg,356.83984375,576.5504150390625,867.05615234375
odd_s1,plastic_nut/OK/S0464/plastic_nut_0464_OK_C3_20230930162227.jpg,346.11309814453125,571.7853393554688,911.748046875
odd_s2,plastic_nut/OK/S0464/plastic_nut_0464_OK_C3_20230930162227.jpg,353.200439453125,570.9052734375,918.832275390625
balanced_s0,plastic_nut/OK/S0464/plastic_nut_0464_OK_C3_20230930162227.jpg,349.3822326660156,561.781005859375,970.1259765625
balanced_s1,plastic_nut/OK/S0464/plastic_nut_0464_OK_C3_20230930162227.jpg,344.9825134277344,565.4436645507812,906.734375
balanced_s2,plastic_nut/OK/S0464/plastic_nut_0464_OK_C3_20230930162227.jpg,354.8216552734375,562.9411010742188,923.90576171875
random_s0,plastic_nut/OK/S0464/plastic_nut_0464_OK_C3_20230930162227.jpg,348.612060546875,567.225830078125,891.927734375
random_s1,plastic_nut/OK/S0464/plastic_nut_0464_OK_C3_20230930162227.jpg,352.2081298828125,566.5135498046875,859.41650390625
random_s2,plastic_nut/OK/S0464/plastic_nut_0464_OK_C3_20230930162227.jpg,355.32244873046875,573.0621337890625,876.79443359375
odd_s0,plastic_nut/OK/S0464/plastic_nut_0464_OK_C4_20230930162227.jpg,357.0174560546875,553.8372802734375,785.95703125
odd_s1,plastic_nut/OK/S0464/plastic_nut_0464_OK_C4_20230930162227.jpg,351.22015380859375,547.794677734375,785.95703125
odd_s2,plastic_nut/OK/S0464/plastic_nut_0464_OK_C4_20230930162227.jpg,354.6426086425781,544.140625,795.9775390625
balanced_s0,plastic_nut/OK/S0464/plastic_nut_0464_OK_C4_20230930162227.jpg,350.170166015625,539.1605224609375,869.03466796875
balanced_s1,plastic_nut/OK/S0464/plastic_nut_0464_OK_C4_20230930162227.jpg,353.0232849121094,544.6755981445312,760.387939453125
balanced_s2,plastic_nut/OK/S0464/plastic_nut_0464_OK_C4_20230930162227.jpg,364.6404724121094,558.78076171875,837.20263671875
random_s0,plastic_nut/OK/S0464/plastic_nut_0464_OK_C4_20230930162227.jpg,359.668212890625,545.7723388671875,887.634033203125
random_s1,plastic_nut/OK/S0464/plastic_nut_0464_OK_C4_20230930162227.jpg,360.597900390625,558.1092529296875,776.8115234375
random_s2,plastic_nut/OK/S0464/plastic_nut_0464_OK_C4_20230930162227.jpg,359.67340087890625,548.8488159179688,762.84375
odd_s0,plastic_nut/OK/S0464/plastic_nut_0464_OK_C5_20230930162227.jpg,350.009033203125,535.771484375,981.84326171875
odd_s1,plastic_nut/OK/S0464/plastic_nut_0464_OK_C5_20230930162227.jpg,341.52532958984375,531.1398315429688,825.80908203125
odd_s2,plastic_nut/OK/S0464/plastic_nut_0464_OK_C5_20230930162227.jpg,344.3433532714844,528.0360107421875,929.2119140625
balanced_s0,plastic_nut/OK/S0464/plastic_nut_0464_OK_C5_20230930162227.jpg,341.3484191894531,523.651611328125,981.84326171875
balanced_s1,plastic_nut/OK/S0464/plastic_nut_0464_OK_C5_20230930162227.jpg,342.1011962890625,524.8963012695312,805.666015625
balanced_s2,plastic_nut/OK/S0464/plastic_nut_0464_OK_C5_20230930162227.jpg,345.266845703125,532.3094482421875,836.82861328125
random_s0,plastic_nut/OK/S0464/plastic_nut_0464_OK_C5_20230930162227.jpg,345.8535461425781,541.8621215820312,867.20068359375
random_s1,plastic_nut/OK/S0464/plastic_nut_0464_OK_C5_20230930162227.jpg,341.34661865234375,538.5164184570312,750.895751953125
random_s2,plastic_nut/OK/S0464/plastic_nut_0464_OK_C5_20230930162227.jpg,343.6819152832031,532.0025634765625,870.482177734375
odd_s0,plastic_nut/OK/S0469/plastic_nut_0469_OK_C1_20230930162341.jpg,353.4290771484375,566.5718994140625,968.196533203125
odd_s1,plastic_nut/OK/S0469/plastic_nut_0469_OK_C1_20230930162341.jpg,347.4255065917969,550.5791015625,950.348876953125
odd_s2,plastic_nut/OK/S0469/plastic_nut_0469_OK_C1_20230930162341.jpg,349.9200134277344,550.9500122070312,886.832763671875
balanced_s0,plastic_nut/OK/S0469/plastic_nut_0469_OK_C1_20230930162341.jpg,350.9876403808594,565.9437255859375,967.065185546875
balanced_s1,plastic_nut/OK/S0469/plastic_nut_0469_OK_C1_20230930162341.jpg,351.13800048828125,554.7398681640625,967.065185546875
balanced_s2,plastic_nut/OK/S0469/plastic_nut_0469_OK_C1_20230930162341.jpg,344.9604187011719,556.29931640625,990.3447265625
random_s0,plastic_nut/OK/S0469/plastic_nut_0469_OK_C1_20230930162341.jpg,353.1262512207031,559.6500244140625,981.5830078125
random_s1,plastic_nut/OK/S0469/plastic_nut_0469_OK_C1_20230930162341.jpg,346.7041931152344,546.692626953125,929.860595703125
random_s2,plastic_nut/OK/S0469/plastic_nut_0469_OK_C1_20230930162341.jpg,344.0880126953125,546.9931030273438,772.89306640625
odd_s0,plastic_nut/OK/S0469/plastic_nut_0469_OK_C2_20230930162341.jpg,353.32037353515625,542.6408081054688,751.079345703125
odd_s1,plastic_nut/OK/S0469/plastic_nut_0469_OK_C2_20230930162341.jpg,346.54754638671875,542.4810791015625,768.07568359375
odd_s2,plastic_nut/OK/S0469/plastic_nut_0469_OK_C2_20230930162341.jpg,347.35302734375,540.9076538085938,765.2177734375
balanced_s0,plastic_nut/OK/S0469/plastic_nut_0469_OK_C2_20230930162341.jpg,345.0030822753906,541.785400390625,817.657470703125
balanced_s1,plastic_nut/OK/S0469/plastic_nut_0469_OK_C2_20230930162341.jpg,348.8216552734375,536.5011596679688,775.25634765625
balanced_s2,plastic_nut/OK/S0469/plastic_nut_0469_OK_C2_20230930162341.jpg,354.1943359375,542.443359375,779.804443359375
random_s0,plastic_nut/OK/S0469/plastic_nut_0469_OK_C2_20230930162341.jpg,350.69427490234375,546.6328125,756.788330078125
random_s1,plastic_nut/OK/S0469/plastic_nut_0469_OK_C2_20230930162341.jpg,352.41485595703125,537.6845092773438,738.63232421875
random_s2,plastic_nut/OK/S0469/plastic_nut_0469_OK_C2_20230930162341.jpg,353.9063415527344,540.731201171875,775.228515625
odd_s0,plastic_nut/OK/S0469/plastic_nut_0469_OK_C3_20230930162341.jpg,347.41680908203125,566.0328369140625,979.509765625
odd_s1,plastic_nut/OK/S0469/plastic_nut_0469_OK_C3_20230930162341.jpg,340.35699462890625,559.931396484375,907.028076171875
odd_s2,plastic_nut/OK/S0469/plastic_nut_0469_OK_C3_20230930162341.jpg,349.5885009765625,565.6837158203125,856.73583984375
balanced_s0,plastic_nut/OK/S0469/plastic_nut_0469_OK_C3_20230930162341.jpg,343.0583190917969,551.96337890625,856.73583984375
balanced_s1,plastic_nut/OK/S0469/plastic_nut_0469_OK_C3_20230930162341.jpg,342.55792236328125,551.7686767578125,867.299072265625
balanced_s2,plastic_nut/OK/S0469/plastic_nut_0469_OK_C3_20230930162341.jpg,348.4671325683594,554.4343872070312,799.7822265625
random_s0,plastic_nut/OK/S0469/plastic_nut_0469_OK_C3_20230930162341.jpg,346.0796203613281,564.8641357421875,862.97314453125
random_s1,plastic_nut/OK/S0469/plastic_nut_0469_OK_C3_20230930162341.jpg,347.32293701171875,560.7794799804688,772.5537109375
random_s2,plastic_nut/OK/S0469/plastic_nut_0469_OK_C3_20230930162341.jpg,351.4122314453125,564.9990234375,830.7841796875
odd_s0,plastic_nut/OK/S0469/plastic_nut_0469_OK_C4_20230930162341.jpg,354.3791809082031,539.37890625,817.056396484375
odd_s1,plastic_nut/OK/S0469/plastic_nut_0469_OK_C4_20230930162341.jpg,347.9332275390625,540.6243286132812,869.99755859375
odd_s2,plastic_nut/OK/S0469/plastic_nut_0469_OK_C4_20230930162341.jpg,348.6026611328125,529.1524047851562,783.91748046875
balanced_s0,plastic_nut/OK/S0469/plastic_nut_0469_OK_C4_20230930162341.jpg,346.8223876953125,541.6103515625,806.55126953125
balanced_s1,plastic_nut/OK/S0469/plastic_nut_0469_OK_C4_20230930162341.jpg,353.30499267578125,544.1929321289062,788.334716796875
balanced_s2,plastic_nut/OK/S0469/plastic_nut_0469_OK_C4_20230930162341.jpg,354.7940673828125,545.521240234375,776.107666015625
random_s0,plastic_nut/OK/S0469/plastic_nut_0469_OK_C4_20230930162341.jpg,357.3895263671875,545.24267578125,771.296875
random_s1,plastic_nut/OK/S0469/plastic_nut_0469_OK_C4_20230930162341.jpg,355.46783447265625,545.436767578125,767.510498046875
random_s2,plastic_nut/OK/S0469/plastic_nut_0469_OK_C4_20230930162341.jpg,351.6519775390625,533.2677001953125,775.22900390625
odd_s0,plastic_nut/OK/S0469/plastic_nut_0469_OK_C5_20230930162341.jpg,366.109130859375,555.6856689453125,811.96484375
odd_s1,plastic_nut/OK/S0469/plastic_nut_0469_OK_C5_20230930162341.jpg,356.7847595214844,553.8719482421875,812.818359375
odd_s2,plastic_nut/OK/S0469/plastic_nut_0469_OK_C5_20230930162341.jpg,362.06671142578125,551.1505126953125,846.27978515625
balanced_s0,plastic_nut/OK/S0469/plastic_nut_0469_OK_C5_20230930162341.jpg,363.22991943359375,556.0042114257812,949.9658203125
balanced_s1,plastic_nut/OK/S0469/plastic_nut_0469_OK_C5_20230930162341.jpg,361.1627197265625,544.8038330078125,947.048583984375
balanced_s2,plastic_nut/OK/S0469/plastic_nut_0469_OK_C5_20230930162341.jpg,357.39129638671875,541.512451171875,979.682373046875
random_s0,plastic_nut/OK/S0469/plastic_nut_0469_OK_C5_20230930162341.jpg,366.0025939941406,555.0648193359375,1111.75341796875
random_s1,plastic_nut/OK/S0469/plastic_nut_0469_OK_C5_20230930162341.jpg,365.3314208984375,555.9481811523438,990.268310546875
random_s2,plastic_nut/OK/S0469/plastic_nut_0469_OK_C5_20230930162341.jpg,364.04644775390625,561.7984619140625,938.09912109375
odd_s0,plastic_nut/OK/S0471/plastic_nut_0471_OK_C1_20230930162357.jpg,355.2520446777344,565.2080078125,847.479736328125
odd_s1,plastic_nut/OK/S0471/plastic_nut_0471_OK_C1_20230930162357.jpg,351.3565979003906,555.2666015625,797.342041015625
odd_s2,plastic_nut/OK/S0471/plastic_nut_0471_OK_C1_20230930162357.jpg,352.4815673828125,549.6417236328125,866.01806640625
balanced_s0,plastic_nut/OK/S0471/plastic_nut_0471_OK_C1_20230930162357.jpg,355.20684814453125,559.62109375,914.11669921875
balanced_s1,plastic_nut/OK/S0471/plastic_nut_0471_OK_C1_20230930162357.jpg,352.66937255859375,548.1484375,853.46240234375
balanced_s2,plastic_nut/OK/S0471/plastic_nut_0471_OK_C1_20230930162357.jpg,353.0345458984375,550.662109375,892.73046875
random_s0,plastic_nut/OK/S0471/plastic_nut_0471_OK_C1_20230930162357.jpg,356.33795166015625,553.61572265625,831.68359375
random_s1,plastic_nut/OK/S0471/plastic_nut_0471_OK_C1_20230930162357.jpg,350.15374755859375,550.1466674804688,826.83837890625
random_s2,plastic_nut/OK/S0471/plastic_nut_0471_OK_C1_20230930162357.jpg,349.16387939453125,547.39794921875,769.01123046875
odd_s0,plastic_nut/OK/S0471/plastic_nut_0471_OK_C2_20230930162357.jpg,361.34112548828125,556.79345703125,818.739501953125
odd_s1,plastic_nut/OK/S0471/plastic_nut_0471_OK_C2_20230930162357.jpg,354.2955322265625,556.9608764648438,913.00634765625
odd_s2,plastic_nut/OK/S0471/plastic_nut_0471_OK_C2_20230930162357.jpg,354.7850646972656,545.2904052734375,992.120361328125
balanced_s0,plastic_nut/OK/S0471/plastic_nut_0471_OK_C2_20230930162357.jpg,353.4080505371094,550.682861328125,1027.915283203125
balanced_s1,plastic_nut/OK/S0471/plastic_nut_0471_OK_C2_20230930162357.jpg,358.4643249511719,553.043212890625,989.56787109375
balanced_s2,plastic_nut/OK/S0471/plastic_nut_0471_OK_C2_20230930162357.jpg,363.6181640625,557.9688110351562,897.3134765625
random_s0,plastic_nut/OK/S0471/plastic_nut_0471_OK_C2_20230930162357.jpg,359.738525390625,553.569091796875,744.5087890625
random_s1,plastic_nut/OK/S0471/plastic_nut_0471_OK_C2_20230930162357.jpg,357.1997985839844,551.36962890625,714.54150390625
random_s2,plastic_nut/OK/S0471/plastic_nut_0471_OK_C2_20230930162357.jpg,361.80572509765625,555.326904296875,806.8583984375
odd_s0,plastic_nut/OK/S0471/plastic_nut_0471_OK_C3_20230930162357.jpg,352.42376708984375,566.7282104492188,818.542724609375
odd_s1,plastic_nut/OK/S0471/plastic_nut_0471_OK_C3_20230930162357.jpg,345.9233093261719,567.4486083984375,813.718505859375
odd_s2,plastic_nut/OK/S0471/plastic_nut_0471_OK_C3_20230930162357.jpg,358.69921875,572.9161376953125,837.099609375
balanced_s0,plastic_nut/OK/S0471/plastic_nut_0471_OK_C3_20230930162357.jpg,350.3585510253906,559.9786376953125,876.3388671875
balanced_s1,plastic_nut/OK/S0471/plastic_nut_0471_OK_C3_20230930162357.jpg,348.396240234375,565.2889404296875,832.425537109375
balanced_s2,plastic_nut/OK/S0471/plastic_nut_0471_OK_C3_20230930162357.jpg,355.6064758300781,566.8215942382812,835.056640625
random_s0,plastic_nut/OK/S0471/plastic_nut_0471_OK_C3_20230930162357.jpg,354.371826171875,567.5347290039062,800.208984375
random_s1,plastic_nut/OK/S0471/plastic_nut_0471_OK_C3_20230930162357.jpg,356.8572692871094,575.05908203125,775.469970703125
random_s2,plastic_nut/OK/S0471/plastic_nut_0471_OK_C3_20230930162357.jpg,357.05609130859375,575.1857299804688,814.002685546875
odd_s0,plastic_nut/OK/S0471/plastic_nut_0471_OK_C4_20230930162357.jpg,358.77984619140625,545.701171875,838.0537109375
odd_s1,plastic_nut/OK/S0471/plastic_nut_0471_OK_C4_20230930162357.jpg,352.276611328125,545.0499267578125,878.918212890625
odd_s2,plastic_nut/OK/S0471/plastic_nut_0471_OK_C4_20230930162357.jpg,357.02581787109375,550.3873291015625,841.8837890625
balanced_s0,plastic_nut/OK/S0471/plastic_nut_0471_OK_C4_20230930162357.jpg,352.42236328125,549.2256469726562,847.6162109375
balanced_s1,plastic_nut/OK/S0471/plastic_nut_0471_OK_C4_20230930162357.jpg,354.4385681152344,541.36474609375,826.13232421875
balanced_s2,plastic_nut/OK/S0471/plastic_nut_0471_OK_C4_20230930162357.jpg,360.8475036621094,555.5440673828125,753.29150390625
random_s0,plastic_nut/OK/S0471/plastic_nut_0471_OK_C4_20230930162357.jpg,360.554443359375,545.0208129882812,812.6845703125
random_s1,plastic_nut/OK/S0471/plastic_nut_0471_OK_C4_20230930162357.jpg,361.43804931640625,555.7398071289062,869.970458984375
random_s2,plastic_nut/OK/S0471/plastic_nut_0471_OK_C4_20230930162357.jpg,356.62005615234375,543.8765869140625,839.66357421875
odd_s0,plastic_nut/OK/S0471/plastic_nut_0471_OK_C5_20230930162357.jpg,383.98260498046875,591.7608642578125,961.399658203125
odd_s1,plastic_nut/OK/S0471/plastic_nut_0471_OK_C5_20230930162357.jpg,379.5362854003906,587.800048828125,961.399658203125
odd_s2,plastic_nut/OK/S0471/plastic_nut_0471_OK_C5_20230930162357.jpg,383.6033935546875,595.2069702148438,1006.83056640625
balanced_s0,plastic_nut/OK/S0471/plastic_nut_0471_OK_C5_20230930162357.jpg,385.5790710449219,597.1561889648438,967.886474609375
balanced_s1,plastic_nut/OK/S0471/plastic_nut_0471_OK_C5_20230930162357.jpg,382.1771240234375,580.3714599609375,967.886474609375
balanced_s2,plastic_nut/OK/S0471/plastic_nut_0471_OK_C5_20230930162357.jpg,381.8625793457031,583.327880859375,1021.649169921875
random_s0,plastic_nut/OK/S0471/plastic_nut_0471_OK_C5_20230930162357.jpg,383.1492919921875,589.3126831054688,1029.53466796875
random_s1,plastic_nut/OK/S0471/plastic_nut_0471_OK_C5_20230930162357.jpg,383.4642333984375,589.5093994140625,1032.33447265625
random_s2,plastic_nut/OK/S0471/plastic_nut_0471_OK_C5_20230930162357.jpg,385.13397216796875,595.253173828125,1114.774658203125
odd_s0,plastic_nut/OK/S0476/plastic_nut_0476_OK_C1_20230930162451.jpg,365.430419921875,592.198486328125,924.3525390625
odd_s1,plastic_nut/OK/S0476/plastic_nut_0476_OK_C1_20230930162451.jpg,358.0225524902344,564.2725219726562,1011.75390625
odd_s2,plastic_nut/OK/S0476/plastic_nut_0476_OK_C1_20230930162451.jpg,363.6864013671875,581.2266845703125,920.838134765625
balanced_s0,plastic_nut/OK/S0476/plastic_nut_0476_OK_C1_20230930162451.jpg,363.560791015625,575.0842895507812,994.98681640625
balanced_s1,plastic_nut/OK/S0476/plastic_nut_0476_OK_C1_20230930162451.jpg,356.0723571777344,559.6458740234375,1046.839111328125
balanced_s2,plastic_nut/OK/S0476/plastic_nut_0476_OK_C1_20230930162451.jpg,358.393798828125,568.2772827148438,952.4482421875
random_s0,plastic_nut/OK/S0476/plastic_nut_0476_OK_C1_20230930162451.jpg,359.5496826171875,579.0704345703125,880.3134765625
random_s1,plastic_nut/OK/S0476/plastic_nut_0476_OK_C1_20230930162451.jpg,357.34381103515625,569.0626220703125,854.19287109375
random_s2,plastic_nut/OK/S0476/plastic_nut_0476_OK_C1_20230930162451.jpg,362.3307189941406,568.2703857421875,859.7412109375
odd_s0,plastic_nut/OK/S0476/plastic_nut_0476_OK_C2_20230930162451.jpg,373.4679870605469,568.3591918945312,830.746826171875
odd_s1,plastic_nut/OK/S0476/plastic_nut_0476_OK_C2_20230930162451.jpg,365.3570251464844,555.8702392578125,910.98974609375
odd_s2,plastic_nut/OK/S0476/plastic_nut_0476_OK_C2_20230930162451.jpg,366.8880615234375,555.9385986328125,785.39794921875
balanced_s0,plastic_nut/OK/S0476/plastic_nut_0476_OK_C2_20230930162451.jpg,363.9967041015625,552.3795776367188,942.134765625
balanced_s1,plastic_nut/OK/S0476/plastic_nut_0476_OK_C2_20230930162451.jpg,368.2622375488281,566.3140869140625,919.4765625
balanced_s2,plastic_nut/OK/S0476/plastic_nut_0476_OK_C2_20230930162451.jpg,371.73779296875,558.9605712890625,919.4765625
random_s0,plastic_nut/OK/S0476/plastic_nut_0476_OK_C2_20230930162451.jpg,373.7412109375,571.9189453125,841.6142578125
random_s1,plastic_nut/OK/S0476/plastic_nut_0476_OK_C2_20230930162451.jpg,371.57147216796875,562.3265380859375,917.732421875
random_s2,plastic_nut/OK/S0476/plastic_nut_0476_OK_C2_20230930162451.jpg,376.5477294921875,563.0537719726562,887.699462890625
odd_s0,plastic_nut/OK/S0476/plastic_nut_0476_OK_C3_20230930162451.jpg,364.3533935546875,599.5953369140625,868.11328125
odd_s1,plastic_nut/OK/S0476/plastic_nut_0476_OK_C3_20230930162451.jpg,360.7325439453125,588.0944213867188,844.2412109375
odd_s2,plastic_nut/OK/S0476/plastic_nut_0476_OK_C3_20230930162451.jpg,366.8625793457031,600.1402587890625,1002.14013671875
balanced_s0,plastic_nut/OK/S0476/plastic_nut_0476_OK_C3_20230930162451.jpg,358.28778076171875,582.5013427734375,1037.813232421875
balanced_s1,plastic_nut/OK/S0476/plastic_nut_0476_OK_C3_20230930162451.jpg,355.184814453125,586.7506713867188,1036.59326171875
balanced_s2,plastic_nut/OK/S0476/plastic_nut_0476_OK_C3_20230930162451.jpg,361.8173522949219,592.2686767578125,868.74267578125
random_s0,plastic_nut/OK/S0476/plastic_nut_0476_OK_C3_20230930162451.jpg,361.8822021484375,582.7473754882812,910.7080078125
random_s1,plastic_nut/OK/S0476/plastic_nut_0476_OK_C3_20230930162451.jpg,365.1094970703125,589.4354858398438,913.74462890625
random_s2,plastic_nut/OK/S0476/plastic_nut_0476_OK_C3_20230930162451.jpg,367.6960144042969,593.410400390625,988.862548828125
odd_s0,plastic_nut/OK/S0476/plastic_nut_0476_OK_C4_20230930162451.jpg,357.93341064453125,545.5454711914062,787.04296875
odd_s1,plastic_nut/OK/S0476/plastic_nut_0476_OK_C4_20230930162451.jpg,353.8548278808594,545.7669677734375,787.04296875
odd_s2,plastic_nut/OK/S0476/plastic_nut_0476_OK_C4_20230930162451.jpg,354.07574462890625,540.3656616210938,840.22705078125
balanced_s0,plastic_nut/OK/S0476/plastic_nut_0476_OK_C4_20230930162451.jpg,350.3153076171875,533.4013671875,756.736328125
balanced_s1,plastic_nut/OK/S0476/plastic_nut_0476_OK_C4_20230930162451.jpg,355.42388916015625,543.9525146484375,801.82080078125
balanced_s2,plastic_nut/OK/S0476/plastic_nut_0476_OK_C4_20230930162451.jpg,360.92529296875,548.1035766601562,800.19384765625
random_s0,plastic_nut/OK/S0476/plastic_nut_0476_OK_C4_20230930162451.jpg,362.1176452636719,548.3685913085938,912.80224609375
random_s1,plastic_nut/OK/S0476/plastic_nut_0476_OK_C4_20230930162451.jpg,360.0409851074219,553.5272827148438,787.04296875
random_s2,plastic_nut/OK/S0476/plastic_nut_0476_OK_C4_20230930162451.jpg,355.7746887207031,539.26611328125,787.04296875
odd_s0,plastic_nut/OK/S0476/plastic_nut_0476_OK_C5_20230930162451.jpg,358.37109375,542.2635498046875,917.679443359375
odd_s1,plastic_nut/OK/S0476/plastic_nut_0476_OK_C5_20230930162451.jpg,350.94451904296875,537.5008544921875,881.84814453125
odd_s2,plastic_nut/OK/S0476/plastic_nut_0476_OK_C5_20230930162451.jpg,354.45538330078125,537.9285278320312,870.154296875
balanced_s0,plastic_nut/OK/S0476/plastic_nut_0476_OK_C5_20230930162451.jpg,354.2126770019531,538.476318359375,855.1044921875
balanced_s1,plastic_nut/OK/S0476/plastic_nut_0476_OK_C5_20230930162451.jpg,351.7939147949219,538.4669189453125,855.1044921875
balanced_s2,plastic_nut/OK/S0476/plastic_nut_0476_OK_C5_20230930162451.jpg,355.85693359375,539.13037109375,855.1044921875
random_s0,plastic_nut/OK/S0476/plastic_nut_0476_OK_C5_20230930162451.jpg,353.66510009765625,543.02685546875,840.77587890625
random_s1,plastic_nut/OK/S0476/plastic_nut_0476_OK_C5_20230930162451.jpg,350.7292175292969,538.62109375,786.97314453125
random_s2,plastic_nut/OK/S0476/plastic_nut_0476_OK_C5_20230930162451.jpg,355.06329345703125,538.5003051757812,747.3447265625
odd_s0,plastic_nut/OK/S0487/plastic_nut_0487_OK_C1_20230930162648.jpg,353.6277160644531,564.8036499023438,1308.46240234375
odd_s1,plastic_nut/OK/S0487/plastic_nut_0487_OK_C1_20230930162648.jpg,348.2662658691406,552.8328247070312,1308.46240234375
odd_s2,plastic_nut/OK/S0487/plastic_nut_0487_OK_C1_20230930162648.jpg,351.03460693359375,553.722900390625,1308.46240234375
balanced_s0,plastic_nut/OK/S0487/plastic_nut_0487_OK_C1_20230930162648.jpg,354.38543701171875,562.7867431640625,1348.899169921875
balanced_s1,plastic_nut/OK/S0487/plastic_nut_0487_OK_C1_20230930162648.jpg,349.4600524902344,554.0803833007812,1326.8369140625
balanced_s2,plastic_nut/OK/S0487/plastic_nut_0487_OK_C1_20230930162648.jpg,349.68841552734375,555.3594360351562,1348.899169921875
random_s0,plastic_nut/OK/S0487/plastic_nut_0487_OK_C1_20230930162648.jpg,352.4115905761719,560.6713256835938,1274.10009765625
random_s1,plastic_nut/OK/S0487/plastic_nut_0487_OK_C1_20230930162648.jpg,350.42181396484375,555.742431640625,1416.2685546875
random_s2,plastic_nut/OK/S0487/plastic_nut_0487_OK_C1_20230930162648.jpg,350.1182861328125,544.7171020507812,1308.46240234375
odd_s0,plastic_nut/OK/S0487/plastic_nut_0487_OK_C2_20230930162648.jpg,365.93951416015625,567.5313720703125,950.834716796875
odd_s1,plastic_nut/OK/S0487/plastic_nut_0487_OK_C2_20230930162648.jpg,354.86260986328125,561.9244995117188,922.8310546875
odd_s2,plastic_nut/OK/S0487/plastic_nut_0487_OK_C2_20230930162648.jpg,355.37554931640625,554.517578125,946.150634765625
balanced_s0,plastic_nut/OK/S0487/plastic_nut_0487_OK_C2_20230930162648.jpg,357.49908447265625,562.638916015625,941.05908203125
balanced_s1,plastic_nut/OK/S0487/plastic_nut_0487_OK_C2_20230930162648.jpg,359.4172058105469,562.5204467773438,1004.0478515625
balanced_s2,plastic_nut/OK/S0487/plastic_nut_0487_OK_C2_20230930162648.jpg,364.0115966796875,565.754150390625,941.05908203125
random_s0,plastic_nut/OK/S0487/plastic_nut_0487_OK_C2_20230930162648.jpg,361.5980529785156,564.555419921875,902.28271484375
random_s1,plastic_nut/OK/S0487/plastic_nut_0487_OK_C2_20230930162648.jpg,362.4579162597656,556.2200317382812,1027.89990234375
random_s2,plastic_nut/OK/S0487/plastic_nut_0487_OK_C2_20230930162648.jpg,365.0751647949219,563.7278442382812,1027.89990234375
odd_s0,plastic_nut/OK/S0487/plastic_nut_0487_OK_C3_20230930162648.jpg,359.24810791015625,577.2427368164062,939.58935546875
odd_s1,plastic_nut/OK/S0487/plastic_nut_0487_OK_C3_20230930162648.jpg,349.97467041015625,568.408203125,874.66015625
odd_s2,plastic_nut/OK/S0487/plastic_nut_0487_OK_C3_20230930162648.jpg,357.178955078125,572.5731201171875,834.6171875
balanced_s0,plastic_nut/OK/S0487/plastic_nut_0487_OK_C3_20230930162648.jpg,350.8096008300781,559.3081665039062,756.706298828125
balanced_s1,plastic_nut/OK/S0487/plastic_nut_0487_OK_C3_20230930162648.jpg,349.1489562988281,563.4551391601562,850.876953125
balanced_s2,plastic_nut/OK/S0487/plastic_nut_0487_OK_C3_20230930162648.jpg,360.16217041015625,576.73388671875,781.1015625
random_s0,plastic_nut/OK/S0487/plastic_nut_0487_OK_C3_20230930162648.jpg,355.867431640625,568.2540283203125,812.4658203125
random_s1,plastic_nut/OK/S0487/plastic_nut_0487_OK_C3_20230930162648.jpg,357.68585205078125,569.7142333984375,841.334228515625
random_s2,plastic_nut/OK/S0487/plastic_nut_0487_OK_C3_20230930162648.jpg,359.0234375,573.4751586914062,870.09228515625
odd_s0,plastic_nut/OK/S0487/plastic_nut_0487_OK_C4_20230930162648.jpg,358.9139709472656,547.1435546875,812.58740234375
odd_s1,plastic_nut/OK/S0487/plastic_nut_0487_OK_C4_20230930162648.jpg,349.7641906738281,547.2391357421875,829.684326171875
odd_s2,plastic_nut/OK/S0487/plastic_nut_0487_OK_C4_20230930162648.jpg,352.4161376953125,544.3994140625,867.44189453125
balanced_s0,plastic_nut/OK/S0487/plastic_nut_0487_OK_C4_20230930162648.jpg,350.4375915527344,539.9547119140625,851.502685546875
balanced_s1,plastic_nut/OK/S0487/plastic_nut_0487_OK_C4_20230930162648.jpg,353.9322814941406,543.2324829101562,841.01513671875
balanced_s2,plastic_nut/OK/S0487/plastic_nut_0487_OK_C4_20230930162648.jpg,360.3813171386719,552.006591796875,851.502685546875
random_s0,plastic_nut/OK/S0487/plastic_nut_0487_OK_C4_20230930162648.jpg,357.10589599609375,547.0071411132812,826.40966796875
random_s1,plastic_nut/OK/S0487/plastic_nut_0487_OK_C4_20230930162648.jpg,357.85400390625,553.903564453125,861.8115234375
random_s2,plastic_nut/OK/S0487/plastic_nut_0487_OK_C4_20230930162648.jpg,355.70147705078125,546.0676879882812,909.171630859375
odd_s0,plastic_nut/OK/S0487/plastic_nut_0487_OK_C5_20230930162648.jpg,361.8277282714844,545.1942138671875,996.728515625
odd_s1,plastic_nut/OK/S0487/plastic_nut_0487_OK_C5_20230930162648.jpg,352.4273681640625,547.2509765625,996.728515625
odd_s2,plastic_nut/OK/S0487/plastic_nut_0487_OK_C5_20230930162648.jpg,360.619873046875,542.9061279296875,1041.063720703125
balanced_s0,plastic_nut/OK/S0487/plastic_nut_0487_OK_C5_20230930162648.jpg,359.0906982421875,550.2076416015625,996.728515625
balanced_s1,plastic_nut/OK/S0487/plastic_nut_0487_OK_C5_20230930162648.jpg,356.07696533203125,548.2109375,943.78857421875
balanced_s2,plastic_nut/OK/S0487/plastic_nut_0487_OK_C5_20230930162648.jpg,358.84259033203125,544.488525390625,996.728515625
random_s0,plastic_nut/OK/S0487/plastic_nut_0487_OK_C5_20230930162648.jpg,357.3880615234375,542.6810302734375,926.6513671875
random_s1,plastic_nut/OK/S0487/plastic_nut_0487_OK_C5_20230930162648.jpg,353.110595703125,541.2349853515625,926.6513671875
random_s2,plastic_nut/OK/S0487/plastic_nut_0487_OK_C5_20230930162648.jpg,357.7909240722656,545.0820922851562,926.6513671875
odd_s0,plastic_nut/OK/S0492/plastic_nut_0492_OK_C1_20230930162755.jpg,349.8741455078125,566.1002197265625,984.5361328125
odd_s1,plastic_nut/OK/S0492/plastic_nut_0492_OK_C1_20230930162755.jpg,347.73394775390625,556.0835571289062,942.692138671875
odd_s2,plastic_nut/OK/S0492/plastic_nut_0492_OK_C1_20230930162755.jpg,349.9824523925781,553.5551147460938,984.5361328125
balanced_s0,plastic_nut/OK/S0492/plastic_nut_0492_OK_C1_20230930162755.jpg,349.7841796875,550.6484985351562,973.421630859375
balanced_s1,plastic_nut/OK/S0492/plastic_nut_0492_OK_C1_20230930162755.jpg,348.14544677734375,550.8321533203125,968.15380859375
balanced_s2,plastic_nut/OK/S0492/plastic_nut_0492_OK_C1_20230930162755.jpg,346.69110107421875,552.63720703125,993.80908203125
random_s0,plastic_nut/OK/S0492/plastic_nut_0492_OK_C1_20230930162755.jpg,354.3636474609375,562.2986450195312,1065.08056640625
random_s1,plastic_nut/OK/S0492/plastic_nut_0492_OK_C1_20230930162755.jpg,346.1797790527344,557.99365234375,1065.275390625
random_s2,plastic_nut/OK/S0492/plastic_nut_0492_OK_C1_20230930162755.jpg,348.0787658691406,551.45166015625,1065.08056640625
odd_s0,plastic_nut/OK/S0492/plastic_nut_0492_OK_C2_20230930162755.jpg,361.45367431640625,557.0601806640625,1024.40673828125
odd_s1,plastic_nut/OK/S0492/plastic_nut_0492_OK_C2_20230930162755.jpg,355.732666015625,560.2669677734375,1024.40673828125
odd_s2,plastic_nut/OK/S0492/plastic_nut_0492_OK_C2_20230930162755.jpg,353.27191162109375,551.0146484375,942.68310546875
balanced_s0,plastic_nut/OK/S0492/plastic_nut_0492_OK_C2_20230930162755.jpg,353.0152587890625,553.704833984375,872.77978515625
balanced_s1,plastic_nut/OK/S0492/plastic_nut_0492_OK_C2_20230930162755.jpg,353.9504699707031,547.7310791015625,885.03125
balanced_s2,plastic_nut/OK/S0492/plastic_nut_0492_OK_C2_20230930162755.jpg,363.37908935546875,562.2032470703125,1032.2783203125
random_s0,plastic_nut/OK/S0492/plastic_nut_0492_OK_C2_20230930162755.jpg,359.51776123046875,558.5372314453125,1064.8427734375
random_s1,plastic_nut/OK/S0492/plastic_nut_0492_OK_C2_20230930162755.jpg,360.1180419921875,554.8692626953125,1057.793212890625
random_s2,plastic_nut/OK/S0492/plastic_nut_0492_OK_C2_20230930162755.jpg,364.6173095703125,565.14013671875,995.890625
odd_s0,plastic_nut/OK/S0492/plastic_nut_0492_OK_C3_20230930162755.jpg,356.85064697265625,579.2720947265625,841.4033203125
odd_s1,plastic_nut/OK/S0492/plastic_nut_0492_OK_C3_20230930162755.jpg,345.7012023925781,567.3309326171875,799.73681640625
odd_s2,plastic_nut/OK/S0492/plastic_nut_0492_OK_C3_20230930162755.jpg,355.43292236328125,569.1488647460938,851.29296875
balanced_s0,plastic_nut/OK/S0492/plastic_nut_0492_OK_C3_20230930162755.jpg,351.3399658203125,566.1734008789062,881.71533203125
balanced_s1,plastic_nut/OK/S0492/plastic_nut_0492_OK_C3_20230930162755.jpg,346.3587341308594,562.8872680664062,800.65869140625
balanced_s2,plastic_nut/OK/S0492/plastic_nut_0492_OK_C3_20230930162755.jpg,355.94451904296875,564.5809326171875,833.131591796875
random_s0,plastic_nut/OK/S0492/plastic_nut_0492_OK_C3_20230930162755.jpg,351.8084716796875,569.6890869140625,813.1767578125
random_s1,plastic_nut/OK/S0492/plastic_nut_0492_OK_C3_20230930162755.jpg,355.4086608886719,564.8981323242188,912.98681640625
random_s2,plastic_nut/OK/S0492/plastic_nut_0492_OK_C3_20230930162755.jpg,357.4912109375,567.8524780273438,852.171142578125
odd_s0,plastic_nut/OK/S0492/plastic_nut_0492_OK_C4_20230930162755.jpg,350.90191650390625,540.8134765625,961.47314453125
odd_s1,plastic_nut/OK/S0492/plastic_nut_0492_OK_C4_20230930162755.jpg,344.479736328125,530.5966796875,771.85302734375
odd_s2,plastic_nut/OK/S0492/plastic_nut_0492_OK_C4_20230930162755.jpg,346.7139892578125,535.0326538085938,815.3349609375
balanced_s0,plastic_nut/OK/S0492/plastic_nut_0492_OK_C4_20230930162755.jpg,345.6039123535156,535.4567260742188,783.380859375
balanced_s1,plastic_nut/OK/S0492/plastic_nut_0492_OK_C4_20230930162755.jpg,346.341552734375,531.5465698242188,760.90673828125
balanced_s2,plastic_nut/OK/S0492/plastic_nut_0492_OK_C4_20230930162755.jpg,352.89752197265625,543.1882934570312,771.0341796875
random_s0,plastic_nut/OK/S0492/plastic_nut_0492_OK_C4_20230930162755.jpg,356.246337890625,541.63134765625,870.74560546875
random_s1,plastic_nut/OK/S0492/plastic_nut_0492_OK_C4_20230930162755.jpg,354.38946533203125,549.8489990234375,814.05859375
random_s2,plastic_nut/OK/S0492/plastic_nut_0492_OK_C4_20230930162755.jpg,347.5242919921875,530.790283203125,744.55517578125
odd_s0,plastic_nut/OK/S0492/plastic_nut_0492_OK_C5_20230930162755.jpg,350.43341064453125,538.0577392578125,828.36279296875
odd_s1,plastic_nut/OK/S0492/plastic_nut_0492_OK_C5_20230930162755.jpg,339.5152893066406,529.14111328125,1108.37890625
odd_s2,plastic_nut/OK/S0492/plastic_nut_0492_OK_C5_20230930162755.jpg,351.45355224609375,535.6146240234375,1109.50390625
balanced_s0,plastic_nut/OK/S0492/plastic_nut_0492_OK_C5_20230930162755.jpg,344.03997802734375,530.8928833007812,974.8408203125
balanced_s1,plastic_nut/OK/S0492/plastic_nut_0492_OK_C5_20230930162755.jpg,344.3376159667969,536.6556396484375,1015.4208984375
balanced_s2,plastic_nut/OK/S0492/plastic_nut_0492_OK_C5_20230930162755.jpg,347.71966552734375,526.745361328125,894.13232421875
random_s0,plastic_nut/OK/S0492/plastic_nut_0492_OK_C5_20230930162755.jpg,347.3955078125,539.814453125,1133.536865234375
random_s1,plastic_nut/OK/S0492/plastic_nut_0492_OK_C5_20230930162755.jpg,345.64898681640625,535.0109252929688,1207.7646484375
random_s2,plastic_nut/OK/S0492/plastic_nut_0492_OK_C5_20230930162755.jpg,346.3102111816406,533.9595947265625,1048.9208984375
odd_s0,plastic_nut/OK/S0500/plastic_nut_0500_OK_C1_20230930163009.jpg,369.17413330078125,590.5107421875,1621.97265625
odd_s1,plastic_nut/OK/S0500/plastic_nut_0500_OK_C1_20230930163009.jpg,367.58868408203125,578.6822509765625,1621.97265625
odd_s2,plastic_nut/OK/S0500/plastic_nut_0500_OK_C1_20230930163009.jpg,368.925048828125,578.3594970703125,1621.97265625
balanced_s0,plastic_nut/OK/S0500/plastic_nut_0500_OK_C1_20230930163009.jpg,372.3267822265625,576.9903564453125,968.13818359375
balanced_s1,plastic_nut/OK/S0500/plastic_nut_0500_OK_C1_20230930163009.jpg,366.7128601074219,568.1928100585938,1059.608642578125
balanced_s2,plastic_nut/OK/S0500/plastic_nut_0500_OK_C1_20230930163009.jpg,366.7419738769531,574.1168212890625,928.96044921875
random_s0,plastic_nut/OK/S0500/plastic_nut_0500_OK_C1_20230930163009.jpg,373.85430908203125,581.953857421875,1022.58642578125
random_s1,plastic_nut/OK/S0500/plastic_nut_0500_OK_C1_20230930163009.jpg,365.27618408203125,572.7047119140625,835.837890625
random_s2,plastic_nut/OK/S0500/plastic_nut_0500_OK_C1_20230930163009.jpg,367.2127685546875,564.4646606445312,1153.216064453125
odd_s0,plastic_nut/OK/S0500/plastic_nut_0500_OK_C2_20230930163009.jpg,361.9948425292969,554.659423828125,803.14501953125
odd_s1,plastic_nut/OK/S0500/plastic_nut_0500_OK_C2_20230930163009.jpg,358.29290771484375,559.5802612304688,985.883056640625
odd_s2,plastic_nut/OK/S0500/plastic_nut_0500_OK_C2_20230930163009.jpg,357.7915954589844,556.3468627929688,806.87451171875
balanced_s0,plastic_nut/OK/S0500/plastic_nut_0500_OK_C2_20230930163009.jpg,356.34429931640625,552.0728759765625,925.95458984375
balanced_s1,plastic_nut/OK/S0500/plastic_nut_0500_OK_C2_20230930163009.jpg,356.379638671875,551.702880859375,894.167236328125
balanced_s2,plastic_nut/OK/S0500/plastic_nut_0500_OK_C2_20230930163009.jpg,360.5641174316406,559.6512451171875,834.703369140625
random_s0,plastic_nut/OK/S0500/plastic_nut_0500_OK_C2_20230930163009.jpg,360.45147705078125,556.7672119140625,908.6201171875
random_s1,plastic_nut/OK/S0500/plastic_nut_0500_OK_C2_20230930163009.jpg,361.75927734375,558.6819458007812,884.20947265625
random_s2,plastic_nut/OK/S0500/plastic_nut_0500_OK_C2_20230930163009.jpg,362.3359375,558.7886352539062,857.254150390625
odd_s0,plastic_nut/OK/S0500/plastic_nut_0500_OK_C3_20230930163009.jpg,360.2119140625,577.7741088867188,1238.6279296875
odd_s1,plastic_nut/OK/S0500/plastic_nut_0500_OK_C3_20230930163009.jpg,351.4923095703125,565.088623046875,1197.6796875
odd_s2,plastic_nut/OK/S0500/plastic_nut_0500_OK_C3_20230930163009.jpg,361.65625,583.3165893554688,1200.9853515625
balanced_s0,plastic_nut/OK/S0500/plastic_nut_0500_OK_C3_20230930163009.jpg,352.5775146484375,562.2333984375,928.865478515625
balanced_s1,plastic_nut/OK/S0500/plastic_nut_0500_OK_C3_20230930163009.jpg,352.3906555175781,571.9314575195312,948.374755859375
balanced_s2,plastic_nut/OK/S0500/plastic_nut_0500_OK_C3_20230930163009.jpg,358.2860107421875,573.5130615234375,896.547607421875
random_s0,plastic_nut/OK/S0500/plastic_nut_0500_OK_C3_20230930163009.jpg,356.0769348144531,569.10302734375,842.02978515625
random_s1,plastic_nut/OK/S0500/plastic_nut_0500_OK_C3_20230930163009.jpg,357.9344177246094,575.6080322265625,894.725341796875
random_s2,plastic_nut/OK/S0500/plastic_nut_0500_OK_C3_20230930163009.jpg,360.650634765625,576.7919921875,881.80224609375
odd_s0,plastic_nut/OK/S0500/plastic_nut_0500_OK_C4_20230930163009.jpg,367.78460693359375,570.363037109375,814.46875
odd_s1,plastic_nut/OK/S0500/plastic_nut_0500_OK_C4_20230930163009.jpg,358.1216125488281,560.2106323242188,855.27392578125
odd_s2,plastic_nut/OK/S0500/plastic_nut_0500_OK_C4_20230930163009.jpg,364.29864501953125,557.8499755859375,858.897216796875
balanced_s0,plastic_nut/OK/S0500/plastic_nut_0500_OK_C4_20230930163009.jpg,362.67779541015625,569.6243286132812,927.2119140625
balanced_s1,plastic_nut/OK/S0500/plastic_nut_0500_OK_C4_20230930163009.jpg,362.57763671875,563.95703125,819.8056640625
balanced_s2,plastic_nut/OK/S0500/plastic_nut_0500_OK_C4_20230930163009.jpg,372.61474609375,570.2509765625,944.26806640625
random_s0,plastic_nut/OK/S0500/plastic_nut_0500_OK_C4_20230930163009.jpg,370.5523681640625,567.9481811523438,832.310546875
random_s1,plastic_nut/OK/S0500/plastic_nut_0500_OK_C4_20230930163009.jpg,370.27044677734375,575.2603759765625,800.868896484375
random_s2,plastic_nut/OK/S0500/plastic_nut_0500_OK_C4_20230930163009.jpg,366.49951171875,562.1976928710938,1055.20068359375
odd_s0,plastic_nut/OK/S0500/plastic_nut_0500_OK_C5_20230930163009.jpg,364.99029541015625,550.2833251953125,1133.379150390625
odd_s1,plastic_nut/OK/S0500/plastic_nut_0500_OK_C5_20230930163009.jpg,353.21966552734375,547.5738525390625,1160.224853515625
odd_s2,plastic_nut/OK/S0500/plastic_nut_0500_OK_C5_20230930163009.jpg,362.2460021972656,546.7774658203125,1136.57080078125
balanced_s0,plastic_nut/OK/S0500/plastic_nut_0500_OK_C5_20230930163009.jpg,360.76104736328125,548.13232421875,734.30615234375
balanced_s1,plastic_nut/OK/S0500/plastic_nut_0500_OK_C5_20230930163009.jpg,364.7577209472656,553.397216796875,913.28759765625
balanced_s2,plastic_nut/OK/S0500/plastic_nut_0500_OK_C5_20230930163009.jpg,361.99761962890625,544.3991088867188,764.421142578125
random_s0,plastic_nut/OK/S0500/plastic_nut_0500_OK_C5_20230930163009.jpg,363.3834228515625,549.2229614257812,855.7490234375
random_s1,plastic_nut/OK/S0500/plastic_nut_0500_OK_C5_20230930163009.jpg,358.6766357421875,554.863525390625,840.059814453125
random_s2,plastic_nut/OK/S0500/plastic_nut_0500_OK_C5_20230930163009.jpg,362.0276184082031,547.3443603515625,805.85595703125
