category,path,group_key,camera,research_role,anomaly_class,odd_s0,odd_s1,odd_s2,balanced_s0,balanced_s1,balanced_s2,random_s0,random_s1,random_s2
plastic_nut,plastic_nut/OK/S0016/plastic_nut_0016_OK_C1_20230930122513.jpg,plastic_nut::plastic_nut_0016_OK,1,source_calibration,OK,950.78662109375,950.78662109375,950.78662109375,993.993896484375,964.786865234375,955.69384765625,955.206298828125,912.01123046875,962.3291015625
plastic_nut,plastic_nut/OK/S0016/plastic_nut_0016_OK_C2_20230930122513.jpg,plastic_nut::plastic_nut_0016_OK,2,source_calibration,OK,1327.015625,1271.16357421875,1315.0205078125,812.400634765625,822.371826171875,963.0546875,819.93359375,820.57958984375,820.57958984375
plastic_nut,plastic_nut/OK/S0016/plastic_nut_0016_OK_C3_20230930122513.jpg,plastic_nut::plastic_nut_0016_OK,3,source_calibration,OK,791.916259765625,791.6259765625,828.818359375,846.5341796875,837.060302734375,873.7880859375,937.8095703125,887.531982421875,854.468505859375
plastic_nut,plastic_nut/OK/S0016/plastic_nut_0016_OK_C4_20230930122513.jpg,plastic_nut::plastic_nut_0016_OK,4,source_calibration,OK,1189.31005859375,1155.5654296875,1188.715087890625,833.30322265625,780.572265625,853.773681640625,929.124267578125,865.6220703125,743.72265625
plastic_nut,plastic_nut/OK/S0016/plastic_nut_0016_OK_C5_20230930122513.jpg,plastic_nut::plastic_nut_0016_OK,5,source_calibration,OK,897.81884765625,897.81884765625,968.24560546875,897.81884765625,930.0029296875,897.81884765625,823.7783203125,820.630859375,836.319580078125
plastic_nut,plastic_nut/OK/S0028/plastic_nut_0028_OK_C1_20230930124338.jpg,plastic_nut::plastic_nut_0028_OK,1,source_calibration,OK,888.25390625,1020.429931640625,962.90673828125,1007.12646484375,1044.843017578125,1007.12646484375,951.548583984375,862.81591796875,935.03369140625
plastic_nut,plastic_nut/OK/S0028/plastic_nut_0028_OK_C2_20230930124338.jpg,plastic_nut::plastic_nut_0028_OK,2,source_calibration,OK,750.49169921875,762.54150390625,810.89453125,992.34619140625,803.375244140625,779.013671875,778.845703125,831.22314453125,820.150390625
plastic_nut,plastic_nut/OK/S0028/plastic_nut_0028_OK_C3_20230930124338.jpg,plastic_nut::plastic_nut_0028_OK,3,source_calibration,OK,767.86474609375,858.859619140625,840.951171875,893.455078125,837.7333984375,908.734375,771.460693359375,791.978515625,748.328857421875
plastic_nut,plastic_nut/OK/S0028/plastic_nut_0028_OK_C4_20230930124338.jpg,plastic_nut::plastic_nut_0028_OK,4,source_calibration,OK,1027.75537109375,907.01318359375,1088.5009765625,937.19677734375,984.1689453125,884.201171875,898.8798828125,877.838134765625,1023.5009765625
plastic_nut,plastic_nut/OK/S0028/plastic_nut_0028_OK_C5_20230930124338.jpg,plastic_nut::plastic_nut_0028_OK,5,source_calibration,OK,905.60009765625,894.3427734375,910.04443359375,830.19384765625,810.043212890625,704.708984375,929.310791015625,813.13232421875,824.440185546875
plastic_nut,plastic_nut/OK/S0030/plastic_nut_0030_OK_C1_20230930124407.jpg,plastic_nut::plastic_nut_0030_OK,1,source_calibration,OK,881.8828125,960.83154296875,1073.683837890625,898.9814453125,906.789306640625,898.9814453125,1005.107177734375,964.45654296875,991.203125
plastic_nut,plastic_nut/OK/S0030/plastic_nut_0030_OK_C2_20230930124407.jpg,plastic_nut::plastic_nut_0030_OK,2,source_calibration,OK,1167.2607421875,1105.857421875,1174.458984375,851.4013671875,834.57666015625,964.204345703125,794.232421875,760.303466796875,870.10498046875
plastic_nut,plastic_nut/OK/S0030/plastic_nut_0030_OK_C3_20230930124407.jpg,plastic_nut::plastic_nut_0030_OK,3,source_calibration,OK,739.316162109375,900.83203125,752.8837890625,833.69091796875,743.2509765625,848.2060546875,762.501708984375,744.00439453125,740.550048828125
plastic_nut,plastic_nut/OK/S0030/plastic_nut_0030_OK_C4_20230930124407.jpg,plastic_nut::plastic_nut_0030_OK,4,source_calibration,OK,873.56298828125,935.54541015625,885.5244140625,879.4013671875,914.684326171875,834.3046875,961.57470703125,808.3115234375,928.6357421875
plastic_nut,plastic_nut/OK/S0030/plastic_nut_0030_OK_C5_20230930124407.jpg,plastic_nut::plastic_nut_0030_OK,5,source_calibration,OK,869.354736328125,797.80078125,941.8642578125,1040.57666015625,1088.368896484375,1088.368896484375,783.745849609375,816.961669921875,898.794921875
plastic_nut,plastic_nut/OK/S0050/plastic_nut_0050_OK_C1_20230930125908.jpg,plastic_nut::plastic_nut_0050_OK,1,source_calibration,OK,1064.642822265625,1039.616455078125,1039.616455078125,955.56640625,900.2890625,884.31103515625,863.95263671875,863.95263671875,909.248046875
plastic_nut,plastic_nut/OK/S0050/plastic_nut_0050_OK_C2_20230930125908.jpg,plastic_nut::plastic_nut_0050_OK,2,source_calibration,OK,1629.67626953125,1639.28173828125,1653.13623046875,857.1953125,873.65283203125,901.4716796875,1017.334716796875,1017.334716796875,1017.334716796875
plastic_nut,plastic_nut/OK/S0050/plastic_nut_0050_OK_C3_20230930125908.jpg,plastic_nut::plastic_nut_0050_OK,3,source_calibration,OK,823.50537109375,894.49951171875,883.97265625,878.596923828125,769.76171875,809.840576171875,853.514892578125,826.980712890625,750.014404296875
plastic_nut,plastic_nut/OK/S0050/plastic_nut_0050_OK_C4_20230930125908.jpg,plastic_nut::plastic_nut_0050_OK,4,source_calibration,OK,851.5859375,906.0751953125,1118.4609375,865.779296875,784.771728515625,984.52880859375,962.02197265625,833.6767578125,908.3310546875
plastic_nut,plastic_nut/OK/S0050/plastic_nut_0050_OK_C5_20230930125908.jpg,plastic_nut::plastic_nut_0050_OK,5,source_calibration,OK,813.01904296875,804.81982421875,874.67041015625,693.03125,813.01904296875,720.18115234375,763.30224609375,853.70166015625,865.603759765625
plastic_nut,plastic_nut/OK/S0067/plastic_nut_0067_OK_C1_20230930131049.jpg,plastic_nut::plastic_nut_0067_OK,1,source_calibration,OK,776.811279296875,886.53662109375,960.23291015625,921.51904296875,1035.0830078125,921.51904296875,911.393310546875,911.393310546875,911.393310546875
plastic_nut,plastic_nut/OK/S0067/plastic_nut_0067_OK_C2_20230930131049.jpg,plastic_nut::plastic_nut_0067_OK,2,source_calibration,OK,1434.668701171875,1394.20556640625,1427.42724609375,824.499267578125,767.03662109375,753.716796875,769.11767578125,769.05029296875,753.946044921875
plastic_nut,plastic_nut/OK/S0067/plastic_nut_0067_OK_C3_20230930131049.jpg,plastic_nut::plastic_nut_0067_OK,3,source_calibration,OK,816.755859375,890.04248046875,841.2861328125,800.149658203125,764.33984375,782.53955078125,697.640380859375,796.821533203125,744.470703125
plastic_nut,plastic_nut/OK/S0067/plastic_nut_0067_OK_C4_20230930131049.jpg,plastic_nut::plastic_nut_0067_OK,4,source_calibration,OK,809.67919921875,979.68603515625,984.02734375,1126.80419921875,867.20166015625,964.27490234375,819.397705078125,792.978271484375,746.5302734375
plastic_nut,plastic_nut/OK/S0067/plastic_nut_0067_OK_C5_20230930131049.jpg,plastic_nut::plastic_nut_0067_OK,5,source_calibration,OK,863.6552734375,915.53173828125,863.6552734375,863.42724609375,863.42724609375,922.865234375,731.877685546875,750.078125,894.27197265625
plastic_nut,plastic_nut/OK/S0068/plastic_nut_0068_OK_C1_20230930131103.jpg,plastic_nut::plastic_nut_0068_OK,1,source_calibration,OK,806.052734375,860.73876953125,899.452392578125,814.501953125,814.501953125,814.501953125,830.143310546875,870.0087890625,815.071533203125
plastic_nut,plastic_nut/OK/S0068/plastic_nut_0068_OK_C2_20230930131103.jpg,plastic_nut::plastic_nut_0068_OK,2,source_calibration,OK,1425.04052734375,1382.3330078125,1411.77783203125,1059.5986328125,980.077880859375,1003.3046875,878.71435546875,878.71435546875,878.71435546875
plastic_nut,plastic_nut/OK/S0068/plastic_nut_0068_OK_C3_20230930131103.jpg,plastic_nut::plastic_nut_0068_OK,3,source_calibration,OK,772.588134765625,898.80126953125,803.38037109375,801.57763671875,773.111083984375,802.7978515625,757.932861328125,821.30078125,892.468505859375
plastic_nut,plastic_nut/OK/S0068/plastic_nut_0068_OK_C4_20230930131103.jpg,plastic_nut::plastic_nut_0068_OK,4,source_calibration,OK,835.830810546875,919.07763671875,835.830810546875,885.037109375,787.68896484375,829.89208984375,836.6044921875,852.36181640625,782.25537109375
plastic_nut,plastic_nut/OK/S0068/plastic_nut_0068_OK_C5_20230930131103.jpg,plastic_nut::plastic_nut_0068_OK,5,source_calibration,OK,776.47802734375,829.17041015625,756.15966796875,804.7783203125,786.024169921875,737.18310546875,716.484375,761.950927734375,730.64599609375
plastic_nut,plastic_nut/OK/S0076/plastic_nut_0076_OK_C1_20230930131339.jpg,plastic_nut::plastic_nut_0076_OK,1,source_calibration,OK,747.23681640625,875.754638671875,875.754638671875,783.405517578125,863.92138671875,805.7109375,853.68896484375,781.115234375,781.49755859375
plastic_nut,plastic_nut/OK/S0076/plastic_nut_0076_OK_C2_20230930131339.jpg,plastic_nut::plastic_nut_0076_OK,2,source_calibration,OK,1226.776611328125,1164.974609375,1226.51318359375,894.35888671875,807.496826171875,774.489990234375,799.292724609375,824.2568359375,851.080322265625
plastic_nut,plastic_nut/OK/S0076/plastic_nut_0076_OK_C3_20230930131339.jpg,plastic_nut::plastic_nut_0076_OK,3,source_calibration,OK,1089.26025390625,914.0771484375,974.05615234375,844.93798828125,752.724609375,736.751953125,764.64208984375,809.6611328125,764.64208984375
plastic_nut,plastic_nut/OK/S0076/plastic_nut_0076_OK_C4_20230930131339.jpg,plastic_nut::plastic_nut_0076_OK,4,source_calibration,OK,965.589599609375,1113.7255859375,1090.91064453125,1190.4609375,938.623046875,1087.78125,1164.22509765625,989.8193359375,1283.533203125
plastic_nut,plastic_nut/OK/S0076/plastic_nut_0076_OK_C5_20230930131339.jpg,plastic_nut::plastic_nut_0076_OK,5,source_calibration,OK,944.60400390625,907.8408203125,931.12255859375,836.0302734375,837.5986328125,855.45458984375,712.7900390625,773.14306640625,704.454833984375
plastic_nut,plastic_nut/OK/S0091/plastic_nut_0091_OK_C1_20230930132107.jpg,plastic_nut::plastic_nut_0091_OK,1,source_calibration,OK,910.233642578125,935.716796875,935.716796875,807.7900390625,797.22509765625,784.80322265625,938.837646484375,927.427734375,815.709228515625
plastic_nut,plastic_nut/OK/S0091/plastic_nut_0091_OK_C2_20230930132107.jpg,plastic_nut::plastic_nut_0091_OK,2,source_calibration,OK,1010.150390625,955.4501953125,1037.37255859375,796.96337890625,740.06103515625,717.845703125,732.11865234375,724.80078125,856.705322265625
plastic_nut,plastic_nut/OK/S0091/plastic_nut_0091_OK_C3_20230930132107.jpg,plastic_nut::plastic_nut_0091_OK,3,source_calibration,OK,727.601318359375,846.548828125,862.1025390625,896.810791015625,896.810791015625,768.89208984375,792.04443359375,798.48486328125,803.940673828125
plastic_nut,plastic_nut/OK/S0091/plastic_nut_0091_OK_C4_20230930132107.jpg,plastic_nut::plastic_nut_0091_OK,4,source_calibration,OK,850.20458984375,902.523681640625,856.90478515625,845.403564453125,850.8642578125,868.6337890625,779.820556640625,766.1708984375,755.341064453125
plastic_nut,plastic_nut/OK/S0091/plastic_nut_0091_OK_C5_20230930132107.jpg,plastic_nut::plastic_nut_0091_OK,5,source_calibration,OK,753.942626953125,826.77783203125,871.69775390625,768.40966796875,798.289306640625,777.063232421875,781.70166015625,791.332275390625,777.8134765625
plastic_nut,plastic_nut/OK/S0094/plastic_nut_0094_OK_C1_20230930132250.jpg,plastic_nut::plastic_nut_0094_OK,1,source_calibration,OK,860.60205078125,860.60205078125,867.1298828125,1147.028076171875,790.414306640625,1147.028076171875,956.541748046875,956.541748046875,956.541748046875
plastic_nut,plastic_nut/OK/S0094/plastic_nut_0094_OK_C2_20230930132250.jpg,plastic_nut::plastic_nut_0094_OK,2,source_calibration,OK,974.02099609375,919.7880859375,1013.5439453125,823.702392578125,877.356689453125,839.40234375,850.84619140625,742.6630859375,786.12841796875
plastic_nut,plastic_nut/OK/S0094/plastic_nut_0094_OK_C3_20230930132250.jpg,plastic_nut::plastic_nut_0094_OK,3,source_calibration,OK,757.310546875,850.185546875,816.1884765625,751.008544921875,812.484130859375,760.785888671875,804.94140625,734.6376953125,850.972900390625
plastic_nut,plastic_nut/OK/S0094/plastic_nut_0094_OK_C4_20230930132250.jpg,plastic_nut::plastic_nut_0094_OK,4,source_calibration,OK,803.7744140625,810.09130859375,803.0888671875,787.9072265625,810.39697265625,737.918212890625,913.370361328125,776.907470703125,763.29931640625
plastic_nut,plastic_nut/OK/S0094/plastic_nut_0094_OK_C5_20230930132250.jpg,plastic_nut::plastic_nut_0094_OK,5,source_calibration,OK,972.29150390625,941.05029296875,963.1357421875,801.79541015625,796.41162109375,797.04638671875,789.881103515625,739.840576171875,808.083740234375
plastic_nut,plastic_nut/OK/S0107/plastic_nut_0107_OK_C1_20230930132941.jpg,plastic_nut::plastic_nut_0107_OK,1,source_calibration,OK,818.18212890625,924.5068359375,924.5068359375,772.989013671875,893.893310546875,798.00146484375,893.893310546875,860.397705078125,893.893310546875
plastic_nut,plastic_nut/OK/S0107/plastic_nut_0107_OK_C2_20230930132941.jpg,plastic_nut::plastic_nut_0107_OK,2,source_calibration,OK,953.8232421875,947.863037109375,993.490234375,1017.785888671875,947.863037109375,947.863037109375,967.35986328125,1061.412109375,918.13330078125
plastic_nut,plastic_nut/OK/S0107/plastic_nut_0107_OK_C3_20230930132941.jpg,plastic_nut::plastic_nut_0107_OK,3,source_calibration,OK,770.13671875,801.89453125,796.4345703125,818.92041015625,743.55126953125,913.75634765625,710.04736328125,746.251953125,781.574462890625
plastic_nut,plastic_nut/OK/S0107/plastic_nut_0107_OK_C4_20230930132941.jpg,plastic_nut::plastic_nut_0107_OK,4,source_calibration,OK,808.314453125,762.80322265625,821.5224609375,897.59375,730.8916015625,726.181640625,920.34765625,788.806396484375,745.426513671875
plastic_nut,plastic_nut/OK/S0107/plastic_nut_0107_OK_C5_20230930132941.jpg,plastic_nut::plastic_nut_0107_OK,5,source_calibration,OK,756.22705078125,830.166015625,900.51123046875,734.281982421875,729.37451171875,746.489501953125,783.3701171875,777.5615234375,783.3701171875
plastic_nut,plastic_nut/OK/S0108/plastic_nut_0108_OK_C1_20230930133007.jpg,plastic_nut::plastic_nut_0108_OK,1,source_calibration,OK,1155.186279296875,1155.186279296875,1155.186279296875,851.48291015625,923.45361328125,851.48291015625,842.24169921875,802.22802734375,842.24169921875
plastic_nut,plastic_nut/OK/S0108/plastic_nut_0108_OK_C2_20230930133007.jpg,plastic_nut::plastic_nut_0108_OK,2,source_calibration,OK,954.060546875,902.5966796875,1010.01953125,757.232421875,754.652587890625,716.13671875,801.718505859375,740.168212890625,738.113037109375
plastic_nut,plastic_nut/OK/S0108/plastic_nut_0108_OK_C3_20230930133007.jpg,plastic_nut::plastic_nut_0108_OK,3,source_calibration,OK,1183.22021484375,1154.91796875,1222.570556640625,875.351318359375,795.041015625,795.57666015625,872.423095703125,760.87255859375,885.378662109375
plastic_nut,plastic_nut/OK/S0108/plastic_nut_0108_OK_C4_20230930133007.jpg,plastic_nut::plastic_nut_0108_OK,4,source_calibration,OK,815.742431640625,876.83154296875,799.49560546875,754.583984375,839.9990234375,754.136962890625,785.006103515625,753.5927734375,873.4814453125
plastic_nut,plastic_nut/OK/S0108/plastic_nut_0108_OK_C5_20230930133007.jpg,plastic_nut::plastic_nut_0108_OK,5,source_calibration,OK,983.87744140625,936.34130859375,972.44482421875,830.0146484375,833.15283203125,823.739501953125,772.821044921875,777.08544921875,733.984130859375
plastic_nut,plastic_nut/OK/S0120/plastic_nut_0120_OK_C1_20230930133553.jpg,plastic_nut::plastic_nut_0120_OK,1,source_calibration,OK,1150.6201171875,1197.5419921875,1089.70849609375,1024.50634765625,1024.50634765625,1066.57666015625,1121.87451171875,1185.77880859375,1121.87451171875
plastic_nut,plastic_nut/OK/S0120/plastic_nut_0120_OK_C2_20230930133553.jpg,plastic_nut::plastic_nut_0120_OK,2,source_calibration,OK,1028.589111328125,1093.1640625,1080.17041015625,1072.35693359375,1089.058837890625,1090.523193359375,1060.20166015625,1134.0361328125,1060.20166015625
plastic_nut,plastic_nut/OK/S0120/plastic_nut_0120_OK_C3_20230930133553.jpg,plastic_nut::plastic_nut_0120_OK,3,source_calibration,OK,721.30859375,879.9482421875,828.744140625,767.048828125,811.836669921875,709.05517578125,761.286865234375,731.1904296875,751.555419921875
plastic_nut,plastic_nut/OK/S0120/plastic_nut_0120_OK_C4_20230930133553.jpg,plastic_nut::plastic_nut_0120_OK,4,source_calibration,OK,1237.253662109375,1317.76318359375,1317.76318359375,814.568115234375,798.105224609375,813.8427734375,1195.956787109375,1045.4052734375,1045.4052734375
plastic_nut,plastic_nut/OK/S0120/plastic_nut_0120_OK_C5_20230930133553.jpg,plastic_nut::plastic_nut_0120_OK,5,source_calibration,OK,727.825927734375,801.06884765625,827.62890625,742.70263671875,742.70263671875,749.293701171875,730.820068359375,768.22900390625,772.76220703125
plastic_nut,plastic_nut/OK/S0121/plastic_nut_0121_OK_C1_20230930133616.jpg,plastic_nut::plastic_nut_0121_OK,1,source_calibration,OK,786.994384765625,842.72998046875,858.95556640625,803.425537109375,803.425537109375,778.85302734375,823.50537109375,828.407470703125,828.407470703125
plastic_nut,plastic_nut/OK/S0121/plastic_nut_0121_OK_C2_20230930133616.jpg,plastic_nut::plastic_nut_0121_OK,2,source_calibration,OK,1381.9609375,1323.47998046875,1357.07421875,1015.751953125,973.91748046875,1124.7744140625,949.0400390625,951.021240234375,1008.35986328125
plastic_nut,plastic_nut/OK/S0121/plastic_nut_0121_OK_C3_20230930133616.jpg,plastic_nut::plastic_nut_0121_OK,3,source_calibration,OK,1035.08154296875,1014.537109375,1076.08251953125,701.319580078125,732.015869140625,864.10595703125,703.082763671875,742.995361328125,702.5859375
plastic_nut,plastic_nut/OK/S0121/plastic_nut_0121_OK_C4_20230930133616.jpg,plastic_nut::plastic_nut_0121_OK,4,source_calibration,OK,810.46875,857.361572265625,815.65380859375,996.12890625,872.80322265625,872.80322265625,792.401611328125,850.263671875,982.76318359375
plastic_nut,plastic_nut/OK/S0121/plastic_nut_0121_OK_C5_20230930133616.jpg,plastic_nut::plastic_nut_0121_OK,5,source_calibration,OK,873.416015625,869.59765625,869.59765625,956.553466796875,888.98828125,940.04931640625,1168.010986328125,788.408447265625,1012.639404296875
plastic_nut,plastic_nut/OK/S0127/plastic_nut_0127_OK_C1_20230930133902.jpg,plastic_nut::plastic_nut_0127_OK,1,source_calibration,OK,1069.38818359375,1091.13720703125,960.25146484375,1128.90966796875,1100.39501953125,1181.75244140625,904.7109375,994.09814453125,1030.75146484375
plastic_nut,plastic_nut/OK/S0127/plastic_nut_0127_OK_C2_20230930133902.jpg,plastic_nut::plastic_nut_0127_OK,2,source_calibration,OK,965.75,789.02001953125,915.787109375,853.85498046875,858.154296875,833.10205078125,969.3115234375,969.80615234375,793.971435546875
plastic_nut,plastic_nut/OK/S0127/plastic_nut_0127_OK_C3_20230930133902.jpg,plastic_nut::plastic_nut_0127_OK,3,source_calibration,OK,1241.300048828125,1204.9130859375,1259.7958984375,759.981689453125,753.4072265625,715.4345703125,879.67626953125,859.77392578125,886.802001953125
plastic_nut,plastic_nut/OK/S0127/plastic_nut_0127_OK_C4_20230930133902.jpg,plastic_nut::plastic_nut_0127_OK,4,source_calibration,OK,871.999755859375,749.31103515625,871.999755859375,745.155029296875,841.661376953125,871.9619140625,1149.20166015625,844.32861328125,871.999755859375
plastic_nut,plastic_nut/OK/S0127/plastic_nut_0127_OK_C5_20230930133902.jpg,plastic_nut::plastic_nut_0127_OK,5,source_calibration,OK,1064.92529296875,1027.64501953125,1052.8291015625,855.110107421875,751.470458984375,764.50048828125,861.526611328125,904.0322265625,964.836669921875
plastic_nut,plastic_nut/OK/S0129/plastic_nut_0129_OK_C1_20230930134002.jpg,plastic_nut::plastic_nut_0129_OK,1,source_calibration,OK,942.28173828125,905.67236328125,909.0732421875,835.289794921875,751.565673828125,905.42919921875,908.833740234375,858.2900390625,804.8232421875
plastic_nut,plastic_nut/OK/S0129/plastic_nut_0129_OK_C2_20230930134002.jpg,plastic_nut::plastic_nut_0129_OK,2,source_calibration,OK,1201.9140625,1140.790771484375,1187.6875,913.466552734375,824.646484375,902.59375,754.39501953125,754.39501953125,841.5439453125
plastic_nut,plastic_nut/OK/S0129/plastic_nut_0129_OK_C3_20230930134002.jpg,plastic_nut::plastic_nut_0129_OK,3,source_calibration,OK,850.736328125,871.2451171875,776.04541015625,820.495849609375,820.495849609375,822.928466796875,883.294677734375,883.294677734375,785.45947265625
plastic_nut,plastic_nut/OK/S0129/plastic_nut_0129_OK_C4_20230930134002.jpg,plastic_nut::plastic_nut_0129_OK,4,source_calibration,OK,956.668701171875,798.585205078125,777.5537109375,775.18896484375,873.07666015625,758.161865234375,893.895263671875,831.121337890625,893.895263671875
plastic_nut,plastic_nut/OK/S0129/plastic_nut_0129_OK_C5_20230930134002.jpg,plastic_nut::plastic_nut_0129_OK,5,source_calibration,OK,712.73486328125,775.06591796875,801.416015625,838.796875,911.806640625,763.984619140625,833.183349609375,953.635498046875,968.03466796875
plastic_nut,plastic_nut/OK/S0131/plastic_nut_0131_OK_C1_20230930134046.jpg,plastic_nut::plastic_nut_0131_OK,1,source_calibration,OK,852.78515625,858.809814453125,846.9443359375,903.30078125,836.19384765625,895.536865234375,873.41748046875,810.015380859375,887.061767578125
plastic_nut,plastic_nut/OK/S0131/plastic_nut_0131_OK_C2_20230930134046.jpg,plastic_nut::plastic_nut_0131_OK,2,source_calibration,OK,1436.3759765625,1419.394287109375,1447.8408203125,854.2822265625,886.197998046875,730.05419921875,822.5927734375,959.6845703125,827.8779296875
plastic_nut,plastic_nut/OK/S0131/plastic_nut_0131_OK_C3_20230930134046.jpg,plastic_nut::plastic_nut_0131_OK,3,source_calibration,OK,780.714111328125,839.08203125,892.28173828125,764.208984375,690.01171875,677.40234375,705.87939453125,780.16357421875,761.0791015625
plastic_nut,plastic_nut/OK/S0131/plastic_nut_0131_OK_C4_20230930134046.jpg,plastic_nut::plastic_nut_0131_OK,4,source_calibration,OK,875.01806640625,919.033203125,885.90478515625,854.52587890625,878.50439453125,854.283203125,832.25537109375,926.3876953125,942.107421875
plastic_nut,plastic_nut/OK/S0131/plastic_nut_0131_OK_C5_20230930134046.jpg,plastic_nut::plastic_nut_0131_OK,5,source_calibration,OK,759.0400390625,758.17724609375,728.92626953125,758.095703125,718.180908203125,798.0029296875,747.19482421875,754.5703125,781.9619140625
plastic_nut,plastic_nut/OK/S0133/plastic_nut_0133_OK_C1_20230930134116.jpg,plastic_nut::plastic_nut_0133_OK,1,source_calibration,OK,836.257080078125,828.63525390625,857.89501953125,956.304443359375,820.058349609375,820.058349609375,912.513671875,839.732666015625,882.300048828125
plastic_nut,plastic_nut/OK/S0133/plastic_nut_0133_OK_C2_20230930134116.jpg,plastic_nut::plastic_nut_0133_OK,2,source_calibration,OK,888.9765625,849.66796875,972.115234375,841.88037109375,859.0400390625,817.990966796875,756.969482421875,830.525146484375,808.546630859375
plastic_nut,plastic_nut/OK/S0133/plastic_nut_0133_OK_C3_20230930134116.jpg,plastic_nut::plastic_nut_0133_OK,3,source_calibration,OK,895.68505859375,895.68505859375,963.8388671875,782.01123046875,865.588134765625,797.693359375,864.150634765625,794.13818359375,791.093505859375
plastic_nut,plastic_nut/OK/S0133/plastic_nut_0133_OK_C4_20230930134116.jpg,plastic_nut::plastic_nut_0133_OK,4,source_calibration,OK,943.774169921875,1043.506591796875,953.79931640625,785.82958984375,719.707275390625,736.377197265625,839.9052734375,771.97412109375,785.82958984375
plastic_nut,plastic_nut/OK/S0133/plastic_nut_0133_OK_C5_20230930134116.jpg,plastic_nut::plastic_nut_0133_OK,5,source_calibration,OK,914.40771484375,886.994140625,902.12109375,792.6806640625,759.95361328125,761.8935546875,784.113525390625,784.113525390625,811.541259765625
plastic_nut,plastic_nut/OK/S0138/plastic_nut_0138_OK_C1_20230930134336.jpg,plastic_nut::plastic_nut_0138_OK,1,source_calibration,OK,898.98095703125,808.73095703125,818.22705078125,904.88330078125,904.88330078125,904.88330078125,837.90283203125,777.89990234375,820.75634765625
plastic_nut,plastic_nut/OK/S0138/plastic_nut_0138_OK_C2_20230930134336.jpg,plastic_nut::plastic_nut_0138_OK,2,source_calibration,OK,1158.76220703125,1099.31396484375,1171.0341796875,767.48046875,707.028564453125,814.666015625,870.169921875,757.224609375,825.006591796875
plastic_nut,plastic_nut/OK/S0138/plastic_nut_0138_OK_C3_20230930134336.jpg,plastic_nut::plastic_nut_0138_OK,3,source_calibration,OK,900.598388671875,870.52880859375,776.8212890625,847.46533203125,809.617431640625,812.923095703125,763.927978515625,785.672119140625,702.837158203125
plastic_nut,plastic_nut/OK/S0138/plastic_nut_0138_OK_C4_20230930134336.jpg,plastic_nut::plastic_nut_0138_OK,4,source_calibration,OK,929.88916015625,806.460205078125,1065.98681640625,880.07568359375,854.473876953125,858.41015625,918.32958984375,847.0791015625,740.23974609375
plastic_nut,plastic_nut/OK/S0138/plastic_nut_0138_OK_C5_20230930134336.jpg,plastic_nut::plastic_nut_0138_OK,5,source_calibration,OK,972.21728515625,840.154052734375,840.154052734375,879.193359375,869.91015625,821.78759765625,788.568115234375,839.539794921875,732.845458984375
plastic_nut,plastic_nut/OK/S0146/plastic_nut_0146_OK_C1_20230930134705.jpg,plastic_nut::plastic_nut_0146_OK,1,source_calibration,OK,867.4609375,903.1083984375,905.685791015625,813.5439453125,906.43603515625,783.9453125,868.009765625,762.015625,874.19091796875
plastic_nut,plastic_nut/OK/S0146/plastic_nut_0146_OK_C2_20230930134705.jpg,plastic_nut::plastic_nut_0146_OK,2,source_calibration,OK,1224.1416015625,1164.8125,1211.419921875,862.22265625,706.30078125,726.813720703125,732.48193359375,755.659912109375,763.0498046875
plastic_nut,plastic_nut/OK/S0146/plastic_nut_0146_OK_C3_20230930134705.jpg,plastic_nut::plastic_nut_0146_OK,3,source_calibration,OK,1109.79541015625,1082.6552734375,1140.917724609375,746.18017578125,859.455322265625,824.993408203125,906.95166015625,717.1103515625,875.514892578125
plastic_nut,plastic_nut/OK/S0146/plastic_nut_0146_OK_C4_20230930134705.jpg,plastic_nut::plastic_nut_0146_OK,4,source_calibration,OK,749.58447265625,778.484619140625,827.447265625,843.724609375,864.693359375,761.9990234375,834.27099609375,798.012451171875,833.880615234375
plastic_nut,plastic_nut/OK/S0146/plastic_nut_0146_OK_C5_20230930134705.jpg,plastic_nut::plastic_nut_0146_OK,5,source_calibration,OK,810.173828125,857.92138671875,839.48193359375,719.041748046875,712.5654296875,924.07421875,871.44775390625,921.042724609375,841.74365234375
plastic_nut,plastic_nut/OK/S0151/plastic_nut_0151_OK_C1_20230930135018.jpg,plastic_nut::plastic_nut_0151_OK,1,source_calibration,OK,907.121826171875,920.037109375,920.037109375,958.84765625,927.389404296875,958.84765625,1071.536376953125,1065.4794921875,1065.4794921875
plastic_nut,plastic_nut/OK/S0151/plastic_nut_0151_OK_C2_20230930135018.jpg,plastic_nut::plastic_nut_0151_OK,2,source_calibration,OK,1399.42724609375,1354.386962890625,1379.94091796875,840.660888671875,842.670166015625,842.670166015625,883.153076171875,893.50048828125,948.45849609375
plastic_nut,plastic_nut/OK/S0151/plastic_nut_0151_OK_C3_20230930135018.jpg,plastic_nut::plastic_nut_0151_OK,3,source_calibration,OK,714.80126953125,858.27783203125,755.3251953125,735.65869140625,747.728271484375,831.3310546875,737.689697265625,721.40234375,727.38818359375
plastic_nut,plastic_nut/OK/S0151/plastic_nut_0151_OK_C4_20230930135018.jpg,plastic_nut::plastic_nut_0151_OK,4,source_calibration,OK,745.70849609375,765.415771484375,758.8984375,749.47998046875,749.14013671875,728.2353515625,732.661376953125,732.661376953125,847.855712890625
plastic_nut,plastic_nut/OK/S0151/plastic_nut_0151_OK_C5_20230930135018.jpg,plastic_nut::plastic_nut_0151_OK,5,source_calibration,OK,689.21484375,780.31982421875,766.5576171875,644.07421875,689.21484375,710.1484375,732.900390625,748.0751953125,711.072021484375
plastic_nut,plastic_nut/OK/S0159/plastic_nut_0159_OK_C1_20230930135427.jpg,plastic_nut::plastic_nut_0159_OK,1,source_calibration,OK,897.5703125,913.12451171875,913.12451171875,963.904541015625,976.960205078125,976.960205078125,1051.860595703125,930.67529296875,1179.19677734375
plastic_nut,plastic_nut/OK/S0159/plastic_nut_0159_OK_C2_20230930135427.jpg,plastic_nut::plastic_nut_0159_OK,2,source_calibration,OK,997.3759765625,795.81689453125,997.3759765625,881.44384765625,997.3759765625,881.44384765625,930.73046875,1036.446044921875,815.43017578125
plastic_nut,plastic_nut/OK/S0159/plastic_nut_0159_OK_C3_20230930135427.jpg,plastic_nut::plastic_nut_0159_OK,3,source_calibration,OK,823.328857421875,833.23583984375,789.754638671875,829.258544921875,829.258544921875,796.96337890625,821.5859375,873.752197265625,818.8154296875
plastic_nut,plastic_nut/OK/S0159/plastic_nut_0159_OK_C4_20230930135427.jpg,plastic_nut::plastic_nut_0159_OK,4,source_calibration,OK,895.31884765625,823.853515625,792.878173828125,830.04052734375,792.508056640625,815.434326171875,1157.5888671875,865.239501953125,883.030517578125
plastic_nut,plastic_nut/OK/S0159/plastic_nut_0159_OK_C5_20230930135427.jpg,plastic_nut::plastic_nut_0159_OK,5,source_calibration,OK,905.57373046875,826.8720703125,942.22607421875,942.22607421875,1048.9287109375,1116.07470703125,922.834228515625,922.834228515625,922.834228515625
plastic_nut,plastic_nut/OK/S0164/plastic_nut_0164_OK_C1_20230930135730.jpg,plastic_nut::plastic_nut_0164_OK,1,source_calibration,OK,884.112548828125,918.55078125,918.55078125,890.251708984375,1089.61669921875,1185.091796875,876.0458984375,876.0458984375,876.0458984375
plastic_nut,plastic_nut/OK/S0164/plastic_nut_0164_OK_C2_20230930135730.jpg,plastic_nut::plastic_nut_0164_OK,2,source_calibration,OK,832.5791015625,769.80712890625,868.86376953125,773.79150390625,904.81396484375,768.36474609375,827.22900390625,769.80712890625,826.34326171875
plastic_nut,plastic_nut/OK/S0164/plastic_nut_0164_OK_C3_20230930135730.jpg,plastic_nut::plastic_nut_0164_OK,3,source_calibration,OK,755.314453125,862.099609375,774.453125,710.90478515625,846.37109375,761.07861328125,796.67724609375,739.937255859375,739.937255859375
plastic_nut,plastic_nut/OK/S0164/plastic_nut_0164_OK_C4_20230930135730.jpg,plastic_nut::plastic_nut_0164_OK,4,source_calibration,OK,958.9111328125,846.7109375,1068.380615234375,879.860595703125,761.513916015625,875.6103515625,950.79052734375,950.79052734375,937.499267578125
plastic_nut,plastic_nut/OK/S0164/plastic_nut_0164_OK_C5_20230930135730.jpg,plastic_nut::plastic_nut_0164_OK,5,source_calibration,OK,847.874755859375,894.197265625,778.3486328125,1051.8046875,997.31103515625,1089.6083984375,856.294921875,756.404052734375,756.404052734375
plastic_nut,plastic_nut/OK/S0170/plastic_nut_0170_OK_C1_20230930135947.jpg,plastic_nut::plastic_nut_0170_OK,1,source_calibration,OK,880.71337890625,892.4990234375,901.043212890625,913.908935546875,992.262939453125,863.161865234375,829.47216796875,784.189208984375,784.189208984375
plastic_nut,plastic_nut/OK/S0170/plastic_nut_0170_OK_C2_20230930135947.jpg,plastic_nut::plastic_nut_0170_OK,2,source_calibration,OK,1045.5712890625,999.31005859375,1081.97412109375,788.09130859375,695.1650390625,767.26220703125,786.771484375,792.93994140625,773.603271484375
plastic_nut,plastic_nut/OK/S0170/plastic_nut_0170_OK_C3_20230930135947.jpg,plastic_nut::plastic_nut_0170_OK,3,source_calibration,OK,915.22998046875,1058.068603515625,900.3408203125,1052.44189453125,761.5927734375,769.073974609375,845.67626953125,816.39404296875,845.67626953125
plastic_nut,plastic_nut/OK/S0170/plastic_nut_0170_OK_C4_20230930135947.jpg,plastic_nut::plastic_nut_0170_OK,4,source_calibration,OK,811.80419921875,928.59521484375,811.38916015625,855.83935546875,893.13720703125,780.02734375,876.486083984375,888.5341796875,796.9365234375
plastic_nut,plastic_nut/OK/S0170/plastic_nut_0170_OK_C5_20230930135947.jpg,plastic_nut::plastic_nut_0170_OK,5,source_calibration,OK,768.9521484375,900.47509765625,825.9677734375,880.782958984375,856.376220703125,793.95263671875,803.6064453125,870.368408203125,870.368408203125
plastic_nut,plastic_nut/OK/S0176/plastic_nut_0176_OK_C1_20230930140125.jpg,plastic_nut::plastic_nut_0176_OK,1,source_calibration,OK,741.95556640625,844.474609375,844.474609375,772.8974609375,758.26904296875,993.6591796875,747.91796875,736.48974609375,823.8037109375
plastic_nut,plastic_nut/OK/S0176/plastic_nut_0176_OK_C2_20230930140125.jpg,plastic_nut::plastic_nut_0176_OK,2,source_calibration,OK,772.49609375,785.4873046875,857.67919921875,820.996826171875,829.55859375,852.02783203125,699.888671875,727.6474609375,755.16455078125
plastic_nut,plastic_nut/OK/S0176/plastic_nut_0176_OK_C3_20230930140125.jpg,plastic_nut::plastic_nut_0176_OK,3,source_calibration,OK,843.81005859375,886.99365234375,993.06591796875,768.4345703125,803.516845703125,750.67431640625,756.80712890625,848.921875,716.764404296875
plastic_nut,plastic_nut/OK/S0176/plastic_nut_0176_OK_C4_20230930140125.jpg,plastic_nut::plastic_nut_0176_OK,4,source_calibration,OK,910.09619140625,833.1962890625,810.6298828125,829.90869140625,949.6962890625,877.11181640625,1012.452880859375,807.197265625,814.87060546875
plastic_nut,plastic_nut/OK/S0176/plastic_nut_0176_OK_C5_20230930140125.jpg,plastic_nut::plastic_nut_0176_OK,5,source_calibration,OK,881.00732421875,792.76220703125,781.57080078125,732.37548828125,787.15869140625,711.24560546875,714.1142578125,848.4072265625,882.72412109375
plastic_nut,plastic_nut/OK/S0187/plastic_nut_0187_OK_C1_20230930140554.jpg,plastic_nut::plastic_nut_0187_OK,1,source_calibration,OK,765.3525390625,841.924072265625,750.22705078125,862.14599609375,928.60986328125,867.55078125,918.709228515625,891.421630859375,798.150390625
plastic_nut,plastic_nut/OK/S0187/plastic_nut_0187_OK_C2_20230930140554.jpg,plastic_nut::plastic_nut_0187_OK,2,source_calibration,OK,1197.68798828125,1158.119384765625,1182.61572265625,829.576171875,846.26953125,882.1181640625,922.64697265625,793.21728515625,936.91845703125
plastic_nut,plastic_nut/OK/S0187/plastic_nut_0187_OK_C3_20230930140554.jpg,plastic_nut::plastic_nut_0187_OK,3,source_calibration,OK,742.28857421875,865.984375,801.3349609375,799.02490234375,762.20703125,785.032958984375,818.30908203125,757.990234375,785.032958984375
plastic_nut,plastic_nut/OK/S0187/plastic_nut_0187_OK_C4_20230930140554.jpg,plastic_nut::plastic_nut_0187_OK,4,source_calibration,OK,842.154541015625,741.254150390625,785.16455078125,737.5654296875,722.33935546875,697.2373046875,791.890625,845.731689453125,847.95068359375
plastic_nut,plastic_nut/OK/S0187/plastic_nut_0187_OK_C5_20230930140554.jpg,plastic_nut::plastic_nut_0187_OK,5,source_calibration,OK,912.294921875,793.615234375,846.48486328125,846.802734375,728.38671875,748.24951171875,703.7333984375,709.776611328125,707.8564453125
plastic_nut,plastic_nut/OK/S0194/plastic_nut_0194_OK_C1_20230930141543.jpg,plastic_nut::plastic_nut_0194_OK,1,source_calibration,OK,853.6171875,930.4853515625,930.4853515625,919.0849609375,889.1396484375,851.73583984375,943.30224609375,963.2197265625,869.7451171875
plastic_nut,plastic_nut/OK/S0194/plastic_nut_0194_OK_C2_20230930141543.jpg,plastic_nut::plastic_nut_0194_OK,2,source_calibration,OK,1114.250732421875,1055.91943359375,1108.8427734375,836.28955078125,827.843017578125,827.843017578125,761.347412109375,806.993896484375,783.22314453125
plastic_nut,plastic_nut/OK/S0194/plastic_nut_0194_OK_C3_20230930141543.jpg,plastic_nut::plastic_nut_0194_OK,3,source_calibration,OK,720.9404296875,864.21337890625,863.0498046875,787.50927734375,764.01806640625,702.583984375,732.664794921875,732.664794921875,702.7802734375
plastic_nut,plastic_nut/OK/S0194/plastic_nut_0194_OK_C4_20230930141543.jpg,plastic_nut::plastic_nut_0194_OK,4,source_calibration,OK,778.59765625,764.73046875,822.12158203125,772.973388671875,732.40966796875,801.40234375,842.412109375,760.091796875,758.7998046875
plastic_nut,plastic_nut/OK/S0194/plastic_nut_0194_OK_C5_20230930141543.jpg,plastic_nut::plastic_nut_0194_OK,5,source_calibration,OK,1011.795654296875,939.47021484375,956.427001953125,1175.33935546875,1175.33935546875,1306.901611328125,1224.2001953125,1099.5244140625,1099.5244140625
plastic_nut,plastic_nut/OK/S0196/plastic_nut_0196_OK_C1_20230930142728.jpg,plastic_nut::plastic_nut_0196_OK,1,source_calibration,OK,1029.4423828125,1061.1591796875,992.97412109375,892.58447265625,927.61865234375,953.94580078125,869.2783203125,1045.998779296875,863.40869140625
plastic_nut,plastic_nut/OK/S0196/plastic_nut_0196_OK_C2_20230930142728.jpg,plastic_nut::plastic_nut_0196_OK,2,source_calibration,OK,786.3427734375,784.09375,922.273193359375,756.516357421875,777.55810546875,815.482421875,844.5,890.46044921875,837.3125
plastic_nut,plastic_nut/OK/S0196/plastic_nut_0196_OK_C3_20230930142728.jpg,plastic_nut::plastic_nut_0196_OK,3,source_calibration,OK,1214.35546875,1195.439697265625,1265.5341796875,866.90625,962.474609375,877.17041015625,922.22412109375,877.7314453125,933.7265625
plastic_nut,plastic_nut/OK/S0196/plastic_nut_0196_OK_C4_20230930142728.jpg,plastic_nut::plastic_nut_0196_OK,4,source_calibration,OK,803.748291015625,768.593505859375,814.85302734375,908.837158203125,1078.71533203125,908.837158203125,881.28125,881.28125,881.28125
plastic_nut,plastic_nut/OK/S0196/plastic_nut_0196_OK_C5_20230930142728.jpg,plastic_nut::plastic_nut_0196_OK,5,source_calibration,OK,1094.30517578125,793.421875,844.387451171875,1094.30517578125,986.34326171875,1094.30517578125,1015.470703125,1015.470703125,1015.470703125
plastic_nut,plastic_nut/OK/S0200/plastic_nut_0200_OK_C1_20230930142956.jpg,plastic_nut::plastic_nut_0200_OK,1,source_calibration,OK,878.80517578125,883.913818359375,879.82470703125,939.554931640625,875.23388671875,939.554931640625,880.394287109375,740.734375,915.440673828125
plastic_nut,plastic_nut/OK/S0200/plastic_nut_0200_OK_C2_20230930142956.jpg,plastic_nut::plastic_nut_0200_OK,2,source_calibration,OK,750.1533203125,821.482421875,749.545166015625,749.545166015625,794.37109375,766.74462890625,770.99365234375,746.590576171875,738.50830078125
plastic_nut,plastic_nut/OK/S0200/plastic_nut_0200_OK_C3_20230930142956.jpg,plastic_nut::plastic_nut_0200_OK,3,source_calibration,OK,789.443115234375,890.4501953125,808.01904296875,724.72216796875,826.87451171875,786.85009765625,887.705322265625,913.6572265625,887.705322265625
plastic_nut,plastic_nut/OK/S0200/plastic_nut_0200_OK_C4_20230930142956.jpg,plastic_nut::plastic_nut_0200_OK,4,source_calibration,OK,805.62939453125,761.223876953125,878.039306640625,958.43505859375,863.705810546875,737.31787109375,1136.6533203125,748.43701171875,753.4658203125
plastic_nut,plastic_nut/OK/S0200/plastic_nut_0200_OK_C5_20230930142956.jpg,plastic_nut::plastic_nut_0200_OK,5,source_calibration,OK,764.45361328125,822.639892578125,812.02490234375,710.481689453125,853.23095703125,721.4541015625,754.5029296875,746.68359375,708.16357421875
plastic_nut,plastic_nut/OK/S0204/plastic_nut_0204_OK_C1_20230930143225.jpg,plastic_nut::plastic_nut_0204_OK,1,source_calibration,OK,955.16943359375,1024.46923828125,894.68017578125,868.9345703125,938.496337890625,868.9345703125,812.87255859375,769.640625,808.48046875
plastic_nut,plastic_nut/OK/S0204/plastic_nut_0204_OK_C2_20230930143225.jpg,plastic_nut::plastic_nut_0204_OK,2,source_calibration,OK,1763.41650390625,1789.41015625,1794.880859375,790.064453125,758.703857421875,763.085205078125,805.06005859375,738.5458984375,752.863037109375
plastic_nut,plastic_nut/OK/S0204/plastic_nut_0204_OK_C3_20230930143225.jpg,plastic_nut::plastic_nut_0204_OK,3,source_calibration,OK,759.719970703125,831.0791015625,816.6044921875,844.07763671875,738.8740234375,801.83251953125,749.353515625,770.0380859375,765.835693359375
plastic_nut,plastic_nut/OK/S0204/plastic_nut_0204_OK_C4_20230930143225.jpg,plastic_nut::plastic_nut_0204_OK,4,source_calibration,OK,863.516845703125,950.555419921875,809.46875,886.3662109375,873.48974609375,873.48974609375,841.10546875,826.08154296875,782.88671875
plastic_nut,plastic_nut/OK/S0204/plastic_nut_0204_OK_C5_20230930143225.jpg,plastic_nut::plastic_nut_0204_OK,5,source_calibration,OK,866.52294921875,866.52294921875,859.2568359375,839.59130859375,897.369140625,930.2421875,911.427490234375,773.57958984375,807.702880859375
plastic_nut,plastic_nut/OK/S0217/plastic_nut_0217_OK_C1_20230930144018.jpg,plastic_nut::plastic_nut_0217_OK,1,source_calibration,OK,839.220703125,988.09619140625,988.09619140625,913.4970703125,802.64306640625,832.052734375,831.3486328125,885.8828125,885.8828125
plastic_nut,plastic_nut/OK/S0217/plastic_nut_0217_OK_C2_20230930144018.jpg,plastic_nut::plastic_nut_0217_OK,2,source_calibration,OK,863.4658203125,803.58935546875,739.54296875,830.2275390625,812.5556640625,850.905029296875,785.59619140625,812.5556640625,861.728759765625
plastic_nut,plastic_nut/OK/S0217/plastic_nut_0217_OK_C3_20230930144018.jpg,plastic_nut::plastic_nut_0217_OK,3,source_calibration,OK,1233.7080078125,1232.11083984375,1291.89892578125,733.591796875,754.8095703125,856.98876953125,718.40185546875,699.10498046875,741.906494140625
plastic_nut,plastic_nut/OK/S0217/plastic_nut_0217_OK_C4_20230930144018.jpg,plastic_nut::plastic_nut_0217_OK,4,source_calibration,OK,780.8984375,761.223388671875,782.46728515625,844.25830078125,800.3681640625,761.178955078125,736.676513671875,717.45068359375,825.35400390625
plastic_nut,plastic_nut/OK/S0217/plastic_nut_0217_OK_C5_20230930144018.jpg,plastic_nut::plastic_nut_0217_OK,5,source_calibration,OK,1117.091796875,1108.7216796875,1106.12255859375,782.08154296875,904.41357421875,782.2314453125,777.27880859375,766.51025390625,798.55908203125
plastic_nut,plastic_nut/OK/S0222/plastic_nut_0222_OK_C1_20230930144230.jpg,plastic_nut::plastic_nut_0222_OK,1,source_calibration,OK,926.935546875,923.86962890625,948.02490234375,926.412109375,1028.990966796875,1035.617919921875,959.1064453125,852.064697265625,864.53564453125
plastic_nut,plastic_nut/OK/S0222/plastic_nut_0222_OK_C2_20230930144230.jpg,plastic_nut::plastic_nut_0222_OK,2,source_calibration,OK,1408.237060546875,1350.77880859375,1381.625,812.054443359375,1001.01806640625,952.07470703125,756.82421875,774.8642578125,774.8642578125
plastic_nut,plastic_nut/OK/S0222/plastic_nut_0222_OK_C3_20230930144230.jpg,plastic_nut::plastic_nut_0222_OK,3,source_calibration,OK,1367.896240234375,1333.33544921875,1343.7666015625,830.927490234375,909.519775390625,723.6396484375,785.3291015625,845.46533203125,815.40625
plastic_nut,plastic_nut/OK/S0222/plastic_nut_0222_OK_C4_20230930144230.jpg,plastic_nut::plastic_nut_0222_OK,4,source_calibration,OK,840.5419921875,806.84716796875,830.92333984375,871.5986328125,819.915283203125,855.415771484375,859.316650390625,926.032958984375,859.316650390625
plastic_nut,plastic_nut/OK/S0222/plastic_nut_0222_OK_C5_20230930144230.jpg,plastic_nut::plastic_nut_0222_OK,5,source_calibration,OK,827.20947265625,815.1103515625,866.2734375,768.9052734375,791.14013671875,829.021484375,803.099365234375,861.741455078125,856.09619140625
plastic_nut,plastic_nut/OK/S0223/plastic_nut_0223_OK_C1_20230930144242.jpg,plastic_nut::plastic_nut_0223_OK,1,source_calibration,OK,1111.984619140625,1062.921875,1231.549072265625,1019.78857421875,1100.5283203125,1121.624755859375,1034.140625,1034.140625,997.041259765625
plastic_nut,plastic_nut/OK/S0223/plastic_nut_0223_OK_C2_20230930144242.jpg,plastic_nut::plastic_nut_0223_OK,2,source_calibration,OK,802.626708984375,843.4736328125,872.57373046875,890.59521484375,922.4638671875,836.4248046875,826.2890625,830.52587890625,879.97900390625
plastic_nut,plastic_nut/OK/S0223/plastic_nut_0223_OK_C3_20230930144242.jpg,plastic_nut::plastic_nut_0223_OK,3,source_calibration,OK,997.46044921875,920.283935546875,1004.957275390625,929.9130859375,901.235107421875,1066.61474609375,952.24169921875,904.12890625,895.43994140625
plastic_nut,plastic_nut/OK/S0223/plastic_nut_0223_OK_C4_20230930144242.jpg,plastic_nut::plastic_nut_0223_OK,4,source_calibration,OK,1228.918701171875,1054.910888671875,1228.918701171875,1262.268310546875,1228.209228515625,1309.5947265625,1228.918701171875,1089.992919921875,1089.992919921875
plastic_nut,plastic_nut/OK/S0223/plastic_nut_0223_OK_C5_20230930144242.jpg,plastic_nut::plastic_nut_0223_OK,5,source_calibration,OK,967.36669921875,997.92138671875,999.1875,1009.478271484375,967.997314453125,986.55078125,966.402099609375,916.84814453125,916.84814453125
plastic_nut,plastic_nut/OK/S0228/plastic_nut_0228_OK_C1_20230930144506.jpg,plastic_nut::plastic_nut_0228_OK,1,source_calibration,OK,833.96435546875,881.015625,881.015625,987.566650390625,820.6357421875,905.84912109375,948.709716796875,948.709716796875,948.709716796875
plastic_nut,plastic_nut/OK/S0228/plastic_nut_0228_OK_C2_20230930144506.jpg,plastic_nut::plastic_nut_0228_OK,2,source_calibration,OK,853.93798828125,822.5400390625,950.3544921875,733.582275390625,754.195556640625,787.59765625,758.296875,889.36376953125,729.74267578125
plastic_nut,plastic_nut/OK/S0228/plastic_nut_0228_OK_C3_20230930144506.jpg,plastic_nut::plastic_nut_0228_OK,3,source_calibration,OK,1069.24951171875,1052.6064453125,1114.0537109375,901.19970703125,878.0546875,901.19970703125,896.169189453125,896.169189453125,732.01513671875
plastic_nut,plastic_nut/OK/S0228/plastic_nut_0228_OK_C4_20230930144506.jpg,plastic_nut::plastic_nut_0228_OK,4,source_calibration,OK,817.68798828125,1018.14794921875,852.25146484375,728.128173828125,724.40185546875,774.309814453125,960.1513671875,807.859130859375,821.83984375
plastic_nut,plastic_nut/OK/S0228/plastic_nut_0228_OK_C5_20230930144506.jpg,plastic_nut::plastic_nut_0228_OK,5,source_calibration,OK,967.029296875,907.36083984375,954.9765625,766.216552734375,758.104248046875,744.271728515625,804.008056640625,756.3486328125,802.11572265625
plastic_nut,plastic_nut/OK/S0236/plastic_nut_0236_OK_C1_20230930145126.jpg,plastic_nut::plastic_nut_0236_OK,1,source_calibration,OK,1469.6181640625,1469.6181640625,1469.6181640625,871.056884765625,966.5419921875,939.236328125,967.80322265625,887.7021484375,966.256591796875
plastic_nut,plastic_nut/OK/S0236/plastic_nut_0236_OK_C2_20230930145126.jpg,plastic_nut::plastic_nut_0236_OK,2,source_calibration,OK,784.0,796.1611328125,876.948486328125,828.4521484375,872.427001953125,844.334228515625,798.88623046875,790.43505859375,852.50732421875
plastic_nut,plastic_nut/OK/S0236/plastic_nut_0236_OK_C3_20230930145126.jpg,plastic_nut::plastic_nut_0236_OK,3,source_calibration,OK,915.7412109375,911.1123046875,990.353515625,824.140869140625,929.0771484375,929.0771484375,816.511474609375,833.88623046875,822.044189453125
plastic_nut,plastic_nut/OK/S0236/plastic_nut_0236_OK_C4_20230930145126.jpg,plastic_nut::plastic_nut_0236_OK,4,source_calibration,OK,838.7568359375,862.953125,837.443359375,796.12646484375,780.0693359375,831.099609375,842.8671875,842.8671875,904.77001953125
plastic_nut,plastic_nut/OK/S0236/plastic_nut_0236_OK_C5_20230930145126.jpg,plastic_nut::plastic_nut_0236_OK,5,source_calibration,OK,910.171875,849.484375,755.42333984375,790.37353515625,891.544921875,810.869384765625,832.798583984375,839.8955078125,797.94287109375
plastic_nut,plastic_nut/OK/S0238/plastic_nut_0238_OK_C1_20230930145323.jpg,plastic_nut::plastic_nut_0238_OK,1,source_calibration,OK,1766.1328125,1766.1328125,1766.1328125,960.290771484375,945.3896484375,882.873046875,960.7158203125,940.57763671875,960.7158203125
plastic_nut,plastic_nut/OK/S0238/plastic_nut_0238_OK_C2_20230930145323.jpg,plastic_nut::plastic_nut_0238_OK,2,source_calibration,OK,843.529052734375,977.399169921875,843.529052734375,787.17822265625,806.16650390625,779.392578125,897.398193359375,808.0654296875,897.398193359375
plastic_nut,plastic_nut/OK/S0238/plastic_nut_0238_OK_C3_20230930145323.jpg,plastic_nut::plastic_nut_0238_OK,3,source_calibration,OK,1002.4306640625,990.3330078125,1065.8759765625,904.3203125,793.27490234375,804.4296875,837.668701171875,825.38134765625,803.282958984375
plastic_nut,plastic_nut/OK/S0238/plastic_nut_0238_OK_C4_20230930145323.jpg,plastic_nut::plastic_nut_0238_OK,4,source_calibration,OK,1047.4541015625,983.106201171875,888.9052734375,835.7802734375,898.467041015625,826.55224609375,1075.080810546875,825.27294921875,972.294921875
plastic_nut,plastic_nut/OK/S0238/plastic_nut_0238_OK_C5_20230930145323.jpg,plastic_nut::plastic_nut_0238_OK,5,source_calibration,OK,931.488525390625,854.55029296875,854.55029296875,820.716552734375,801.716552734375,851.018798828125,975.769287109375,906.0791015625,770.7822265625
plastic_nut,plastic_nut/OK/S0247/plastic_nut_0247_OK_C1_20230930145732.jpg,plastic_nut::plastic_nut_0247_OK,1,source_calibration,OK,1522.7080078125,1522.7080078125,1522.7080078125,1066.814697265625,891.991943359375,969.6396484375,993.818115234375,939.619140625,848.258544921875
plastic_nut,plastic_nut/OK/S0247/plastic_nut_0247_OK_C2_20230930145732.jpg,plastic_nut::plastic_nut_0247_OK,2,source_calibration,OK,860.96533203125,799.0966796875,793.58056640625,915.500732421875,839.041259765625,795.03076171875,841.71044921875,853.3671875,929.75146484375
plastic_nut,plastic_nut/OK/S0247/plastic_nut_0247_OK_C3_20230930145732.jpg,plastic_nut::plastic_nut_0247_OK,3,source_calibration,OK,1226.287109375,1211.445556640625,1265.0947265625,780.48583984375,691.4072265625,752.79345703125,789.84619140625,754.96630859375,822.1044921875
plastic_nut,plastic_nut/OK/S0247/plastic_nut_0247_OK_C4_20230930145732.jpg,plastic_nut::plastic_nut_0247_OK,4,source_calibration,OK,822.427490234375,799.2705078125,847.46142578125,811.62353515625,774.4033203125,860.0634765625,842.594970703125,776.36376953125,802.917724609375
plastic_nut,plastic_nut/OK/S0247/plastic_nut_0247_OK_C5_20230930145732.jpg,plastic_nut::plastic_nut_0247_OK,5,source_calibration,OK,1004.34228515625,998.6884765625,996.84375,779.17333984375,724.576416015625,712.724609375,751.0703125,751.0703125,817.125
plastic_nut,plastic_nut/OK/S0259/plastic_nut_0259_OK_C1_20230930150223.jpg,plastic_nut::plastic_nut_0259_OK,1,source_calibration,OK,995.7470703125,901.1123046875,926.4501953125,778.59375,760.52783203125,760.52783203125,885.91259765625,832.755615234375,836.06591796875
plastic_nut,plastic_nut/OK/S0259/plastic_nut_0259_OK_C2_20230930150223.jpg,plastic_nut::plastic_nut_0259_OK,2,source_calibration,OK,1167.84619140625,1105.755859375,1170.916259765625,741.10009765625,897.73046875,715.28369140625,712.531982421875,801.79296875,755.13037109375
plastic_nut,plastic_nut/OK/S0259/plastic_nut_0259_OK_C3_20230930150223.jpg,plastic_nut::plastic_nut_0259_OK,3,source_calibration,OK,917.53515625,921.1796875,1024.9755859375,917.49755859375,899.526611328125,899.526611328125,978.863037109375,831.50341796875,885.26513671875
plastic_nut,plastic_nut/OK/S0259/plastic_nut_0259_OK_C4_20230930150223.jpg,plastic_nut::plastic_nut_0259_OK,4,source_calibration,OK,855.027587890625,769.80029296875,809.9541015625,794.55859375,805.283203125,805.283203125,845.93701171875,805.283203125,845.93701171875
plastic_nut,plastic_nut/OK/S0259/plastic_nut_0259_OK_C5_20230930150223.jpg,plastic_nut::plastic_nut_0259_OK,5,source_calibration,OK,765.94873046875,794.5107421875,787.767578125,906.29638671875,803.438720703125,803.438720703125,805.53271484375,820.784423828125,750.469482421875
plastic_nut,plastic_nut/OK/S0260/plastic_nut_0260_OK_C1_20230930150255.jpg,plastic_nut::plastic_nut_0260_OK,1,source_calibration,OK,828.764404296875,810.16796875,853.978515625,806.216796875,817.3056640625,798.794921875,859.15673828125,825.38037109375,770.056640625
plastic_nut,plastic_nut/OK/S0260/plastic_nut_0260_OK_C2_20230930150255.jpg,plastic_nut::plastic_nut_0260_OK,2,source_calibration,OK,990.5146484375,950.55078125,1064.3427734375,973.282470703125,942.5302734375,835.2880859375,686.265380859375,740.801513671875,744.8291015625
plastic_nut,plastic_nut/OK/S0260/plastic_nut_0260_OK_C3_20230930150255.jpg,plastic_nut::plastic_nut_0260_OK,3,source_calibration,OK,1229.03955078125,1197.3623046875,1252.19580078125,750.22900390625,808.8623046875,780.554443359375,898.2841796875,765.29345703125,930.16064453125
plastic_nut,plastic_nut/OK/S0260/plastic_nut_0260_OK_C4_20230930150255.jpg,plastic_nut::plastic_nut_0260_OK,4,source_calibration,OK,792.95751953125,766.8486328125,815.712890625,799.2802734375,803.93359375,776.54150390625,918.80419921875,784.14111328125,758.656494140625
plastic_nut,plastic_nut/OK/S0260/plastic_nut_0260_OK_C5_20230930150255.jpg,plastic_nut::plastic_nut_0260_OK,5,source_calibration,OK,832.994140625,839.239501953125,814.2099609375,865.449951171875,961.66552734375,759.52978515625,788.92822265625,765.8046875,827.51611328125
plastic_nut,plastic_nut/OK/S0265/plastic_nut_0265_OK_C1_20230930150507.jpg,plastic_nut::plastic_nut_0265_OK,1,source_calibration,OK,982.624755859375,880.3349609375,982.624755859375,869.46923828125,862.544921875,817.77392578125,921.604736328125,889.344970703125,915.68505859375
plastic_nut,plastic_nut/OK/S0265/plastic_nut_0265_OK_C2_20230930150507.jpg,plastic_nut::plastic_nut_0265_OK,2,source_calibration,OK,940.90869140625,940.90869140625,940.90869140625,1111.28857421875,1127.291259765625,1122.4091796875,751.200927734375,956.7431640625,774.945068359375
plastic_nut,plastic_nut/OK/S0265/plastic_nut_0265_OK_C3_20230930150507.jpg,plastic_nut::plastic_nut_0265_OK,3,source_calibration,OK,1145.927490234375,1137.66748046875,1203.63134765625,790.454833984375,762.720703125,853.181640625,820.3447265625,870.345947265625,710.05224609375
plastic_nut,plastic_nut/OK/S0265/plastic_nut_0265_OK_C4_20230930150507.jpg,plastic_nut::plastic_nut_0265_OK,4,source_calibration,OK,782.703125,790.35595703125,844.013916015625,826.3212890625,743.11767578125,743.407470703125,777.8271484375,827.96533203125,784.390625
plastic_nut,plastic_nut/OK/S0265/plastic_nut_0265_OK_C5_20230930150507.jpg,plastic_nut::plastic_nut_0265_OK,5,source_calibration,OK,1178.052978515625,1173.55615234375,1160.670166015625,936.318359375,1014.478515625,936.318359375,752.873046875,833.61328125,874.951904296875
plastic_nut,plastic_nut/OK/S0275/plastic_nut_0275_OK_C1_20230930150847.jpg,plastic_nut::plastic_nut_0275_OK,1,source_calibration,OK,885.1376953125,934.1533203125,934.1533203125,788.671630859375,788.671630859375,783.747802734375,887.440673828125,928.90087890625,912.33642578125
plastic_nut,plastic_nut/OK/S0275/plastic_nut_0275_OK_C2_20230930150847.jpg,plastic_nut::plastic_nut_0275_OK,2,source_calibration,OK,921.841796875,836.77001953125,953.5009765625,816.6494140625,858.4921875,858.4921875,934.562744140625,933.70703125,818.626953125
plastic_nut,plastic_nut/OK/S0275/plastic_nut_0275_OK_C3_20230930150847.jpg,plastic_nut::plastic_nut_0275_OK,3,source_calibration,OK,1143.6396484375,1127.0537109375,1193.88330078125,875.92578125,875.92578125,872.731201171875,871.44189453125,939.396484375,848.02978515625
plastic_nut,plastic_nut/OK/S0275/plastic_nut_0275_OK_C4_20230930150847.jpg,plastic_nut::plastic_nut_0275_OK,4,source_calibration,OK,777.404541015625,766.1376953125,819.5546875,785.54150390625,766.591064453125,819.31689453125,819.601806640625,843.43359375,831.375732421875
plastic_nut,plastic_nut/OK/S0275/plastic_nut_0275_OK_C5_20230930150847.jpg,plastic_nut::plastic_nut_0275_OK,5,source_calibration,OK,1005.37158203125,922.32275390625,856.689453125,951.1025390625,906.031005859375,869.49951171875,791.67138671875,839.7314453125,841.14794921875
plastic_nut,plastic_nut/OK/S0276/plastic_nut_0276_OK_C1_20230930150907.jpg,plastic_nut::plastic_nut_0276_OK,1,source_calibration,OK,880.1650390625,761.360595703125,847.2744140625,906.7138671875,781.82373046875,849.9453125,869.97998046875,1000.081298828125,1006.978759765625
plastic_nut,plastic_nut/OK/S0276/plastic_nut_0276_OK_C2_20230930150907.jpg,plastic_nut::plastic_nut_0276_OK,2,source_calibration,OK,787.82373046875,756.00732421875,739.0888671875,750.29931640625,853.8046875,764.66650390625,763.86865234375,789.126953125,878.78564453125
plastic_nut,plastic_nut/OK/S0276/plastic_nut_0276_OK_C3_20230930150907.jpg,plastic_nut::plastic_nut_0276_OK,3,source_calibration,OK,1440.4716796875,1429.4990234375,1466.7568359375,1008.93017578125,962.7587890625,1078.29345703125,1064.326416015625,1066.04296875,1000.53662109375
plastic_nut,plastic_nut/OK/S0276/plastic_nut_0276_OK_C4_20230930150907.jpg,plastic_nut::plastic_nut_0276_OK,4,source_calibration,OK,785.852294921875,680.891357421875,806.9423828125,738.480712890625,719.893310546875,765.0400390625,732.4072265625,702.26171875,795.4404296875
plastic_nut,plastic_nut/OK/S0276/plastic_nut_0276_OK_C5_20230930150907.jpg,plastic_nut::plastic_nut_0276_OK,5,source_calibration,OK,877.42822265625,869.009765625,906.78369140625,795.096923828125,838.185791015625,818.71337890625,849.306640625,750.414306640625,857.593994140625
plastic_nut,plastic_nut/OK/S0278/plastic_nut_0278_OK_C1_20230930150942.jpg,plastic_nut::plastic_nut_0278_OK,1,source_calibration,OK,1018.81396484375,864.21826171875,974.90087890625,861.892333984375,984.6279296875,919.54248046875,949.478515625,949.478515625,1033.90185546875
plastic_nut,plastic_nut/OK/S0278/plastic_nut_0278_OK_C2_20230930150942.jpg,plastic_nut::plastic_nut_0278_OK,2,source_calibration,OK,1272.9140625,1215.82958984375,1258.4580078125,913.3857421875,813.702392578125,995.78076171875,1021.245849609375,1021.245849609375,1021.245849609375
plastic_nut,plastic_nut/OK/S0278/plastic_nut_0278_OK_C3_20230930150942.jpg,plastic_nut::plastic_nut_0278_OK,3,source_calibration,OK,1004.20166015625,1010.314453125,1102.21875,872.7724609375,770.14697265625,864.3603515625,801.57666015625,855.67919921875,766.889404296875
plastic_nut,plastic_nut/OK/S0278/plastic_nut_0278_OK_C4_20230930150942.jpg,plastic_nut::plastic_nut_0278_OK,4,source_calibration,OK,749.032470703125,778.77734375,816.64208984375,825.01123046875,930.921630859375,876.03955078125,878.377685546875,825.712890625,847.671630859375
plastic_nut,plastic_nut/OK/S0278/plastic_nut_0278_OK_C5_20230930150942.jpg,plastic_nut::plastic_nut_0278_OK,5,source_calibration,OK,1074.51953125,1074.51953125,967.588623046875,964.13525390625,1038.0263671875,1037.25341796875,964.650390625,964.650390625,996.25
plastic_nut,plastic_nut/OK/S0287/plastic_nut_0287_OK_C1_20230930152021.jpg,plastic_nut::plastic_nut_0287_OK,1,source_calibration,OK,835.87646484375,928.462890625,956.240234375,956.240234375,956.240234375,1002.6455078125,842.972900390625,847.69140625,823.001220703125
plastic_nut,plastic_nut/OK/S0287/plastic_nut_0287_OK_C2_20230930152021.jpg,plastic_nut::plastic_nut_0287_OK,2,source_calibration,OK,775.941650390625,798.45556640625,804.3896484375,940.268310546875,754.00146484375,882.77783203125,815.87646484375,860.095458984375,763.1337890625
plastic_nut,plastic_nut/OK/S0287/plastic_nut_0287_OK_C3_20230930152021.jpg,plastic_nut::plastic_nut_0287_OK,3,source_calibration,OK,1012.5458984375,998.6796875,1106.3310546875,800.452392578125,799.98095703125,877.193359375,792.99169921875,859.1279296875,785.307373046875
plastic_nut,plastic_nut/OK/S0287/plastic_nut_0287_OK_C4_20230930152021.jpg,plastic_nut::plastic_nut_0287_OK,4,source_calibration,OK,854.77587890625,1030.42333984375,836.06298828125,968.314453125,1029.83740234375,908.9794921875,966.052978515625,780.59228515625,838.81884765625
plastic_nut,plastic_nut/OK/S0287/plastic_nut_0287_OK_C5_20230930152021.jpg,plastic_nut::plastic_nut_0287_OK,5,source_calibration,OK,716.6279296875,840.9521484375,784.98095703125,796.000732421875,734.27734375,737.322265625,824.9013671875,713.126953125,716.778564453125
plastic_nut,plastic_nut/OK/S0316/plastic_nut_0316_OK_C1_20230930152701.jpg,plastic_nut::plastic_nut_0316_OK,1,source_calibration,OK,929.138916015625,995.2109375,949.234375,860.13720703125,903.283203125,853.650390625,938.514404296875,938.514404296875,740.298828125
plastic_nut,plastic_nut/OK/S0316/plastic_nut_0316_OK_C2_20230930152701.jpg,plastic_nut::plastic_nut_0316_OK,2,source_calibration,OK,1001.4072265625,976.291015625,907.3779296875,851.87890625,919.006591796875,918.88037109375,800.798828125,835.038818359375,876.43603515625
plastic_nut,plastic_nut/OK/S0316/plastic_nut_0316_OK_C3_20230930152701.jpg,plastic_nut::plastic_nut_0316_OK,3,source_calibration,OK,754.49609375,855.55810546875,827.41748046875,794.27001953125,772.55322265625,759.19091796875,853.063720703125,879.892578125,840.72998046875
plastic_nut,plastic_nut/OK/S0316/plastic_nut_0316_OK_C4_20230930152701.jpg,plastic_nut::plastic_nut_0316_OK,4,source_calibration,OK,973.104248046875,896.900390625,1043.707275390625,912.08935546875,931.947509765625,912.08935546875,913.3291015625,806.064697265625,855.40673828125
plastic_nut,plastic_nut/OK/S0316/plastic_nut_0316_OK_C5_20230930152701.jpg,plastic_nut::plastic_nut_0316_OK,5,source_calibration,OK,910.438232421875,971.982177734375,971.982177734375,851.346923828125,792.2900390625,792.2900390625,799.76220703125,917.99267578125,773.20361328125
plastic_nut,plastic_nut/OK/S0317/plastic_nut_0317_OK_C1_20230930152714.jpg,plastic_nut::plastic_nut_0317_OK,1,source_calibration,OK,992.00634765625,1062.97412109375,1062.97412109375,964.49365234375,1006.181640625,792.6015625,1170.640625,1170.640625,1170.640625
plastic_nut,plastic_nut/OK/S0317/plastic_nut_0317_OK_C2_20230930152714.jpg,plastic_nut::plastic_nut_0317_OK,2,source_calibration,OK,860.229248046875,848.9638671875,899.89794921875,808.76123046875,776.93212890625,995.34521484375,926.0048828125,859.34716796875,926.0048828125
plastic_nut,plastic_nut/OK/S0317/plastic_nut_0317_OK_C3_20230930152714.jpg,plastic_nut::plastic_nut_0317_OK,3,source_calibration,OK,800.00048828125,910.0771484375,802.48828125,832.07373046875,901.521728515625,829.888916015625,768.02734375,768.02880859375,930.64208984375
plastic_nut,plastic_nut/OK/S0317/plastic_nut_0317_OK_C4_20230930152714.jpg,plastic_nut::plastic_nut_0317_OK,4,source_calibration,OK,1044.965576171875,866.33447265625,1044.965576171875,851.19384765625,810.89697265625,848.682861328125,881.158203125,830.4912109375,905.766845703125
plastic_nut,plastic_nut/OK/S0317/plastic_nut_0317_OK_C5_20230930152714.jpg,plastic_nut::plastic_nut_0317_OK,5,source_calibration,OK,931.4296875,931.4296875,931.4296875,874.509765625,874.509765625,855.798828125,1171.4033203125,1171.4033203125,1171.4033203125
plastic_nut,plastic_nut/OK/S0319/plastic_nut_0319_OK_C1_20230930152728.jpg,plastic_nut::plastic_nut_0319_OK,1,source_calibration,OK,816.8798828125,1021.11181640625,977.14453125,800.60693359375,726.6904296875,798.87646484375,885.39013671875,1061.466796875,881.919921875
plastic_nut,plastic_nut/OK/S0319/plastic_nut_0319_OK_C2_20230930152728.jpg,plastic_nut::plastic_nut_0319_OK,2,source_calibration,OK,892.80615234375,838.517578125,943.658203125,850.1025390625,834.662841796875,728.674560546875,794.369873046875,867.7900390625,832.760498046875
plastic_nut,plastic_nut/OK/S0319/plastic_nut_0319_OK_C3_20230930152728.jpg,plastic_nut::plastic_nut_0319_OK,3,source_calibration,OK,1009.255859375,1009.255859375,889.42138671875,918.82470703125,988.698974609375,815.5986328125,827.21923828125,766.95458984375,895.25439453125
plastic_nut,plastic_nut/OK/S0319/plastic_nut_0319_OK_C4_20230930152728.jpg,plastic_nut::plastic_nut_0319_OK,4,source_calibration,OK,935.748779296875,831.070556640625,799.495849609375,950.5849609375,870.0927734375,827.94970703125,803.892822265625,740.6708984375,809.01708984375
plastic_nut,plastic_nut/OK/S0319/plastic_nut_0319_OK_C5_20230930152728.jpg,plastic_nut::plastic_nut_0319_OK,5,source_calibration,OK,849.615234375,849.615234375,849.615234375,813.04248046875,825.48876953125,805.31640625,781.103759765625,791.267578125,707.46630859375
plastic_nut,plastic_nut/OK/S0322/plastic_nut_0322_OK_C1_20230930152758.jpg,plastic_nut::plastic_nut_0322_OK,1,source_calibration,OK,844.301513671875,801.6171875,777.468994140625,808.38134765625,833.767578125,831.844970703125,834.39599609375,755.1640625,866.32568359375
plastic_nut,plastic_nut/OK/S0322/plastic_nut_0322_OK_C2_20230930152758.jpg,plastic_nut::plastic_nut_0322_OK,2,source_calibration,OK,870.797119140625,870.797119140625,913.289794921875,800.73486328125,861.27587890625,759.63134765625,886.82275390625,1032.201171875,860.13671875
plastic_nut,plastic_nut/OK/S0322/plastic_nut_0322_OK_C3_20230930152758.jpg,plastic_nut::plastic_nut_0322_OK,3,source_calibration,OK,1461.66650390625,1441.936279296875,1482.50048828125,1006.376953125,1006.376953125,1006.376953125,1008.8662109375,882.66357421875,882.66357421875
plastic_nut,plastic_nut/OK/S0322/plastic_nut_0322_OK_C4_20230930152758.jpg,plastic_nut::plastic_nut_0322_OK,4,source_calibration,OK,816.52783203125,778.73876953125,792.69287109375,845.85693359375,834.7919921875,868.021484375,719.57861328125,778.45068359375,730.29541015625
plastic_nut,plastic_nut/OK/S0322/plastic_nut_0322_OK_C5_20230930152758.jpg,plastic_nut::plastic_nut_0322_OK,5,source_calibration,OK,937.801513671875,989.643798828125,989.643798828125,998.911865234375,753.498779296875,846.912109375,767.48974609375,985.500244140625,806.9482421875
plastic_nut,plastic_nut/OK/S0326/plastic_nut_0326_OK_C1_20230930153021.jpg,plastic_nut::plastic_nut_0326_OK,1,source_calibration,OK,1009.162109375,1229.098876953125,1229.098876953125,1004.85400390625,963.80810546875,1004.85400390625,907.5302734375,907.5302734375,939.356689453125
plastic_nut,plastic_nut/OK/S0326/plastic_nut_0326_OK_C2_20230930153021.jpg,plastic_nut::plastic_nut_0326_OK,2,source_calibration,OK,1571.7978515625,1584.39990234375,1589.76171875,759.6123046875,725.772216796875,717.164794921875,774.431640625,793.292724609375,774.431640625
plastic_nut,plastic_nut/OK/S0326/plastic_nut_0326_OK_C3_20230930153021.jpg,plastic_nut::plastic_nut_0326_OK,3,source_calibration,OK,867.234130859375,780.179931640625,910.4130859375,920.1962890625,925.470458984375,867.27197265625,832.486083984375,888.350341796875,874.295654296875
plastic_nut,plastic_nut/OK/S0326/plastic_nut_0326_OK_C4_20230930153021.jpg,plastic_nut::plastic_nut_0326_OK,4,source_calibration,OK,781.86083984375,828.9423828125,817.97021484375,814.6767578125,913.90283203125,790.0458984375,897.2568359375,834.44091796875,802.39990234375
plastic_nut,plastic_nut/OK/S0326/plastic_nut_0326_OK_C5_20230930153021.jpg,plastic_nut::plastic_nut_0326_OK,5,source_calibration,OK,820.19677734375,840.70703125,823.7421875,811.1533203125,840.2568359375,772.85107421875,828.2841796875,837.8447265625,921.940185546875
plastic_nut,plastic_nut/OK/S0329/plastic_nut_0329_OK_C1_20230930153203.jpg,plastic_nut::plastic_nut_0329_OK,1,source_calibration,OK,1003.5849609375,1333.5927734375,1155.26708984375,838.6591796875,853.3583984375,866.03759765625,1311.12841796875,1214.926025390625,1214.926025390625
plastic_nut,plastic_nut/OK/S0329/plastic_nut_0329_OK_C2_20230930153203.jpg,plastic_nut::plastic_nut_0329_OK,2,source_calibration,OK,1297.86474609375,1263.08837890625,1273.845947265625,819.88525390625,826.07666015625,736.3828125,811.62841796875,765.20751953125,714.8427734375
plastic_nut,plastic_nut/OK/S0329/plastic_nut_0329_OK_C3_20230930153203.jpg,plastic_nut::plastic_nut_0329_OK,3,source_calibration,OK,811.91259765625,893.50146484375,826.0947265625,745.06396484375,953.15771484375,831.471923828125,798.3994140625,839.05322265625,736.1669921875
plastic_nut,plastic_nut/OK/S0329/plastic_nut_0329_OK_C4_20230930153203.jpg,plastic_nut::plastic_nut_0329_OK,4,source_calibration,OK,754.6220703125,735.34619140625,785.3681640625,802.80078125,833.78466796875,788.99072265625,816.236083984375,741.70166015625,855.38525390625
plastic_nut,plastic_nut/OK/S0329/plastic_nut_0329_OK_C5_20230930153203.jpg,plastic_nut::plastic_nut_0329_OK,5,source_calibration,OK,838.031494140625,838.031494140625,882.60009765625,807.1259765625,729.727294921875,808.547119140625,901.64892578125,881.6591796875,953.35009765625
plastic_nut,plastic_nut/OK/S0331/plastic_nut_0331_OK_C1_20230930153349.jpg,plastic_nut::plastic_nut_0331_OK,1,source_calibration,OK,804.970458984375,857.5029296875,841.045654296875,737.842041015625,877.2978515625,826.82470703125,868.35888671875,830.39404296875,903.38330078125
plastic_nut,plastic_nut/OK/S0331/plastic_nut_0331_OK_C2_20230930153349.jpg,plastic_nut::plastic_nut_0331_OK,2,source_calibration,OK,1165.6005859375,1100.7314453125,1152.9951171875,738.27099609375,957.98046875,892.3837890625,770.474853515625,784.29248046875,907.81103515625
plastic_nut,plastic_nut/OK/S0331/plastic_nut_0331_OK_C3_20230930153349.jpg,plastic_nut::plastic_nut_0331_OK,3,source_calibration,OK,812.090576171875,807.2294921875,908.783203125,850.015625,808.387939453125,797.973876953125,941.83203125,771.90234375,785.132080078125
plastic_nut,plastic_nut/OK/S0331/plastic_nut_0331_OK_C4_20230930153349.jpg,plastic_nut::plastic_nut_0331_OK,4,source_calibration,OK,816.69091796875,807.927734375,812.74560546875,848.068115234375,860.15576171875,785.035400390625,808.841552734375,799.5654296875,924.565673828125
plastic_nut,plastic_nut/OK/S0331/plastic_nut_0331_OK_C5_20230930153349.jpg,plastic_nut::plastic_nut_0331_OK,5,source_calibration,OK,1303.2021484375,1314.08544921875,1314.08544921875,971.9580078125,931.48583984375,996.3583984375,966.592529296875,1003.58984375,929.33544921875
plastic_nut,plastic_nut/OK/S0338/plastic_nut_0338_OK_C1_20230930153615.jpg,plastic_nut::plastic_nut_0338_OK,1,source_calibration,OK,894.5048828125,950.144287109375,926.560546875,959.4404296875,984.498046875,1004.72802734375,878.83056640625,930.55908203125,951.88818359375
plastic_nut,plastic_nut/OK/S0338/plastic_nut_0338_OK_C2_20230930153615.jpg,plastic_nut::plastic_nut_0338_OK,2,source_calibration,OK,1399.25,1399.50048828125,1409.19189453125,794.80908203125,780.61083984375,763.339111328125,808.1962890625,714.91015625,756.49755859375
plastic_nut,plastic_nut/OK/S0338/plastic_nut_0338_OK_C3_20230930153615.jpg,plastic_nut::plastic_nut_0338_OK,3,source_calibration,OK,829.31298828125,760.16796875,874.09814453125,804.70068359375,1003.473388671875,776.78564453125,769.826171875,711.93310546875,730.587646484375
plastic_nut,plastic_nut/OK/S0338/plastic_nut_0338_OK_C4_20230930153615.jpg,plastic_nut::plastic_nut_0338_OK,4,source_calibration,OK,764.3076171875,750.59326171875,813.65087890625,859.673583984375,834.6865234375,834.6865234375,857.65576171875,895.16357421875,915.954833984375
plastic_nut,plastic_nut/OK/S0338/plastic_nut_0338_OK_C5_20230930153615.jpg,plastic_nut::plastic_nut_0338_OK,5,source_calibration,OK,778.50537109375,801.3291015625,779.204345703125,717.08935546875,784.7119140625,713.622802734375,804.55517578125,859.61572265625,781.84814453125
plastic_nut,plastic_nut/OK/S0339/plastic_nut_0339_OK_C1_20230930153627.jpg,plastic_nut::plastic_nut_0339_OK,1,source_calibration,OK,1163.25732421875,1181.16552734375,1181.16552734375,1076.284912109375,993.83251953125,948.212890625,940.497802734375,866.77197265625,916.173583984375
plastic_nut,plastic_nut/OK/S0339/plastic_nut_0339_OK_C2_20230930153627.jpg,plastic_nut::plastic_nut_0339_OK,2,source_calibration,OK,1470.3056640625,1472.1025390625,1479.375,835.9794921875,967.942138671875,805.080322265625,895.13818359375,1039.529541015625,1027.8515625
plastic_nut,plastic_nut/OK/S0339/plastic_nut_0339_OK_C3_20230930153627.jpg,plastic_nut::plastic_nut_0339_OK,3,source_calibration,OK,920.77197265625,1047.924072265625,1022.353271484375,980.9296875,1015.2958984375,996.5302734375,1255.862548828125,928.44580078125,921.652587890625
plastic_nut,plastic_nut/OK/S0339/plastic_nut_0339_OK_C4_20230930153627.jpg,plastic_nut::plastic_nut_0339_OK,4,source_calibration,OK,785.8515625,1026.324462890625,1081.518310546875,1082.0625,1077.9599609375,1077.9599609375,1025.70751953125,917.7890625,1007.826416015625
plastic_nut,plastic_nut/OK/S0339/plastic_nut_0339_OK_C5_20230930153627.jpg,plastic_nut::plastic_nut_0339_OK,5,source_calibration,OK,815.818115234375,811.82763671875,855.48779296875,891.5048828125,896.316162109375,856.786376953125,790.6298828125,834.368408203125,917.80419921875
plastic_nut,plastic_nut/OK/S0340/plastic_nut_0340_OK_C1_20230930153635.jpg,plastic_nut::plastic_nut_0340_OK,1,source_calibration,OK,995.077392578125,936.15576171875,1038.220458984375,939.0517578125,983.888916015625,780.552734375,896.255859375,896.255859375,854.34130859375
plastic_nut,plastic_nut/OK/S0340/plastic_nut_0340_OK_C2_20230930153635.jpg,plastic_nut::plastic_nut_0340_OK,2,source_calibration,OK,1395.209716796875,1341.74462890625,1373.692138671875,777.717041015625,839.9794921875,745.60986328125,805.054443359375,805.8291015625,918.58935546875
plastic_nut,plastic_nut/OK/S0340/plastic_nut_0340_OK_C3_20230930153635.jpg,plastic_nut::plastic_nut_0340_OK,3,source_calibration,OK,830.54150390625,842.75146484375,949.01513671875,793.3486328125,1065.359619140625,937.3486328125,792.3251953125,722.793701171875,927.7626953125
plastic_nut,plastic_nut/OK/S0340/plastic_nut_0340_OK_C4_20230930153635.jpg,plastic_nut::plastic_nut_0340_OK,4,source_calibration,OK,999.040283203125,999.040283203125,1031.150634765625,1197.48486328125,1165.29345703125,1168.75439453125,938.02392578125,874.048828125,961.8125
plastic_nut,plastic_nut/OK/S0340/plastic_nut_0340_OK_C5_20230930153635.jpg,plastic_nut::plastic_nut_0340_OK,5,source_calibration,OK,768.84619140625,817.705078125,856.78857421875,769.322509765625,741.06005859375,817.705078125,828.708984375,809.376708984375,886.572509765625
plastic_nut,plastic_nut/OK/S0346/plastic_nut_0346_OK_C1_20230930153745.jpg,plastic_nut::plastic_nut_0346_OK,1,source_calibration,OK,861.6845703125,909.1806640625,909.1806640625,817.86181640625,919.977783203125,922.551513671875,911.0478515625,971.32568359375,951.9873046875
plastic_nut,plastic_nut/OK/S0346/plastic_nut_0346_OK_C2_20230930153745.jpg,plastic_nut::plastic_nut_0346_OK,2,source_calibration,OK,1379.48486328125,1322.74169921875,1355.5732421875,1209.12890625,913.290283203125,1173.4619140625,860.177490234375,894.607421875,952.24755859375
plastic_nut,plastic_nut/OK/S0346/plastic_nut_0346_OK_C3_20230930153745.jpg,plastic_nut::plastic_nut_0346_OK,3,source_calibration,OK,1418.66455078125,1400.030029296875,1436.576171875,825.400634765625,751.112548828125,815.402587890625,754.82470703125,732.681396484375,837.455078125
plastic_nut,plastic_nut/OK/S0346/plastic_nut_0346_OK_C4_20230930153745.jpg,plastic_nut::plastic_nut_0346_OK,4,source_calibration,OK,865.6611328125,762.79150390625,831.026611328125,1008.154541015625,980.23828125,980.23828125,806.30029296875,772.73388671875,846.6982421875
plastic_nut,plastic_nut/OK/S0346/plastic_nut_0346_OK_C5_20230930153745.jpg,plastic_nut::plastic_nut_0346_OK,5,source_calibration,OK,795.90625,896.091796875,760.28515625,938.349365234375,870.641845703125,965.93994140625,1020.875,736.23291015625,818.4462890625
plastic_nut,plastic_nut/OK/S0357/plastic_nut_0357_OK_C1_20230930154014.jpg,plastic_nut::plastic_nut_0357_OK,1,source_calibration,OK,833.53466796875,979.3720703125,964.23486328125,889.809814453125,839.02099609375,963.949951171875,789.11962890625,839.02099609375,839.02099609375
plastic_nut,plastic_nut/OK/S0357/plastic_nut_0357_OK_C2_20230930154014.jpg,plastic_nut::plastic_nut_0357_OK,2,source_calibration,OK,987.033203125,996.78076171875,1063.58642578125,1015.8857421875,939.5849609375,915.1728515625,1050.184814453125,979.78271484375,958.499267578125
plastic_nut,plastic_nut/OK/S0357/plastic_nut_0357_OK_C3_20230930154014.jpg,plastic_nut::plastic_nut_0357_OK,3,source_calibration,OK,1398.651123046875,1372.389404296875,1413.42626953125,900.0849609375,863.85791015625,797.814208984375,942.689453125,870.57373046875,865.20751953125
plastic_nut,plastic_nut/OK/S0357/plastic_nut_0357_OK_C4_20230930154014.jpg,plastic_nut::plastic_nut_0357_OK,4,source_calibration,OK,895.001708984375,819.417724609375,853.259521484375,797.283203125,721.69189453125,819.2958984375,814.061767578125,897.326171875,787.282958984375
plastic_nut,plastic_nut/OK/S0357/plastic_nut_0357_OK_C5_20230930154014.jpg,plastic_nut::plastic_nut_0357_OK,5,source_calibration,OK,905.856689453125,853.03076171875,787.475830078125,787.475830078125,763.2490234375,765.928466796875,774.516845703125,790.0712890625,808.453369140625
plastic_nut,plastic_nut/OK/S0358/plastic_nut_0358_OK_C1_20230930154023.jpg,plastic_nut::plastic_nut_0358_OK,1,source_calibration,OK,846.3671875,962.505126953125,913.6943359375,846.3671875,835.01953125,856.57861328125,821.235595703125,801.8095703125,819.885009765625
plastic_nut,plastic_nut/OK/S0358/plastic_nut_0358_OK_C2_20230930154023.jpg,plastic_nut::plastic_nut_0358_OK,2,source_calibration,OK,823.571044921875,734.1611328125,748.173828125,820.63427734375,841.9228515625,771.01318359375,763.6962890625,861.786376953125,737.581298828125
plastic_nut,plastic_nut/OK/S0358/plastic_nut_0358_OK_C3_20230930154023.jpg,plastic_nut::plastic_nut_0358_OK,3,source_calibration,OK,1486.83056640625,1448.3623046875,1475.55810546875,781.43408203125,765.67626953125,740.48876953125,792.4638671875,936.230712890625,708.3583984375
plastic_nut,plastic_nut/OK/S0358/plastic_nut_0358_OK_C4_20230930154023.jpg,plastic_nut::plastic_nut_0358_OK,4,source_calibration,OK,767.8720703125,744.505859375,795.41748046875,754.710693359375,815.82275390625,803.40185546875,800.68701171875,759.662109375,831.6865234375
plastic_nut,plastic_nut/OK/S0358/plastic_nut_0358_OK_C5_20230930154023.jpg,plastic_nut::plastic_nut_0358_OK,5,source_calibration,OK,808.29931640625,830.9775390625,715.5654296875,799.6318359375,759.89990234375,732.08349609375,814.14208984375,818.037109375,757.806396484375
plastic_nut,plastic_nut/OK/S0360/plastic_nut_0360_OK_C1_20230930154055.jpg,plastic_nut::plastic_nut_0360_OK,1,source_calibration,OK,888.64501953125,988.30615234375,988.30615234375,890.3056640625,966.055908203125,914.5947265625,1042.7734375,858.429443359375,853.9482421875
plastic_nut,plastic_nut/OK/S0360/plastic_nut_0360_OK_C2_20230930154055.jpg,plastic_nut::plastic_nut_0360_OK,2,source_calibration,OK,901.365234375,901.365234375,937.9873046875,952.192138671875,898.42724609375,941.715087890625,943.7177734375,1012.772705078125,957.7294921875
plastic_nut,plastic_nut/OK/S0360/plastic_nut_0360_OK_C3_20230930154055.jpg,plastic_nut::plastic_nut_0360_OK,3,source_calibration,OK,1447.52783203125,1430.94384765625,1468.89453125,847.0,761.732666015625,799.91015625,778.287109375,829.7763671875,804.783203125
plastic_nut,plastic_nut/OK/S0360/plastic_nut_0360_OK_C4_20230930154055.jpg,plastic_nut::plastic_nut_0360_OK,4,source_calibration,OK,751.224609375,797.39111328125,821.15673828125,775.302978515625,778.5849609375,767.94873046875,866.48046875,752.0283203125,803.760498046875
plastic_nut,plastic_nut/OK/S0360/plastic_nut_0360_OK_C5_20230930154055.jpg,plastic_nut::plastic_nut_0360_OK,5,source_calibration,OK,992.2275390625,808.420654296875,817.81591796875,846.84326171875,790.06298828125,933.00732421875,822.179443359375,822.179443359375,788.3671875
plastic_nut,plastic_nut/OK/S0362/plastic_nut_0362_OK_C1_20230930154112.jpg,plastic_nut::plastic_nut_0362_OK,1,source_calibration,OK,808.81591796875,984.32275390625,984.32275390625,896.814453125,896.814453125,896.814453125,1049.447998046875,1034.53369140625,1034.53369140625
plastic_nut,plastic_nut/OK/S0362/plastic_nut_0362_OK_C2_20230930154112.jpg,plastic_nut::plastic_nut_0362_OK,2,source_calibration,OK,713.2724609375,764.533203125,715.3173828125,744.56201171875,778.14794921875,756.196044921875,737.937255859375,766.5283203125,768.01806640625
plastic_nut,plastic_nut/OK/S0362/plastic_nut_0362_OK_C3_20230930154112.jpg,plastic_nut::plastic_nut_0362_OK,3,source_calibration,OK,1403.8232421875,1388.38330078125,1438.3525390625,780.78271484375,823.3974609375,823.8740234375,888.8837890625,798.23681640625,817.562744140625
plastic_nut,plastic_nut/OK/S0362/plastic_nut_0362_OK_C4_20230930154112.jpg,plastic_nut::plastic_nut_0362_OK,4,source_calibration,OK,761.9970703125,705.134033203125,792.6376953125,762.689453125,712.19580078125,802.15771484375,799.298828125,837.281494140625,738.35498046875
plastic_nut,plastic_nut/OK/S0362/plastic_nut_0362_OK_C5_20230930154112.jpg,plastic_nut::plastic_nut_0362_OK,5,source_calibration,OK,742.66162109375,805.13134765625,827.858154296875,922.981689453125,876.7001953125,919.8681640625,775.166259765625,809.265869140625,830.40478515625
plastic_nut,plastic_nut/OK/S0373/plastic_nut_0373_OK_C1_20230930154354.jpg,plastic_nut::plastic_nut_0373_OK,1,source_calibration,OK,977.77197265625,1094.8125,1094.8125,913.630126953125,922.9794921875,903.55859375,990.04052734375,840.893310546875,958.880615234375
plastic_nut,plastic_nut/OK/S0373/plastic_nut_0373_OK_C2_20230930154354.jpg,plastic_nut::plastic_nut_0373_OK,2,source_calibration,OK,977.83154296875,977.83154296875,1015.041748046875,926.587890625,934.95166015625,904.283935546875,921.88720703125,934.361572265625,939.89208984375
plastic_nut,plastic_nut/OK/S0373/plastic_nut_0373_OK_C3_20230930154354.jpg,plastic_nut::plastic_nut_0373_OK,3,source_calibration,OK,1426.0078125,1402.6513671875,1436.398681640625,1182.26416015625,1190.3232421875,1182.26416015625,1057.391845703125,1097.088623046875,1121.564453125
plastic_nut,plastic_nut/OK/S0373/plastic_nut_0373_OK_C4_20230930154354.jpg,plastic_nut::plastic_nut_0373_OK,4,source_calibration,OK,903.935546875,903.935546875,842.51123046875,945.1337890625,876.0126953125,881.08740234375,974.793701171875,896.77587890625,906.62890625
plastic_nut,plastic_nut/OK/S0373/plastic_nut_0373_OK_C5_20230930154354.jpg,plastic_nut::plastic_nut_0373_OK,5,source_calibration,OK,916.512451171875,855.803466796875,855.803466796875,814.230712890625,853.174560546875,814.230712890625,773.4208984375,867.05712890625,786.372802734375
plastic_nut,plastic_nut/OK/S0377/plastic_nut_0377_OK_C1_20230930154459.jpg,plastic_nut::plastic_nut_0377_OK,1,source_calibration,OK,833.94091796875,976.2705078125,918.083984375,916.755126953125,1011.72265625,890.876953125,921.630126953125,1160.120361328125,865.72216796875
plastic_nut,plastic_nut/OK/S0377/plastic_nut_0377_OK_C2_20230930154459.jpg,plastic_nut::plastic_nut_0377_OK,2,source_calibration,OK,808.0498046875,915.164794921875,770.62890625,1000.38134765625,868.96826171875,866.30322265625,830.51708984375,792.64111328125,762.8193359375
plastic_nut,plastic_nut/OK/S0377/plastic_nut_0377_OK_C3_20230930154459.jpg,plastic_nut::plastic_nut_0377_OK,3,source_calibration,OK,1209.2431640625,1206.46337890625,1279.4541015625,698.916015625,879.480712890625,899.90625,852.685302734375,776.5947265625,895.395751953125
plastic_nut,plastic_nut/OK/S0377/plastic_nut_0377_OK_C4_20230930154459.jpg,plastic_nut::plastic_nut_0377_OK,4,source_calibration,OK,928.27978515625,1100.35107421875,966.3466796875,796.020263671875,850.831298828125,805.0185546875,798.13671875,798.13671875,798.13671875
plastic_nut,plastic_nut/OK/S0377/plastic_nut_0377_OK_C5_20230930154459.jpg,plastic_nut::plastic_nut_0377_OK,5,source_calibration,OK,907.57470703125,863.588623046875,896.04638671875,840.166748046875,882.46630859375,966.943115234375,984.2412109375,770.61474609375,985.16845703125
plastic_nut,plastic_nut/OK/S0411/plastic_nut_0411_OK_C1_20230930155900.jpg,plastic_nut::plastic_nut_0411_OK,1,source_calibration,OK,1007.047607421875,1001.9326171875,961.467529296875,1002.416015625,899.06787109375,803.6513671875,1092.52880859375,942.5263671875,918.265380859375
plastic_nut,plastic_nut/OK/S0411/plastic_nut_0411_OK_C2_20230930155900.jpg,plastic_nut::plastic_nut_0411_OK,2,source_calibration,OK,852.04296875,852.04296875,867.83349609375,897.099853515625,763.794189453125,751.971923828125,801.39697265625,783.45458984375,753.04833984375
plastic_nut,plastic_nut/OK/S0411/plastic_nut_0411_OK_C3_20230930155900.jpg,plastic_nut::plastic_nut_0411_OK,3,source_calibration,OK,914.64111328125,990.8828125,990.8828125,839.89111328125,793.772705078125,838.09765625,829.830322265625,854.72607421875,789.921875
plastic_nut,plastic_nut/OK/S0411/plastic_nut_0411_OK_C4_20230930155900.jpg,plastic_nut::plastic_nut_0411_OK,4,source_calibration,OK,880.4609375,909.012451171875,807.86376953125,800.7275390625,930.87158203125,911.994140625,981.52880859375,750.09521484375,800.42236328125
plastic_nut,plastic_nut/OK/S0411/plastic_nut_0411_OK_C5_20230930155900.jpg,plastic_nut::plastic_nut_0411_OK,5,source_calibration,OK,842.47607421875,845.7548828125,854.50830078125,806.755859375,806.755859375,810.392578125,899.9541015625,865.071533203125,840.3740234375
plastic_nut,plastic_nut/OK/S0412/plastic_nut_0412_OK_C1_20230930155913.jpg,plastic_nut::plastic_nut_0412_OK,1,source_calibration,OK,1120.2275390625,1145.05419921875,1145.05419921875,1103.147216796875,1103.147216796875,1041.4033203125,981.845947265625,899.223388671875,899.223388671875
plastic_nut,plastic_nut/OK/S0412/plastic_nut_0412_OK_C2_20230930155913.jpg,plastic_nut::plastic_nut_0412_OK,2,source_calibration,OK,926.87646484375,981.64892578125,933.38623046875,854.0859375,983.036376953125,873.11669921875,793.087890625,915.020263671875,871.2666015625
plastic_nut,plastic_nut/OK/S0412/plastic_nut_0412_OK_C3_20230930155913.jpg,plastic_nut::plastic_nut_0412_OK,3,source_calibration,OK,960.505126953125,916.049560546875,960.505126953125,895.53076171875,1010.353759765625,895.53076171875,976.941650390625,976.941650390625,1000.103515625
plastic_nut,plastic_nut/OK/S0412/plastic_nut_0412_OK_C4_20230930155913.jpg,plastic_nut::plastic_nut_0412_OK,4,source_calibration,OK,970.586669921875,969.302734375,973.91943359375,1002.179443359375,1043.14013671875,1003.367431640625,971.529052734375,971.529052734375,837.4462890625
plastic_nut,plastic_nut/OK/S0412/plastic_nut_0412_OK_C5_20230930155913.jpg,plastic_nut::plastic_nut_0412_OK,5,source_calibration,OK,1095.2470703125,1117.75439453125,1094.357421875,884.8076171875,895.734619140625,799.108154296875,804.9453125,725.61474609375,902.71484375
plastic_nut,plastic_nut/OK/S0415/plastic_nut_0415_OK_C1_20230930155950.jpg,plastic_nut::plastic_nut_0415_OK,1,source_calibration,OK,937.31689453125,1046.181640625,945.71728515625,951.67919921875,951.67919921875,1013.3857421875,905.058837890625,993.3876953125,890.4765625
plastic_nut,plastic_nut/OK/S0415/plastic_nut_0415_OK_C2_20230930155950.jpg,plastic_nut::plastic_nut_0415_OK,2,source_calibration,OK,772.816162109375,784.65087890625,715.8076171875,752.218017578125,786.94189453125,737.135498046875,735.583740234375,707.98193359375,819.955078125
plastic_nut,plastic_nut/OK/S0415/plastic_nut_0415_OK_C3_20230930155950.jpg,plastic_nut::plastic_nut_0415_OK,3,source_calibration,OK,1210.94873046875,1210.94873046875,999.390625,969.42578125,1235.201416015625,969.42578125,970.341796875,1144.142578125,970.341796875
plastic_nut,plastic_nut/OK/S0415/plastic_nut_0415_OK_C4_20230930155950.jpg,plastic_nut::plastic_nut_0415_OK,4,source_calibration,OK,936.8388671875,742.26611328125,787.841552734375,856.125,856.125,856.125,893.593994140625,817.5537109375,846.00830078125
plastic_nut,plastic_nut/OK/S0415/plastic_nut_0415_OK_C5_20230930155950.jpg,plastic_nut::plastic_nut_0415_OK,5,source_calibration,OK,829.48046875,841.99560546875,829.3154296875,755.970703125,797.69677734375,905.525146484375,785.9306640625,795.5986328125,749.54052734375
plastic_nut,plastic_nut/OK/S0417/plastic_nut_0417_OK_C1_20230930160012.jpg,plastic_nut::plastic_nut_0417_OK,1,source_calibration,OK,1379.5390625,1379.5390625,1379.5390625,898.16845703125,849.46240234375,1000.34130859375,1282.40966796875,1465.254638671875,1282.40966796875
plastic_nut,plastic_nut/OK/S0417/plastic_nut_0417_OK_C2_20230930160012.jpg,plastic_nut::plastic_nut_0417_OK,2,source_calibration,OK,907.5166015625,907.5166015625,926.41943359375,894.53759765625,894.53759765625,894.53759765625,785.449462890625,772.84326171875,763.3115234375
plastic_nut,plastic_nut/OK/S0417/plastic_nut_0417_OK_C3_20230930160012.jpg,plastic_nut::plastic_nut_0417_OK,3,source_calibration,OK,947.4189453125,1006.64208984375,966.137451171875,899.47412109375,1005.78857421875,1054.04345703125,954.7470703125,946.458984375,1010.795654296875
plastic_nut,plastic_nut/OK/S0417/plastic_nut_0417_OK_C4_20230930160012.jpg,plastic_nut::plastic_nut_0417_OK,4,source_calibration,OK,1075.1953125,1146.414306640625,967.43115234375,1025.10009765625,1183.294677734375,1025.10009765625,1213.71630859375,1074.33251953125,1069.780029296875
plastic_nut,plastic_nut/OK/S0417/plastic_nut_0417_OK_C5_20230930160012.jpg,plastic_nut::plastic_nut_0417_OK,5,source_calibration,OK,1221.64990234375,1265.67333984375,1237.44921875,797.3291015625,752.99072265625,808.90234375,823.55712890625,797.65283203125,786.644775390625
plastic_nut,plastic_nut/OK/S0425/plastic_nut_0425_OK_C1_20230930160213.jpg,plastic_nut::plastic_nut_0425_OK,1,source_calibration,OK,854.751953125,1147.98681640625,1040.53466796875,965.046875,860.432861328125,849.3330078125,1089.84423828125,850.149169921875,847.983154296875
plastic_nut,plastic_nut/OK/S0425/plastic_nut_0425_OK_C2_20230930160213.jpg,plastic_nut::plastic_nut_0425_OK,2,source_calibration,OK,768.13330078125,764.6357421875,775.40966796875,778.778564453125,827.4375,775.125,757.3623046875,726.7099609375,759.5029296875
plastic_nut,plastic_nut/OK/S0425/plastic_nut_0425_OK_C3_20230930160213.jpg,plastic_nut::plastic_nut_0425_OK,3,source_calibration,OK,969.621337890625,969.621337890625,932.381591796875,920.525146484375,926.0810546875,1000.513671875,886.828125,933.587646484375,796.843505859375
plastic_nut,plastic_nut/OK/S0425/plastic_nut_0425_OK_C4_20230930160213.jpg,plastic_nut::plastic_nut_0425_OK,4,source_calibration,OK,959.603515625,866.37060546875,838.20654296875,891.50146484375,1072.82568359375,891.50146484375,815.75732421875,896.47607421875,798.0419921875
plastic_nut,plastic_nut/OK/S0425/plastic_nut_0425_OK_C5_20230930160213.jpg,plastic_nut::plastic_nut_0425_OK,5,source_calibration,OK,730.511962890625,837.7890625,884.8115234375,730.25537109375,728.51513671875,748.78173828125,732.20068359375,792.34814453125,786.20947265625
plastic_nut,plastic_nut/OK/S0429/plastic_nut_0429_OK_C1_20230930160516.jpg,plastic_nut::plastic_nut_0429_OK,1,source_calibration,OK,874.055908203125,973.5927734375,973.5927734375,980.071533203125,983.554931640625,928.35400390625,959.136962890625,954.532470703125,1011.876708984375
plastic_nut,plastic_nut/OK/S0429/plastic_nut_0429_OK_C2_20230930160516.jpg,plastic_nut::plastic_nut_0429_OK,2,source_calibration,OK,1386.04052734375,1380.06787109375,1389.5185546875,914.7177734375,833.30419921875,754.32373046875,984.905029296875,960.55908203125,911.585693359375
plastic_nut,plastic_nut/OK/S0429/plastic_nut_0429_OK_C3_20230930160516.jpg,plastic_nut::plastic_nut_0429_OK,3,source_calibration,OK,815.01806640625,753.575439453125,901.75537109375,815.78125,912.366455078125,790.99560546875,743.451171875,818.28759765625,836.08642578125
plastic_nut,plastic_nut/OK/S0429/plastic_nut_0429_OK_C4_20230930160516.jpg,plastic_nut::plastic_nut_0429_OK,4,source_calibration,OK,824.739990234375,946.89794921875,853.712890625,893.5068359375,721.75634765625,836.001953125,962.95263671875,903.361572265625,793.85595703125
plastic_nut,plastic_nut/OK/S0429/plastic_nut_0429_OK_C5_20230930160516.jpg,plastic_nut::plastic_nut_0429_OK,5,source_calibration,OK,753.988037109375,791.5078125,753.988037109375,749.75830078125,831.6943359375,705.8994140625,772.3408203125,794.653076171875,772.5107421875
plastic_nut,plastic_nut/OK/S0433/plastic_nut_0433_OK_C1_20230930160743.jpg,plastic_nut::plastic_nut_0433_OK,1,source_calibration,OK,960.629150390625,966.39013671875,980.60693359375,1037.375,889.831298828125,853.23291015625,962.927490234375,962.927490234375,933.195068359375
plastic_nut,plastic_nut/OK/S0433/plastic_nut_0433_OK_C2_20230930160743.jpg,plastic_nut::plastic_nut_0433_OK,2,source_calibration,OK,846.92578125,814.96728515625,862.346923828125,860.04931640625,817.02001953125,860.04931640625,803.9931640625,872.191162109375,903.48779296875
plastic_nut,plastic_nut/OK/S0433/plastic_nut_0433_OK_C3_20230930160743.jpg,plastic_nut::plastic_nut_0433_OK,3,source_calibration,OK,1036.08642578125,1021.439453125,1060.63720703125,902.4267578125,892.281982421875,940.3232421875,928.24072265625,893.8095703125,883.62939453125
plastic_nut,plastic_nut/OK/S0433/plastic_nut_0433_OK_C4_20230930160743.jpg,plastic_nut::plastic_nut_0433_OK,4,source_calibration,OK,1203.744873046875,1052.9853515625,1052.9853515625,885.708251953125,885.708251953125,748.57177734375,987.9609375,815.9697265625,1119.9755859375
plastic_nut,plastic_nut/OK/S0433/plastic_nut_0433_OK_C5_20230930160743.jpg,plastic_nut::plastic_nut_0433_OK,5,source_calibration,OK,852.51513671875,828.52294921875,848.65087890625,823.9248046875,749.806640625,831.68310546875,858.27294921875,906.1884765625,816.307861328125
plastic_nut,plastic_nut/OK/S0434/plastic_nut_0434_OK_C1_20230930160824.jpg,plastic_nut::plastic_nut_0434_OK,1,source_calibration,OK,831.251708984375,1453.458740234375,1402.4267578125,924.12451171875,841.174560546875,923.77880859375,934.898193359375,904.00341796875,915.5302734375
plastic_nut,plastic_nut/OK/S0434/plastic_nut_0434_OK_C2_20230930160824.jpg,plastic_nut::plastic_nut_0434_OK,2,source_calibration,OK,880.33740234375,836.845703125,841.29345703125,900.573974609375,778.129150390625,863.997802734375,929.0439453125,829.974853515625,926.65478515625
plastic_nut,plastic_nut/OK/S0434/plastic_nut_0434_OK_C3_20230930160824.jpg,plastic_nut::plastic_nut_0434_OK,3,source_calibration,OK,1060.328369140625,1059.701416015625,906.26416015625,933.466552734375,900.7841796875,914.705078125,893.49365234375,834.64599609375,869.334228515625
plastic_nut,plastic_nut/OK/S0434/plastic_nut_0434_OK_C4_20230930160824.jpg,plastic_nut::plastic_nut_0434_OK,4,source_calibration,OK,1204.12255859375,1204.12255859375,1204.12255859375,868.868408203125,912.048828125,713.869140625,859.943359375,917.94921875,810.747802734375
plastic_nut,plastic_nut/OK/S0434/plastic_nut_0434_OK_C5_20230930160824.jpg,plastic_nut::plastic_nut_0434_OK,5,source_calibration,OK,760.10791015625,845.34814453125,837.180419921875,877.36669921875,890.685791015625,873.9609375,837.15625,873.3720703125,843.251708984375
plastic_nut,plastic_nut/OK/S0458/plastic_nut_0458_OK_C1_20230930162131.jpg,plastic_nut::plastic_nut_0458_OK,1,source_calibration,OK,1106.28271484375,1111.79638671875,1111.79638671875,1027.746826171875,1123.76416015625,1037.28515625,905.947265625,981.1474609375,910.23974609375
plastic_nut,plastic_nut/OK/S0458/plastic_nut_0458_OK_C2_20230930162131.jpg,plastic_nut::plastic_nut_0458_OK,2,source_calibration,OK,757.787353515625,837.77783203125,788.0830078125,893.9580078125,800.115478515625,876.29150390625,823.77783203125,876.0087890625,864.83740234375
plastic_nut,plastic_nut/OK/S0458/plastic_nut_0458_OK_C3_20230930162131.jpg,plastic_nut::plastic_nut_0458_OK,3,source_calibration,OK,799.888916015625,876.7109375,887.258544921875,741.81982421875,775.39794921875,843.70068359375,842.06689453125,777.427490234375,876.138671875
plastic_nut,plastic_nut/OK/S0458/plastic_nut_0458_OK_C4_20230930162131.jpg,plastic_nut::plastic_nut_0458_OK,4,source_calibration,OK,1022.39599609375,1057.84130859375,978.203125,1017.5029296875,1137.20263671875,970.28369140625,1109.866943359375,1022.080078125,924.433837890625
plastic_nut,plastic_nut/OK/S0458/plastic_nut_0458_OK_C5_20230930162131.jpg,plastic_nut::plastic_nut_0458_OK,5,source_calibration,OK,918.4228515625,926.0244140625,924.384765625,806.50732421875,888.573486328125,888.573486328125,993.00146484375,867.07958984375,993.00146484375
plastic_nut,plastic_nut/OK/S0464/plastic_nut_0464_OK_C1_20230930162227.jpg,plastic_nut::plastic_nut_0464_OK,1,source_calibration,OK,1195.29248046875,1195.29248046875,1195.29248046875,1016.73876953125,993.7626953125,1033.052001953125,908.90869140625,905.27587890625,961.008544921875
plastic_nut,plastic_nut/OK/S0464/plastic_nut_0464_OK_C2_20230930162227.jpg,plastic_nut::plastic_nut_0464_OK,2,source_calibration,OK,804.802734375,804.802734375,898.342041015625,870.00927734375,841.2138671875,985.58056640625,877.050048828125,847.325439453125,893.607421875
plastic_nut,plastic_nut/OK/S0464/plastic_nut_0464_OK_C3_20230930162227.jpg,plastic_nut::plastic_nut_0464_OK,3,source_calibration,OK,867.05615234375,911.748046875,918.832275390625,970.1259765625,906.734375,923.90576171875,891.927734375,859.41650390625,876.79443359375
plastic_nut,plastic_nut/OK/S0464/plastic_nut_0464_OK_C4_20230930162227.jpg,plastic_nut::plastic_nut_0464_OK,4,source_calibration,OK,785.95703125,785.95703125,795.9775390625,869.03466796875,760.387939453125,837.20263671875,887.634033203125,776.8115234375,762.84375
plastic_nut,plastic_nut/OK/S0464/plastic_nut_0464_OK_C5_20230930162227.jpg,plastic_nut::plastic_nut_0464_OK,5,source_calibration,OK,981.84326171875,825.80908203125,929.2119140625,981.84326171875,805.666015625,836.82861328125,867.20068359375,750.895751953125,870.482177734375
plastic_nut,plastic_nut/OK/S0469/plastic_nut_0469_OK_C1_20230930162341.jpg,plastic_nut::plastic_nut_0469_OK,1,source_calibration,OK,968.196533203125,950.348876953125,886.832763671875,967.065185546875,967.065185546875,990.3447265625,981.5830078125,929.860595703125,772.89306640625
plastic_nut,plastic_nut/OK/S0469/plastic_nut_0469_OK_C2_20230930162341.jpg,plastic_nut::plastic_nut_0469_OK,2,source_calibration,OK,751.079345703125,768.07568359375,765.2177734375,817.657470703125,775.25634765625,779.804443359375,756.788330078125,738.63232421875,775.228515625
plastic_nut,plastic_nut/OK/S0469/plastic_nut_0469_OK_C3_20230930162341.jpg,plastic_nut::plastic_nut_0469_OK,3,source_calibration,OK,979.509765625,907.028076171875,856.73583984375,856.73583984375,867.299072265625,799.7822265625,862.97314453125,772.5537109375,830.7841796875
plastic_nut,plastic_nut/OK/S0469/plastic_nut_0469_OK_C4_20230930162341.jpg,plastic_nut::plastic_nut_0469_OK,4,source_calibration,OK,817.056396484375,869.99755859375,783.91748046875,806.55126953125,788.334716796875,776.107666015625,771.296875,767.510498046875,775.22900390625
plastic_nut,plastic_nut/OK/S0469/plastic_nut_0469_OK_C5_20230930162341.jpg,plastic_nut::plastic_nut_0469_OK,5,source_calibration,OK,811.96484375,812.818359375,846.27978515625,949.9658203125,947.048583984375,979.682373046875,1111.75341796875,990.268310546875,938.09912109375
plastic_nut,plastic_nut/OK/S0471/plastic_nut_0471_OK_C1_20230930162357.jpg,plastic_nut::plastic_nut_0471_OK,1,source_calibration,OK,847.479736328125,797.342041015625,866.01806640625,914.11669921875,853.46240234375,892.73046875,831.68359375,826.83837890625,769.01123046875
plastic_nut,plastic_nut/OK/S0471/plastic_nut_0471_OK_C2_20230930162357.jpg,plastic_nut::plastic_nut_0471_OK,2,source_calibration,OK,818.739501953125,913.00634765625,992.120361328125,1027.915283203125,989.56787109375,897.3134765625,744.5087890625,714.54150390625,806.8583984375
plastic_nut,plastic_nut/OK/S0471/plastic_nut_0471_OK_C3_20230930162357.jpg,plastic_nut::plastic_nut_0471_OK,3,source_calibration,OK,818.542724609375,813.718505859375,837.099609375,876.3388671875,832.425537109375,835.056640625,800.208984375,775.469970703125,814.002685546875
plastic_nut,plastic_nut/OK/S0471/plastic_nut_0471_OK_C4_20230930162357.jpg,plastic_nut::plastic_nut_0471_OK,4,source_calibration,OK,838.0537109375,878.918212890625,841.8837890625,847.6162109375,826.13232421875,753.29150390625,812.6845703125,869.970458984375,839.66357421875
plastic_nut,plastic_nut/OK/S0471/plastic_nut_0471_OK_C5_20230930162357.jpg,plastic_nut::plastic_nut_0471_OK,5,source_calibration,OK,961.399658203125,961.399658203125,1006.83056640625,967.886474609375,967.886474609375,1021.649169921875,1029.53466796875,1032.33447265625,1114.774658203125
plastic_nut,plastic_nut/OK/S0476/plastic_nut_0476_OK_C1_20230930162451.jpg,plastic_nut::plastic_nut_0476_OK,1,source_calibration,OK,924.3525390625,1011.75390625,920.838134765625,994.98681640625,1046.839111328125,952.4482421875,880.3134765625,854.19287109375,859.7412109375
plastic_nut,plastic_nut/OK/S0476/plastic_nut_0476_OK_C2_20230930162451.jpg,plastic_nut::plastic_nut_0476_OK,2,source_calibration,OK,830.746826171875,910.98974609375,785.39794921875,942.134765625,919.4765625,919.4765625,841.6142578125,917.732421875,887.699462890625
plastic_nut,plastic_nut/OK/S0476/plastic_nut_0476_OK_C3_20230930162451.jpg,plastic_nut::plastic_nut_0476_OK,3,source_calibration,OK,868.11328125,844.2412109375,1002.14013671875,1037.813232421875,1036.59326171875,868.74267578125,910.7080078125,913.74462890625,988.862548828125
plastic_nut,plastic_nut/OK/S0476/plastic_nut_0476_OK_C4_20230930162451.jpg,plastic_nut::plastic_nut_0476_OK,4,source_calibration,OK,787.04296875,787.04296875,840.22705078125,756.736328125,801.82080078125,800.19384765625,912.80224609375,787.04296875,787.04296875
plastic_nut,plastic_nut/OK/S0476/plastic_nut_0476_OK_C5_20230930162451.jpg,plastic_nut::plastic_nut_0476_OK,5,source_calibration,OK,917.679443359375,881.84814453125,870.154296875,855.1044921875,855.1044921875,855.1044921875,840.77587890625,786.97314453125,747.3447265625
plastic_nut,plastic_nut/OK/S0487/plastic_nut_0487_OK_C1_20230930162648.jpg,plastic_nut::plastic_nut_0487_OK,1,source_calibration,OK,1308.46240234375,1308.46240234375,1308.46240234375,1348.899169921875,1326.8369140625,1348.899169921875,1274.10009765625,1416.2685546875,1308.46240234375
plastic_nut,plastic_nut/OK/S0487/plastic_nut_0487_OK_C2_20230930162648.jpg,plastic_nut::plastic_nut_0487_OK,2,source_calibration,OK,950.834716796875,922.8310546875,946.150634765625,941.05908203125,1004.0478515625,941.05908203125,902.28271484375,1027.89990234375,1027.89990234375
plastic_nut,plastic_nut/OK/S0487/plastic_nut_0487_OK_C3_20230930162648.jpg,plastic_nut::plastic_nut_0487_OK,3,source_calibration,OK,939.58935546875,874.66015625,834.6171875,756.706298828125,850.876953125,781.1015625,812.4658203125,841.334228515625,870.09228515625
plastic_nut,plastic_nut/OK/S0487/plastic_nut_0487_OK_C4_20230930162648.jpg,plastic_nut::plastic_nut_0487_OK,4,source_calibration,OK,812.58740234375,829.684326171875,867.44189453125,851.502685546875,841.01513671875,851.502685546875,826.40966796875,861.8115234375,909.171630859375
plastic_nut,plastic_nut/OK/S0487/plastic_nut_0487_OK_C5_20230930162648.jpg,plastic_nut::plastic_nut_0487_OK,5,source_calibration,OK,996.728515625,996.728515625,1041.063720703125,996.728515625,943.78857421875,996.728515625,926.6513671875,926.6513671875,926.6513671875
plastic_nut,plastic_nut/OK/S0492/plastic_nut_0492_OK_C1_20230930162755.jpg,plastic_nut::plastic_nut_0492_OK,1,source_calibration,OK,984.5361328125,942.692138671875,984.5361328125,973.421630859375,968.15380859375,993.80908203125,1065.08056640625,1065.275390625,1065.08056640625
plastic_nut,plastic_nut/OK/S0492/plastic_nut_0492_OK_C2_20230930162755.jpg,plastic_nut::plastic_nut_0492_OK,2,source_calibration,OK,1024.40673828125,1024.40673828125,942.68310546875,872.77978515625,885.03125,1032.2783203125,1064.8427734375,1057.793212890625,995.890625
plastic_nut,plastic_nut/OK/S0492/plastic_nut_0492_OK_C3_20230930162755.jpg,plastic_nut::plastic_nut_0492_OK,3,source_calibration,OK,841.4033203125,799.73681640625,851.29296875,881.71533203125,800.65869140625,833.131591796875,813.1767578125,912.98681640625,852.171142578125
plastic_nut,plastic_nut/OK/S0492/plastic_nut_0492_OK_C4_20230930162755.jpg,plastic_nut::plastic_nut_0492_OK,4,source_calibration,OK,961.47314453125,771.85302734375,815.3349609375,783.380859375,760.90673828125,771.0341796875,870.74560546875,814.05859375,744.55517578125
plastic_nut,plastic_nut/OK/S0492/plastic_nut_0492_OK_C5_20230930162755.jpg,plastic_nut::plastic_nut_0492_OK,5,source_calibration,OK,828.36279296875,1108.37890625,1109.50390625,974.8408203125,1015.4208984375,894.13232421875,1133.536865234375,1207.7646484375,1048.9208984375
plastic_nut,plastic_nut/OK/S0500/plastic_nut_0500_OK_C1_20230930163009.jpg,plastic_nut::plastic_nut_0500_OK,1,source_calibration,OK,1621.97265625,1621.97265625,1621.97265625,968.13818359375,1059.608642578125,928.96044921875,1022.58642578125,835.837890625,1153.216064453125
plastic_nut,plastic_nut/OK/S0500/plastic_nut_0500_OK_C2_20230930163009.jpg,plastic_nut::plastic_nut_0500_OK,2,source_calibration,OK,803.14501953125,985.883056640625,806.87451171875,925.95458984375,894.167236328125,834.703369140625,908.6201171875,884.20947265625,857.254150390625
plastic_nut,plastic_nut/OK/S0500/plastic_nut_0500_OK_C3_20230930163009.jpg,plastic_nut::plastic_nut_0500_OK,3,source_calibration,OK,1238.6279296875,1197.6796875,1200.9853515625,928.865478515625,948.374755859375,896.547607421875,842.02978515625,894.725341796875,881.80224609375
plastic_nut,plastic_nut/OK/S0500/plastic_nut_0500_OK_C4_20230930163009.jpg,plastic_nut::plastic_nut_0500_OK,4,source_calibration,OK,814.46875,855.27392578125,858.897216796875,927.2119140625,819.8056640625,944.26806640625,832.310546875,800.868896484375,1055.20068359375
plastic_nut,plastic_nut/OK/S0500/plastic_nut_0500_OK_C5_20230930163009.jpg,plastic_nut::plastic_nut_0500_OK,5,source_calibration,OK,1133.379150390625,1160.224853515625,1136.57080078125,734.30615234375,913.28759765625,764.421142578125,855.7490234375,840.059814453125,805.85595703125
plastic_nut,plastic_nut/NG/QS/S0001/plastic_nut_0001_NG_QS_C1_20231004112421.jpg,plastic_nut::plastic_nut_0001_NG_QS,1,development,QS,1192.57763671875,1167.83251953125,1205.8525390625,1456.456298828125,1429.37890625,1429.37890625,1248.12646484375,1268.21826171875,1268.21826171875
plastic_nut,plastic_nut/NG/QS/S0001/plastic_nut_0001_NG_QS_C2_20231004112421.jpg,plastic_nut::plastic_nut_0001_NG_QS,2,development,QS,1270.598388671875,1270.598388671875,1364.4912109375,1339.97216796875,1294.758056640625,1333.7119140625,1309.25537109375,1436.858154296875,1465.625244140625
plastic_nut,plastic_nut/NG/QS/S0001/plastic_nut_0001_NG_QS_C3_20231004112421.jpg,plastic_nut::plastic_nut_0001_NG_QS,3,development,QS,1282.18310546875,1282.18310546875,1194.9423828125,1291.365966796875,1291.365966796875,1291.365966796875,1090.228515625,1090.228515625,1005.70654296875
plastic_nut,plastic_nut/NG/QS/S0001/plastic_nut_0001_NG_QS_C4_20231004112421.jpg,plastic_nut::plastic_nut_0001_NG_QS,4,development,QS,1478.7587890625,1478.7587890625,1478.7587890625,1415.1630859375,1380.16455078125,1415.1630859375,1384.62841796875,1392.2451171875,1463.0791015625
plastic_nut,plastic_nut/NG/QS/S0001/plastic_nut_0001_NG_QS_C5_20231004112421.jpg,plastic_nut::plastic_nut_0001_NG_QS,5,development,QS,1078.48193359375,1122.743408203125,1248.64453125,1198.27490234375,1162.89453125,1234.51611328125,1164.222900390625,1164.222900390625,1164.222900390625
plastic_nut,plastic_nut/NG/ZW/S0001/plastic_nut_0001_NG_ZW_C1_20231004093218.jpg,plastic_nut::plastic_nut_0001_NG_ZW,1,development,OK,1012.1455078125,988.6484375,1012.1455078125,1039.2802734375,1039.2802734375,1039.2802734375,1065.349365234375,1320.318115234375,1071.1435546875
plastic_nut,plastic_nut/NG/ZW/S0001/plastic_nut_0001_NG_ZW_C2_20231004093218.jpg,plastic_nut::plastic_nut_0001_NG_ZW,2,development,OK,991.213623046875,991.213623046875,1013.04248046875,772.322998046875,747.4560546875,810.944580078125,817.917724609375,816.236572265625,979.5439453125
plastic_nut,plastic_nut/NG/ZW/S0001/plastic_nut_0001_NG_ZW_C3_20231004093218.jpg,plastic_nut::plastic_nut_0001_NG_ZW,3,development,ZW,1512.916015625,1568.72802734375,1568.72802734375,1409.611083984375,1409.611083984375,1409.611083984375,1606.764404296875,1606.764404296875,1606.764404296875
plastic_nut,plastic_nut/NG/ZW/S0001/plastic_nut_0001_NG_ZW_C4_20231004093218.jpg,plastic_nut::plastic_nut_0001_NG_ZW,4,development,OK,1000.00244140625,1000.00244140625,1000.00244140625,802.41162109375,1061.67724609375,818.34521484375,861.5908203125,779.43212890625,733.773193359375
plastic_nut,plastic_nut/NG/ZW/S0001/plastic_nut_0001_NG_ZW_C5_20231004093218.jpg,plastic_nut::plastic_nut_0001_NG_ZW,5,development,OK,882.76708984375,797.639404296875,904.850341796875,746.45654296875,823.88818359375,785.25048828125,908.14892578125,927.3056640625,908.14892578125
plastic_nut,plastic_nut/NG/HS/S0002/plastic_nut_0002_NG_HS_C1_20231004103236.jpg,plastic_nut::plastic_nut_0002_NG_HS,1,development,OK,1520.426025390625,1531.44287109375,1403.30224609375,884.84228515625,1004.598876953125,1183.462890625,889.050537109375,919.2421875,886.041748046875
plastic_nut,plastic_nut/NG/HS/S0002/plastic_nut_0002_NG_HS_C2_20231004103236.jpg,plastic_nut::plastic_nut_0002_NG_HS,2,development,OK,1145.912353515625,1197.660888671875,1197.660888671875,1200.60888671875,907.136474609375,1239.25634765625,814.77880859375,905.99072265625,792.74560546875
plastic_nut,plastic_nut/NG/HS/S0002/plastic_nut_0002_NG_HS_C3_20231004103236.jpg,plastic_nut::plastic_nut_0002_NG_HS,3,development,HS,1568.942626953125,1545.55810546875,1580.07666015625,1143.68896484375,1143.68896484375,1102.85205078125,998.851806640625,998.851806640625,998.851806640625
plastic_nut,plastic_nut/NG/HS/S0002/plastic_nut_0002_NG_HS_C4_20231004103236.jpg,plastic_nut::plastic_nut_0002_NG_HS,4,development,HS,974.62255859375,974.62255859375,974.62255859375,998.740234375,992.47216796875,983.91552734375,974.62255859375,1061.09228515625,974.62255859375
plastic_nut,plastic_nut/NG/HS/S0002/plastic_nut_0002_NG_HS_C5_20231004103236.jpg,plastic_nut::plastic_nut_0002_NG_HS,5,development,OK,1236.914794921875,1236.914794921875,1236.914794921875,1481.055908203125,1139.765869140625,1481.055908203125,1026.6796875,916.614013671875,916.614013671875
plastic_nut,plastic_nut/NG/ZW/S0002/plastic_nut_0002_NG_ZW_C1_20231004093334.jpg,plastic_nut::plastic_nut_0002_NG_ZW,1,development,ZW,1453.566162109375,1448.592041015625,1453.566162109375,1528.2108154296875,1507.6484375,1507.6484375,1317.98779296875,1317.98779296875,1317.98779296875
plastic_nut,plastic_nut/NG/ZW/S0002/plastic_nut_0002_NG_ZW_C2_20231004093334.jpg,plastic_nut::plastic_nut_0002_NG_ZW,2,development,ZW,1608.86328125,1608.86328125,1608.86328125,1428.8466796875,1416.35595703125,1416.35595703125,1405.246337890625,1405.246337890625,1405.246337890625
plastic_nut,plastic_nut/NG/ZW/S0002/plastic_nut_0002_NG_ZW_C3_20231004093334.jpg,plastic_nut::plastic_nut_0002_NG_ZW,3,development,ZW,1656.379150390625,1656.379150390625,1656.379150390625,1656.379150390625,1656.379150390625,1656.379150390625,1656.379150390625,1656.379150390625,1656.379150390625
plastic_nut,plastic_nut/NG/ZW/S0002/plastic_nut_0002_NG_ZW_C4_20231004093334.jpg,plastic_nut::plastic_nut_0002_NG_ZW,4,development,ZW,1363.228515625,1280.123046875,1333.25390625,1333.25390625,1333.25390625,1333.25390625,1124.51708984375,1353.32421875,1353.32421875
plastic_nut,plastic_nut/NG/ZW/S0002/plastic_nut_0002_NG_ZW_C5_20231004093334.jpg,plastic_nut::plastic_nut_0002_NG_ZW,5,development,OK,718.203125,819.4248046875,808.994140625,772.4794921875,798.57177734375,769.45263671875,716.865966796875,759.762939453125,711.52783203125
plastic_nut,plastic_nut/NG/HS/S0003/plastic_nut_0003_NG_HS_C1_20231004103254.jpg,plastic_nut::plastic_nut_0003_NG_HS,1,development,HS,1642.24072265625,1697.20703125,1527.9990234375,1267.15625,1267.15625,1267.15625,1419.1171875,1434.6982421875,1328.163330078125
plastic_nut,plastic_nut/NG/HS/S0003/plastic_nut_0003_NG_HS_C2_20231004103254.jpg,plastic_nut::plastic_nut_0003_NG_HS,2,development,OK,1287.602783203125,1287.602783203125,1287.602783203125,1426.556884765625,1178.482177734375,1440.72265625,1178.79248046875,1178.79248046875,1178.79248046875
plastic_nut,plastic_nut/NG/HS/S0003/plastic_nut_0003_NG_HS_C3_20231004103254.jpg,plastic_nut::plastic_nut_0003_NG_HS,3,development,OK,1289.9248046875,1285.087646484375,1340.03125,1222.2900390625,1247.47314453125,1247.47314453125,1215.57568359375,1215.57568359375,1211.099609375
plastic_nut,plastic_nut/NG/HS/S0003/plastic_nut_0003_NG_HS_C4_20231004103254.jpg,plastic_nut::plastic_nut_0003_NG_HS,4,development,HS,1302.29833984375,1251.2080078125,1386.429931640625,1163.21484375,1163.21484375,1325.765869140625,1293.280517578125,1293.280517578125,1355.655517578125
plastic_nut,plastic_nut/NG/HS/S0003/plastic_nut_0003_NG_HS_C5_20231004103254.jpg,plastic_nut::plastic_nut_0003_NG_HS,5,development,HS,1205.091552734375,1205.091552734375,1205.091552734375,1434.18310546875,1192.591064453125,1434.18310546875,1119.7197265625,1030.7216796875,1119.7197265625
plastic_nut,plastic_nut/NG/AK/S0004/plastic_nut_0004_NG_AK_C1_20231004132235.jpg,plastic_nut::plastic_nut_0004_NG_AK,1,development,AK,1286.70458984375,1286.70458984375,1202.696533203125,1254.14208984375,1254.14208984375,1359.3974609375,1360.960693359375,1299.00439453125,1360.960693359375
plastic_nut,plastic_nut/NG/AK/S0004/plastic_nut_0004_NG_AK_C2_20231004132235.jpg,plastic_nut::plastic_nut_0004_NG_AK,2,development,AK,929.577880859375,929.577880859375,940.359375,1102.2451171875,1012.56982421875,1199.067138671875,1086.6318359375,1099.61279296875,1035.567626953125
plastic_nut,plastic_nut/NG/AK/S0004/plastic_nut_0004_NG_AK_C3_20231004132235.jpg,plastic_nut::plastic_nut_0004_NG_AK,3,development,AK,1175.255126953125,1175.255126953125,1259.2158203125,1151.60888671875,1156.475341796875,1081.533447265625,1049.857177734375,1116.818115234375,1049.857177734375
plastic_nut,plastic_nut/NG/AK/S0004/plastic_nut_0004_NG_AK_C4_20231004132235.jpg,plastic_nut::plastic_nut_0004_NG_AK,4,development,AK,1226.54833984375,1226.54833984375,1346.1552734375,1325.74658203125,1339.325927734375,1325.74658203125,1245.4306640625,1099.5537109375,1334.040771484375
plastic_nut,plastic_nut/NG/AK/S0004/plastic_nut_0004_NG_AK_C5_20231004132235.jpg,plastic_nut::plastic_nut_0004_NG_AK,5,development,AK,1038.293701171875,1038.293701171875,1038.293701171875,1198.897705078125,870.85888671875,1198.897705078125,926.119384765625,927.41845703125,952.70751953125
plastic_nut,plastic_nut/NG/ZW/S0004/plastic_nut_0004_NG_ZW_C1_20231004093357.jpg,plastic_nut::plastic_nut_0004_NG_ZW,1,development,OK,904.75439453125,958.05126953125,958.05126953125,942.92529296875,1030.34423828125,1030.34423828125,935.71923828125,917.207275390625,1026.2861328125
plastic_nut,plastic_nut/NG/ZW/S0004/plastic_nut_0004_NG_ZW_C2_20231004093357.jpg,plastic_nut::plastic_nut_0004_NG_ZW,2,development,OK,888.40576171875,826.28173828125,939.250732421875,806.39794921875,856.594970703125,815.681396484375,974.802978515625,955.35400390625,903.146484375
plastic_nut,plastic_nut/NG/ZW/S0004/plastic_nut_0004_NG_ZW_C3_20231004093357.jpg,plastic_nut::plastic_nut_0004_NG_ZW,3,development,OK,1306.3994140625,1303.5322265625,1379.35888671875,1000.39794921875,908.581787109375,889.83544921875,943.40234375,1000.181396484375,1021.28076171875
plastic_nut,plastic_nut/NG/ZW/S0004/plastic_nut_0004_NG_ZW_C4_20231004093357.jpg,plastic_nut::plastic_nut_0004_NG_ZW,4,development,ZW,1373.97119140625,1373.97119140625,1373.97119140625,1464.161376953125,1464.161376953125,1464.161376953125,1434.29736328125,1491.39892578125,1434.29736328125
plastic_nut,plastic_nut/NG/ZW/S0004/plastic_nut_0004_NG_ZW_C5_20231004093357.jpg,plastic_nut::plastic_nut_0004_NG_ZW,5,development,ZW,1607.00927734375,1607.00927734375,1607.00927734375,1577.624267578125,1607.00927734375,1607.00927734375,1607.00927734375,1607.00927734375,1607.00927734375
plastic_nut,plastic_nut/NG/ZW/S0005/plastic_nut_0005_NG_ZW_C1_20231004093406.jpg,plastic_nut::plastic_nut_0005_NG_ZW,1,development,OK,1049.7880859375,1052.553955078125,988.96728515625,997.901123046875,997.901123046875,997.901123046875,1092.09521484375,1092.09521484375,921.61279296875
plastic_nut,plastic_nut/NG/ZW/S0005/plastic_nut_0005_NG_ZW_C2_20231004093406.jpg,plastic_nut::plastic_nut_0005_NG_ZW,2,development,ZW,1678.8916015625,1660.763916015625,1678.8916015625,1650.0010986328125,1379.36279296875,1379.36279296875,1434.8916015625,1434.8916015625,1382.068603515625
plastic_nut,plastic_nut/NG/ZW/S0005/plastic_nut_0005_NG_ZW_C3_20231004093406.jpg,plastic_nut::plastic_nut_0005_NG_ZW,3,development,ZW,1423.076171875,1423.076171875,1424.1533203125,1238.6083984375,1238.6083984375,1238.6083984375,1250.79736328125,1250.79736328125,1250.79736328125
plastic_nut,plastic_nut/NG/ZW/S0005/plastic_nut_0005_NG_ZW_C4_20231004093406.jpg,plastic_nut::plastic_nut_0005_NG_ZW,4,development,OK,1711.857421875,1711.857421875,1711.857421875,1856.0810546875,1870.720703125,1870.720703125,1758.87158203125,1738.12353515625,1738.12353515625
plastic_nut,plastic_nut/NG/ZW/S0005/plastic_nut_0005_NG_ZW_C5_20231004093406.jpg,plastic_nut::plastic_nut_0005_NG_ZW,5,development,OK,838.6083984375,924.60595703125,924.60595703125,751.044677734375,929.3017578125,936.142333984375,998.871826171875,768.736083984375,774.339599609375
plastic_nut,plastic_nut/NG/ZW/S0007/plastic_nut_0007_NG_ZW_C1_20231004093447.jpg,plastic_nut::plastic_nut_0007_NG_ZW,1,development,ZW,1405.63623046875,1405.63623046875,1408.260986328125,1110.2607421875,914.3671875,914.3671875,1104.911865234375,1104.911865234375,1104.911865234375
plastic_nut,plastic_nut/NG/ZW/S0007/plastic_nut_0007_NG_ZW_C2_20231004093447.jpg,plastic_nut::plastic_nut_0007_NG_ZW,2,development,ZW,1420.683837890625,1542.19580078125,1469.24365234375,1538.3056640625,1538.3056640625,1538.3056640625,1543.5859375,1538.3056640625,1520.2998046875
plastic_nut,plastic_nut/NG/ZW/S0007/plastic_nut_0007_NG_ZW_C3_20231004093447.jpg,plastic_nut::plastic_nut_0007_NG_ZW,3,development,OK,891.68408203125,978.58203125,929.3212890625,893.609375,926.06103515625,870.98095703125,974.48095703125,930.06689453125,900.185302734375
plastic_nut,plastic_nut/NG/ZW/S0007/plastic_nut_0007_NG_ZW_C4_20231004093447.jpg,plastic_nut::plastic_nut_0007_NG_ZW,4,development,OK,1321.71875,1320.0771484375,1217.76171875,1027.0029296875,1218.84521484375,1254.94921875,1221.8837890625,1301.47705078125,1321.71875
plastic_nut,plastic_nut/NG/ZW/S0007/plastic_nut_0007_NG_ZW_C5_20231004093447.jpg,plastic_nut::plastic_nut_0007_NG_ZW,5,development,ZW,1471.062255859375,1761.6240234375,1471.062255859375,1701.8564453125,1779.9984130859375,1783.4859619140625,1597.39599609375,1644.949462890625,1597.39599609375
plastic_nut,plastic_nut/NG/ZW/S0008/plastic_nut_0008_NG_ZW_C1_20231004093459.jpg,plastic_nut::plastic_nut_0008_NG_ZW,1,development,OK,1165.6572265625,1165.6572265625,1165.6572265625,895.861328125,910.775634765625,983.931640625,1036.976318359375,1353.0390625,1036.976318359375
plastic_nut,plastic_nut/NG/ZW/S0008/plastic_nut_0008_NG_ZW_C2_20231004093459.jpg,plastic_nut::plastic_nut_0008_NG_ZW,2,development,OK,1111.28466796875,1087.236083984375,1108.2451171875,926.271728515625,871.313720703125,848.380615234375,882.54638671875,882.54638671875,882.54638671875
plastic_nut,plastic_nut/NG/ZW/S0008/plastic_nut_0008_NG_ZW_C3_20231004093459.jpg,plastic_nut::plastic_nut_0008_NG_ZW,3,development,ZW,1214.1806640625,1214.1806640625,1249.3515625,1051.83642578125,1051.83642578125,1051.83642578125,1322.810546875,1322.810546875,1296.3662109375
plastic_nut,plastic_nut/NG/ZW/S0008/plastic_nut_0008_NG_ZW_C4_20231004093459.jpg,plastic_nut::plastic_nut_0008_NG_ZW,4,development,ZW,1273.8134765625,1273.8134765625,1273.8134765625,1073.010498046875,1017.5380859375,1066.280517578125,1073.0341796875,1134.117919921875,1134.117919921875
plastic_nut,plastic_nut/NG/ZW/S0008/plastic_nut_0008_NG_ZW_C5_20231004093459.jpg,plastic_nut::plastic_nut_0008_NG_ZW,5,development,OK,941.37939453125,1135.92333984375,1122.43408203125,941.37939453125,941.37939453125,941.37939453125,995.167724609375,933.986083984375,995.167724609375
plastic_nut,plastic_nut/NG/QS/S0010/plastic_nut_0010_NG_QS_C1_20231004112610.jpg,plastic_nut::plastic_nut_0010_NG_QS,1,development,QS,1583.790283203125,1583.790283203125,1583.790283203125,1353.39697265625,1353.39697265625,1353.39697265625,1406.8656005859375,1510.06103515625,1443.7109375
plastic_nut,plastic_nut/NG/QS/S0010/plastic_nut_0010_NG_QS_C2_20231004112610.jpg,plastic_nut::plastic_nut_0010_NG_QS,2,development,QS,1653.761474609375,1652.260986328125,1779.48486328125,1661.658935546875,1595.373046875,1661.658935546875,1682.5712890625,1783.01611328125,1783.01611328125
plastic_nut,plastic_nut/NG/QS/S0010/plastic_nut_0010_NG_QS_C3_20231004112610.jpg,plastic_nut::plastic_nut_0010_NG_QS,3,development,QS,1148.650634765625,1148.650634765625,1192.1943359375,1134.9560546875,1059.23779296875,1134.9560546875,1161.816650390625,1208.58935546875,1161.816650390625
plastic_nut,plastic_nut/NG/QS/S0010/plastic_nut_0010_NG_QS_C4_20231004112610.jpg,plastic_nut::plastic_nut_0010_NG_QS,4,development,QS,1650.783203125,1650.783203125,1530.682373046875,1369.6630859375,1566.942138671875,1369.6630859375,1414.539794921875,1414.539794921875,1414.539794921875
plastic_nut,plastic_nut/NG/QS/S0010/plastic_nut_0010_NG_QS_C5_20231004112610.jpg,plastic_nut::plastic_nut_0010_NG_QS,5,development,QS,1138.99951171875,1138.99951171875,1265.380615234375,1278.4248046875,1265.380615234375,1285.83154296875,1098.348388671875,1136.48193359375,1359.264404296875
plastic_nut,plastic_nut/NG/ZW/S0010/plastic_nut_0010_NG_ZW_C1_20231004093518.jpg,plastic_nut::plastic_nut_0010_NG_ZW,1,development,ZW,1401.2666015625,1401.2666015625,1401.2666015625,1401.2666015625,1401.2666015625,1401.2666015625,1591.03955078125,1591.03955078125,1666.08837890625
plastic_nut,plastic_nut/NG/ZW/S0010/plastic_nut_0010_NG_ZW_C2_20231004093518.jpg,plastic_nut::plastic_nut_0010_NG_ZW,2,development,ZW,1473.46044921875,1552.3603515625,1552.3603515625,1465.0821533203125,1465.0821533203125,1465.0821533203125,1519.51416015625,1519.51416015625,1519.51416015625
plastic_nut,plastic_nut/NG/ZW/S0010/plastic_nut_0010_NG_ZW_C3_20231004093518.jpg,plastic_nut::plastic_nut_0010_NG_ZW,3,development,ZW,1193.844482421875,1343.483642578125,1193.844482421875,1193.844482421875,1193.844482421875,1262.756591796875,1548.234130859375,1548.234130859375,1548.234130859375
plastic_nut,plastic_nut/NG/ZW/S0010/plastic_nut_0010_NG_ZW_C4_20231004093518.jpg,plastic_nut::plastic_nut_0010_NG_ZW,4,development,ZW,1560.9599609375,1463.4140625,1463.4140625,1210.47998046875,1210.47998046875,1210.47998046875,1644.823486328125,1644.823486328125,1596.902099609375
plastic_nut,plastic_nut/NG/ZW/S0010/plastic_nut_0010_NG_ZW_C5_20231004093518.jpg,plastic_nut::plastic_nut_0010_NG_ZW,5,development,ZW,1306.58935546875,1306.58935546875,1306.58935546875,1326.635986328125,1306.58935546875,1306.58935546875,1521.610107421875,1521.610107421875,1521.610107421875
plastic_nut,plastic_nut/NG/HS/S0011/plastic_nut_0011_NG_HS_C1_20231004103610.jpg,plastic_nut::plastic_nut_0011_NG_HS,1,development,OK,1543.328125,1543.328125,1543.328125,1172.37158203125,1154.48291015625,1160.661865234375,938.238037109375,915.1865234375,938.238037109375
plastic_nut,plastic_nut/NG/HS/S0011/plastic_nut_0011_NG_HS_C2_20231004103610.jpg,plastic_nut::plastic_nut_0011_NG_HS,2,development,OK,1033.031982421875,1141.76904296875,1141.76904296875,1059.8857421875,902.8095703125,1135.65673828125,841.971435546875,1066.8447265625,857.73486328125
plastic_nut,plastic_nut/NG/HS/S0011/plastic_nut_0011_NG_HS_C3_20231004103610.jpg,plastic_nut::plastic_nut_0011_NG_HS,3,development,OK,1495.51318359375,1476.75439453125,1510.236328125,931.4677734375,1029.62158203125,929.85107421875,995.54052734375,862.1591796875,991.14013671875
plastic_nut,plastic_nut/NG/HS/S0011/plastic_nut_0011_NG_HS_C4_20231004103610.jpg,plastic_nut::plastic_nut_0011_NG_HS,4,development,OK,1613.447509765625,1270.09912109375,1270.09912109375,969.7080078125,895.675537109375,1023.59814453125,1036.068115234375,987.87744140625,887.3115234375
plastic_nut,plastic_nut/NG/HS/S0011/plastic_nut_0011_NG_HS_C5_20231004103610.jpg,plastic_nut::plastic_nut_0011_NG_HS,5,development,HS,1490.588134765625,1490.588134765625,1490.588134765625,1691.618896484375,1427.60888671875,1696.827392578125,1260.66162109375,1336.977294921875,1313.887451171875
plastic_nut,plastic_nut/NG/ZW/S0011/plastic_nut_0011_NG_ZW_C1_20231004093528.jpg,plastic_nut::plastic_nut_0011_NG_ZW,1,development,OK,958.75341796875,1118.633544921875,1000.641357421875,972.594482421875,1004.887451171875,1043.6572265625,844.04248046875,873.71044921875,965.18798828125
plastic_nut,plastic_nut/NG/ZW/S0011/plastic_nut_0011_NG_ZW_C2_20231004093528.jpg,plastic_nut::plastic_nut_0011_NG_ZW,2,development,ZW,1150.237548828125,1164.16259765625,1150.237548828125,1150.237548828125,1150.237548828125,1150.237548828125,1486.71142578125,1486.71142578125,1486.71142578125
plastic_nut,plastic_nut/NG/ZW/S0011/plastic_nut_0011_NG_ZW_C3_20231004093528.jpg,plastic_nut::plastic_nut_0011_NG_ZW,3,development,OK,883.9609375,983.1005859375,1070.86376953125,843.344482421875,771.66796875,786.17626953125,831.9462890625,771.20263671875,891.761962890625
plastic_nut,plastic_nut/NG/ZW/S0011/plastic_nut_0011_NG_ZW_C4_20231004093528.jpg,plastic_nut::plastic_nut_0011_NG_ZW,4,development,ZW,1702.109619140625,1329.4052734375,1329.4052734375,1075.788818359375,1075.788818359375,1075.788818359375,974.343505859375,1087.203857421875,974.343505859375
plastic_nut,plastic_nut/NG/ZW/S0011/plastic_nut_0011_NG_ZW_C5_20231004093528.jpg,plastic_nut::plastic_nut_0011_NG_ZW,5,development,ZW,1284.62255859375,1284.62255859375,1167.77197265625,1096.21826171875,1096.21826171875,1096.21826171875,1233.44677734375,1233.44677734375,1233.44677734375
plastic_nut,plastic_nut/NG/QS/S0012/plastic_nut_0012_NG_QS_C1_20231004112636.jpg,plastic_nut::plastic_nut_0012_NG_QS,1,development,OK,1350.71044921875,1350.71044921875,1350.71044921875,979.75537109375,979.75537109375,1151.01220703125,1006.638671875,1061.808837890625,1072.01025390625
plastic_nut,plastic_nut/NG/QS/S0012/plastic_nut_0012_NG_QS_C2_20231004112636.jpg,plastic_nut::plastic_nut_0012_NG_QS,2,development,OK,1091.892822265625,1091.892822265625,1091.892822265625,1162.51708984375,879.793212890625,1162.51708984375,844.037109375,813.31494140625,889.783203125
plastic_nut,plastic_nut/NG/QS/S0012/plastic_nut_0012_NG_QS_C3_20231004112636.jpg,plastic_nut::plastic_nut_0012_NG_QS,3,development,QS,1060.901123046875,1056.285400390625,1064.162109375,1112.37109375,1112.37109375,1112.37109375,911.397216796875,1145.447021484375,1089.2041015625
plastic_nut,plastic_nut/NG/QS/S0012/plastic_nut_0012_NG_QS_C4_20231004112636.jpg,plastic_nut::plastic_nut_0012_NG_QS,4,development,QS,886.837890625,932.712890625,943.0634765625,988.22119140625,839.572998046875,905.19677734375,1112.14892578125,874.4208984375,890.088134765625
plastic_nut,plastic_nut/NG/QS/S0012/plastic_nut_0012_NG_QS_C5_20231004112636.jpg,plastic_nut::plastic_nut_0012_NG_QS,5,development,OK,1040.262451171875,1040.262451171875,1040.262451171875,1139.50537109375,882.84326171875,1139.50537109375,1034.974365234375,948.73779296875,1054.694580078125
plastic_nut,plastic_nut/NG/QS/S0014/plastic_nut_0014_NG_QS_C1_20231004112724.jpg,plastic_nut::plastic_nut_0014_NG_QS,1,development,QS,1386.41748046875,1371.9775390625,1371.9775390625,1504.02685546875,1504.02685546875,1517.910888671875,1526.3876953125,1558.3134765625,1556.7861328125
plastic_nut,plastic_nut/NG/QS/S0014/plastic_nut_0014_NG_QS_C2_20231004112724.jpg,plastic_nut::plastic_nut_0014_NG_QS,2,development,QS,1025.021484375,1029.236572265625,1025.021484375,1085.849609375,1116.89794921875,1161.0009765625,1090.38525390625,1106.062255859375,1105.092041015625
plastic_nut,plastic_nut/NG/QS/S0014/plastic_nut_0014_NG_QS_C3_20231004112724.jpg,plastic_nut::plastic_nut_0014_NG_QS,3,development,QS,1475.8486328125,1475.8486328125,1457.470703125,1519.177978515625,1579.8017578125,1485.98876953125,1572.1025390625,1572.1025390625,1572.1025390625
plastic_nut,plastic_nut/NG/QS/S0014/plastic_nut_0014_NG_QS_C4_20231004112724.jpg,plastic_nut::plastic_nut_0014_NG_QS,4,development,QS,1118.6259765625,1118.6259765625,1118.6259765625,1197.72314453125,1085.38720703125,1160.283203125,992.4912109375,937.7060546875,1046.069091796875
plastic_nut,plastic_nut/NG/QS/S0014/plastic_nut_0014_NG_QS_C5_20231004112724.jpg,plastic_nut::plastic_nut_0014_NG_QS,5,development,QS,1558.853515625,1535.076171875,1585.576171875,1491.550537109375,1578.105712890625,1537.819580078125,1383.391845703125,1530.168212890625,1452.33544921875
plastic_nut,plastic_nut/NG/HS/S0015/plastic_nut_0015_NG_HS_C1_20231004104024.jpg,plastic_nut::plastic_nut_0015_NG_HS,1,development,OK,1090.927734375,1085.889404296875,1051.83056640625,1023.77001953125,1053.08544921875,1208.85498046875,1089.6376953125,1089.6376953125,1095.9453125
plastic_nut,plastic_nut/NG/HS/S0015/plastic_nut_0015_NG_HS_C2_20231004104024.jpg,plastic_nut::plastic_nut_0015_NG_HS,2,development,HS,1309.0595703125,1309.0595703125,1309.0595703125,1479.4345703125,1227.494873046875,1479.4345703125,1156.029541015625,1156.029541015625,1156.029541015625
plastic_nut,plastic_nut/NG/HS/S0015/plastic_nut_0015_NG_HS_C3_20231004104024.jpg,plastic_nut::plastic_nut_0015_NG_HS,3,development,HS,1393.38818359375,1376.85986328125,1411.072265625,916.255126953125,916.255126953125,850.273681640625,848.96923828125,959.165283203125,888.5400390625
plastic_nut,plastic_nut/NG/HS/S0015/plastic_nut_0015_NG_HS_C4_20231004104024.jpg,plastic_nut::plastic_nut_0015_NG_HS,4,development,OK,897.928955078125,883.56640625,863.447509765625,929.72412109375,939.43701171875,928.45263671875,1076.99072265625,984.4638671875,1027.262939453125
plastic_nut,plastic_nut/NG/HS/S0015/plastic_nut_0015_NG_HS_C5_20231004104024.jpg,plastic_nut::plastic_nut_0015_NG_HS,5,development,OK,1171.197998046875,1171.197998046875,1171.197998046875,1408.86376953125,1088.069091796875,1408.86376953125,1015.535400390625,1015.562255859375,1135.365478515625
plastic_nut,plastic_nut/NG/QS/S0015/plastic_nut_0015_NG_QS_C1_20231004112736.jpg,plastic_nut::plastic_nut_0015_NG_QS,1,development,QS,1531.481201171875,1481.70263671875,1476.73974609375,1387.97998046875,1387.97998046875,1387.97998046875,1239.2548828125,1239.2548828125,1228.33984375
plastic_nut,plastic_nut/NG/QS/S0015/plastic_nut_0015_NG_QS_C2_20231004112736.jpg,plastic_nut::plastic_nut_0015_NG_QS,2,development,QS,1265.329833984375,1265.880615234375,1265.880615234375,1327.38232421875,1220.174560546875,1327.38232421875,1279.238037109375,1279.238037109375,1279.238037109375
plastic_nut,plastic_nut/NG/QS/S0015/plastic_nut_0015_NG_QS_C3_20231004112736.jpg,plastic_nut::plastic_nut_0015_NG_QS,3,development,QS,1228.616943359375,1147.02294921875,1076.7353515625,1063.271240234375,1238.11474609375,1086.254150390625,1249.363525390625,1076.8662109375,1249.363525390625
plastic_nut,plastic_nut/NG/QS/S0015/plastic_nut_0015_NG_QS_C4_20231004112736.jpg,plastic_nut::plastic_nut_0015_NG_QS,4,development,QS,1592.03125,1592.03125,1592.03125,1618.34423828125,1618.34423828125,1618.34423828125,1654.283203125,1707.65771484375,1707.65771484375
plastic_nut,plastic_nut/NG/QS/S0015/plastic_nut_0015_NG_QS_C5_20231004112736.jpg,plastic_nut::plastic_nut_0015_NG_QS,5,development,QS,1246.670166015625,1246.670166015625,1200.427490234375,1297.259521484375,1307.477783203125,1450.623779296875,1283.48828125,1283.48828125,1448.36083984375
plastic_nut,plastic_nut/NG/HS/S0018/plastic_nut_0018_NG_HS_C1_20231004104110.jpg,plastic_nut::plastic_nut_0018_NG_HS,1,development,OK,1765.55078125,1765.55078125,1765.55078125,1078.861328125,1102.685791015625,1202.1953125,1212.728271484375,1078.26904296875,1254.77978515625
plastic_nut,plastic_nut/NG/HS/S0018/plastic_nut_0018_NG_HS_C2_20231004104110.jpg,plastic_nut::plastic_nut_0018_NG_HS,2,development,HS,1285.23046875,1300.05078125,1203.673583984375,1420.76318359375,1420.76318359375,1203.673583984375,1203.673583984375,1312.6318359375,1170.309326171875
plastic_nut,plastic_nut/NG/HS/S0018/plastic_nut_0018_NG_HS_C3_20231004104110.jpg,plastic_nut::plastic_nut_0018_NG_HS,3,development,OK,1314.065185546875,1301.6611328125,1354.88720703125,982.969482421875,962.773193359375,962.773193359375,1179.607666015625,960.06201171875,1017.19091796875
plastic_nut,plastic_nut/NG/HS/S0018/plastic_nut_0018_NG_HS_C4_20231004104110.jpg,plastic_nut::plastic_nut_0018_NG_HS,4,development,OK,1082.37646484375,1082.37646484375,1082.37646484375,1058.273193359375,917.30322265625,1059.173828125,1076.167724609375,1085.73095703125,1167.19140625
plastic_nut,plastic_nut/NG/HS/S0018/plastic_nut_0018_NG_HS_C5_20231004104110.jpg,plastic_nut::plastic_nut_0018_NG_HS,5,development,HS,1231.608154296875,1231.608154296875,1231.608154296875,1477.9345703125,1139.56640625,1480.1826171875,949.0205078125,987.3212890625,968.41162109375
plastic_nut,plastic_nut/OK/S0018/plastic_nut_0018_OK_C1_20230930123653.jpg,plastic_nut::plastic_nut_0018_OK,1,development,OK,917.68798828125,922.19580078125,1020.826416015625,930.80029296875,982.7841796875,895.99951171875,1062.79931640625,1041.5263671875,1045.709716796875
plastic_nut,plastic_nut/OK/S0018/plastic_nut_0018_OK_C2_20230930123653.jpg,plastic_nut::plastic_nut_0018_OK,2,development,OK,1421.48291015625,1380.8720703125,1407.093994140625,959.442626953125,947.20556640625,970.19140625,888.7119140625,871.83349609375,828.347412109375
plastic_nut,plastic_nut/OK/S0018/plastic_nut_0018_OK_C3_20230930123653.jpg,plastic_nut::plastic_nut_0018_OK,3,development,OK,851.843017578125,853.75048828125,862.71533203125,785.3232421875,974.79052734375,770.3515625,906.36572265625,908.080322265625,906.36572265625
plastic_nut,plastic_nut/OK/S0018/plastic_nut_0018_OK_C4_20230930123653.jpg,plastic_nut::plastic_nut_0018_OK,4,development,OK,1163.80126953125,1118.032958984375,1157.573974609375,841.18505859375,808.88525390625,841.18505859375,796.8955078125,819.05126953125,793.577880859375
plastic_nut,plastic_nut/OK/S0018/plastic_nut_0018_OK_C5_20230930123653.jpg,plastic_nut::plastic_nut_0018_OK,5,development,OK,797.49560546875,841.44091796875,743.78662109375,848.578125,769.687744140625,760.4384765625,832.24072265625,832.24072265625,822.214599609375
plastic_nut,plastic_nut/OK/S0019/plastic_nut_0019_OK_C1_20230930122716.jpg,plastic_nut::plastic_nut_0019_OK,1,development,OK,969.839599609375,989.8466796875,969.839599609375,916.7587890625,904.73193359375,884.59814453125,938.462646484375,1054.763916015625,1007.399658203125
plastic_nut,plastic_nut/OK/S0019/plastic_nut_0019_OK_C2_20230930122716.jpg,plastic_nut::plastic_nut_0019_OK,2,development,OK,941.4677734375,889.50244140625,981.31640625,748.336669921875,786.96728515625,770.502685546875,948.3740234375,784.947509765625,831.817626953125
plastic_nut,plastic_nut/OK/S0019/plastic_nut_0019_OK_C3_20230930122716.jpg,plastic_nut::plastic_nut_0019_OK,3,development,OK,823.560546875,894.52734375,841.97607421875,814.622314453125,837.056396484375,865.059814453125,884.93896484375,884.93896484375,889.079833984375
plastic_nut,plastic_nut/OK/S0019/plastic_nut_0019_OK_C4_20230930122716.jpg,plastic_nut::plastic_nut_0019_OK,4,development,OK,911.32568359375,931.58837890625,1022.55224609375,778.6396484375,846.951171875,788.36962890625,949.73876953125,954.02197265625,815.19384765625
plastic_nut,plastic_nut/OK/S0019/plastic_nut_0019_OK_C5_20230930122716.jpg,plastic_nut::plastic_nut_0019_OK,5,development,OK,819.583984375,855.44677734375,837.38037109375,760.7724609375,871.33154296875,802.40087890625,838.2431640625,820.354736328125,761.62109375
plastic_nut,plastic_nut/NG/HS/S0020/plastic_nut_0020_NG_HS_C1_20231004104127.jpg,plastic_nut::plastic_nut_0020_NG_HS,1,development,OK,1460.513671875,1460.513671875,1460.513671875,1118.5869140625,1109.2236328125,1305.048828125,1010.814453125,1010.814453125,968.3115234375
plastic_nut,plastic_nut/NG/HS/S0020/plastic_nut_0020_NG_HS_C2_20231004104127.jpg,plastic_nut::plastic_nut_0020_NG_HS,2,development,OK,1323.521728515625,1331.918701171875,1331.918701171875,1456.97607421875,1168.39990234375,1462.7998046875,1047.359375,913.537109375,913.537109375
plastic_nut,plastic_nut/NG/HS/S0020/plastic_nut_0020_NG_HS_C3_20231004104127.jpg,plastic_nut::plastic_nut_0020_NG_HS,3,development,HS,1163.7470703125,1177.262451171875,1256.56396484375,918.783203125,848.18994140625,992.71923828125,857.830078125,875.994873046875,1014.109619140625
plastic_nut,plastic_nut/NG/HS/S0020/plastic_nut_0020_NG_HS_C4_20231004104127.jpg,plastic_nut::plastic_nut_0020_NG_HS,4,development,OK,964.341064453125,1121.34326171875,1045.727783203125,906.451904296875,966.1650390625,888.181884765625,1049.567626953125,960.332763671875,1014.1318359375
plastic_nut,plastic_nut/NG/HS/S0020/plastic_nut_0020_NG_HS_C5_20231004104127.jpg,plastic_nut::plastic_nut_0020_NG_HS,5,development,HS,1261.60400390625,1257.06982421875,1464.143310546875,1459.341064453125,1266.64208984375,1459.341064453125,1417.822998046875,1297.815673828125,1297.815673828125
plastic_nut,plastic_nut/NG/HS/S0021/plastic_nut_0021_NG_HS_C1_20231004104140.jpg,plastic_nut::plastic_nut_0021_NG_HS,1,development,OK,1507.912109375,1349.475830078125,1507.912109375,984.746337890625,1129.256103515625,1285.69189453125,1017.11181640625,1052.69482421875,1109.387451171875
plastic_nut,plastic_nut/NG/HS/S0021/plastic_nut_0021_NG_HS_C2_20231004104140.jpg,plastic_nut::plastic_nut_0021_NG_HS,2,development,OK,1142.818603515625,1142.818603515625,1142.818603515625,1296.554931640625,1043.32275390625,1296.554931640625,865.10595703125,921.91796875,831.560546875
plastic_nut,plastic_nut/NG/HS/S0021/plastic_nut_0021_NG_HS_C3_20231004104140.jpg,plastic_nut::plastic_nut_0021_NG_HS,3,development,HS,1186.621337890625,1244.0009765625,1244.0009765625,1302.015380859375,1353.759033203125,1244.0009765625,1244.0009765625,1369.44873046875,1158.21728515625
plastic_nut,plastic_nut/NG/HS/S0021/plastic_nut_0021_NG_HS_C4_20231004104140.jpg,plastic_nut::plastic_nut_0021_NG_HS,4,development,OK,1183.87353515625,1055.2412109375,1082.9169921875,1185.8828125,1188.08251953125,1185.8828125,989.3447265625,989.3447265625,1106.9228515625
plastic_nut,plastic_nut/NG/HS/S0021/plastic_nut_0021_NG_HS_C5_20231004104140.jpg,plastic_nut::plastic_nut_0021_NG_HS,5,development,OK,1129.845458984375,1129.845458984375,1129.845458984375,1365.2607421875,1039.6796875,1365.2607421875,865.81201171875,888.4873046875,915.020751953125
plastic_nut,plastic_nut/NG/HS/S0023/plastic_nut_0023_NG_HS_C1_20231004104316.jpg,plastic_nut::plastic_nut_0023_NG_HS,1,development,OK,1219.1005859375,1214.20068359375,1085.812255859375,949.87451171875,1183.48193359375,1365.30810546875,924.533203125,919.57568359375,957.96240234375
plastic_nut,plastic_nut/NG/HS/S0023/plastic_nut_0023_NG_HS_C2_20231004104316.jpg,plastic_nut::plastic_nut_0023_NG_HS,2,development,OK,1163.55322265625,1163.55322265625,1163.55322265625,1242.12451171875,931.010009765625,1242.12451171875,873.9501953125,836.78564453125,768.447265625
plastic_nut,plastic_nut/NG/HS/S0023/plastic_nut_0023_NG_HS_C3_20231004104316.jpg,plastic_nut::plastic_nut_0023_NG_HS,3,development,OK,1143.34423828125,1153.123046875,1238.7197265625,1119.159423828125,979.10791015625,929.201904296875,950.62890625,857.869140625,858.728759765625
plastic_nut,plastic_nut/NG/HS/S0023/plastic_nut_0023_NG_HS_C4_20231004104316.jpg,plastic_nut::plastic_nut_0023_NG_HS,4,development,HS,917.03173828125,905.580078125,864.783203125,863.41064453125,888.9111328125,901.42138671875,932.58056640625,958.52685546875,921.08447265625
plastic_nut,plastic_nut/NG/HS/S0023/plastic_nut_0023_NG_HS_C5_20231004104316.jpg,plastic_nut::plastic_nut_0023_NG_HS,5,development,HS,1255.114013671875,1255.114013671875,1255.114013671875,1469.611083984375,1179.708251953125,1469.611083984375,970.766357421875,941.511962890625,941.511962890625
plastic_nut,plastic_nut/NG/QS/S0024/plastic_nut_0024_NG_QS_C1_20231004113017.jpg,plastic_nut::plastic_nut_0024_NG_QS,1,development,OK,1173.5654296875,1173.5654296875,1173.5654296875,1022.5283203125,1098.772705078125,1175.568603515625,1038.412841796875,904.392578125,1059.498291015625
plastic_nut,plastic_nut/NG/QS/S0024/plastic_nut_0024_NG_QS_C2_20231004113017.jpg,plastic_nut::plastic_nut_0024_NG_QS,2,development,OK,1093.1474609375,1116.894287109375,1116.894287109375,1147.647216796875,882.57958984375,1147.647216796875,842.54931640625,781.0966796875,1003.33837890625
plastic_nut,plastic_nut/NG/QS/S0024/plastic_nut_0024_NG_QS_C3_20231004113017.jpg,plastic_nut::plastic_nut_0024_NG_QS,3,development,QS,1083.36328125,964.710205078125,963.946533203125,943.697265625,938.395751953125,938.395751953125,997.1328125,901.113525390625,953.925537109375
plastic_nut,plastic_nut/NG/QS/S0024/plastic_nut_0024_NG_QS_C4_20231004113017.jpg,plastic_nut::plastic_nut_0024_NG_QS,4,development,OK,933.420166015625,958.34228515625,973.822265625,893.26416015625,935.71240234375,880.990234375,952.1513671875,849.1259765625,888.0546875
plastic_nut,plastic_nut/NG/QS/S0024/plastic_nut_0024_NG_QS_C5_20231004113017.jpg,plastic_nut::plastic_nut_0024_NG_QS,5,development,OK,1028.347412109375,1028.347412109375,1028.347412109375,1117.275146484375,870.924072265625,1136.06201171875,845.984375,826.931884765625,826.931884765625
plastic_nut,plastic_nut/NG/HS/S0025/plastic_nut_0025_NG_HS_C1_20231004104336.jpg,plastic_nut::plastic_nut_0025_NG_HS,1,development,OK,1093.0498046875,1043.58837890625,923.9560546875,1081.16015625,1032.8779296875,1197.8359375,943.298095703125,850.938232421875,1160.54541015625
plastic_nut,plastic_nut/NG/HS/S0025/plastic_nut_0025_NG_HS_C2_20231004104336.jpg,plastic_nut::plastic_nut_0025_NG_HS,2,development,HS,1542.6865234375,1542.6865234375,1542.6865234375,1761.828857421875,1786.326904296875,1761.828857421875,1542.6865234375,1706.068603515625,1542.6865234375
plastic_nut,plastic_nut/NG/HS/S0025/plastic_nut_0025_NG_HS_C3_20231004104336.jpg,plastic_nut::plastic_nut_0025_NG_HS,3,development,OK,955.43115234375,964.1708984375,1078.33447265625,775.71435546875,819.952392578125,799.9443359375,769.216796875,813.1171875,867.823974609375
plastic_nut,plastic_nut/NG/HS/S0025/plastic_nut_0025_NG_HS_C4_20231004104336.jpg,plastic_nut::plastic_nut_0025_NG_HS,4,development,OK,1857.166015625,1805.633056640625,1805.633056640625,966.0068359375,1160.14208984375,1081.515380859375,1149.08740234375,890.3779296875,913.15234375
plastic_nut,plastic_nut/NG/HS/S0025/plastic_nut_0025_NG_HS_C5_20231004104336.jpg,plastic_nut::plastic_nut_0025_NG_HS,5,development,HS,1493.97802734375,1493.97802734375,1493.97802734375,1548.32470703125,1548.32470703125,1548.32470703125,1632.09423828125,1673.5732421875,1542.69677734375
plastic_nut,plastic_nut/NG/HS/S0026/plastic_nut_0026_NG_HS_C1_20231004104346.jpg,plastic_nut::plastic_nut_0026_NG_HS,1,development,OK,1507.602294921875,1417.2451171875,1507.602294921875,1157.138671875,986.207275390625,1165.05419921875,1152.52099609375,1243.76904296875,1152.52099609375
plastic_nut,plastic_nut/NG/HS/S0026/plastic_nut_0026_NG_HS_C2_20231004104346.jpg,plastic_nut::plastic_nut_0026_NG_HS,2,development,OK,1096.16015625,1135.587646484375,1135.587646484375,1197.0009765625,950.25341796875,1245.3681640625,958.13427734375,860.52392578125,839.74365234375
plastic_nut,plastic_nut/NG/HS/S0026/plastic_nut_0026_NG_HS_C3_20231004104346.jpg,plastic_nut::plastic_nut_0026_NG_HS,3,development,OK,1014.94140625,1028.02392578125,1130.59814453125,821.5439453125,814.911865234375,826.9296875,858.8173828125,858.8173828125,896.27099609375
plastic_nut,plastic_nut/NG/HS/S0026/plastic_nut_0026_NG_HS_C4_20231004104346.jpg,plastic_nut::plastic_nut_0026_NG_HS,4,development,OK,1223.041015625,1223.041015625,1223.041015625,995.6240234375,995.6240234375,1143.221435546875,1086.25927734375,1086.25927734375,1131.45947265625
plastic_nut,plastic_nut/NG/HS/S0026/plastic_nut_0026_NG_HS_C5_20231004104346.jpg,plastic_nut::plastic_nut_0026_NG_HS,5,development,HS,1250.38134765625,1250.38134765625,1250.38134765625,1509.52294921875,1194.47021484375,1509.52294921875,988.91357421875,958.483642578125,958.483642578125
plastic_nut,plastic_nut/NG/HS/S0028/plastic_nut_0028_NG_HS_C1_20231004104407.jpg,plastic_nut::plastic_nut_0028_NG_HS,1,development,OK,1328.45947265625,1251.82421875,1108.0517578125,1036.2939453125,1229.1591796875,1430.751953125,941.936279296875,972.009765625,1040.57080078125
plastic_nut,plastic_nut/NG/HS/S0028/plastic_nut_0028_NG_HS_C2_20231004104407.jpg,plastic_nut::plastic_nut_0028_NG_HS,2,development,HS,940.1376953125,984.6904296875,984.6904296875,981.697021484375,909.089111328125,991.399658203125,1012.47021484375,953.866943359375,946.7705078125
plastic_nut,plastic_nut/NG/HS/S0028/plastic_nut_0028_NG_HS_C3_20231004104407.jpg,plastic_nut::plastic_nut_0028_NG_HS,3,development,HS,1437.61328125,1411.171875,1446.21923828125,913.79052734375,983.286376953125,935.9677734375,1024.088623046875,1059.95751953125,967.881103515625
plastic_nut,plastic_nut/NG/HS/S0028/plastic_nut_0028_NG_HS_C4_20231004104407.jpg,plastic_nut::plastic_nut_0028_NG_HS,4,development,OK,1246.16943359375,1553.252685546875,1246.16943359375,1428.86865234375,1381.52783203125,1428.86865234375,1394.02197265625,1408.9161376953125,1394.02197265625
plastic_nut,plastic_nut/NG/HS/S0028/plastic_nut_0028_NG_HS_C5_20231004104407.jpg,plastic_nut::plastic_nut_0028_NG_HS,5,development,OK,1365.006103515625,1365.006103515625,1423.630859375,1541.745849609375,1312.888427734375,1614.632080078125,1228.92822265625,1371.05029296875,1320.6748046875
plastic_nut,plastic_nut/NG/ZW/S0028/plastic_nut_0028_NG_ZW_C1_20231004094025.jpg,plastic_nut::plastic_nut_0028_NG_ZW,1,development,OK,1216.830322265625,1253.94287109375,1236.1728515625,1251.4169921875,1251.4169921875,1251.4169921875,1150.261962890625,1062.7119140625,1153.35009765625
plastic_nut,plastic_nut/NG/ZW/S0028/plastic_nut_0028_NG_ZW_C2_20231004094025.jpg,plastic_nut::plastic_nut_0028_NG_ZW,2,development,OK,861.880859375,927.38232421875,927.38232421875,824.27734375,873.1689453125,927.0693359375,893.2822265625,893.2822265625,927.38232421875
plastic_nut,plastic_nut/NG/ZW/S0028/plastic_nut_0028_NG_ZW_C3_20231004094025.jpg,plastic_nut::plastic_nut_0028_NG_ZW,3,development,OK,823.057861328125,802.23388671875,889.669921875,814.38232421875,919.300537109375,976.138427734375,813.43017578125,888.29931640625,815.610595703125
plastic_nut,plastic_nut/NG/ZW/S0028/plastic_nut_0028_NG_ZW_C4_20231004094025.jpg,plastic_nut::plastic_nut_0028_NG_ZW,4,development,ZW,1849.804443359375,1849.804443359375,1849.804443359375,1740.01123046875,1740.01123046875,1740.01123046875,1929.552001953125,1919.006591796875,1883.6207275390625
plastic_nut,plastic_nut/NG/ZW/S0028/plastic_nut_0028_NG_ZW_C5_20231004094025.jpg,plastic_nut::plastic_nut_0028_NG_ZW,5,development,ZW,1582.8046875,1582.8046875,1582.8046875,1582.8046875,1656.806640625,1582.8046875,1582.8046875,1582.8046875,1582.8046875
plastic_nut,plastic_nut/NG/HS/S0030/plastic_nut_0030_NG_HS_C1_20231004104428.jpg,plastic_nut::plastic_nut_0030_NG_HS,1,development,OK,1149.14990234375,1087.23828125,1037.0302734375,1046.10595703125,1163.136962890625,1255.44140625,1062.264892578125,988.709228515625,1032.954833984375
plastic_nut,plastic_nut/NG/HS/S0030/plastic_nut_0030_NG_HS_C2_20231004104428.jpg,plastic_nut::plastic_nut_0030_NG_HS,2,development,HS,1288.4033203125,1288.4033203125,1288.4033203125,1435.9013671875,1215.620849609375,1436.6669921875,1104.29052734375,1157.071044921875,1157.071044921875
plastic_nut,plastic_nut/NG/HS/S0030/plastic_nut_0030_NG_HS_C3_20231004104428.jpg,plastic_nut::plastic_nut_0030_NG_HS,3,development,HS,1395.28076171875,1371.700439453125,1395.28076171875,1395.28076171875,1395.28076171875,1395.28076171875,1381.8095703125,1381.8095703125,1381.8095703125
plastic_nut,plastic_nut/NG/HS/S0030/plastic_nut_0030_NG_HS_C4_20231004104428.jpg,plastic_nut::plastic_nut_0030_NG_HS,4,development,OK,1080.736328125,948.73974609375,1094.89794921875,945.92041015625,944.6484375,953.05078125,829.1015625,1026.164794921875,986.4775390625
plastic_nut,plastic_nut/NG/HS/S0030/plastic_nut_0030_NG_HS_C5_20231004104428.jpg,plastic_nut::plastic_nut_0030_NG_HS,5,development,OK,1120.72509765625,1125.06005859375,1120.72509765625,1338.866943359375,1078.372802734375,1341.763427734375,1212.168701171875,1176.497802734375,1142.0693359375
plastic_nut,plastic_nut/NG/HS/S0032/plastic_nut_0032_NG_HS_C1_20231004104453.jpg,plastic_nut::plastic_nut_0032_NG_HS,1,development,OK,1052.156982421875,978.74169921875,989.496337890625,901.55615234375,1067.361328125,1162.952880859375,904.956787109375,938.25244140625,918.55517578125
plastic_nut,plastic_nut/NG/HS/S0032/plastic_nut_0032_NG_HS_C2_20231004104453.jpg,plastic_nut::plastic_nut_0032_NG_HS,2,development,OK,1082.82861328125,1109.588623046875,1109.588623046875,1194.662841796875,1101.9140625,1171.172119140625,1149.67919921875,1213.685791015625,1023.5166015625
plastic_nut,plastic_nut/NG/HS/S0032/plastic_nut_0032_NG_HS_C3_20231004104453.jpg,plastic_nut::plastic_nut_0032_NG_HS,3,development,OK,1225.56689453125,1198.10009765625,1244.7265625,854.89794921875,854.89794921875,864.33349609375,851.16552734375,936.764404296875,953.440185546875
plastic_nut,plastic_nut/NG/HS/S0032/plastic_nut_0032_NG_HS_C4_20231004104453.jpg,plastic_nut::plastic_nut_0032_NG_HS,4,development,OK,1011.001953125,1384.134765625,1370.813720703125,1134.462890625,987.2646484375,905.193359375,822.890625,860.52099609375,1001.258056640625
plastic_nut,plastic_nut/NG/HS/S0032/plastic_nut_0032_NG_HS_C5_20231004104453.jpg,plastic_nut::plastic_nut_0032_NG_HS,5,development,HS,1260.3837890625,1260.3837890625,1260.3837890625,1511.912841796875,1178.409912109375,1511.912841796875,998.426513671875,935.5498046875,1004.4775390625
plastic_nut,plastic_nut/OK/S0032/plastic_nut_0032_OK_C1_20230930124439.jpg,plastic_nut::plastic_nut_0032_OK,1,development,OK,856.87841796875,900.34619140625,900.34619140625,1014.904052734375,1039.8369140625,1039.8369140625,910.8046875,889.753662109375,920.097412109375
plastic_nut,plastic_nut/OK/S0032/plastic_nut_0032_OK_C2_20230930124439.jpg,plastic_nut::plastic_nut_0032_OK,2,development,OK,1392.05859375,1346.75,1376.07763671875,859.465087890625,798.02197265625,859.576904296875,823.14794921875,814.9423828125,789.13525390625
plastic_nut,plastic_nut/OK/S0032/plastic_nut_0032_OK_C3_20230930124439.jpg,plastic_nut::plastic_nut_0032_OK,3,development,OK,948.453125,919.41650390625,926.994140625,836.171875,761.41015625,713.016845703125,719.0546875,790.1806640625,776.16015625
plastic_nut,plastic_nut/OK/S0032/plastic_nut_0032_OK_C4_20230930124439.jpg,plastic_nut::plastic_nut_0032_OK,4,development,OK,973.174072265625,904.4873046875,1104.6103515625,936.413330078125,884.58251953125,894.010986328125,938.63720703125,811.32470703125,850.65185546875
plastic_nut,plastic_nut/OK/S0032/plastic_nut_0032_OK_C5_20230930124439.jpg,plastic_nut::plastic_nut_0032_OK,5,development,OK,931.0302734375,931.0302734375,931.0302734375,932.688232421875,768.76318359375,848.0986328125,790.88525390625,822.11669921875,828.1611328125
plastic_nut,plastic_nut/NG/QS/S0033/plastic_nut_0033_NG_QS_C1_20231004113158.jpg,plastic_nut::plastic_nut_0033_NG_QS,1,development,OK,1193.172119140625,1205.28369140625,1014.302978515625,1025.54150390625,1186.080078125,1385.160888671875,1003.075927734375,988.34814453125,1003.075927734375
plastic_nut,plastic_nut/NG/QS/S0033/plastic_nut_0033_NG_QS_C2_20231004113158.jpg,plastic_nut::plastic_nut_0033_NG_QS,2,development,QS,1216.88671875,1216.88671875,1216.88671875,1343.95947265625,1078.764892578125,1343.95947265625,883.15576171875,947.33056640625,835.877197265625
plastic_nut,plastic_nut/NG/QS/S0033/plastic_nut_0033_NG_QS_C3_20231004113158.jpg,plastic_nut::plastic_nut_0033_NG_QS,3,development,QS,768.0986328125,866.615234375,918.3056640625,764.3095703125,848.162841796875,751.70068359375,763.55126953125,761.4638671875,668.92578125
plastic_nut,plastic_nut/NG/QS/S0033/plastic_nut_0033_NG_QS_C4_20231004113158.jpg,plastic_nut::plastic_nut_0033_NG_QS,4,development,OK,994.765625,1058.82373046875,886.12548828125,892.087890625,895.87109375,917.144775390625,1096.119140625,921.56884765625,1049.66357421875
plastic_nut,plastic_nut/NG/QS/S0033/plastic_nut_0033_NG_QS_C5_20231004113158.jpg,plastic_nut::plastic_nut_0033_NG_QS,5,development,QS,1082.333740234375,1082.711669921875,1082.711669921875,1201.884765625,879.838623046875,1201.884765625,827.1533203125,957.892578125,1007.783447265625
plastic_nut,plastic_nut/NG/ZW/S0033/plastic_nut_0033_NG_ZW_C1_20231004094138.jpg,plastic_nut::plastic_nut_0033_NG_ZW,1,development,OK,1245.38671875,1397.18798828125,1371.055908203125,1238.822509765625,1195.50390625,1112.028076171875,1263.3818359375,1176.328369140625,1257.78173828125
plastic_nut,plastic_nut/NG/ZW/S0033/plastic_nut_0033_NG_ZW_C2_20231004094138.jpg,plastic_nut::plastic_nut_0033_NG_ZW,2,development,OK,820.185546875,826.20751953125,725.40673828125,767.066650390625,839.1337890625,836.73291015625,811.417236328125,807.609130859375,748.67236328125
plastic_nut,plastic_nut/NG/ZW/S0033/plastic_nut_0033_NG_ZW_C3_20231004094138.jpg,plastic_nut::plastic_nut_0033_NG_ZW,3,development,ZW,1284.697998046875,1284.697998046875,1358.698486328125,1291.574951171875,1291.574951171875,1291.574951171875,1358.698486328125,1358.698486328125,1358.698486328125
plastic_nut,plastic_nut/NG/ZW/S0033/plastic_nut_0033_NG_ZW_C4_20231004094138.jpg,plastic_nut::plastic_nut_0033_NG_ZW,4,development,ZW,1331.05224609375,1481.185791015625,1352.564453125,1349.818603515625,1349.818603515625,1349.818603515625,1392.918212890625,1392.918212890625,1392.918212890625
plastic_nut,plastic_nut/NG/ZW/S0033/plastic_nut_0033_NG_ZW_C5_20231004094138.jpg,plastic_nut::plastic_nut_0033_NG_ZW,5,development,OK,922.845458984375,873.205810546875,1012.71875,925.89501953125,929.97705078125,818.87548828125,947.035888671875,895.359375,964.83056640625
plastic_nut,plastic_nut/OK/S0034/plastic_nut_0034_OK_C1_20230930124600.jpg,plastic_nut::plastic_nut_0034_OK,1,development,OK,1039.230712890625,930.6337890625,930.6337890625,843.65283203125,905.1123046875,862.83349609375,824.3662109375,852.451904296875,925.34619140625
plastic_nut,plastic_nut/OK/S0034/plastic_nut_0034_OK_C2_20230930124600.jpg,plastic_nut::plastic_nut_0034_OK,2,development,OK,1402.7841796875,1346.72412109375,1383.403076171875,797.70703125,800.49755859375,757.0263671875,814.81982421875,733.08837890625,759.6083984375
plastic_nut,plastic_nut/OK/S0034/plastic_nut_0034_OK_C3_20230930124600.jpg,plastic_nut::plastic_nut_0034_OK,3,development,OK,1021.89306640625,886.576171875,974.53857421875,912.8447265625,1037.1396484375,921.506103515625,1028.073974609375,984.6337890625,1050.3837890625
plastic_nut,plastic_nut/OK/S0034/plastic_nut_0034_OK_C4_20230930124600.jpg,plastic_nut::plastic_nut_0034_OK,4,development,OK,1185.25,876.32666015625,915.957275390625,1185.25,904.107421875,1105.188232421875,892.03564453125,908.822265625,830.32958984375
plastic_nut,plastic_nut/OK/S0034/plastic_nut_0034_OK_C5_20230930124600.jpg,plastic_nut::plastic_nut_0034_OK,5,development,OK,967.96875,801.806884765625,799.90869140625,803.5146484375,851.83154296875,762.859619140625,841.9970703125,813.986572265625,754.7958984375
plastic_nut,plastic_nut/NG/QS/S0035/plastic_nut_0035_NG_QS_C1_20231004113215.jpg,plastic_nut::plastic_nut_0035_NG_QS,1,development,OK,1404.211669921875,1431.629150390625,1280.7490234375,1503.693603515625,1503.693603515625,1539.234375,1036.9111328125,927.74462890625,964.334228515625
plastic_nut,plastic_nut/NG/QS/S0035/plastic_nut_0035_NG_QS_C2_20231004113215.jpg,plastic_nut::plastic_nut_0035_NG_QS,2,development,OK,1160.18212890625,1160.18212890625,1160.18212890625,1216.59375,1120.319091796875,1216.59375,1057.503173828125,1057.503173828125,1057.503173828125
plastic_nut,plastic_nut/NG/QS/S0035/plastic_nut_0035_NG_QS_C3_20231004113215.jpg,plastic_nut::plastic_nut_0035_NG_QS,3,development,QS,802.447509765625,855.24462890625,962.66015625,880.8525390625,800.979248046875,847.61376953125,793.26171875,754.508544921875,790.83251953125
plastic_nut,plastic_nut/NG/QS/S0035/plastic_nut_0035_NG_QS_C4_20231004113215.jpg,plastic_nut::plastic_nut_0035_NG_QS,4,development,OK,1143.068115234375,1090.57763671875,1143.068115234375,1268.555908203125,1143.068115234375,1268.555908203125,992.664794921875,969.74853515625,1201.869873046875
plastic_nut,plastic_nut/NG/QS/S0035/plastic_nut_0035_NG_QS_C5_20231004113215.jpg,plastic_nut::plastic_nut_0035_NG_QS,5,development,OK,1171.05322265625,1171.05322265625,1171.05322265625,1296.84423828125,987.65478515625,1296.84423828125,916.64697265625,982.736572265625,988.17138671875
plastic_nut,plastic_nut/NG/AK/S0037/plastic_nut_0037_NG_AK_C1_20231004133042.jpg,plastic_nut::plastic_nut_0037_NG_AK,1,development,OK,1645.0849609375,1645.0849609375,1645.0849609375,1056.533935546875,1126.9951171875,1216.653076171875,1101.49365234375,1120.529296875,1134.16162109375
plastic_nut,plastic_nut/NG/AK/S0037/plastic_nut_0037_NG_AK_C2_20231004133042.jpg,plastic_nut::plastic_nut_0037_NG_AK,2,development,OK,1102.34716796875,1102.34716796875,1102.34716796875,1201.626220703125,975.093505859375,1201.626220703125,811.849365234375,789.332275390625,820.829833984375
plastic_nut,plastic_nut/NG/AK/S0037/plastic_nut_0037_NG_AK_C3_20231004133042.jpg,plastic_nut::plastic_nut_0037_NG_AK,3,development,AK,1002.955078125,1007.6884765625,913.99658203125,1008.26611328125,952.2265625,856.40576171875,1050.308349609375,952.85302734375,844.6220703125
plastic_nut,plastic_nut/NG/AK/S0037/plastic_nut_0037_NG_AK_C4_20231004133042.jpg,plastic_nut::plastic_nut_0037_NG_AK,4,development,AK,1368.181640625,1368.181640625,1453.691650390625,1439.09814453125,1496.796875,1439.09814453125,1350.291748046875,1230.670166015625,1465.99267578125
plastic_nut,plastic_nut/NG/AK/S0037/plastic_nut_0037_NG_AK_C5_20231004133042.jpg,plastic_nut::plastic_nut_0037_NG_AK,5,development,OK,853.56103515625,911.08349609375,911.08349609375,934.781494140625,802.72216796875,936.14892578125,762.8916015625,778.66455078125,837.58935546875
plastic_nut,plastic_nut/NG/QS/S0037/plastic_nut_0037_NG_QS_C1_20231004113645.jpg,plastic_nut::plastic_nut_0037_NG_QS,1,development,QS,1543.523193359375,1500.4052734375,1500.4052734375,1592.404052734375,1584.194580078125,1760.686767578125,1481.717041015625,1481.717041015625,1481.717041015625
plastic_nut,plastic_nut/NG/QS/S0037/plastic_nut_0037_NG_QS_C2_20231004113645.jpg,plastic_nut::plastic_nut_0037_NG_QS,2,development,QS,1081.416748046875,1081.416748046875,1110.31103515625,1089.056396484375,1089.056396484375,1098.31201171875,1047.64501953125,981.37744140625,1082.62255859375
plastic_nut,plastic_nut/NG/QS/S0037/plastic_nut_0037_NG_QS_C3_20231004113645.jpg,plastic_nut::plastic_nut_0037_NG_QS,3,development,QS,1605.69580078125,1605.69580078125,1605.69580078125,1584.61572265625,1629.501220703125,1608.43505859375,1605.69580078125,1605.69580078125,1605.69580078125
plastic_nut,plastic_nut/NG/QS/S0037/plastic_nut_0037_NG_QS_C4_20231004113645.jpg,plastic_nut::plastic_nut_0037_NG_QS,4,development,QS,965.51953125,1038.509521484375,1009.026123046875,1026.9638671875,979.65380859375,1031.92138671875,1062.4697265625,975.55908203125,1057.505126953125
plastic_nut,plastic_nut/NG/QS/S0037/plastic_nut_0037_NG_QS_C5_20231004113645.jpg,plastic_nut::plastic_nut_0037_NG_QS,5,development,QS,1372.5126953125,1338.46875,1412.3427734375,1485.655517578125,1479.63818359375,1432.7841796875,1423.2255859375,1460.394775390625,1433.4375
plastic_nut,plastic_nut/NG/HS/S0038/plastic_nut_0038_NG_HS_C1_20231004104549.jpg,plastic_nut::plastic_nut_0038_NG_HS,1,development,OK,1647.1484375,1647.1484375,1647.1484375,1150.953125,1150.953125,1321.905517578125,1008.252685546875,1008.252685546875,1020.104736328125
plastic_nut,plastic_nut/NG/HS/S0038/plastic_nut_0038_NG_HS_C2_20231004104549.jpg,plastic_nut::plastic_nut_0038_NG_HS,2,development,OK,1194.28466796875,1226.536376953125,1226.536376953125,1266.7060546875,968.9189453125,1311.5205078125,967.388671875,968.438720703125,967.388671875
plastic_nut,plastic_nut/NG/HS/S0038/plastic_nut_0038_NG_HS_C3_20231004104549.jpg,plastic_nut::plastic_nut_0038_NG_HS,3,development,HS,1442.310546875,1415.058349609375,1442.310546875,1386.7998046875,1386.7998046875,1386.7998046875,1442.310546875,1442.310546875,1439.66845703125
plastic_nut,plastic_nut/NG/HS/S0038/plastic_nut_0038_NG_HS_C4_20231004104549.jpg,plastic_nut::plastic_nut_0038_NG_HS,4,development,HS,1310.124267578125,1310.124267578125,1310.124267578125,1298.228759765625,1369.7509765625,1282.96875,1272.091796875,1310.124267578125,1116.06201171875
plastic_nut,plastic_nut/NG/HS/S0038/plastic_nut_0038_NG_HS_C5_20231004104549.jpg,plastic_nut::plastic_nut_0038_NG_HS,5,development,OK,1123.10986328125,1123.10986328125,1123.10986328125,1414.34228515625,1033.73828125,1414.34228515625,915.73095703125,911.1953125,915.73095703125
plastic_nut,plastic_nut/NG/QS/S0039/plastic_nut_0039_NG_QS_C1_20231004113707.jpg,plastic_nut::plastic_nut_0039_NG_QS,1,development,QS,1579.630859375,1579.630859375,1579.630859375,1112.280517578125,1112.280517578125,1235.01171875,1142.406982421875,1114.41259765625,1151.36962890625
plastic_nut,plastic_nut/NG/QS/S0039/plastic_nut_0039_NG_QS_C2_20231004113707.jpg,plastic_nut::plastic_nut_0039_NG_QS,2,development,QS,1348.041015625,1324.5283203125,1346.0244140625,1166.4326171875,956.519287109375,1166.4326171875,1352.065185546875,1352.065185546875,1352.065185546875
plastic_nut,plastic_nut/NG/QS/S0039/plastic_nut_0039_NG_QS_C3_20231004113707.jpg,plastic_nut::plastic_nut_0039_NG_QS,3,development,QS,780.070556640625,919.70263671875,821.760009765625,795.232666015625,728.067626953125,802.27978515625,850.36572265625,846.2841796875,851.84912109375
plastic_nut,plastic_nut/NG/QS/S0039/plastic_nut_0039_NG_QS_C4_20231004113707.jpg,plastic_nut::plastic_nut_0039_NG_QS,4,development,QS,1043.787353515625,1015.40087890625,1043.787353515625,1201.863037109375,1043.787353515625,1201.863037109375,1109.96240234375,1124.060546875,1107.0810546875
plastic_nut,plastic_nut/NG/QS/S0039/plastic_nut_0039_NG_QS_C5_20231004113707.jpg,plastic_nut::plastic_nut_0039_NG_QS,5,development,OK,1206.968505859375,1206.968505859375,1206.968505859375,1331.075439453125,1048.271728515625,1331.075439453125,935.856201171875,844.27099609375,830.819580078125
plastic_nut,plastic_nut/NG/AK/S0040/plastic_nut_0040_NG_AK_C1_20231004133110.jpg,plastic_nut::plastic_nut_0040_NG_AK,1,development,AK,1379.0810546875,1381.47314453125,1329.86962890625,1250.610107421875,1261.64892578125,1456.4248046875,1292.6044921875,1312.616455078125,1292.6044921875
plastic_nut,plastic_nut/NG/AK/S0040/plastic_nut_0040_NG_AK_C2_20231004133110.jpg,plastic_nut::plastic_nut_0040_NG_AK,2,development,AK,1179.41650390625,1179.41650390625,1179.41650390625,1320.77392578125,1072.576416015625,1320.77392578125,963.521728515625,1049.224609375,1049.224609375
plastic_nut,plastic_nut/NG/AK/S0040/plastic_nut_0040_NG_AK_C3_20231004133110.jpg,plastic_nut::plastic_nut_0040_NG_AK,3,development,AK,1220.60400390625,1220.60400390625,1340.22119140625,1242.93994140625,1242.93994140625,1153.89111328125,1300.449951171875,1300.449951171875,1343.0361328125
plastic_nut,plastic_nut/NG/AK/S0040/plastic_nut_0040_NG_AK_C4_20231004133110.jpg,plastic_nut::plastic_nut_0040_NG_AK,4,development,AK,1075.042724609375,1120.77880859375,1120.017822265625,967.19970703125,967.19970703125,967.19970703125,944.34912109375,944.34912109375,926.681640625
plastic_nut,plastic_nut/NG/AK/S0040/plastic_nut_0040_NG_AK_C5_20231004133110.jpg,plastic_nut::plastic_nut_0040_NG_AK,5,development,AK,1349.891357421875,1349.891357421875,1550.541259765625,1349.891357421875,1349.891357421875,1298.487060546875,1539.36474609375,1581.1806640625,1539.36474609375
plastic_nut,plastic_nut/NG/HS/S0041/plastic_nut_0041_NG_HS_C1_20231004104737.jpg,plastic_nut::plastic_nut_0041_NG_HS,1,development,OK,1173.95654296875,1102.100341796875,1127.372314453125,957.879638671875,1107.025390625,1283.01025390625,995.86328125,1180.3603515625,987.9560546875
plastic_nut,plastic_nut/NG/HS/S0041/plastic_nut_0041_NG_HS_C2_20231004104737.jpg,plastic_nut::plastic_nut_0041_NG_HS,2,development,OK,1320.5830078125,1324.529052734375,1324.529052734375,1463.43408203125,1166.955322265625,1487.2509765625,974.0849609375,974.0849609375,974.0849609375
plastic_nut,plastic_nut/NG/HS/S0041/plastic_nut_0041_NG_HS_C3_20231004104737.jpg,plastic_nut::plastic_nut_0041_NG_HS,3,development,HS,1123.8173828125,1112.30859375,1142.120361328125,874.623779296875,945.31591796875,945.31591796875,885.40478515625,940.114501953125,809.67431640625
plastic_nut,plastic_nut/NG/HS/S0041/plastic_nut_0041_NG_HS_C4_20231004104737.jpg,plastic_nut::plastic_nut_0041_NG_HS,4,development,OK,955.481201171875,962.178466796875,927.46728515625,957.8486328125,908.68505859375,824.75927734375,844.912109375,793.08447265625,799.712890625
plastic_nut,plastic_nut/NG/HS/S0041/plastic_nut_0041_NG_HS_C5_20231004104737.jpg,plastic_nut::plastic_nut_0041_NG_HS,5,development,OK,1031.169921875,1101.806884765625,1031.169921875,1236.855712890625,1101.806884765625,1236.855712890625,1062.59375,1016.973388671875,1062.59375
plastic_nut,plastic_nut/NG/ZW/S0041/plastic_nut_0041_NG_ZW_C1_20231004094525.jpg,plastic_nut::plastic_nut_0041_NG_ZW,1,development,OK,1051.006591796875,1138.367431640625,1190.5595703125,1026.36181640625,954.4033203125,866.898681640625,1120.760986328125,1037.30517578125,1070.12060546875
plastic_nut,plastic_nut/NG/ZW/S0041/plastic_nut_0041_NG_ZW_C2_20231004094525.jpg,plastic_nut::plastic_nut_0041_NG_ZW,2,development,ZW,1788.10791015625,1740.403076171875,1740.403076171875,1804.14453125,1777.137939453125,1804.14453125,1787.047607421875,1787.047607421875,1783.215576171875
plastic_nut,plastic_nut/NG/ZW/S0041/plastic_nut_0041_NG_ZW_C3_20231004094525.jpg,plastic_nut::plastic_nut_0041_NG_ZW,3,development,ZW,2002.18212890625,2002.18212890625,2022.435302734375,2067.114501953125,2133.612060546875,2067.114501953125,2091.977783203125,2091.977783203125,2091.977783203125
plastic_nut,plastic_nut/NG/ZW/S0041/plastic_nut_0041_NG_ZW_C4_20231004094525.jpg,plastic_nut::plastic_nut_0041_NG_ZW,4,development,OK,1889.30419921875,1889.30419921875,1836.60693359375,791.654296875,799.45654296875,856.76904296875,867.77978515625,788.986572265625,797.784912109375
plastic_nut,plastic_nut/NG/ZW/S0041/plastic_nut_0041_NG_ZW_C5_20231004094525.jpg,plastic_nut::plastic_nut_0041_NG_ZW,5,development,OK,845.66796875,822.7578125,822.7578125,951.74951171875,805.1962890625,788.04833984375,801.500244140625,874.4296875,936.493896484375
plastic_nut,plastic_nut/NG/AK/S0042/plastic_nut_0042_NG_AK_C1_20231004133127.jpg,plastic_nut::plastic_nut_0042_NG_AK,1,development,OK,1485.80078125,1400.06689453125,1399.5849609375,1262.5908203125,1388.451904296875,1563.5625,1302.8193359375,1329.578369140625,1329.578369140625
plastic_nut,plastic_nut/NG/AK/S0042/plastic_nut_0042_NG_AK_C2_20231004133127.jpg,plastic_nut::plastic_nut_0042_NG_AK,2,development,AK,1230.7783203125,1230.7783203125,1230.7783203125,1358.2626953125,1125.6328125,1358.2626953125,1093.406005859375,1122.81298828125,1122.81298828125
plastic_nut,plastic_nut/NG/AK/S0042/plastic_nut_0042_NG_AK_C3_20231004133127.jpg,plastic_nut::plastic_nut_0042_NG_AK,3,development,AK,973.454833984375,1133.146484375,1133.991943359375,1040.758056640625,977.74072265625,925.35595703125,1010.59228515625,1016.990478515625,950.09814453125
plastic_nut,plastic_nut/NG/AK/S0042/plastic_nut_0042_NG_AK_C4_20231004133127.jpg,plastic_nut::plastic_nut_0042_NG_AK,4,development,OK,1348.362060546875,1348.362060546875,1393.59765625,1372.7529296875,1475.6025390625,1372.7529296875,1316.412353515625,1215.4599609375,1441.04052734375
plastic_nut,plastic_nut/NG/AK/S0042/plastic_nut_0042_NG_AK_C5_20231004133127.jpg,plastic_nut::plastic_nut_0042_NG_AK,5,development,OK,980.078369140625,1015.54296875,1015.54296875,1046.2021484375,861.54443359375,1046.2021484375,972.91552734375,1008.546630859375,1008.546630859375
plastic_nut,plastic_nut/NG/QS/S0042/plastic_nut_0042_NG_QS_C1_20231004113737.jpg,plastic_nut::plastic_nut_0042_NG_QS,1,development,OK,1049.57470703125,1104.92236328125,1104.92236328125,1031.3935546875,1008.564697265625,1176.583251953125,1051.20751953125,866.30615234375,917.140625
plastic_nut,plastic_nut/NG/QS/S0042/plastic_nut_0042_NG_QS_C2_20231004113737.jpg,plastic_nut::plastic_nut_0042_NG_QS,2,development,OK,1146.893798828125,1146.893798828125,1146.893798828125,1223.217041015625,965.314453125,1223.217041015625,788.68505859375,799.55712890625,820.119873046875
plastic_nut,plastic_nut/NG/QS/S0042/plastic_nut_0042_NG_QS_C3_20231004113737.jpg,plastic_nut::plastic_nut_0042_NG_QS,3,development,QS,957.53369140625,912.90771484375,1056.05029296875,885.292724609375,893.155517578125,919.752685546875,923.076171875,891.580078125,976.90234375
plastic_nut,plastic_nut/NG/QS/S0042/plastic_nut_0042_NG_QS_C4_20231004113737.jpg,plastic_nut::plastic_nut_0042_NG_QS,4,development,OK,803.5205078125,869.041015625,850.5478515625,858.0322265625,839.305908203125,954.94580078125,915.671875,800.3779296875,824.33837890625
plastic_nut,plastic_nut/NG/QS/S0042/plastic_nut_0042_NG_QS_C5_20231004113737.jpg,plastic_nut::plastic_nut_0042_NG_QS,5,development,OK,998.7275390625,998.7275390625,998.7275390625,1101.478271484375,842.69873046875,1101.478271484375,817.498046875,783.75,783.75
plastic_nut,plastic_nut/NG/ZW/S0044/plastic_nut_0044_NG_ZW_C1_20231004094606.jpg,plastic_nut::plastic_nut_0044_NG_ZW,1,development,ZW,1589.146484375,1555.99169921875,1520.572265625,1329.601318359375,1329.601318359375,1329.601318359375,1353.146484375,1320.6748046875,1274.218017578125
plastic_nut,plastic_nut/NG/ZW/S0044/plastic_nut_0044_NG_ZW_C2_20231004094606.jpg,plastic_nut::plastic_nut_0044_NG_ZW,2,development,ZW,1526.802001953125,1526.802001953125,1526.802001953125,1578.019775390625,1401.703369140625,1401.703369140625,1560.880126953125,1496.421630859375,1496.421630859375
plastic_nut,plastic_nut/NG/ZW/S0044/plastic_nut_0044_NG_ZW_C3_20231004094606.jpg,plastic_nut::plastic_nut_0044_NG_ZW,3,development,ZW,1857.13232421875,1857.13232421875,1857.13232421875,1852.9591064453125,1852.9591064453125,1852.9591064453125,1830.133056640625,1785.333740234375,1689.6192626953125
plastic_nut,plastic_nut/NG/ZW/S0044/plastic_nut_0044_NG_ZW_C4_20231004094606.jpg,plastic_nut::plastic_nut_0044_NG_ZW,4,development,ZW,1664.0341796875,1655.649658203125,1600.85986328125,1151.154541015625,1105.148193359375,1180.435546875,1130.062744140625,935.429443359375,935.429443359375
plastic_nut,plastic_nut/NG/ZW/S0044/plastic_nut_0044_NG_ZW_C5_20231004094606.jpg,plastic_nut::plastic_nut_0044_NG_ZW,5,development,OK,1388.1298828125,1388.1298828125,1388.1298828125,1352.08984375,1336.706787109375,1352.08984375,1255.5166015625,1255.5166015625,1255.5166015625
plastic_nut,plastic_nut/NG/QS/S0046/plastic_nut_0046_NG_QS_C1_20231004113907.jpg,plastic_nut::plastic_nut_0046_NG_QS,1,development,OK,1004.489013671875,1027.74072265625,1027.74072265625,902.6123046875,1042.010498046875,1098.79541015625,991.8447265625,782.661376953125,850.4462890625
plastic_nut,plastic_nut/NG/QS/S0046/plastic_nut_0046_NG_QS_C2_20231004113907.jpg,plastic_nut::plastic_nut_0046_NG_QS,2,development,QS,1237.01318359375,1302.198486328125,1237.01318359375,1409.3017578125,1439.14111328125,1366.871337890625,1222.902587890625,1450.299072265625,1222.902587890625
plastic_nut,plastic_nut/NG/QS/S0046/plastic_nut_0046_NG_QS_C3_20231004113907.jpg,plastic_nut::plastic_nut_0046_NG_QS,3,development,OK,1153.64892578125,1161.2138671875,1227.743408203125,876.39599609375,907.01220703125,830.3310546875,876.3076171875,821.49609375,876.830810546875
plastic_nut,plastic_nut/NG/QS/S0046/plastic_nut_0046_NG_QS_C4_20231004113907.jpg,plastic_nut::plastic_nut_0046_NG_QS,4,development,OK,898.15625,951.45751953125,829.265625,840.233154296875,911.677490234375,911.677490234375,908.60009765625,864.52001953125,843.6962890625
plastic_nut,plastic_nut/NG/QS/S0046/plastic_nut_0046_NG_QS_C5_20231004113907.jpg,plastic_nut::plastic_nut_0046_NG_QS,5,development,QS,1152.357666015625,1156.045166015625,1156.045166015625,1263.33154296875,1077.314208984375,1263.33154296875,1078.2236328125,1056.810791015625,1114.7421875
plastic_nut,plastic_nut/NG/ZW/S0048/plastic_nut_0048_NG_ZW_C1_20231004094717.jpg,plastic_nut::plastic_nut_0048_NG_ZW,1,development,OK,1706.119140625,1706.119140625,1706.119140625,1405.09912109375,1311.0927734375,1303.831298828125,1356.9189453125,1247.666015625,1364.317138671875
plastic_nut,plastic_nut/NG/ZW/S0048/plastic_nut_0048_NG_ZW_C2_20231004094717.jpg,plastic_nut::plastic_nut_0048_NG_ZW,2,development,OK,787.05419921875,805.8740234375,834.948974609375,789.75537109375,756.83935546875,780.523193359375,886.791748046875,859.380859375,827.08203125
plastic_nut,plastic_nut/NG/ZW/S0048/plastic_nut_0048_NG_ZW_C3_20231004094717.jpg,plastic_nut::plastic_nut_0048_NG_ZW,3,development,ZW,1612.665283203125,1674.94091796875,1612.665283203125,1595.70849609375,1595.70849609375,1674.94091796875,1618.030517578125,1618.030517578125,1618.030517578125
plastic_nut,plastic_nut/NG/ZW/S0048/plastic_nut_0048_NG_ZW_C4_20231004094717.jpg,plastic_nut::plastic_nut_0048_NG_ZW,4,development,ZW,1555.683837890625,1555.683837890625,1634.7005615234375,1590.48974609375,1549.6669921875,1549.6669921875,1474.285888671875,1474.285888671875,1474.285888671875
plastic_nut,plastic_nut/NG/ZW/S0048/plastic_nut_0048_NG_ZW_C5_20231004094717.jpg,plastic_nut::plastic_nut_0048_NG_ZW,5,development,OK,984.33984375,811.99755859375,890.806640625,946.654296875,992.21142578125,795.8984375,746.4296875,745.41552734375,770.28369140625
plastic_nut,plastic_nut/OK/S0049/plastic_nut_0049_OK_C1_20230930125838.jpg,plastic_nut::plastic_nut_0049_OK,1,development,OK,838.054443359375,899.46142578125,860.54443359375,944.0146484375,944.0146484375,944.0146484375,902.3349609375,978.579833984375,902.3349609375
plastic_nut,plastic_nut/OK/S0049/plastic_nut_0049_OK_C2_20230930125838.jpg,plastic_nut::plastic_nut_0049_OK,2,development,OK,1409.318359375,1351.026123046875,1383.62353515625,844.657958984375,754.6865234375,791.080078125,826.14794921875,851.40478515625,889.2236328125
plastic_nut,plastic_nut/OK/S0049/plastic_nut_0049_OK_C3_20230930125838.jpg,plastic_nut::plastic_nut_0049_OK,3,development,OK,910.8359375,875.9404296875,893.7939453125,795.61474609375,874.11376953125,795.61474609375,744.998046875,753.64501953125,780.4462890625
plastic_nut,plastic_nut/OK/S0049/plastic_nut_0049_OK_C4_20230930125838.jpg,plastic_nut::plastic_nut_0049_OK,4,development,OK,869.2509765625,911.79248046875,881.706787109375,905.927978515625,936.544921875,937.431640625,867.78271484375,867.78271484375,795.968505859375
plastic_nut,plastic_nut/OK/S0049/plastic_nut_0049_OK_C5_20230930125838.jpg,plastic_nut::plastic_nut_0049_OK,5,development,OK,802.513671875,866.72998046875,915.4453125,819.15673828125,898.064453125,819.15673828125,818.02197265625,763.32861328125,810.56982421875
plastic_nut,plastic_nut/NG/HS/S0050/plastic_nut_0050_NG_HS_C1_20231004104926.jpg,plastic_nut::plastic_nut_0050_NG_HS,1,development,OK,1113.583984375,1113.583984375,1113.583984375,930.521240234375,1007.72021484375,1198.72021484375,864.896728515625,816.79931640625,925.041259765625
plastic_nut,plastic_nut/NG/HS/S0050/plastic_nut_0050_NG_HS_C2_20231004104926.jpg,plastic_nut::plastic_nut_0050_NG_HS,2,development,HS,1483.68408203125,1483.68408203125,1587.4912109375,1372.59521484375,1372.59521484375,1372.59521484375,1289.53271484375,1289.53271484375,1289.53271484375
plastic_nut,plastic_nut/NG/HS/S0050/plastic_nut_0050_NG_HS_C3_20231004104926.jpg,plastic_nut::plastic_nut_0050_NG_HS,3,development,HS,1057.12158203125,1153.39794921875,1142.32568359375,1220.10107421875,1220.10107421875,1220.10107421875,1057.12158203125,1216.20361328125,1019.90673828125
plastic_nut,plastic_nut/NG/HS/S0050/plastic_nut_0050_NG_HS_C4_20231004104926.jpg,plastic_nut::plastic_nut_0050_NG_HS,4,development,OK,1594.0341796875,1594.0341796875,1594.0341796875,1126.65283203125,1126.65283203125,1198.7587890625,1115.623046875,1205.625,1115.623046875
plastic_nut,plastic_nut/NG/HS/S0050/plastic_nut_0050_NG_HS_C5_20231004104926.jpg,plastic_nut::plastic_nut_0050_NG_HS,5,development,OK,1665.623779296875,1413.468994140625,1413.468994140625,1350.492919921875,1342.3369140625,1350.492919921875,1141.52978515625,1145.44580078125,1141.52978515625
plastic_nut,plastic_nut/NG/ZW/S0050/plastic_nut_0050_NG_ZW_C1_20231004094808.jpg,plastic_nut::plastic_nut_0050_NG_ZW,1,development,ZW,1498.39990234375,1563.34814453125,1483.4052734375,1370.40771484375,1307.516845703125,1412.47509765625,1343.56591796875,1290.775390625,1383.145263671875
plastic_nut,plastic_nut/NG/ZW/S0050/plastic_nut_0050_NG_ZW_C2_20231004094808.jpg,plastic_nut::plastic_nut_0050_NG_ZW,2,development,ZW,1071.9853515625,1115.3134765625,1115.3134765625,1050.74365234375,1094.387939453125,1094.387939453125,1075.919677734375,1075.919677734375,1075.919677734375
plastic_nut,plastic_nut/NG/ZW/S0050/plastic_nut_0050_NG_ZW_C3_20231004094808.jpg,plastic_nut::plastic_nut_0050_NG_ZW,3,development,ZW,1513.3623046875,1502.47412109375,1547.005859375,1189.74462890625,1144.560546875,1203.282958984375,1171.513427734375,1128.135009765625,1163.27783203125
plastic_nut,plastic_nut/NG/ZW/S0050/plastic_nut_0050_NG_ZW_C4_20231004094808.jpg,plastic_nut::plastic_nut_0050_NG_ZW,4,development,ZW,1571.452880859375,1539.04052734375,1539.04052734375,1194.66796875,1194.66796875,1194.66796875,1177.332763671875,1146.5947265625,1177.332763671875
plastic_nut,plastic_nut/NG/ZW/S0050/plastic_nut_0050_NG_ZW_C5_20231004094808.jpg,plastic_nut::plastic_nut_0050_NG_ZW,5,development,ZW,1440.00341796875,1409.47802734375,1556.41162109375,1084.335205078125,1143.401611328125,1222.8466796875,978.453857421875,857.73974609375,971.865234375
plastic_nut,plastic_nut/OK/S0051/plastic_nut_0051_OK_C1_20230930130124.jpg,plastic_nut::plastic_nut_0051_OK,1,development,OK,873.8193359375,913.58447265625,887.55419921875,917.405517578125,878.327880859375,956.87841796875,910.848876953125,885.12841796875,856.968017578125
plastic_nut,plastic_nut/OK/S0051/plastic_nut_0051_OK_C2_20230930130124.jpg,plastic_nut::plastic_nut_0051_OK,2,development,OK,1568.82275390625,1571.048828125,1585.78076171875,812.4560546875,812.4560546875,762.046142578125,871.245849609375,773.87744140625,816.85107421875
plastic_nut,plastic_nut/OK/S0051/plastic_nut_0051_OK_C3_20230930130124.jpg,plastic_nut::plastic_nut_0051_OK,3,development,OK,920.07470703125,837.126953125,830.0478515625,881.825927734375,959.643798828125,961.177978515625,795.891357421875,804.792724609375,902.791259765625
plastic_nut,plastic_nut/OK/S0051/plastic_nut_0051_OK_C4_20230930130124.jpg,plastic_nut::plastic_nut_0051_OK,4,development,OK,893.62158203125,975.7373046875,923.79248046875,933.143310546875,1060.8642578125,947.64697265625,879.8037109375,934.755615234375,918.8232421875
plastic_nut,plastic_nut/OK/S0051/plastic_nut_0051_OK_C5_20230930130124.jpg,plastic_nut::plastic_nut_0051_OK,5,development,OK,767.859619140625,823.677734375,868.74072265625,726.2978515625,853.84814453125,828.907470703125,816.66943359375,838.54638671875,711.58203125
plastic_nut,plastic_nut/NG/QS/S0052/plastic_nut_0052_NG_QS_C1_20231004114319.jpg,plastic_nut::plastic_nut_0052_NG_QS,1,development,OK,1166.9013671875,1074.46826171875,1124.255859375,1124.255859375,1111.02978515625,1314.134033203125,995.7021484375,1002.68212890625,1099.80078125
plastic_nut,plastic_nut/NG/QS/S0052/plastic_nut_0052_NG_QS_C2_20231004114319.jpg,plastic_nut::plastic_nut_0052_NG_QS,2,development,QS,1396.678955078125,1332.076171875,1437.593017578125,1384.184326171875,1424.75830078125,1504.712890625,1400.992431640625,1391.08984375,1352.132080078125
plastic_nut,plastic_nut/NG/QS/S0052/plastic_nut_0052_NG_QS_C3_20231004114319.jpg,plastic_nut::plastic_nut_0052_NG_QS,3,development,QS,1275.4169921875,1276.618408203125,1271.549072265625,1316.645751953125,1276.618408203125,1276.618408203125,1220.397705078125,1489.6142578125,1254.1279296875
plastic_nut,plastic_nut/NG/QS/S0052/plastic_nut_0052_NG_QS_C4_20231004114319.jpg,plastic_nut::plastic_nut_0052_NG_QS,4,development,OK,1504.179931640625,1504.179931640625,1504.179931640625,1342.416015625,1498.787353515625,1498.787353515625,1521.81640625,1521.81640625,1614.559326171875
plastic_nut,plastic_nut/NG/QS/S0052/plastic_nut_0052_NG_QS_C5_20231004114319.jpg,plastic_nut::plastic_nut_0052_NG_QS,5,development,QS,1428.49658203125,1589.67724609375,1567.021484375,1432.767578125,1432.767578125,1432.767578125,1587.8277587890625,1587.8277587890625,1342.545166015625
plastic_nut,plastic_nut/NG/AK/S0055/plastic_nut_0055_NG_AK_C1_20231004141122.jpg,plastic_nut::plastic_nut_0055_NG_AK,1,development,OK,1588.8037109375,1691.77880859375,1487.1123046875,1221.5419921875,1267.24853515625,1353.31396484375,1254.78857421875,1235.9111328125,1344.548828125
plastic_nut,plastic_nut/NG/AK/S0055/plastic_nut_0055_NG_AK_C2_20231004141122.jpg,plastic_nut::plastic_nut_0055_NG_AK,2,development,AK,1109.363037109375,1132.01513671875,1109.363037109375,1222.63330078125,1141.57568359375,1222.63330078125,1176.00341796875,1158.542236328125,1207.04931640625
plastic_nut,plastic_nut/NG/AK/S0055/plastic_nut_0055_NG_AK_C3_20231004141122.jpg,plastic_nut::plastic_nut_0055_NG_AK,3,development,AK,941.391357421875,1067.1875,1090.02099609375,914.847900390625,971.65673828125,1003.91943359375,1029.841552734375,1093.6162109375,962.593994140625
plastic_nut,plastic_nut/NG/AK/S0055/plastic_nut_0055_NG_AK_C4_20231004141122.jpg,plastic_nut::plastic_nut_0055_NG_AK,4,development,OK,1434.90087890625,1434.90087890625,1554.949462890625,1521.009765625,1594.76025390625,1521.009765625,1427.022705078125,1340.970703125,1573.611083984375
plastic_nut,plastic_nut/NG/AK/S0055/plastic_nut_0055_NG_AK_C5_20231004141122.jpg,plastic_nut::plastic_nut_0055_NG_AK,5,development,OK,935.544677734375,923.484619140625,923.484619140625,932.21240234375,855.2998046875,932.21240234375,1137.32421875,1137.32421875,1137.32421875
plastic_nut,plastic_nut/NG/HS/S0055/plastic_nut_0055_NG_HS_C1_20231004105022.jpg,plastic_nut::plastic_nut_0055_NG_HS,1,development,OK,950.6689453125,1066.09228515625,983.292724609375,934.16015625,957.2939453125,970.24560546875,854.175537109375,841.79443359375,913.82568359375
plastic_nut,plastic_nut/NG/HS/S0055/plastic_nut_0055_NG_HS_C2_20231004105022.jpg,plastic_nut::plastic_nut_0055_NG_HS,2,development,OK,1095.927490234375,1095.927490234375,1095.927490234375,1165.03369140625,927.22265625,1165.03369140625,898.896484375,950.66162109375,845.00390625
plastic_nut,plastic_nut/NG/HS/S0055/plastic_nut_0055_NG_HS_C3_20231004105022.jpg,plastic_nut::plastic_nut_0055_NG_HS,3,development,OK,947.11083984375,992.06982421875,1103.15673828125,835.3828125,921.347900390625,842.190185546875,769.9697265625,785.08984375,951.4638671875
plastic_nut,plastic_nut/NG/HS/S0055/plastic_nut_0055_NG_HS_C4_20231004105022.jpg,plastic_nut::plastic_nut_0055_NG_HS,4,development,OK,1204.020751953125,1204.020751953125,1204.020751953125,1204.020751953125,1153.5322265625,1153.5322265625,1186.516845703125,1183.457763671875,1089.81787109375
plastic_nut,plastic_nut/NG/HS/S0055/plastic_nut_0055_NG_HS_C5_20231004105022.jpg,plastic_nut::plastic_nut_0055_NG_HS,5,development,HS,1272.669677734375,1341.90673828125,1265.0869140625,1187.09619140625,1359.779052734375,1236.4140625,1187.09619140625,1330.2744140625,1257.94970703125
plastic_nut,plastic_nut/NG/QS/S0056/plastic_nut_0056_NG_QS_C1_20231004114403.jpg,plastic_nut::plastic_nut_0056_NG_QS,1,development,OK,1017.441650390625,1064.30859375,1017.441650390625,938.784423828125,927.894775390625,1116.086181640625,1144.24853515625,928.475830078125,1187.193603515625
plastic_nut,plastic_nut/NG/QS/S0056/plastic_nut_0056_NG_QS_C2_20231004114403.jpg,plastic_nut::plastic_nut_0056_NG_QS,2,development,OK,1069.6474609375,1069.6474609375,1069.6474609375,1153.210205078125,1014.245849609375,1153.210205078125,975.74951171875,1017.53515625,899.6572265625
plastic_nut,plastic_nut/NG/QS/S0056/plastic_nut_0056_NG_QS_C3_20231004114403.jpg,plastic_nut::plastic_nut_0056_NG_QS,3,development,OK,858.3505859375,905.716064453125,923.94482421875,837.7666015625,837.7666015625,837.7666015625,840.428466796875,840.428466796875,842.67919921875
plastic_nut,plastic_nut/NG/QS/S0056/plastic_nut_0056_NG_QS_C4_20231004114403.jpg,plastic_nut::plastic_nut_0056_NG_QS,4,development,QS,944.765869140625,944.765869140625,1217.9208984375,1240.257080078125,1165.289306640625,1313.206787109375,1088.97119140625,935.8125,897.846435546875
plastic_nut,plastic_nut/NG/QS/S0056/plastic_nut_0056_NG_QS_C5_20231004114403.jpg,plastic_nut::plastic_nut_0056_NG_QS,5,development,QS,1162.66455078125,1181.354248046875,1181.354248046875,1244.534423828125,973.15576171875,1244.534423828125,965.46337890625,844.868408203125,828.041015625
plastic_nut,plastic_nut/NG/ZW/S0056/plastic_nut_0056_NG_ZW_C1_20231004095133.jpg,plastic_nut::plastic_nut_0056_NG_ZW,1,development,OK,1729.1435546875,1729.1435546875,1729.1435546875,1519.978271484375,1519.978271484375,1519.978271484375,1685.4090576171875,1685.4090576171875,1640.347412109375
plastic_nut,plastic_nut/NG/ZW/S0056/plastic_nut_0056_NG_ZW_C2_20231004095133.jpg,plastic_nut::plastic_nut_0056_NG_ZW,2,development,OK,809.0966796875,795.890625,883.84716796875,855.4541015625,781.007080078125,774.4970703125,787.826171875,879.263427734375,950.00927734375
plastic_nut,plastic_nut/NG/ZW/S0056/plastic_nut_0056_NG_ZW_C3_20231004095133.jpg,plastic_nut::plastic_nut_0056_NG_ZW,3,development,ZW,1960.02734375,2079.304931640625,1950.59375,2051.612060546875,2048.71923828125,2051.612060546875,1984.855712890625,1984.855712890625,1984.855712890625
plastic_nut,plastic_nut/NG/ZW/S0056/plastic_nut_0056_NG_ZW_C4_20231004095133.jpg,plastic_nut::plastic_nut_0056_NG_ZW,4,development,ZW,1939.1513671875,1939.1513671875,1939.1513671875,1919.6802978515625,1919.6802978515625,1807.193115234375,1854.231689453125,1896.172119140625,1866.8011474609375
plastic_nut,plastic_nut/NG/ZW/S0056/plastic_nut_0056_NG_ZW_C5_20231004095133.jpg,plastic_nut::plastic_nut_0056_NG_ZW,5,development,OK,1278.4658203125,1108.97998046875,1205.372802734375,1192.97021484375,1192.97021484375,1225.84521484375,1149.140380859375,1149.140380859375,1149.140380859375
plastic_nut,plastic_nut/NG/QS/S0057/plastic_nut_0057_NG_QS_C1_20231004114417.jpg,plastic_nut::plastic_nut_0057_NG_QS,1,development,QS,1308.63671875,1309.81689453125,1308.63671875,1115.34228515625,1142.295166015625,1364.72900390625,998.44384765625,1401.8623046875,1309.27734375
plastic_nut,plastic_nut/NG/QS/S0057/plastic_nut_0057_NG_QS_C2_20231004114417.jpg,plastic_nut::plastic_nut_0057_NG_QS,2,development,QS,1126.8154296875,1126.8154296875,1155.06787109375,1134.469970703125,881.985595703125,1134.469970703125,992.149658203125,992.149658203125,992.149658203125
plastic_nut,plastic_nut/NG/QS/S0057/plastic_nut_0057_NG_QS_C3_20231004114417.jpg,plastic_nut::plastic_nut_0057_NG_QS,3,development,QS,907.86865234375,994.4833984375,1015.53857421875,942.466552734375,967.015625,917.608154296875,849.499267578125,919.062744140625,838.758544921875
plastic_nut,plastic_nut/NG/QS/S0057/plastic_nut_0057_NG_QS_C4_20231004114417.jpg,plastic_nut::plastic_nut_0057_NG_QS,4,development,QS,1178.5751953125,1250.537109375,1178.5751953125,1064.530517578125,1100.417236328125,1100.417236328125,973.386474609375,1005.259765625,923.430419921875
plastic_nut,plastic_nut/NG/QS/S0057/plastic_nut_0057_NG_QS_C5_20231004114417.jpg,plastic_nut::plastic_nut_0057_NG_QS,5,development,QS,1241.15576171875,1261.299072265625,1261.299072265625,1332.09814453125,1060.853271484375,1332.09814453125,1081.80322265625,1131.085693359375,1081.80322265625
plastic_nut,plastic_nut/NG/AK/S0058/plastic_nut_0058_NG_AK_C1_20231004141147.jpg,plastic_nut::plastic_nut_0058_NG_AK,1,development,OK,1650.68359375,1757.9931640625,1543.9482421875,1140.297607421875,1185.59375,1282.82568359375,1168.635986328125,1200.224609375,1192.66259765625
plastic_nut,plastic_nut/NG/AK/S0058/plastic_nut_0058_NG_AK_C2_20231004141147.jpg,plastic_nut::plastic_nut_0058_NG_AK,2,development,OK,1193.420654296875,1193.420654296875,1193.420654296875,1308.165283203125,1084.86669921875,1308.165283203125,898.0859375,876.7568359375,876.7568359375
plastic_nut,plastic_nut/NG/AK/S0058/plastic_nut_0058_NG_AK_C3_20231004141147.jpg,plastic_nut::plastic_nut_0058_NG_AK,3,development,OK,853.6748046875,899.76513671875,821.054443359375,718.547607421875,724.81005859375,750.9345703125,766.536376953125,803.545166015625,833.185546875
plastic_nut,plastic_nut/NG/AK/S0058/plastic_nut_0058_NG_AK_C4_20231004141147.jpg,plastic_nut::plastic_nut_0058_NG_AK,4,development,AK,1469.7919921875,1370.659912109375,1397.125732421875,1417.7109375,1425.62109375,1473.99365234375,1376.586669921875,1376.586669921875,1403.947265625
plastic_nut,plastic_nut/NG/AK/S0058/plastic_nut_0058_NG_AK_C5_20231004141147.jpg,plastic_nut::plastic_nut_0058_NG_AK,5,development,AK,1188.222900390625,1188.222900390625,1188.222900390625,1267.83349609375,1209.13916015625,1267.83349609375,1141.49267578125,1100.943359375,1141.49267578125
plastic_nut,plastic_nut/NG/QS/S0058/plastic_nut_0058_NG_QS_C1_20231004114434.jpg,plastic_nut::plastic_nut_0058_NG_QS,1,development,OK,1300.427001953125,1283.3515625,1300.427001953125,1248.706298828125,1105.696533203125,1243.296875,1014.776123046875,1014.776123046875,1093.271728515625
plastic_nut,plastic_nut/NG/QS/S0058/plastic_nut_0058_NG_QS_C2_20231004114434.jpg,plastic_nut::plastic_nut_0058_NG_QS,2,development,OK,1212.219970703125,1212.219970703125,1212.219970703125,1275.49609375,1029.621337890625,1275.49609375,1077.801025390625,1077.801025390625,1077.801025390625
plastic_nut,plastic_nut/NG/QS/S0058/plastic_nut_0058_NG_QS_C3_20231004114434.jpg,plastic_nut::plastic_nut_0058_NG_QS,3,development,QS,1198.603515625,1089.81787109375,1091.9033203125,996.025146484375,958.208984375,1006.81396484375,885.6669921875,880.34375,924.620849609375
plastic_nut,plastic_nut/NG/QS/S0058/plastic_nut_0058_NG_QS_C4_20231004114434.jpg,plastic_nut::plastic_nut_0058_NG_QS,4,development,OK,866.94921875,1055.793701171875,1055.793701171875,1023.113037109375,1138.737060546875,1117.2879638671875,999.44580078125,992.50634765625,1020.273681640625
plastic_nut,plastic_nut/NG/QS/S0058/plastic_nut_0058_NG_QS_C5_20231004114434.jpg,plastic_nut::plastic_nut_0058_NG_QS,5,development,QS,1482.031982421875,1347.2939453125,1533.27001953125,1471.1572265625,1324.84326171875,1520.718017578125,1469.853271484375,1291.06787109375,1291.06787109375
plastic_nut,plastic_nut/NG/AK/S0059/plastic_nut_0059_NG_AK_C1_20231004141154.jpg,plastic_nut::plastic_nut_0059_NG_AK,1,development,OK,1572.84814453125,1679.9794921875,1468.72021484375,1216.12548828125,1249.476806640625,1419.166015625,1269.6552734375,1265.667724609375,1274.443359375
plastic_nut,plastic_nut/NG/AK/S0059/plastic_nut_0059_NG_AK_C2_20231004141154.jpg,plastic_nut::plastic_nut_0059_NG_AK,2,development,AK,1339.49658203125,1339.49658203125,1339.49658203125,1443.78125,1237.628173828125,1443.78125,1198.943359375,1198.943359375,1271.5205078125
plastic_nut,plastic_nut/NG/AK/S0059/plastic_nut_0059_NG_AK_C3_20231004141154.jpg,plastic_nut::plastic_nut_0059_NG_AK,3,development,OK,786.57568359375,854.86279296875,821.2041015625,781.233642578125,821.751220703125,742.59423828125,783.3095703125,767.087158203125,818.18798828125
plastic_nut,plastic_nut/NG/AK/S0059/plastic_nut_0059_NG_AK_C4_20231004141154.jpg,plastic_nut::plastic_nut_0059_NG_AK,4,development,OK,1362.85302734375,1362.85302734375,1463.270751953125,1460.039794921875,1505.372802734375,1460.039794921875,1370.97509765625,1254.791748046875,1504.26171875
plastic_nut,plastic_nut/NG/AK/S0059/plastic_nut_0059_NG_AK_C5_20231004141154.jpg,plastic_nut::plastic_nut_0059_NG_AK,5,development,AK,1180.343994140625,1180.343994140625,1180.343994140625,1220.488037109375,966.8447265625,1220.488037109375,804.325927734375,914.19384765625,905.771240234375
plastic_nut,plastic_nut/NG/ZW/S0059/plastic_nut_0059_NG_ZW_C1_20231004095222.jpg,plastic_nut::plastic_nut_0059_NG_ZW,1,development,OK,1422.99609375,1542.989013671875,1484.315185546875,1116.220947265625,1090.21923828125,1061.741455078125,1064.435302734375,1035.55419921875,1010.25390625
plastic_nut,plastic_nut/NG/ZW/S0059/plastic_nut_0059_NG_ZW_C2_20231004095222.jpg,plastic_nut::plastic_nut_0059_NG_ZW,2,development,OK,1339.236328125,1404.2353515625,1404.2353515625,1404.2353515625,1515.959716796875,1515.959716796875,1216.883544921875,1216.883544921875,1216.883544921875
plastic_nut,plastic_nut/NG/ZW/S0059/plastic_nut_0059_NG_ZW_C3_20231004095222.jpg,plastic_nut::plastic_nut_0059_NG_ZW,3,development,ZW,1456.196533203125,1522.322265625,1563.685546875,1580.15234375,1580.15234375,1506.569580078125,1613.90869140625,1613.90869140625,1613.90869140625
plastic_nut,plastic_nut/NG/ZW/S0059/plastic_nut_0059_NG_ZW_C4_20231004095222.jpg,plastic_nut::plastic_nut_0059_NG_ZW,4,development,ZW,810.35888671875,834.3046875,894.8388671875,913.13525390625,831.5751953125,880.140625,827.46923828125,754.642578125,841.9755859375
plastic_nut,plastic_nut/NG/ZW/S0059/plastic_nut_0059_NG_ZW_C5_20231004095222.jpg,plastic_nut::plastic_nut_0059_NG_ZW,5,development,OK,1833.44873046875,1833.44873046875,1833.44873046875,918.892578125,787.924072265625,905.288818359375,925.1376953125,988.67724609375,903.002685546875
plastic_nut,plastic_nut/OK/S0060/plastic_nut_0060_OK_C1_20230930130459.jpg,plastic_nut::plastic_nut_0060_OK,1,development,OK,872.2900390625,882.20166015625,882.20166015625,754.76611328125,861.240966796875,837.1220703125,881.07568359375,919.65478515625,833.03857421875
plastic_nut,plastic_nut/OK/S0060/plastic_nut_0060_OK_C2_20230930130459.jpg,plastic_nut::plastic_nut_0060_OK,2,development,OK,1227.84423828125,1164.904052734375,1215.280029296875,722.85009765625,786.24853515625,711.423583984375,727.409423828125,768.752685546875,765.247802734375
plastic_nut,plastic_nut/OK/S0060/plastic_nut_0060_OK_C3_20230930130459.jpg,plastic_nut::plastic_nut_0060_OK,3,development,OK,748.05615234375,888.64697265625,809.6982421875,871.9287109375,735.568115234375,728.91015625,814.221435546875,903.86376953125,798.157958984375
plastic_nut,plastic_nut/OK/S0060/plastic_nut_0060_OK_C4_20230930130459.jpg,plastic_nut::plastic_nut_0060_OK,4,development,OK,953.568115234375,1284.845947265625,1284.845947265625,988.230224609375,929.89990234375,878.57861328125,849.3466796875,911.980224609375,964.194580078125
plastic_nut,plastic_nut/OK/S0060/plastic_nut_0060_OK_C5_20230930130459.jpg,plastic_nut::plastic_nut_0060_OK,5,development,OK,825.34033203125,812.06982421875,875.92236328125,744.22412109375,708.126953125,786.875732421875,738.676513671875,873.865234375,907.7890625
plastic_nut,plastic_nut/NG/QS/S0061/plastic_nut_0061_NG_QS_C1_20231004114541.jpg,plastic_nut::plastic_nut_0061_NG_QS,1,development,QS,1377.56396484375,1377.56396484375,1377.56396484375,1498.13330078125,1584.22216796875,1498.13330078125,1548.75537109375,1366.887939453125,1366.887939453125
plastic_nut,plastic_nut/NG/QS/S0061/plastic_nut_0061_NG_QS_C2_20231004114541.jpg,plastic_nut::plastic_nut_0061_NG_QS,2,development,QS,1157.18310546875,1157.18310546875,1157.18310546875,1288.21826171875,1043.461181640625,1288.21826171875,978.322509765625,978.322509765625,978.322509765625
plastic_nut,plastic_nut/NG/QS/S0061/plastic_nut_0061_NG_QS_C3_20231004114541.jpg,plastic_nut::plastic_nut_0061_NG_QS,3,development,QS,1068.36474609375,922.45703125,1004.3583984375,973.864990234375,1025.7509765625,1010.15966796875,1101.734375,899.923828125,891.9462890625
plastic_nut,plastic_nut/NG/QS/S0061/plastic_nut_0061_NG_QS_C4_20231004114541.jpg,plastic_nut::plastic_nut_0061_NG_QS,4,development,QS,1139.14990234375,1139.14990234375,1139.14990234375,1149.7392578125,1149.7392578125,1140.711669921875,1306.251953125,1167.886962890625,1167.886962890625
plastic_nut,plastic_nut/NG/QS/S0061/plastic_nut_0061_NG_QS_C5_20231004114541.jpg,plastic_nut::plastic_nut_0061_NG_QS,5,development,QS,1019.01806640625,1086.19677734375,1086.19677734375,1092.4189453125,925.541259765625,1092.4189453125,911.431396484375,883.401123046875,826.87109375
plastic_nut,plastic_nut/NG/HS/S0062/plastic_nut_0062_NG_HS_C1_20231004105327.jpg,plastic_nut::plastic_nut_0062_NG_HS,1,development,OK,1326.722900390625,1297.448486328125,1326.722900390625,1142.83935546875,1142.83935546875,1329.109375,1179.317626953125,1106.429443359375,1106.429443359375
plastic_nut,plastic_nut/NG/HS/S0062/plastic_nut_0062_NG_HS_C2_20231004105327.jpg,plastic_nut::plastic_nut_0062_NG_HS,2,development,HS,1389.302001953125,1406.8515625,1406.8515625,1389.302001953125,1389.302001953125,1389.302001953125,1500.39306640625,1364.6337890625,1500.39306640625
plastic_nut,plastic_nut/NG/HS/S0062/plastic_nut_0062_NG_HS_C3_20231004105327.jpg,plastic_nut::plastic_nut_0062_NG_HS,3,development,OK,888.7626953125,935.611328125,1047.7353515625,831.074951171875,783.03759765625,854.62939453125,880.01318359375,824.7578125,815.3173828125
plastic_nut,plastic_nut/NG/HS/S0062/plastic_nut_0062_NG_HS_C4_20231004105327.jpg,plastic_nut::plastic_nut_0062_NG_HS,4,development,OK,880.9833984375,833.665283203125,812.033203125,737.978271484375,839.71337890625,821.424072265625,806.52734375,818.199462890625,927.322265625
plastic_nut,plastic_nut/NG/HS/S0062/plastic_nut_0062_NG_HS_C5_20231004105327.jpg,plastic_nut::plastic_nut_0062_NG_HS,5,development,HS,1520.62890625,1597.80224609375,1597.80224609375,1561.23095703125,1561.23095703125,1561.23095703125,1592.786376953125,1558.9404296875,1592.786376953125
plastic_nut,plastic_nut/OK/S0062/plastic_nut_0062_OK_C1_20230930130611.jpg,plastic_nut::plastic_nut_0062_OK,1,development,OK,829.97021484375,775.46240234375,851.29248046875,821.837890625,754.711181640625,821.837890625,920.81005859375,804.918212890625,920.81005859375
plastic_nut,plastic_nut/OK/S0062/plastic_nut_0062_OK_C2_20230930130611.jpg,plastic_nut::plastic_nut_0062_OK,2,development,OK,1387.4375,1356.76171875,1380.926513671875,721.076171875,820.26953125,746.7626953125,754.9580078125,754.9580078125,759.7939453125
plastic_nut,plastic_nut/OK/S0062/plastic_nut_0062_OK_C3_20230930130611.jpg,plastic_nut::plastic_nut_0062_OK,3,development,OK,909.55908203125,887.486328125,902.81640625,849.097412109375,965.943359375,746.85595703125,715.025390625,770.79345703125,812.54443359375
plastic_nut,plastic_nut/OK/S0062/plastic_nut_0062_OK_C4_20230930130611.jpg,plastic_nut::plastic_nut_0062_OK,4,development,OK,962.0712890625,997.218017578125,1001.694091796875,1003.5888671875,861.4443359375,856.44873046875,1034.62744140625,884.957275390625,981.78857421875
plastic_nut,plastic_nut/OK/S0062/plastic_nut_0062_OK_C5_20230930130611.jpg,plastic_nut::plastic_nut_0062_OK,5,development,OK,719.09033203125,796.65771484375,746.4912109375,778.1005859375,825.376220703125,816.02587890625,719.9375,787.896240234375,769.088623046875
plastic_nut,plastic_nut/NG/AK/S0064/plastic_nut_0064_NG_AK_C1_20231004141231.jpg,plastic_nut::plastic_nut_0064_NG_AK,1,development,OK,1477.7314453125,1561.72314453125,1400.159912109375,1263.9677734375,1296.8798828125,1341.58544921875,1309.977783203125,1335.33056640625,1333.40869140625
plastic_nut,plastic_nut/NG/AK/S0064/plastic_nut_0064_NG_AK_C2_20231004141231.jpg,plastic_nut::plastic_nut_0064_NG_AK,2,development,OK,1074.228515625,1074.228515625,1074.228515625,1184.51611328125,953.74951171875,1184.51611328125,923.032958984375,1026.998046875,784.95703125
plastic_nut,plastic_nut/NG/AK/S0064/plastic_nut_0064_NG_AK_C3_20231004141231.jpg,plastic_nut::plastic_nut_0064_NG_AK,3,development,AK,864.90576171875,909.2919921875,838.2890625,830.780517578125,780.24267578125,768.34912109375,818.242919921875,756.065185546875,795.712646484375
plastic_nut,plastic_nut/NG/AK/S0064/plastic_nut_0064_NG_AK_C4_20231004141231.jpg,plastic_nut::plastic_nut_0064_NG_AK,4,development,AK,951.064453125,966.69482421875,972.441162109375,972.18505859375,984.429931640625,1027.940673828125,917.877197265625,889.41259765625,1000.8758544921875
plastic_nut,plastic_nut/NG/AK/S0064/plastic_nut_0064_NG_AK_C5_20231004141231.jpg,plastic_nut::plastic_nut_0064_NG_AK,5,development,OK,1299.245849609375,1299.245849609375,1299.245849609375,1552.81787109375,1552.81787109375,1564.104248046875,1299.245849609375,1299.245849609375,1299.245849609375
plastic_nut,plastic_nut/NG/HS/S0066/plastic_nut_0066_NG_HS_C1_20231004105401.jpg,plastic_nut::plastic_nut_0066_NG_HS,1,development,OK,1364.7255859375,1364.7255859375,1364.7255859375,1030.84716796875,1196.759521484375,1004.783203125,893.857421875,906.45654296875,990.003662109375
plastic_nut,plastic_nut/NG/HS/S0066/plastic_nut_0066_NG_HS_C2_20231004105401.jpg,plastic_nut::plastic_nut_0066_NG_HS,2,development,HS,1365.27734375,1258.00244140625,1258.00244140625,1398.2353515625,1398.2353515625,1290.604736328125,1258.00244140625,1461.008056640625,1229.983642578125
plastic_nut,plastic_nut/NG/HS/S0066/plastic_nut_0066_NG_HS_C3_20231004105401.jpg,plastic_nut::plastic_nut_0066_NG_HS,3,development,OK,982.8486328125,1029.455078125,1139.7958984375,781.294677734375,840.66259765625,731.243408203125,860.25927734375,757.1005859375,765.5126953125
plastic_nut,plastic_nut/NG/HS/S0066/plastic_nut_0066_NG_HS_C4_20231004105401.jpg,plastic_nut::plastic_nut_0066_NG_HS,4,development,OK,877.081298828125,892.20068359375,830.23681640625,818.803466796875,854.646728515625,900.299072265625,796.63818359375,771.9345703125,768.326171875
plastic_nut,plastic_nut/NG/HS/S0066/plastic_nut_0066_NG_HS_C5_20231004105401.jpg,plastic_nut::plastic_nut_0066_NG_HS,5,development,HS,1514.971435546875,1511.62646484375,1511.62646484375,1397.585205078125,1367.461669921875,1397.585205078125,1526.45068359375,1453.543212890625,1359.850830078125
plastic_nut,plastic_nut/NG/AK/S0067/plastic_nut_0067_NG_AK_C1_20231004141306.jpg,plastic_nut::plastic_nut_0067_NG_AK,1,development,OK,1357.7353515625,1401.195556640625,1374.458740234375,1249.98193359375,1299.5146484375,1349.3837890625,1277.6787109375,1289.609130859375,1301.896484375
plastic_nut,plastic_nut/NG/AK/S0067/plastic_nut_0067_NG_AK_C2_20231004141306.jpg,plastic_nut::plastic_nut_0067_NG_AK,2,development,OK,1251.191650390625,1251.191650390625,1251.191650390625,1364.03369140625,1124.781982421875,1364.03369140625,920.19921875,887.332275390625,887.332275390625
plastic_nut,plastic_nut/NG/AK/S0067/plastic_nut_0067_NG_AK_C3_20231004141306.jpg,plastic_nut::plastic_nut_0067_NG_AK,3,development,OK,838.185302734375,895.99609375,923.617431640625,929.81884765625,929.81884765625,929.81884765625,939.32373046875,928.325927734375,928.325927734375
plastic_nut,plastic_nut/NG/AK/S0067/plastic_nut_0067_NG_AK_C4_20231004141306.jpg,plastic_nut::plastic_nut_0067_NG_AK,4,development,AK,1173.302978515625,1173.302978515625,1272.082763671875,1273.731201171875,1287.789306640625,1316.336181640625,1176.8837890625,1178.380126953125,1253.9775390625
plastic_nut,plastic_nut/NG/AK/S0067/plastic_nut_0067_NG_AK_C5_20231004141306.jpg,plastic_nut::plastic_nut_0067_NG_AK,5,development,AK,990.48193359375,1012.363037109375,1012.363037109375,1087.88232421875,778.89501953125,1087.88232421875,824.08349609375,847.3935546875,894.108154296875
plastic_nut,plastic_nut/NG/AK/S0068/plastic_nut_0068_NG_AK_C1_20231004141317.jpg,plastic_nut::plastic_nut_0068_NG_AK,1,development,OK,1561.685546875,1646.22314453125,1449.97314453125,1196.931640625,1232.020263671875,1377.865966796875,1254.9775390625,1266.747314453125,1264.844970703125
plastic_nut,plastic_nut/NG/AK/S0068/plastic_nut_0068_NG_AK_C2_20231004141317.jpg,plastic_nut::plastic_nut_0068_NG_AK,2,development,OK,1114.199951171875,1114.199951171875,1114.199951171875,1230.756591796875,999.68359375,1230.756591796875,993.20263671875,891.409912109375,887.7265625
plastic_nut,plastic_nut/NG/AK/S0068/plastic_nut_0068_NG_AK_C3_20231004141317.jpg,plastic_nut::plastic_nut_0068_NG_AK,3,development,AK,872.05224609375,933.908935546875,933.908935546875,957.572998046875,885.494384765625,908.8291015625,881.074951171875,802.45068359375,772.50634765625
plastic_nut,plastic_nut/NG/AK/S0068/plastic_nut_0068_NG_AK_C4_20231004141317.jpg,plastic_nut::plastic_nut_0068_NG_AK,4,development,AK,1025.075927734375,1080.77001953125,1159.7587890625,1117.458984375,1098.51220703125,1173.3046875,1098.76123046875,1041.870361328125,1098.76123046875
plastic_nut,plastic_nut/NG/AK/S0068/plastic_nut_0068_NG_AK_C5_20231004141317.jpg,plastic_nut::plastic_nut_0068_NG_AK,5,development,OK,933.64208984375,979.564208984375,979.564208984375,979.036376953125,813.00537109375,979.036376953125,780.9384765625,827.207763671875,772.63232421875
plastic_nut,plastic_nut/NG/ZW/S0069/plastic_nut_0069_NG_ZW_C1_20231004100126.jpg,plastic_nut::plastic_nut_0069_NG_ZW,1,development,ZW,1577.90673828125,1577.90673828125,1577.90673828125,1274.4287109375,1274.4287109375,1307.921630859375,1247.239990234375,1247.239990234375,1247.239990234375
plastic_nut,plastic_nut/NG/ZW/S0069/plastic_nut_0069_NG_ZW_C2_20231004100126.jpg,plastic_nut::plastic_nut_0069_NG_ZW,2,development,ZW,1283.90478515625,1283.90478515625,1283.90478515625,1339.60498046875,1339.60498046875,1339.60498046875,1423.5927734375,1519.15576171875,1423.5927734375
plastic_nut,plastic_nut/NG/ZW/S0069/plastic_nut_0069_NG_ZW_C3_20231004100126.jpg,plastic_nut::plastic_nut_0069_NG_ZW,3,development,ZW,1408.60205078125,1402.755615234375,1447.551513671875,1243.19482421875,1275.433349609375,1240.4619140625,1505.78759765625,1505.78759765625,1530.9130859375
plastic_nut,plastic_nut/NG/ZW/S0069/plastic_nut_0069_NG_ZW_C4_20231004100126.jpg,plastic_nut::plastic_nut_0069_NG_ZW,4,development,ZW,1009.3291015625,1009.3291015625,1298.657470703125,1124.68310546875,1124.68310546875,1124.68310546875,1331.962646484375,1331.962646484375,1331.962646484375
plastic_nut,plastic_nut/NG/ZW/S0069/plastic_nut_0069_NG_ZW_C5_20231004100126.jpg,plastic_nut::plastic_nut_0069_NG_ZW,5,development,ZW,1230.718994140625,1236.812255859375,1316.276611328125,1255.426513671875,1196.779296875,1263.27197265625,1467.682373046875,1467.682373046875,1467.682373046875
plastic_nut,plastic_nut/NG/QS/S0072/plastic_nut_0072_NG_QS_C1_20231004130732.jpg,plastic_nut::plastic_nut_0072_NG_QS,1,development,OK,1261.4365234375,1250.180419921875,1110.302001953125,1347.8974609375,1413.85888671875,1452.9873046875,1116.3056640625,1161.510498046875,1161.510498046875
plastic_nut,plastic_nut/NG/QS/S0072/plastic_nut_0072_NG_QS_C2_20231004130732.jpg,plastic_nut::plastic_nut_0072_NG_QS,2,development,OK,1177.068603515625,1177.068603515625,1177.068603515625,1288.6025390625,1037.262451171875,1288.6025390625,871.9794921875,852.09228515625,836.97900390625
plastic_nut,plastic_nut/NG/QS/S0072/plastic_nut_0072_NG_QS_C3_20231004130732.jpg,plastic_nut::plastic_nut_0072_NG_QS,3,development,OK,881.926513671875,890.22412109375,865.957763671875,913.00390625,869.573974609375,780.115966796875,1037.2958984375,978.6171875,872.48681640625
plastic_nut,plastic_nut/NG/QS/S0072/plastic_nut_0072_NG_QS_C4_20231004130732.jpg,plastic_nut::plastic_nut_0072_NG_QS,4,development,QS,1212.13818359375,1249.210693359375,1375.64892578125,1241.517578125,1241.517578125,1279.369384765625,1372.4033203125,1327.75048828125,1248.09912109375
plastic_nut,plastic_nut/NG/QS/S0072/plastic_nut_0072_NG_QS_C5_20231004130732.jpg,plastic_nut::plastic_nut_0072_NG_QS,5,development,QS,1531.874267578125,1413.923095703125,1531.874267578125,1170.572021484375,1094.0791015625,1008.4951171875,988.636962890625,988.636962890625,988.636962890625
plastic_nut,plastic_nut/NG/QS/S0073/plastic_nut_0073_NG_QS_C1_20231004130740.jpg,plastic_nut::plastic_nut_0073_NG_QS,1,development,QS,1216.0556640625,1246.9833984375,1300.51904296875,1149.010986328125,1179.706787109375,1348.570556640625,1200.712646484375,1237.5546875,1204.531005859375
plastic_nut,plastic_nut/NG/QS/S0073/plastic_nut_0073_NG_QS_C2_20231004130740.jpg,plastic_nut::plastic_nut_0073_NG_QS,2,development,QS,1009.337890625,1000.529541015625,1007.7373046875,1222.041259765625,918.322509765625,1099.38671875,1097.990478515625,1008.0849609375,1008.0849609375
plastic_nut,plastic_nut/NG/QS/S0073/plastic_nut_0073_NG_QS_C3_20231004130740.jpg,plastic_nut::plastic_nut_0073_NG_QS,3,development,QS,925.49365234375,1014.9521484375,1119.4033203125,899.78515625,975.0185546875,841.76025390625,1045.942626953125,1000.086181640625,1029.471435546875
plastic_nut,plastic_nut/NG/QS/S0073/plastic_nut_0073_NG_QS_C4_20231004130740.jpg,plastic_nut::plastic_nut_0073_NG_QS,4,development,QS,1306.303466796875,1306.303466796875,1408.065185546875,1334.9775390625,1438.89697265625,1334.9775390625,1321.921630859375,1232.056640625,1419.719970703125
plastic_nut,plastic_nut/NG/QS/S0073/plastic_nut_0073_NG_QS_C5_20231004130740.jpg,plastic_nut::plastic_nut_0073_NG_QS,5,development,QS,1073.26025390625,1078.05224609375,1078.05224609375,1026.940185546875,974.493408203125,1011.1845703125,994.886962890625,1025.664794921875,994.886962890625
plastic_nut,plastic_nut/NG/ZW/S0073/plastic_nut_0073_NG_ZW_C1_20231004100208.jpg,plastic_nut::plastic_nut_0073_NG_ZW,1,development,OK,1366.943603515625,1366.943603515625,1361.002685546875,1418.7001953125,1345.839111328125,1323.04541015625,1325.554443359375,1335.369873046875,1322.43115234375
plastic_nut,plastic_nut/NG/ZW/S0073/plastic_nut_0073_NG_ZW_C2_20231004100208.jpg,plastic_nut::plastic_nut_0073_NG_ZW,2,development,OK,782.647705078125,801.70703125,749.7958984375,797.8173828125,812.18603515625,776.25244140625,886.65283203125,774.194091796875,746.483642578125
plastic_nut,plastic_nut/NG/ZW/S0073/plastic_nut_0073_NG_ZW_C3_20231004100208.jpg,plastic_nut::plastic_nut_0073_NG_ZW,3,development,ZW,1484.2880859375,1418.63330078125,1455.89794921875,1490.394287109375,1405.46337890625,1394.943115234375,1333.37841796875,1392.924560546875,1400.11669921875
plastic_nut,plastic_nut/NG/ZW/S0073/plastic_nut_0073_NG_ZW_C4_20231004100208.jpg,plastic_nut::plastic_nut_0073_NG_ZW,4,development,ZW,1784.2528076171875,1783.5780029296875,1793.784423828125,1718.9921875,1733.218994140625,1776.1124267578125,1876.44140625,1814.9591064453125,1790.951416015625
plastic_nut,plastic_nut/NG/ZW/S0073/plastic_nut_0073_NG_ZW_C5_20231004100208.jpg,plastic_nut::plastic_nut_0073_NG_ZW,5,development,ZW,1691.185546875,1683.046875,1660.81005859375,1507.6168212890625,1273.23046875,1273.23046875,1196.891357421875,1196.891357421875,1196.891357421875
plastic_nut,plastic_nut/NG/AK/S0074/plastic_nut_0074_NG_AK_C1_20231004141402.jpg,plastic_nut::plastic_nut_0074_NG_AK,1,development,OK,1474.92431640625,1513.2607421875,1474.92431640625,1241.9580078125,1301.19775390625,1468.564453125,1289.8056640625,1298.87548828125,1314.05419921875
plastic_nut,plastic_nut/NG/AK/S0074/plastic_nut_0074_NG_AK_C2_20231004141402.jpg,plastic_nut::plastic_nut_0074_NG_AK,2,development,OK,950.8291015625,950.8291015625,950.8291015625,1104.75927734375,945.668212890625,1104.75927734375,880.28466796875,1088.236083984375,1075.5087890625
plastic_nut,plastic_nut/NG/AK/S0074/plastic_nut_0074_NG_AK_C3_20231004141402.jpg,plastic_nut::plastic_nut_0074_NG_AK,3,development,OK,935.11669921875,867.76123046875,939.69873046875,887.75,820.49365234375,820.49365234375,937.15087890625,770.2138671875,751.361572265625
plastic_nut,plastic_nut/NG/AK/S0074/plastic_nut_0074_NG_AK_C4_20231004141402.jpg,plastic_nut::plastic_nut_0074_NG_AK,4,development,OK,1242.014892578125,1415.35791015625,1535.5802001953125,1300.866943359375,1358.96044921875,1300.866943359375,1253.469482421875,1120.60205078125,1343.681640625
plastic_nut,plastic_nut/NG/AK/S0074/plastic_nut_0074_NG_AK_C5_20231004141402.jpg,plastic_nut::plastic_nut_0074_NG_AK,5,development,AK,1241.5517578125,1300.690673828125,1156.33642578125,1269.160400390625,1262.89990234375,1178.666259765625,1114.88134765625,1114.88134765625,1114.88134765625
plastic_nut,plastic_nut/NG/ZW/S0074/plastic_nut_0074_NG_ZW_C1_20231004100220.jpg,plastic_nut::plastic_nut_0074_NG_ZW,1,development,OK,1341.91943359375,1407.115478515625,1326.84912109375,1356.789306640625,1320.9423828125,1276.530517578125,1320.527099609375,1291.1884765625,1329.787841796875
plastic_nut,plastic_nut/NG/ZW/S0074/plastic_nut_0074_NG_ZW_C2_20231004100220.jpg,plastic_nut::plastic_nut_0074_NG_ZW,2,development,OK,1123.92626953125,803.130859375,752.623046875,887.31005859375,786.406005859375,935.42724609375,934.801513671875,1066.77392578125,1071.69970703125
plastic_nut,plastic_nut/NG/ZW/S0074/plastic_nut_0074_NG_ZW_C3_20231004100220.jpg,plastic_nut::plastic_nut_0074_NG_ZW,3,development,ZW,1554.652099609375,1554.652099609375,1554.652099609375,1513.772705078125,1513.772705078125,1513.772705078125,1720.3592529296875,1720.3592529296875,1720.3592529296875
plastic_nut,plastic_nut/NG/ZW/S0074/plastic_nut_0074_NG_ZW_C4_20231004100220.jpg,plastic_nut::plastic_nut_0074_NG_ZW,4,development,OK,790.913330078125,849.22265625,834.08544921875,949.052734375,949.052734375,949.052734375,927.32763671875,927.32763671875,927.32763671875
plastic_nut,plastic_nut/NG/ZW/S0074/plastic_nut_0074_NG_ZW_C5_20231004100220.jpg,plastic_nut::plastic_nut_0074_NG_ZW,5,development,OK,832.467041015625,875.362060546875,818.32373046875,884.12353515625,882.571044921875,875.362060546875,821.529296875,784.51318359375,811.679443359375
plastic_nut,plastic_nut/NG/ZW/S0076/plastic_nut_0076_NG_ZW_C1_20231004100302.jpg,plastic_nut::plastic_nut_0076_NG_ZW,1,development,OK,1078.0078125,1196.4892578125,1144.291259765625,1097.814208984375,1020.4365234375,996.00830078125,1165.5546875,1033.534912109375,1076.47705078125
plastic_nut,plastic_nut/NG/ZW/S0076/plastic_nut_0076_NG_ZW_C2_20231004100302.jpg,plastic_nut::plastic_nut_0076_NG_ZW,2,development,ZW,1279.901123046875,1392.79296875,1345.26806640625,1438.3214111328125,1386.33447265625,1386.33447265625,1358.919677734375,1462.304931640625,1414.24365234375
plastic_nut,plastic_nut/NG/ZW/S0076/plastic_nut_0076_NG_ZW_C3_20231004100302.jpg,plastic_nut::plastic_nut_0076_NG_ZW,3,development,OK,1319.3369140625,1317.5244140625,1383.5888671875,798.818359375,905.345703125,822.489990234375,850.562744140625,762.0478515625,803.92822265625
plastic_nut,plastic_nut/NG/ZW/S0076/plastic_nut_0076_NG_ZW_C4_20231004100302.jpg,plastic_nut::plastic_nut_0076_NG_ZW,4,development,ZW,940.6005859375,927.118896484375,983.976318359375,1009.65478515625,1069.053955078125,1021.0576171875,886.99560546875,1042.0390625,1007.758056640625
plastic_nut,plastic_nut/NG/ZW/S0076/plastic_nut_0076_NG_ZW_C5_20231004100302.jpg,plastic_nut::plastic_nut_0076_NG_ZW,5,development,ZW,1264.59228515625,1428.76416015625,1264.59228515625,1620.637939453125,1429.591552734375,1472.7724609375,1385.274169921875,1387.3037109375,1385.274169921875
plastic_nut,plastic_nut/NG/HS/S0077/plastic_nut_0077_NG_HS_C1_20231004110134.jpg,plastic_nut::plastic_nut_0077_NG_HS,1,development,OK,1116.076416015625,1082.57861328125,1116.076416015625,1073.15185546875,972.640869140625,1134.54833984375,1158.074462890625,1083.56103515625,1158.074462890625
plastic_nut,plastic_nut/NG/HS/S0077/plastic_nut_0077_NG_HS_C2_20231004110134.jpg,plastic_nut::plastic_nut_0077_NG_HS,2,development,HS,1327.9345703125,1317.246826171875,1317.246826171875,1336.55126953125,1336.55126953125,1317.246826171875,1317.246826171875,1434.648681640625,1313.064697265625
plastic_nut,plastic_nut/NG/HS/S0077/plastic_nut_0077_NG_HS_C3_20231004110134.jpg,plastic_nut::plastic_nut_0077_NG_HS,3,development,OK,782.3916015625,883.98095703125,969.61572265625,722.186279296875,1006.328857421875,766.5166015625,792.813720703125,759.80712890625,863.061279296875
plastic_nut,plastic_nut/NG/HS/S0077/plastic_nut_0077_NG_HS_C4_20231004110134.jpg,plastic_nut::plastic_nut_0077_NG_HS,4,development,OK,928.564453125,1113.11376953125,987.56494140625,980.373046875,1045.939697265625,974.88134765625,1022.215087890625,1000.40625,967.623779296875
plastic_nut,plastic_nut/NG/HS/S0077/plastic_nut_0077_NG_HS_C5_20231004110134.jpg,plastic_nut::plastic_nut_0077_NG_HS,5,development,HS,1084.686279296875,1084.686279296875,1110.96630859375,1132.0009765625,1108.33642578125,1132.0009765625,1072.27783203125,1085.259521484375,1111.002197265625
plastic_nut,plastic_nut/NG/ZW/S0077/plastic_nut_0077_NG_ZW_C1_20231004100313.jpg,plastic_nut::plastic_nut_0077_NG_ZW,1,development,OK,1623.15283203125,1512.50537109375,1512.50537109375,1255.21728515625,1179.1591796875,1154.45703125,1340.0615234375,1195.59228515625,1253.61474609375
plastic_nut,plastic_nut/NG/ZW/S0077/plastic_nut_0077_NG_ZW_C2_20231004100313.jpg,plastic_nut::plastic_nut_0077_NG_ZW,2,development,OK,883.5146484375,936.50439453125,888.235595703125,833.1865234375,812.64501953125,797.3818359375,818.818359375,782.825927734375,799.10009765625
plastic_nut,plastic_nut/NG/ZW/S0077/plastic_nut_0077_NG_ZW_C3_20231004100313.jpg,plastic_nut::plastic_nut_0077_NG_ZW,3,development,OK,1624.9208984375,1600.390625,1639.2900390625,845.487548828125,794.7685546875,735.377197265625,834.157958984375,771.33447265625,807.885009765625
plastic_nut,plastic_nut/NG/ZW/S0077/plastic_nut_0077_NG_ZW_C4_20231004100313.jpg,plastic_nut::plastic_nut_0077_NG_ZW,4,development,ZW,1470.901611328125,1473.76904296875,1473.76904296875,1277.834228515625,1277.834228515625,1277.834228515625,1598.14208984375,1586.742919921875,1586.742919921875
plastic_nut,plastic_nut/NG/ZW/S0077/plastic_nut_0077_NG_ZW_C5_20231004100313.jpg,plastic_nut::plastic_nut_0077_NG_ZW,5,development,ZW,1654.3048095703125,1654.3048095703125,1654.3048095703125,1583.7796630859375,1511.7078857421875,1511.7078857421875,1406.645263671875,1413.27197265625,1413.27197265625
plastic_nut,plastic_nut/NG/AK/S0080/plastic_nut_0080_NG_AK_C1_20231004141524.jpg,plastic_nut::plastic_nut_0080_NG_AK,1,development,OK,1396.88671875,1446.49072265625,1360.180908203125,1223.3974609375,1264.3466796875,1346.466552734375,1287.13427734375,1316.452392578125,1278.645751953125
plastic_nut,plastic_nut/NG/AK/S0080/plastic_nut_0080_NG_AK_C2_20231004141524.jpg,plastic_nut::plastic_nut_0080_NG_AK,2,development,OK,1413.46142578125,1413.46142578125,1413.46142578125,1459.506591796875,1431.2666015625,1431.2666015625,1413.46142578125,1360.3271484375,1413.46142578125
plastic_nut,plastic_nut/NG/AK/S0080/plastic_nut_0080_NG_AK_C3_20231004141524.jpg,plastic_nut::plastic_nut_0080_NG_AK,3,development,OK,1382.985107421875,1382.985107421875,1382.985107421875,1382.985107421875,1382.985107421875,1382.985107421875,1255.896484375,1496.30322265625,1459.18017578125
plastic_nut,plastic_nut/NG/AK/S0080/plastic_nut_0080_NG_AK_C4_20231004141524.jpg,plastic_nut::plastic_nut_0080_NG_AK,4,development,OK,1380.793701171875,1380.793701171875,1455.625,1448.0810546875,1515.949951171875,1448.0810546875,1385.98583984375,1290.80517578125,1514.36865234375
plastic_nut,plastic_nut/NG/AK/S0080/plastic_nut_0080_NG_AK_C5_20231004141524.jpg,plastic_nut::plastic_nut_0080_NG_AK,5,development,AK,1072.162841796875,1041.989501953125,998.663330078125,1143.724365234375,1052.75,1071.61865234375,998.484619140625,995.757568359375,906.490966796875
plastic_nut,plastic_nut/NG/ZW/S0080/plastic_nut_0080_NG_ZW_C1_20231004100341.jpg,plastic_nut::plastic_nut_0080_NG_ZW,1,development,OK,1668.5068359375,1684.8818359375,1580.262451171875,1192.73095703125,1077.293212890625,1068.586669921875,1223.816650390625,1132.9755859375,1122.5498046875
plastic_nut,plastic_nut/NG/ZW/S0080/plastic_nut_0080_NG_ZW_C2_20231004100341.jpg,plastic_nut::plastic_nut_0080_NG_ZW,2,development,OK,867.376953125,923.96630859375,938.888671875,819.0537109375,857.769287109375,840.25146484375,856.04248046875,830.416015625,886.7919921875
plastic_nut,plastic_nut/NG/ZW/S0080/plastic_nut_0080_NG_ZW_C3_20231004100341.jpg,plastic_nut::plastic_nut_0080_NG_ZW,3,development,OK,1464.15234375,1464.15234375,1488.23486328125,1367.0703125,1367.0703125,1367.0703125,1542.6982421875,1482.0400390625,1529.202880859375
plastic_nut,plastic_nut/NG/ZW/S0080/plastic_nut_0080_NG_ZW_C4_20231004100341.jpg,plastic_nut::plastic_nut_0080_NG_ZW,4,development,OK,862.064208984375,841.91943359375,877.361328125,1004.863525390625,1004.863525390625,895.8984375,830.54296875,921.3798828125,987.02880859375
plastic_nut,plastic_nut/NG/ZW/S0080/plastic_nut_0080_NG_ZW_C5_20231004100341.jpg,plastic_nut::plastic_nut_0080_NG_ZW,5,development,ZW,1885.4788818359375,1885.4788818359375,1885.4788818359375,1853.96142578125,1853.96142578125,1853.96142578125,1979.060546875,2020.450927734375,2020.450927734375
plastic_nut,plastic_nut/NG/AK/S0081/plastic_nut_0081_NG_AK_C1_20231004141540.jpg,plastic_nut::plastic_nut_0081_NG_AK,1,development,OK,1404.2705078125,1479.233154296875,1447.63134765625,1311.374755859375,1374.046630859375,1425.72802734375,1376.10546875,1377.626220703125,1396.260009765625
plastic_nut,plastic_nut/NG/AK/S0081/plastic_nut_0081_NG_AK_C2_20231004141540.jpg,plastic_nut::plastic_nut_0081_NG_AK,2,development,OK,1095.562744140625,1095.562744140625,1095.562744140625,1223.700927734375,1000.37890625,1223.700927734375,829.06298828125,799.250732421875,799.250732421875
plastic_nut,plastic_nut/NG/AK/S0081/plastic_nut_0081_NG_AK_C3_20231004141540.jpg,plastic_nut::plastic_nut_0081_NG_AK,3,development,OK,910.25,942.385498046875,891.6494140625,881.3662109375,915.83349609375,881.3662109375,944.03369140625,944.03369140625,988.54052734375
plastic_nut,plastic_nut/NG/AK/S0081/plastic_nut_0081_NG_AK_C4_20231004141540.jpg,plastic_nut::plastic_nut_0081_NG_AK,4,development,AK,1064.09423828125,1064.09423828125,1193.388916015625,1166.30859375,1185.052978515625,1271.39892578125,1010.3505859375,908.69189453125,1114.978759765625
plastic_nut,plastic_nut/NG/AK/S0081/plastic_nut_0081_NG_AK_C5_20231004141540.jpg,plastic_nut::plastic_nut_0081_NG_AK,5,development,AK,1056.85107421875,940.43505859375,947.736328125,1007.207763671875,1013.9775390625,953.440185546875,989.349609375,930.72509765625,1026.22705078125
plastic_nut,plastic_nut/NG/AK/S0082/plastic_nut_0082_NG_AK_C1_20231004141651.jpg,plastic_nut::plastic_nut_0082_NG_AK,1,development,OK,1373.07080078125,1404.91015625,1377.04248046875,1245.42919921875,1265.52880859375,1330.347900390625,1264.3671875,1303.197021484375,1274.52783203125
plastic_nut,plastic_nut/NG/AK/S0082/plastic_nut_0082_NG_AK_C2_20231004141651.jpg,plastic_nut::plastic_nut_0082_NG_AK,2,development,OK,1149.52880859375,1149.52880859375,1149.52880859375,1281.3603515625,1023.58349609375,1281.3603515625,836.82177734375,800.20263671875,800.20263671875
plastic_nut,plastic_nut/NG/AK/S0082/plastic_nut_0082_NG_AK_C3_20231004141651.jpg,plastic_nut::plastic_nut_0082_NG_AK,3,development,AK,792.073486328125,895.5947265625,830.46533203125,810.374755859375,750.93408203125,848.568603515625,780.535888671875,771.64990234375,808.953369140625
plastic_nut,plastic_nut/NG/AK/S0082/plastic_nut_0082_NG_AK_C4_20231004141651.jpg,plastic_nut::plastic_nut_0082_NG_AK,4,development,AK,1082.15869140625,1211.0546875,1369.811279296875,938.428466796875,924.1826171875,971.333984375,1163.751220703125,1317.804931640625,983.81298828125
plastic_nut,plastic_nut/NG/AK/S0082/plastic_nut_0082_NG_AK_C5_20231004141651.jpg,plastic_nut::plastic_nut_0082_NG_AK,5,development,AK,1091.9873046875,1144.225830078125,1144.225830078125,1190.554931640625,922.5849609375,1190.554931640625,819.868408203125,819.868408203125,836.3740234375
plastic_nut,plastic_nut/NG/HS/S0083/plastic_nut_0083_NG_HS_C1_20231004110247.jpg,plastic_nut::plastic_nut_0083_NG_HS,1,development,HS,1798.414306640625,1798.414306640625,1979.385009765625,1793.189697265625,1793.189697265625,1793.189697265625,1733.961181640625,1733.961181640625,1733.961181640625
plastic_nut,plastic_nut/NG/HS/S0083/plastic_nut_0083_NG_HS_C2_20231004110247.jpg,plastic_nut::plastic_nut_0083_NG_HS,2,development,HS,1378.3408203125,1511.55712890625,1511.55712890625,1338.21435546875,1517.305419921875,1511.55712890625,1319.323974609375,1410.47802734375,1513.052734375
plastic_nut,plastic_nut/NG/HS/S0083/plastic_nut_0083_NG_HS_C3_20231004110247.jpg,plastic_nut::plastic_nut_0083_NG_HS,3,development,HS,1007.636962890625,1144.565185546875,1188.24755859375,1032.254638671875,1049.2548828125,1210.7626953125,1175.16552734375,1112.65771484375,1158.21923828125
plastic_nut,plastic_nut/NG/HS/S0083/plastic_nut_0083_NG_HS_C4_20231004110247.jpg,plastic_nut::plastic_nut_0083_NG_HS,4,development,HS,1391.9189453125,1479.303955078125,1622.40673828125,1501.611083984375,1501.611083984375,1515.344970703125,1309.197265625,1281.141845703125,1300.61181640625
plastic_nut,plastic_nut/NG/HS/S0083/plastic_nut_0083_NG_HS_C5_20231004110247.jpg,plastic_nut::plastic_nut_0083_NG_HS,5,development,HS,1451.861328125,1451.861328125,1653.3935546875,1202.43994140625,1149.63232421875,1207.165283203125,1483.777099609375,1226.72705078125,1226.72705078125
plastic_nut,plastic_nut/NG/QS/S0083/plastic_nut_0083_NG_QS_C1_20231004130951.jpg,plastic_nut::plastic_nut_0083_NG_QS,1,development,QS,1447.66796875,1447.66796875,1525.10693359375,1416.122314453125,1440.34765625,1527.7734375,1464.3720703125,1483.80908203125,1471.2724609375
plastic_nut,plastic_nut/NG/QS/S0083/plastic_nut_0083_NG_QS_C2_20231004130951.jpg,plastic_nut::plastic_nut_0083_NG_QS,2,development,OK,1034.4521484375,1034.4521484375,1034.4521484375,1198.45703125,992.226318359375,1198.45703125,837.291015625,947.83251953125,836.1513671875
plastic_nut,plastic_nut/NG/QS/S0083/plastic_nut_0083_NG_QS_C3_20231004130951.jpg,plastic_nut::plastic_nut_0083_NG_QS,3,development,QS,1432.274169921875,1432.274169921875,1432.274169921875,1422.476318359375,1422.476318359375,1422.476318359375,1628.694091796875,1635.5,1569.9390869140625
plastic_nut,plastic_nut/NG/QS/S0083/plastic_nut_0083_NG_QS_C4_20231004130951.jpg,plastic_nut::plastic_nut_0083_NG_QS,4,development,QS,1498.7880859375,1498.7880859375,1575.486083984375,1505.298583984375,1650.881591796875,1505.298583984375,1490.20654296875,1432.560791015625,1607.774169921875
plastic_nut,plastic_nut/NG/QS/S0083/plastic_nut_0083_NG_QS_C5_20231004130951.jpg,plastic_nut::plastic_nut_0083_NG_QS,5,development,OK,929.62109375,1035.03173828125,1035.03173828125,962.015869140625,818.639892578125,1166.53125,793.68603515625,860.9248046875,804.69189453125
plastic_nut,plastic_nut/NG/AK/S0084/plastic_nut_0084_NG_AK_C1_20231004141752.jpg,plastic_nut::plastic_nut_0084_NG_AK,1,development,OK,1389.876953125,1392.02001953125,1355.31591796875,1238.25439453125,1238.25439453125,1309.902587890625,1332.73974609375,1372.3466796875,1317.131103515625
plastic_nut,plastic_nut/NG/AK/S0084/plastic_nut_0084_NG_AK_C2_20231004141752.jpg,plastic_nut::plastic_nut_0084_NG_AK,2,development,AK,1358.51220703125,1358.51220703125,1358.51220703125,1477.965087890625,1222.406005859375,1477.965087890625,1098.09326171875,1171.503173828125,1005.83935546875
plastic_nut,plastic_nut/NG/AK/S0084/plastic_nut_0084_NG_AK_C3_20231004141752.jpg,plastic_nut::plastic_nut_0084_NG_AK,3,development,OK,782.91796875,877.49609375,935.7607421875,905.62548828125,772.544921875,710.541748046875,816.58544921875,777.19140625,843.090576171875
plastic_nut,plastic_nut/NG/AK/S0084/plastic_nut_0084_NG_AK_C4_20231004141752.jpg,plastic_nut::plastic_nut_0084_NG_AK,4,development,OK,888.212890625,967.59326171875,855.734619140625,836.374755859375,936.740234375,879.54296875,821.27734375,746.28857421875,872.385986328125
plastic_nut,plastic_nut/NG/AK/S0084/plastic_nut_0084_NG_AK_C5_20231004141752.jpg,plastic_nut::plastic_nut_0084_NG_AK,5,development,AK,1287.061279296875,1306.15087890625,1306.15087890625,1406.62255859375,1128.525634765625,1406.62255859375,1341.483642578125,1405.128662109375,1454.92431640625
plastic_nut,plastic_nut/NG/ZW/S0087/plastic_nut_0087_NG_ZW_C1_20231004100823.jpg,plastic_nut::plastic_nut_0087_NG_ZW,1,development,ZW,1361.5947265625,1361.5947265625,1381.447265625,1448.40380859375,1448.40380859375,1448.40380859375,1535.32958984375,1368.26416015625,1535.32958984375
plastic_nut,plastic_nut/NG/ZW/S0087/plastic_nut_0087_NG_ZW_C2_20231004100823.jpg,plastic_nut::plastic_nut_0087_NG_ZW,2,development,ZW,1398.283203125,1398.283203125,1266.83544921875,1372.751953125,1375.00732421875,1372.751953125,1373.80322265625,1373.80322265625,1338.233642578125
plastic_nut,plastic_nut/NG/ZW/S0087/plastic_nut_0087_NG_ZW_C3_20231004100823.jpg,plastic_nut::plastic_nut_0087_NG_ZW,3,development,ZW,1148.952392578125,1164.929931640625,1155.713134765625,1273.734130859375,1296.027587890625,1313.699462890625,1230.543701171875,1230.543701171875,1230.543701171875
plastic_nut,plastic_nut/NG/ZW/S0087/plastic_nut_0087_NG_ZW_C4_20231004100823.jpg,plastic_nut::plastic_nut_0087_NG_ZW,4,development,ZW,1337.4384765625,1417.49609375,1386.82568359375,1410.253662109375,1422.458984375,1410.253662109375,1470.12109375,1294.71484375,1397.635009765625
plastic_nut,plastic_nut/NG/ZW/S0087/plastic_nut_0087_NG_ZW_C5_20231004100823.jpg,plastic_nut::plastic_nut_0087_NG_ZW,5,development,ZW,1482.9111328125,1306.73291015625,1306.73291015625,1340.51513671875,1405.09619140625,1340.51513671875,1356.17919921875,1356.17919921875,1356.17919921875
plastic_nut,plastic_nut/NG/ZW/S0088/plastic_nut_0088_NG_ZW_C1_20231004100855.jpg,plastic_nut::plastic_nut_0088_NG_ZW,1,development,OK,1084.87109375,1234.553466796875,1261.308349609375,1101.49853515625,1038.5361328125,1011.27294921875,1204.1513671875,1049.759033203125,1141.283203125
plastic_nut,plastic_nut/NG/ZW/S0088/plastic_nut_0088_NG_ZW_C2_20231004100855.jpg,plastic_nut::plastic_nut_0088_NG_ZW,2,development,ZW,1217.794677734375,1217.794677734375,1282.75390625,1263.8603515625,1263.8603515625,1263.8603515625,1282.75390625,1282.75390625,1282.75390625
plastic_nut,plastic_nut/NG/ZW/S0088/plastic_nut_0088_NG_ZW_C3_20231004100855.jpg,plastic_nut::plastic_nut_0088_NG_ZW,3,development,ZW,1484.79345703125,1477.373779296875,1528.030029296875,1088.16259765625,1027.796630859375,996.837158203125,859.283203125,964.903564453125,946.80908203125
plastic_nut,plastic_nut/NG/ZW/S0088/plastic_nut_0088_NG_ZW_C4_20231004100855.jpg,plastic_nut::plastic_nut_0088_NG_ZW,4,development,OK,986.54638671875,1004.8662109375,1004.8662109375,935.90234375,898.420654296875,940.32373046875,912.224609375,912.224609375,912.224609375
plastic_nut,plastic_nut/NG/ZW/S0088/plastic_nut_0088_NG_ZW_C5_20231004100855.jpg,plastic_nut::plastic_nut_0088_NG_ZW,5,development,OK,938.088623046875,897.782470703125,1121.013671875,831.96142578125,938.088623046875,834.34765625,850.58056640625,869.869140625,880.80712890625
plastic_nut,plastic_nut/OK/S0088/plastic_nut_0088_OK_C1_20230930132016.jpg,plastic_nut::plastic_nut_0088_OK,1,development,OK,1018.20654296875,1018.20654296875,921.308837890625,965.960205078125,1029.74609375,933.71728515625,868.124267578125,884.686767578125,1116.11083984375
plastic_nut,plastic_nut/OK/S0088/plastic_nut_0088_OK_C2_20230930132016.jpg,plastic_nut::plastic_nut_0088_OK,2,development,OK,1101.83056640625,1042.79345703125,1115.06640625,816.2880859375,773.22119140625,931.55810546875,742.152099609375,768.03857421875,678.6015625
plastic_nut,plastic_nut/OK/S0088/plastic_nut_0088_OK_C3_20230930132016.jpg,plastic_nut::plastic_nut_0088_OK,3,development,OK,799.3779296875,838.357421875,918.81005859375,811.81103515625,895.870849609375,769.025390625,777.592529296875,775.54638671875,755.70751953125
plastic_nut,plastic_nut/OK/S0088/plastic_nut_0088_OK_C4_20230930132016.jpg,plastic_nut::plastic_nut_0088_OK,4,development,OK,765.98681640625,844.37548828125,807.66748046875,739.9150390625,799.250732421875,783.255859375,933.2998046875,933.2998046875,732.76025390625
plastic_nut,plastic_nut/OK/S0088/plastic_nut_0088_OK_C5_20230930132016.jpg,plastic_nut::plastic_nut_0088_OK,5,development,OK,1565.87841796875,1625.64306640625,1585.484375,830.6474609375,816.100341796875,851.45361328125,929.49853515625,890.65576171875,896.57763671875
plastic_nut,plastic_nut/NG/ZW/S0089/plastic_nut_0089_NG_ZW_C1_20231004101057.jpg,plastic_nut::plastic_nut_0089_NG_ZW,1,development,OK,1169.2275390625,1169.2275390625,1169.2275390625,1161.692138671875,1161.692138671875,1161.692138671875,1415.819580078125,1399.280029296875,1415.819580078125
plastic_nut,plastic_nut/NG/ZW/S0089/plastic_nut_0089_NG_ZW_C2_20231004101057.jpg,plastic_nut::plastic_nut_0089_NG_ZW,2,development,OK,784.04052734375,850.52392578125,841.42626953125,844.27197265625,841.64501953125,761.548583984375,743.51953125,837.3125,833.638671875
plastic_nut,plastic_nut/NG/ZW/S0089/plastic_nut_0089_NG_ZW_C3_20231004101057.jpg,plastic_nut::plastic_nut_0089_NG_ZW,3,development,OK,1114.326171875,1150.64111328125,1252.441162109375,718.7470703125,844.802734375,751.07763671875,783.48095703125,783.48095703125,829.8779296875
plastic_nut,plastic_nut/NG/ZW/S0089/plastic_nut_0089_NG_ZW_C4_20231004101057.jpg,plastic_nut::plastic_nut_0089_NG_ZW,4,development,ZW,1635.8785400390625,1511.2265625,1511.2265625,1578.2340087890625,1578.2340087890625,1578.2340087890625,1773.0076904296875,1773.0076904296875,1773.0076904296875
plastic_nut,plastic_nut/NG/ZW/S0089/plastic_nut_0089_NG_ZW_C5_20231004101057.jpg,plastic_nut::plastic_nut_0089_NG_ZW,5,development,ZW,1664.4658203125,1711.0908203125,1664.4658203125,1669.599853515625,1688.28076171875,1669.599853515625,1590.634521484375,1590.634521484375,1590.634521484375
plastic_nut,plastic_nut/NG/AK/S0091/plastic_nut_0091_NG_AK_C1_20231004142003.jpg,plastic_nut::plastic_nut_0091_NG_AK,1,development,OK,1236.236083984375,1236.236083984375,1247.73828125,1118.110107421875,1212.357421875,1424.253173828125,1216.303955078125,1180.8935546875,1272.80859375
plastic_nut,plastic_nut/NG/AK/S0091/plastic_nut_0091_NG_AK_C2_20231004142003.jpg,plastic_nut::plastic_nut_0091_NG_AK,2,development,AK,1081.150634765625,1081.150634765625,1081.150634765625,1213.1630859375,974.706787109375,1213.1630859375,965.919677734375,965.919677734375,1034.490234375
plastic_nut,plastic_nut/NG/AK/S0091/plastic_nut_0091_NG_AK_C3_20231004142003.jpg,plastic_nut::plastic_nut_0091_NG_AK,3,development,OK,739.22021484375,914.34228515625,802.4306640625,979.388671875,936.335205078125,951.819091796875,946.076416015625,874.570556640625,946.076416015625
plastic_nut,plastic_nut/NG/AK/S0091/plastic_nut_0091_NG_AK_C4_20231004142003.jpg,plastic_nut::plastic_nut_0091_NG_AK,4,development,OK,1338.5810546875,1338.5810546875,1416.649658203125,1425.31884765625,1486.96044921875,1425.31884765625,1368.18505859375,1233.027587890625,1478.4814453125
plastic_nut,plastic_nut/NG/AK/S0091/plastic_nut_0091_NG_AK_C5_20231004142003.jpg,plastic_nut::plastic_nut_0091_NG_AK,5,development,AK,1143.1845703125,1113.136474609375,1143.1845703125,1143.1845703125,1143.1845703125,1143.1845703125,1472.65087890625,1472.65087890625,1472.65087890625
plastic_nut,plastic_nut/NG/HS/S0092/plastic_nut_0092_NG_HS_C1_20231004110500.jpg,plastic_nut::plastic_nut_0092_NG_HS,1,development,HS,1670.7041015625,1670.7041015625,1768.310302734375,1632.31591796875,1632.31591796875,1632.31591796875,1364.911865234375,1364.911865234375,1364.911865234375
plastic_nut,plastic_nut/NG/HS/S0092/plastic_nut_0092_NG_HS_C2_20231004110500.jpg,plastic_nut::plastic_nut_0092_NG_HS,2,development,HS,1128.247314453125,1133.08154296875,1133.08154296875,1186.71142578125,1241.3857421875,1186.71142578125,1159.212890625,1125.190185546875,1200.525390625
plastic_nut,plastic_nut/NG/HS/S0092/plastic_nut_0092_NG_HS_C3_20231004110500.jpg,plastic_nut::plastic_nut_0092_NG_HS,3,development,OK,1121.865234375,1129.51953125,1208.49951171875,1090.85546875,1101.69775390625,1090.85546875,992.04150390625,962.60986328125,1030.91162109375
plastic_nut,plastic_nut/NG/HS/S0092/plastic_nut_0092_NG_HS_C4_20231004110500.jpg,plastic_nut::plastic_nut_0092_NG_HS,4,development,HS,950.8603515625,958.79345703125,910.84765625,1108.12841796875,936.238525390625,934.946044921875,1110.62646484375,1074.730712890625,1049.951171875
plastic_nut,plastic_nut/NG/HS/S0092/plastic_nut_0092_NG_HS_C5_20231004110500.jpg,plastic_nut::plastic_nut_0092_NG_HS,5,development,HS,1252.94873046875,1252.94873046875,1252.94873046875,1325.62451171875,1315.001708984375,1328.168701171875,1234.296875,1234.296875,1152.78515625
plastic_nut,plastic_nut/NG/AK/S0093/plastic_nut_0093_NG_AK_C1_20231004142024.jpg,plastic_nut::plastic_nut_0093_NG_AK,1,development,OK,1246.142578125,1280.91796875,1237.88720703125,1102.2021484375,1161.3251953125,1330.107177734375,1166.74267578125,1172.556640625,1166.36083984375
plastic_nut,plastic_nut/NG/AK/S0093/plastic_nut_0093_NG_AK_C2_20231004142024.jpg,plastic_nut::plastic_nut_0093_NG_AK,2,development,OK,1298.127685546875,1207.662109375,1297.7939453125,1271.43896484375,1232.03759765625,1271.43896484375,1187.6640625,1279.2880859375,1279.2880859375
plastic_nut,plastic_nut/NG/AK/S0093/plastic_nut_0093_NG_AK_C3_20231004142024.jpg,plastic_nut::plastic_nut_0093_NG_AK,3,development,OK,1029.206787109375,1021.571533203125,1021.571533203125,833.97900390625,910.73779296875,933.260498046875,1111.0234375,1111.0234375,1007.30322265625
plastic_nut,plastic_nut/NG/AK/S0093/plastic_nut_0093_NG_AK_C4_20231004142024.jpg,plastic_nut::plastic_nut_0093_NG_AK,4,development,AK,1462.7197265625,1462.7197265625,1536.89599609375,1551.052734375,1597.908203125,1551.052734375,1466.287353515625,1339.876708984375,1599.153564453125
plastic_nut,plastic_nut/NG/AK/S0093/plastic_nut_0093_NG_AK_C5_20231004142024.jpg,plastic_nut::plastic_nut_0093_NG_AK,5,development,AK,1046.694580078125,1034.249755859375,1034.249755859375,1093.747314453125,946.34326171875,1093.747314453125,827.86328125,925.505126953125,974.35693359375
plastic_nut,plastic_nut/NG/HS/S0094/plastic_nut_0094_NG_HS_C1_20231004110525.jpg,plastic_nut::plastic_nut_0094_NG_HS,1,development,OK,1719.17041015625,1719.17041015625,1719.17041015625,1197.912841796875,1194.32421875,1194.32421875,1413.51513671875,1376.10302734375,1242.989501953125
plastic_nut,plastic_nut/NG/HS/S0094/plastic_nut_0094_NG_HS_C2_20231004110525.jpg,plastic_nut::plastic_nut_0094_NG_HS,2,development,OK,1195.838134765625,1231.72119140625,1231.72119140625,1287.335693359375,1053.214111328125,1287.335693359375,848.50439453125,810.838623046875,810.838623046875
plastic_nut,plastic_nut/NG/HS/S0094/plastic_nut_0094_NG_HS_C3_20231004110525.jpg,plastic_nut::plastic_nut_0094_NG_HS,3,development,OK,874.225830078125,864.62939453125,867.109375,823.12841796875,797.5869140625,851.728515625,745.57177734375,755.020263671875,846.46240234375
plastic_nut,plastic_nut/NG/HS/S0094/plastic_nut_0094_NG_HS_C4_20231004110525.jpg,plastic_nut::plastic_nut_0094_NG_HS,4,development,HS,1086.529541015625,1148.195068359375,1148.195068359375,1129.84765625,1165.389892578125,1246.228515625,1055.755126953125,1143.492431640625,1035.384765625
plastic_nut,plastic_nut/NG/HS/S0094/plastic_nut_0094_NG_HS_C5_20231004110525.jpg,plastic_nut::plastic_nut_0094_NG_HS,5,development,HS,1259.02197265625,1259.02197265625,1352.0625,1236.21337890625,1278.57568359375,1236.21337890625,1171.259765625,1329.719970703125,1378.5869140625
plastic_nut,plastic_nut/NG/QS/S0094/plastic_nut_0094_NG_QS_C1_20231004131153.jpg,plastic_nut::plastic_nut_0094_NG_QS,1,development,OK,1297.543701171875,1297.543701171875,1399.36962890625,1253.36572265625,1294.879638671875,1388.63134765625,1317.15185546875,1376.560546875,1321.02685546875
plastic_nut,plastic_nut/NG/QS/S0094/plastic_nut_0094_NG_QS_C2_20231004131153.jpg,plastic_nut::plastic_nut_0094_NG_QS,2,development,OK,1010.30078125,1010.30078125,1010.30078125,1075.390380859375,843.353515625,1075.390380859375,836.488037109375,789.57421875,861.926513671875
plastic_nut,plastic_nut/NG/QS/S0094/plastic_nut_0094_NG_QS_C3_20231004131153.jpg,plastic_nut::plastic_nut_0094_NG_QS,3,development,OK,1008.6982421875,1129.567138671875,1156.05615234375,871.67041015625,1092.612060546875,994.819091796875,885.941162109375,853.508544921875,906.0458984375
plastic_nut,plastic_nut/NG/QS/S0094/plastic_nut_0094_NG_QS_C4_20231004131153.jpg,plastic_nut::plastic_nut_0094_NG_QS,4,development,QS,1422.5751953125,1422.5751953125,1488.21044921875,1473.05126953125,1548.16943359375,1473.05126953125,1437.94677734375,1342.538330078125,1559.956298828125
plastic_nut,plastic_nut/NG/QS/S0094/plastic_nut_0094_NG_QS_C5_20231004131153.jpg,plastic_nut::plastic_nut_0094_NG_QS,5,development,OK,1080.035888671875,1130.884765625,1125.68896484375,1222.47607421875,1019.699951171875,1230.06640625,822.189208984375,969.896240234375,780.6865234375
plastic_nut,plastic_nut/NG/HS/S0095/plastic_nut_0095_NG_HS_C1_20231004110533.jpg,plastic_nut::plastic_nut_0095_NG_HS,1,development,OK,1840.95458984375,1840.95458984375,1781.02978515625,995.82568359375,999.347900390625,1201.19970703125,887.0087890625,887.0087890625,887.0087890625
plastic_nut,plastic_nut/NG/HS/S0095/plastic_nut_0095_NG_HS_C2_20231004110533.jpg,plastic_nut::plastic_nut_0095_NG_HS,2,development,OK,1111.08837890625,1111.08837890625,1111.08837890625,1221.705322265625,1110.511962890625,1221.705322265625,1112.4814453125,1165.06787109375,1112.4814453125
plastic_nut,plastic_nut/NG/HS/S0095/plastic_nut_0095_NG_HS_C3_20231004110533.jpg,plastic_nut::plastic_nut_0095_NG_HS,3,development,HS,1648.01806640625,1598.55029296875,1602.002197265625,1513.69140625,1610.383056640625,1574.22412109375,1546.65966796875,1496.58154296875,1403.5439453125
plastic_nut,plastic_nut/NG/HS/S0095/plastic_nut_0095_NG_HS_C4_20231004110533.jpg,plastic_nut::plastic_nut_0095_NG_HS,4,development,OK,1289.736328125,1457.6513671875,1457.6513671875,974.858154296875,1031.01611328125,1043.056884765625,1152.1865234375,1007.878662109375,1007.878662109375
plastic_nut,plastic_nut/NG/HS/S0095/plastic_nut_0095_NG_HS_C5_20231004110533.jpg,plastic_nut::plastic_nut_0095_NG_HS,5,development,OK,1313.059326171875,1313.059326171875,1288.2802734375,1052.8720703125,1226.03369140625,1286.85693359375,1181.82763671875,1181.82763671875,1385.8447265625
plastic_nut,plastic_nut/OK/S0095/plastic_nut_0095_OK_C1_20230930132328.jpg,plastic_nut::plastic_nut_0095_OK,1,development,OK,911.81787109375,918.05322265625,1020.603271484375,1020.55419921875,827.10546875,895.875,986.0517578125,956.072998046875,1116.51806640625
plastic_nut,plastic_nut/OK/S0095/plastic_nut_0095_OK_C2_20230930132328.jpg,plastic_nut::plastic_nut_0095_OK,2,development,OK,1094.1455078125,1024.8798828125,1087.2431640625,829.243896484375,888.289794921875,804.7236328125,763.2294921875,763.114013671875,807.09765625
plastic_nut,plastic_nut/OK/S0095/plastic_nut_0095_OK_C3_20230930132328.jpg,plastic_nut::plastic_nut_0095_OK,3,development,OK,854.53759765625,786.401123046875,854.53759765625,776.791748046875,773.87255859375,776.791748046875,888.4208984375,888.4208984375,848.11181640625
plastic_nut,plastic_nut/OK/S0095/plastic_nut_0095_OK_C4_20230930132328.jpg,plastic_nut::plastic_nut_0095_OK,4,development,OK,875.76611328125,838.0322265625,802.740966796875,857.642333984375,730.1318359375,882.416748046875,820.90380859375,785.802490234375,819.8857421875
plastic_nut,plastic_nut/OK/S0095/plastic_nut_0095_OK_C5_20230930132328.jpg,plastic_nut::plastic_nut_0095_OK,5,development,OK,836.432861328125,836.20166015625,880.712890625,794.2802734375,799.92822265625,804.701171875,804.701171875,822.94580078125,763.209716796875
plastic_nut,plastic_nut/OK/S0096/plastic_nut_0096_OK_C1_20230930132414.jpg,plastic_nut::plastic_nut_0096_OK,1,development,OK,989.463623046875,989.463623046875,989.463623046875,828.761474609375,748.8447265625,742.80712890625,1023.4453125,988.24560546875,1093.328125
plastic_nut,plastic_nut/OK/S0096/plastic_nut_0096_OK_C2_20230930132414.jpg,plastic_nut::plastic_nut_0096_OK,2,development,OK,944.593017578125,944.593017578125,977.385498046875,833.76123046875,1008.13427734375,981.15087890625,768.00634765625,743.8642578125,894.751953125
plastic_nut,plastic_nut/OK/S0096/plastic_nut_0096_OK_C3_20230930132414.jpg,plastic_nut::plastic_nut_0096_OK,3,development,OK,1088.7099609375,1079.94287109375,1170.994873046875,846.3896484375,955.31103515625,784.571533203125,814.10986328125,1005.228271484375,1081.089599609375
plastic_nut,plastic_nut/OK/S0096/plastic_nut_0096_OK_C4_20230930132414.jpg,plastic_nut::plastic_nut_0096_OK,4,development,OK,805.255859375,870.6064453125,885.6357421875,775.56787109375,775.56787109375,770.1357421875,945.77294921875,777.523681640625,891.91748046875
plastic_nut,plastic_nut/OK/S0096/plastic_nut_0096_OK_C5_20230930132414.jpg,plastic_nut::plastic_nut_0096_OK,5,development,OK,1062.130859375,1034.7353515625,1049.28662109375,797.30908203125,807.6787109375,741.485595703125,1043.85205078125,1024.6044921875,1050.393798828125
plastic_nut,plastic_nut/NG/QS/S0097/plastic_nut_0097_NG_QS_C1_20231004131224.jpg,plastic_nut::plastic_nut_0097_NG_QS,1,development,OK,1269.566162109375,1269.566162109375,1349.791748046875,1213.6005859375,1252.77197265625,1388.759521484375,1246.83251953125,1343.6875,1261.103515625
plastic_nut,plastic_nut/NG/QS/S0097/plastic_nut_0097_NG_QS_C2_20231004131224.jpg,plastic_nut::plastic_nut_0097_NG_QS,2,development,OK,1022.42431640625,1022.42431640625,1022.42431640625,1117.9072265625,887.44140625,1117.9072265625,784.10107421875,898.85009765625,1009.37841796875
plastic_nut,plastic_nut/NG/QS/S0097/plastic_nut_0097_NG_QS_C3_20231004131224.jpg,plastic_nut::plastic_nut_0097_NG_QS,3,development,QS,895.961181640625,936.173095703125,958.58447265625,953.93798828125,862.25537109375,862.25537109375,918.1787109375,917.852294921875,917.852294921875
plastic_nut,plastic_nut/NG/QS/S0097/plastic_nut_0097_NG_QS_C4_20231004131224.jpg,plastic_nut::plastic_nut_0097_NG_QS,4,development,QS,1414.719482421875,1414.719482421875,1438.264892578125,1488.787109375,1498.00390625,1511.810546875,1366.260986328125,1253.2236328125,1523.375244140625
plastic_nut,plastic_nut/NG/QS/S0097/plastic_nut_0097_NG_QS_C5_20231004131224.jpg,plastic_nut::plastic_nut_0097_NG_QS,5,development,OK,950.739013671875,994.547119140625,994.547119140625,1055.106689453125,835.02490234375,1065.75537109375,735.5859375,786.832763671875,795.45703125
plastic_nut,plastic_nut/NG/ZW/S0097/plastic_nut_0097_NG_ZW_C1_20231004101231.jpg,plastic_nut::plastic_nut_0097_NG_ZW,1,development,OK,1229.426025390625,1226.760498046875,1189.371337890625,1207.61865234375,1088.95556640625,1180.48974609375,1243.75439453125,1125.89697265625,1103.8916015625
plastic_nut,plastic_nut/NG/ZW/S0097/plastic_nut_0097_NG_ZW_C2_20231004101231.jpg,plastic_nut::plastic_nut_0097_NG_ZW,2,development,OK,783.272216796875,830.218017578125,816.055908203125,889.983154296875,708.24169921875,847.260009765625,945.4765625,901.686767578125,901.686767578125
plastic_nut,plastic_nut/NG/ZW/S0097/plastic_nut_0097_NG_ZW_C3_20231004101231.jpg,plastic_nut::plastic_nut_0097_NG_ZW,3,development,OK,841.48876953125,890.4912109375,994.72314453125,879.1484375,789.8115234375,868.15185546875,924.6611328125,819.715087890625,924.6611328125
plastic_nut,plastic_nut/NG/ZW/S0097/plastic_nut_0097_NG_ZW_C4_20231004101231.jpg,plastic_nut::plastic_nut_0097_NG_ZW,4,development,ZW,1355.698486328125,1314.70361328125,1327.283203125,1630.9080810546875,1649.7249755859375,1630.9080810546875,1481.5902099609375,1585.625732421875,1481.5902099609375
plastic_nut,plastic_nut/NG/ZW/S0097/plastic_nut_0097_NG_ZW_C5_20231004101231.jpg,plastic_nut::plastic_nut_0097_NG_ZW,5,development,ZW,1277.169921875,1316.099365234375,1296.738037109375,1261.37255859375,1261.37255859375,1261.37255859375,1261.37255859375,1261.37255859375,1261.37255859375
plastic_nut,plastic_nut/NG/QS/S0098/plastic_nut_0098_NG_QS_C1_20231004131240.jpg,plastic_nut::plastic_nut_0098_NG_QS,1,development,OK,1312.600341796875,1312.600341796875,1330.23583984375,1201.239013671875,1258.41845703125,1322.313232421875,1255.6220703125,1285.872802734375,1275.72509765625
plastic_nut,plastic_nut/NG/QS/S0098/plastic_nut_0098_NG_QS_C2_20231004131240.jpg,plastic_nut::plastic_nut_0098_NG_QS,2,development,QS,953.255615234375,953.255615234375,1002.6376953125,1027.92236328125,875.313232421875,1027.92236328125,1092.479248046875,970.264404296875,957.8046875
plastic_nut,plastic_nut/NG/QS/S0098/plastic_nut_0098_NG_QS_C3_20231004131240.jpg,plastic_nut::plastic_nut_0098_NG_QS,3,development,QS,1077.992431640625,1108.20068359375,1215.54833984375,1003.3115234375,906.197509765625,1003.3115234375,961.5146484375,969.911865234375,969.644287109375
plastic_nut,plastic_nut/NG/QS/S0098/plastic_nut_0098_NG_QS_C4_20231004131240.jpg,plastic_nut::plastic_nut_0098_NG_QS,4,development,OK,1351.949462890625,1351.949462890625,1391.5615234375,1429.3994140625,1435.939697265625,1474.01220703125,1315.89892578125,1184.029296875,1465.83349609375
plastic_nut,plastic_nut/NG/QS/S0098/plastic_nut_0098_NG_QS_C5_20231004131240.jpg,plastic_nut::plastic_nut_0098_NG_QS,5,development,OK,1195.6337890625,1195.6337890625,1195.6337890625,1340.994873046875,1049.497314453125,1340.994873046875,866.430908203125,825.34619140625,915.46728515625
plastic_nut,plastic_nut/NG/HS/S0099/plastic_nut_0099_NG_HS_C1_20231004110614.jpg,plastic_nut::plastic_nut_0099_NG_HS,1,development,OK,1484.7216796875,1484.7216796875,1484.7216796875,1078.6884765625,1078.6884765625,1080.73486328125,1078.6884765625,1078.6884765625,1078.6884765625
plastic_nut,plastic_nut/NG/HS/S0099/plastic_nut_0099_NG_HS_C2_20231004110614.jpg,plastic_nut::plastic_nut_0099_NG_HS,2,development,HS,869.2080078125,1017.446044921875,1017.446044921875,1000.23046875,901.739990234375,952.333740234375,902.221923828125,954.47216796875,902.221923828125
plastic_nut,plastic_nut/NG/HS/S0099/plastic_nut_0099_NG_HS_C3_20231004110614.jpg,plastic_nut::plastic_nut_0099_NG_HS,3,development,OK,1290.22119140625,1270.509765625,1319.732177734375,844.4716796875,921.078125,940.99755859375,994.62841796875,893.975341796875,929.957275390625
plastic_nut,plastic_nut/NG/HS/S0099/plastic_nut_0099_NG_HS_C4_20231004110614.jpg,plastic_nut::plastic_nut_0099_NG_HS,4,development,OK,1157.73388671875,1128.59814453125,1089.57958984375,1120.43408203125,875.41015625,1108.172119140625,1055.1318359375,1003.04248046875,893.26953125
plastic_nut,plastic_nut/NG/HS/S0099/plastic_nut_0099_NG_HS_C5_20231004110614.jpg,plastic_nut::plastic_nut_0099_NG_HS,5,development,HS,1255.41259765625,1267.620849609375,1267.620849609375,1347.76611328125,1165.448486328125,1349.0927734375,1280.9140625,1254.2802734375,1217.406494140625
plastic_nut,plastic_nut/NG/HS/S0101/plastic_nut_0101_NG_HS_C1_20231004110914.jpg,plastic_nut::plastic_nut_0101_NG_HS,1,development,OK,1115.48291015625,1115.48291015625,1030.857421875,1051.62646484375,1044.456787109375,1146.783935546875,1299.865234375,1166.6484375,1120.39013671875
plastic_nut,plastic_nut/NG/HS/S0101/plastic_nut_0101_NG_HS_C2_20231004110914.jpg,plastic_nut::plastic_nut_0101_NG_HS,2,development,OK,1016.0595703125,1080.23974609375,1080.23974609375,1035.4970703125,891.54931640625,1035.4970703125,1031.741943359375,1140.756103515625,1096.980224609375
plastic_nut,plastic_nut/NG/HS/S0101/plastic_nut_0101_NG_HS_C3_20231004110914.jpg,plastic_nut::plastic_nut_0101_NG_HS,3,development,HS,1465.6064453125,1407.523193359375,1407.523193359375,1524.132080078125,1524.132080078125,1527.42138671875,1552.808349609375,1552.808349609375,1533.76708984375
plastic_nut,plastic_nut/NG/HS/S0101/plastic_nut_0101_NG_HS_C4_20231004110914.jpg,plastic_nut::plastic_nut_0101_NG_HS,4,development,HS,1585.66552734375,1708.06005859375,1708.06005859375,1718.988037109375,1618.602294921875,1718.988037109375,1644.53369140625,1712.64306640625,1646.0263671875
plastic_nut,plastic_nut/NG/HS/S0101/plastic_nut_0101_NG_HS_C5_20231004110914.jpg,plastic_nut::plastic_nut_0101_NG_HS,5,development,OK,1083.30322265625,1083.30322265625,1082.87255859375,1153.64404296875,1015.659423828125,1208.19384765625,1051.466796875,989.425537109375,989.425537109375
plastic_nut,plastic_nut/NG/ZW/S0101/plastic_nut_0101_NG_ZW_C1_20231004101304.jpg,plastic_nut::plastic_nut_0101_NG_ZW,1,development,OK,1305.599853515625,1305.599853515625,1305.599853515625,1226.1708984375,1226.1708984375,1226.1708984375,1385.68212890625,1392.962890625,1360.80810546875
plastic_nut,plastic_nut/NG/ZW/S0101/plastic_nut_0101_NG_ZW_C2_20231004101304.jpg,plastic_nut::plastic_nut_0101_NG_ZW,2,development,OK,801.44287109375,822.10107421875,838.353515625,1013.927734375,1037.2216796875,1024.2314453125,1039.7919921875,861.3544921875,1077.8203125
plastic_nut,plastic_nut/NG/ZW/S0101/plastic_nut_0101_NG_ZW_C3_20231004101304.jpg,plastic_nut::plastic_nut_0101_NG_ZW,3,development,OK,854.08154296875,879.517578125,971.80810546875,868.45458984375,870.36865234375,894.098876953125,876.299072265625,836.9775390625,785.209228515625
plastic_nut,plastic_nut/NG/ZW/S0101/plastic_nut_0101_NG_ZW_C4_20231004101304.jpg,plastic_nut::plastic_nut_0101_NG_ZW,4,development,ZW,1581.59375,1645.9658203125,1581.59375,1596.2099609375,1610.665283203125,1596.2099609375,1658.798828125,1708.952880859375,1658.798828125
plastic_nut,plastic_nut/NG/ZW/S0101/plastic_nut_0101_NG_ZW_C5_20231004101304.jpg,plastic_nut::plastic_nut_0101_NG_ZW,5,development,ZW,1594.793701171875,1594.793701171875,1594.793701171875,1594.793701171875,1594.793701171875,1594.793701171875,1594.793701171875,1594.793701171875,1594.793701171875
plastic_nut,plastic_nut/NG/AK/S0102/plastic_nut_0102_NG_AK_C1_20231004142225.jpg,plastic_nut::plastic_nut_0102_NG_AK,1,development,OK,1196.9326171875,1196.9326171875,1209.9794921875,1090.522705078125,1065.8759765625,1197.4072265625,1151.091552734375,1222.18310546875,1126.061767578125
plastic_nut,plastic_nut/NG/AK/S0102/plastic_nut_0102_NG_AK_C2_20231004142225.jpg,plastic_nut::plastic_nut_0102_NG_AK,2,development,OK,990.287353515625,990.287353515625,990.287353515625,1184.505615234375,907.670166015625,1184.505615234375,946.21044921875,879.5498046875,876.33544921875
plastic_nut,plastic_nut/NG/AK/S0102/plastic_nut_0102_NG_AK_C3_20231004142225.jpg,plastic_nut::plastic_nut_0102_NG_AK,3,development,OK,774.03369140625,832.77734375,871.8798828125,740.246826171875,830.000732421875,731.57373046875,744.1484375,813.47021484375,813.567626953125
plastic_nut,plastic_nut/NG/AK/S0102/plastic_nut_0102_NG_AK_C4_20231004142225.jpg,plastic_nut::plastic_nut_0102_NG_AK,4,development,OK,1266.02734375,1266.02734375,1343.286865234375,1355.384765625,1371.362060546875,1355.384765625,1281.347412109375,1131.47607421875,1392.01416015625
plastic_nut,plastic_nut/NG/AK/S0102/plastic_nut_0102_NG_AK_C5_20231004142225.jpg,plastic_nut::plastic_nut_0102_NG_AK,5,development,AK,1004.16015625,1007.21240234375,1007.21240234375,1148.76220703125,813.99658203125,1148.76220703125,780.430908203125,824.399658203125,768.12890625
plastic_nut,plastic_nut/NG/HS/S0102/plastic_nut_0102_NG_HS_C1_20231004110923.jpg,plastic_nut::plastic_nut_0102_NG_HS,1,development,OK,1105.9013671875,1031.577392578125,907.701904296875,865.12353515625,1023.47412109375,1240.177734375,837.04150390625,853.600341796875,964.29931640625
plastic_nut,plastic_nut/NG/HS/S0102/plastic_nut_0102_NG_HS_C2_20231004110923.jpg,plastic_nut::plastic_nut_0102_NG_HS,2,development,HS,1459.62841796875,1459.62841796875,1450.171875,1436.51220703125,1446.4970703125,1566.100341796875,1419.130615234375,1406.92333984375,1419.130615234375
plastic_nut,plastic_nut/NG/HS/S0102/plastic_nut_0102_NG_HS_C3_20231004110923.jpg,plastic_nut::plastic_nut_0102_NG_HS,3,development,HS,1212.74365234375,1207.1435546875,1270.98583984375,804.620849609375,783.970947265625,817.330810546875,1024.530029296875,1075.47998046875,818.70947265625
plastic_nut,plastic_nut/NG/HS/S0102/plastic_nut_0102_NG_HS_C4_20231004110923.jpg,plastic_nut::plastic_nut_0102_NG_HS,4,development,OK,899.18408203125,997.22216796875,947.46728515625,935.64892578125,1082.8740234375,998.391845703125,893.43994140625,929.876953125,1039.458251953125
plastic_nut,plastic_nut/NG/HS/S0102/plastic_nut_0102_NG_HS_C5_20231004110923.jpg,plastic_nut::plastic_nut_0102_NG_HS,5,development,OK,1048.5673828125,1048.5673828125,1048.5673828125,1147.76904296875,926.790771484375,1155.07177734375,876.728271484375,851.99609375,797.005126953125
plastic_nut,plastic_nut/NG/AK/S0103/plastic_nut_0103_NG_AK_C1_20231004142235.jpg,plastic_nut::plastic_nut_0103_NG_AK,1,development,OK,1295.7353515625,1388.37451171875,1256.70703125,1137.908203125,1166.693115234375,1314.277099609375,1216.2060546875,1269.28466796875,1231.1669921875
plastic_nut,plastic_nut/NG/AK/S0103/plastic_nut_0103_NG_AK_C2_20231004142235.jpg,plastic_nut::plastic_nut_0103_NG_AK,2,development,OK,827.48388671875,827.48388671875,827.48388671875,957.434326171875,794.90087890625,957.434326171875,934.80810546875,860.697998046875,860.697998046875
plastic_nut,plastic_nut/NG/AK/S0103/plastic_nut_0103_NG_AK_C3_20231004142235.jpg,plastic_nut::plastic_nut_0103_NG_AK,3,development,OK,801.30517578125,894.408203125,998.57421875,846.3427734375,776.5244140625,873.9111328125,787.00244140625,787.6796875,898.0751953125
plastic_nut,plastic_nut/NG/AK/S0103/plastic_nut_0103_NG_AK_C4_20231004142235.jpg,plastic_nut::plastic_nut_0103_NG_AK,4,development,AK,1288.36865234375,1431.738525390625,1431.738525390625,1377.6533203125,1411.325927734375,1377.6533203125,1310.818359375,1184.74609375,1436.931640625
plastic_nut,plastic_nut/NG/AK/S0103/plastic_nut_0103_NG_AK_C5_20231004142235.jpg,plastic_nut::plastic_nut_0103_NG_AK,5,development,AK,1775.65673828125,1913.00634765625,1851.22998046875,1736.94189453125,1736.94189453125,1736.94189453125,1320.515625,1260.958740234375,1320.515625
plastic_nut,plastic_nut/NG/HS/S0104/plastic_nut_0104_NG_HS_C1_20231004110941.jpg,plastic_nut::plastic_nut_0104_NG_HS,1,development,OK,962.659912109375,999.099609375,1127.979736328125,989.09765625,1046.21337890625,1082.5029296875,1124.76953125,1124.76953125,1124.76953125
plastic_nut,plastic_nut/NG/HS/S0104/plastic_nut_0104_NG_HS_C2_20231004110941.jpg,plastic_nut::plastic_nut_0104_NG_HS,2,development,OK,1156.951171875,1188.6396484375,1188.6396484375,1236.475830078125,961.694580078125,1236.475830078125,815.063232421875,825.9033203125,894.47900390625
plastic_nut,plastic_nut/NG/HS/S0104/plastic_nut_0104_NG_HS_C3_20231004110941.jpg,plastic_nut::plastic_nut_0104_NG_HS,3,development,OK,807.384765625,807.17529296875,948.294921875,900.369384765625,787.98046875,895.0556640625,816.21826171875,892.402099609375,816.21826171875
plastic_nut,plastic_nut/NG/HS/S0104/plastic_nut_0104_NG_HS_C4_20231004110941.jpg,plastic_nut::plastic_nut_0104_NG_HS,4,development,OK,921.087890625,1456.6317138671875,1456.6317138671875,920.77587890625,973.898681640625,991.618896484375,950.926025390625,988.9384765625,884.959228515625
plastic_nut,plastic_nut/NG/HS/S0104/plastic_nut_0104_NG_HS_C5_20231004110941.jpg,plastic_nut::plastic_nut_0104_NG_HS,5,development,HS,1372.107177734375,1408.96630859375,1429.15869140625,1253.484619140625,1395.684814453125,1376.504150390625,1361.358642578125,1444.89453125,1403.17236328125
plastic_nut,plastic_nut/NG/HS/S0105/plastic_nut_0105_NG_HS_C1_20231004110951.jpg,plastic_nut::plastic_nut_0105_NG_HS,1,development,OK,1036.4091796875,1033.63671875,1033.63671875,1126.8544921875,957.75146484375,1147.31005859375,901.2021484375,890.630126953125,1015.179931640625
plastic_nut,plastic_nut/NG/HS/S0105/plastic_nut_0105_NG_HS_C2_20231004110951.jpg,plastic_nut::plastic_nut_0105_NG_HS,2,development,OK,1128.183837890625,1128.183837890625,1128.183837890625,1176.555419921875,928.9462890625,1176.555419921875,760.84423828125,760.11767578125,940.3828125
plastic_nut,plastic_nut/NG/HS/S0105/plastic_nut_0105_NG_HS_C3_20231004110951.jpg,plastic_nut::plastic_nut_0105_NG_HS,3,development,HS,900.22119140625,890.522705078125,922.3212890625,982.114501953125,955.946533203125,982.114501953125,844.673828125,844.673828125,845.449951171875
plastic_nut,plastic_nut/NG/HS/S0105/plastic_nut_0105_NG_HS_C4_20231004110951.jpg,plastic_nut::plastic_nut_0105_NG_HS,4,development,HS,1205.738037109375,1064.95556640625,1069.3349609375,1178.920166015625,1108.721923828125,1092.919921875,1139.164794921875,1122.138916015625,1077.073974609375
plastic_nut,plastic_nut/NG/HS/S0105/plastic_nut_0105_NG_HS_C5_20231004110951.jpg,plastic_nut::plastic_nut_0105_NG_HS,5,development,OK,1072.671630859375,1110.01904296875,1110.01904296875,1170.1328125,865.859375,1215.05810546875,842.70263671875,799.02734375,802.0732421875
plastic_nut,plastic_nut/NG/QS/S0111/plastic_nut_0111_NG_QS_C1_20231004131505.jpg,plastic_nut::plastic_nut_0111_NG_QS,1,development,OK,1111.92236328125,1026.634765625,1072.607421875,946.240966796875,1037.952880859375,1238.380859375,939.603759765625,1076.408203125,924.947509765625
plastic_nut,plastic_nut/NG/QS/S0111/plastic_nut_0111_NG_QS_C2_20231004131505.jpg,plastic_nut::plastic_nut_0111_NG_QS,2,development,QS,1268.033935546875,1282.543701171875,1282.543701171875,1290.341796875,1236.1826171875,1401.382080078125,1359.836669921875,1282.543701171875,1282.543701171875
plastic_nut,plastic_nut/NG/QS/S0111/plastic_nut_0111_NG_QS_C3_20231004131505.jpg,plastic_nut::plastic_nut_0111_NG_QS,3,development,OK,1457.65966796875,1461.3017578125,1520.592529296875,787.80615234375,816.141845703125,787.80615234375,971.049560546875,802.973876953125,971.049560546875
plastic_nut,plastic_nut/NG/QS/S0111/plastic_nut_0111_NG_QS_C4_20231004131505.jpg,plastic_nut::plastic_nut_0111_NG_QS,4,development,OK,1480.378662109375,1480.378662109375,1535.129638671875,1511.8056640625,1608.52587890625,1511.8056640625,1503.1015625,1380.6845703125,1628.740966796875
plastic_nut,plastic_nut/NG/QS/S0111/plastic_nut_0111_NG_QS_C5_20231004131505.jpg,plastic_nut::plastic_nut_0111_NG_QS,5,development,QS,1121.520751953125,1144.945068359375,1144.945068359375,1190.67138671875,911.1064453125,1190.67138671875,891.1337890625,1015.672607421875,1135.156005859375
plastic_nut,plastic_nut/NG/ZW/S0114/plastic_nut_0114_NG_ZW_C1_20231004102005.jpg,plastic_nut::plastic_nut_0114_NG_ZW,1,development,OK,1210.140625,1210.140625,1210.140625,1048.236572265625,1022.3984375,1171.6748046875,1371.285400390625,1181.484375,997.555419921875
plastic_nut,plastic_nut/NG/ZW/S0114/plastic_nut_0114_NG_ZW_C2_20231004102005.jpg,plastic_nut::plastic_nut_0114_NG_ZW,2,development,OK,1312.14892578125,1315.147216796875,1315.147216796875,1448.949462890625,1165.94873046875,1452.611083984375,940.7392578125,1035.35107421875,855.934814453125
plastic_nut,plastic_nut/NG/ZW/S0114/plastic_nut_0114_NG_ZW_C3_20231004102005.jpg,plastic_nut::plastic_nut_0114_NG_ZW,3,development,OK,1201.013427734375,1186.39501953125,1254.559814453125,957.012451171875,746.80712890625,758.870361328125,811.217529296875,760.65380859375,781.1318359375
plastic_nut,plastic_nut/NG/ZW/S0114/plastic_nut_0114_NG_ZW_C4_20231004102005.jpg,plastic_nut::plastic_nut_0114_NG_ZW,4,development,OK,935.44384765625,1132.98583984375,1243.95947265625,1227.563232421875,1085.269775390625,1249.792724609375,1061.00537109375,996.522216796875,1057.955322265625
plastic_nut,plastic_nut/NG/ZW/S0114/plastic_nut_0114_NG_ZW_C5_20231004102005.jpg,plastic_nut::plastic_nut_0114_NG_ZW,5,development,ZW,1779.003662109375,1476.627197265625,1473.452392578125,1452.61181640625,1452.61181640625,1480.3203125,1548.768798828125,1556.16162109375,1547.54638671875
plastic_nut,plastic_nut/OK/S0116/plastic_nut_0116_OK_C1_20230930133422.jpg,plastic_nut::plastic_nut_0116_OK,1,development,OK,881.060546875,909.18603515625,856.8720703125,881.060546875,853.735595703125,860.35302734375,1057.33935546875,925.755615234375,925.755615234375
plastic_nut,plastic_nut/OK/S0116/plastic_nut_0116_OK_C2_20230930133422.jpg,plastic_nut::plastic_nut_0116_OK,2,development,OK,902.23486328125,875.4052734375,989.23486328125,732.2529296875,808.7880859375,732.2529296875,844.62744140625,844.62744140625,844.62744140625
plastic_nut,plastic_nut/OK/S0116/plastic_nut_0116_OK_C3_20230930133422.jpg,plastic_nut::plastic_nut_0116_OK,3,development,OK,1317.97802734375,1296.41552734375,1336.15478515625,867.921630859375,775.4873046875,696.50390625,686.188720703125,715.19140625,727.13037109375
plastic_nut,plastic_nut/OK/S0116/plastic_nut_0116_OK_C4_20230930133422.jpg,plastic_nut::plastic_nut_0116_OK,4,development,OK,835.7158203125,763.978515625,823.69677734375,808.70361328125,747.8603515625,834.75048828125,730.30126953125,834.763671875,797.296142578125
plastic_nut,plastic_nut/OK/S0116/plastic_nut_0116_OK_C5_20230930133422.jpg,plastic_nut::plastic_nut_0116_OK,5,development,OK,1002.7548828125,934.47802734375,1000.248046875,760.603515625,816.0009765625,766.77099609375,807.6787109375,822.95654296875,780.015625
plastic_nut,plastic_nut/NG/QS/S0117/plastic_nut_0117_NG_QS_C1_20231004131615.jpg,plastic_nut::plastic_nut_0117_NG_QS,1,development,OK,1231.52783203125,1231.52783203125,1273.0810546875,1126.79931640625,1166.094482421875,1287.022216796875,1176.16796875,1207.508056640625,1183.10693359375
plastic_nut,plastic_nut/NG/QS/S0117/plastic_nut_0117_NG_QS_C2_20231004131615.jpg,plastic_nut::plastic_nut_0117_NG_QS,2,development,OK,973.73779296875,973.73779296875,973.73779296875,1141.57177734375,819.95849609375,1032.59375,822.50390625,857.2177734375,871.97509765625
plastic_nut,plastic_nut/NG/QS/S0117/plastic_nut_0117_NG_QS_C3_20231004131615.jpg,plastic_nut::plastic_nut_0117_NG_QS,3,development,OK,1017.1416015625,1082.919921875,1186.5302734375,790.125,790.125,749.53173828125,912.26708984375,920.49951171875,883.507080078125
plastic_nut,plastic_nut/NG/QS/S0117/plastic_nut_0117_NG_QS_C4_20231004131615.jpg,plastic_nut::plastic_nut_0117_NG_QS,4,development,QS,1458.860595703125,1458.860595703125,1502.6181640625,1573.53759765625,1589.61083984375,1573.53759765625,1468.809814453125,1352.116943359375,1619.1259765625
plastic_nut,plastic_nut/NG/QS/S0117/plastic_nut_0117_NG_QS_C5_20231004131615.jpg,plastic_nut::plastic_nut_0117_NG_QS,5,development,QS,1232.9697265625,1079.3408203125,1079.3408203125,1073.461181640625,998.309326171875,1099.86474609375,1032.845458984375,948.609130859375,1065.171875
plastic_nut,plastic_nut/NG/ZW/S0117/plastic_nut_0117_NG_ZW_C1_20231004102048.jpg,plastic_nut::plastic_nut_0117_NG_ZW,1,development,OK,1603.716796875,1603.716796875,1603.716796875,1297.418701171875,1297.418701171875,1310.435791015625,1196.429931640625,1062.588623046875,1192.3125
plastic_nut,plastic_nut/NG/ZW/S0117/plastic_nut_0117_NG_ZW_C2_20231004102048.jpg,plastic_nut::plastic_nut_0117_NG_ZW,2,development,OK,1367.81005859375,1367.81005859375,1367.81005859375,1454.40673828125,1211.043212890625,1454.40673828125,1096.84423828125,951.06884765625,947.96142578125
plastic_nut,plastic_nut/NG/ZW/S0117/plastic_nut_0117_NG_ZW_C3_20231004102048.jpg,plastic_nut::plastic_nut_0117_NG_ZW,3,development,OK,940.3427734375,952.4501953125,1044.55517578125,874.920654296875,773.85986328125,937.604736328125,897.413330078125,837.7333984375,847.325927734375
plastic_nut,plastic_nut/NG/ZW/S0117/plastic_nut_0117_NG_ZW_C4_20231004102048.jpg,plastic_nut::plastic_nut_0117_NG_ZW,4,development,ZW,1652.02099609375,1486.238525390625,1486.238525390625,1394.2646484375,1394.2646484375,1379.220703125,1517.907958984375,1517.907958984375,1517.907958984375
plastic_nut,plastic_nut/NG/ZW/S0117/plastic_nut_0117_NG_ZW_C5_20231004102048.jpg,plastic_nut::plastic_nut_0117_NG_ZW,5,development,ZW,1733.423095703125,1556.44677734375,1556.44677734375,1537.1090087890625,1422.788330078125,1422.788330078125,1628.048828125,1660.607666015625,1648.11328125
plastic_nut,plastic_nut/NG/QS/S0125/plastic_nut_0125_NG_QS_C1_20231004131916.jpg,plastic_nut::plastic_nut_0125_NG_QS,1,development,OK,1301.34375,1301.34375,1393.521484375,1421.77294921875,1477.696533203125,1559.916259765625,1491.387939453125,1530.462890625,1530.462890625
plastic_nut,plastic_nut/NG/QS/S0125/plastic_nut_0125_NG_QS_C2_20231004131916.jpg,plastic_nut::plastic_nut_0125_NG_QS,2,development,QS,1260.944091796875,1260.944091796875,1260.944091796875,1377.182373046875,1130.789306640625,1377.182373046875,1021.260498046875,986.4560546875,904.27392578125
plastic_nut,plastic_nut/NG/QS/S0125/plastic_nut_0125_NG_QS_C3_20231004131916.jpg,plastic_nut::plastic_nut_0125_NG_QS,3,development,QS,1068.427490234375,1139.622314453125,1075.51123046875,1176.30029296875,1069.6513671875,1089.66650390625,967.872314453125,967.872314453125,1101.0107421875
plastic_nut,plastic_nut/NG/QS/S0125/plastic_nut_0125_NG_QS_C4_20231004131916.jpg,plastic_nut::plastic_nut_0125_NG_QS,4,development,QS,1295.92919921875,1399.720703125,1399.720703125,948.240234375,925.631591796875,925.631591796875,1018.4931640625,900.338623046875,922.380126953125
plastic_nut,plastic_nut/NG/QS/S0125/plastic_nut_0125_NG_QS_C5_20231004131916.jpg,plastic_nut::plastic_nut_0125_NG_QS,5,development,QS,1137.232666015625,1187.96826171875,1187.96826171875,1226.77490234375,1356.6806640625,1226.77490234375,1193.205322265625,1321.290283203125,1116.633056640625
plastic_nut,plastic_nut/NG/ZW/S0125/plastic_nut_0125_NG_ZW_C1_20231004102417.jpg,plastic_nut::plastic_nut_0125_NG_ZW,1,development,OK,1089.103515625,1092.01025390625,1054.78466796875,1435.272216796875,1595.24951171875,1309.1689453125,1330.36328125,1442.60400390625,1442.60400390625
plastic_nut,plastic_nut/NG/ZW/S0125/plastic_nut_0125_NG_ZW_C2_20231004102417.jpg,plastic_nut::plastic_nut_0125_NG_ZW,2,development,OK,1278.39990234375,1317.5859375,1317.5859375,1391.516845703125,1094.079833984375,1437.3095703125,923.50927734375,870.15380859375,891.6025390625
plastic_nut,plastic_nut/NG/ZW/S0125/plastic_nut_0125_NG_ZW_C3_20231004102417.jpg,plastic_nut::plastic_nut_0125_NG_ZW,3,development,OK,1402.9404296875,1387.1357421875,1427.369140625,862.202880859375,911.108642578125,758.263916015625,868.32861328125,844.254150390625,986.31689453125
plastic_nut,plastic_nut/NG/ZW/S0125/plastic_nut_0125_NG_ZW_C4_20231004102417.jpg,plastic_nut::plastic_nut_0125_NG_ZW,4,development,OK,1484.1630859375,1484.1630859375,1484.1630859375,822.168701171875,824.355224609375,857.9638671875,825.67333984375,869.048828125,869.048828125
plastic_nut,plastic_nut/NG/ZW/S0125/plastic_nut_0125_NG_ZW_C5_20231004102417.jpg,plastic_nut::plastic_nut_0125_NG_ZW,5,development,ZW,1731.0494384765625,1731.0494384765625,1731.0494384765625,1525.889404296875,1525.889404296875,1525.889404296875,1845.8828125,1751.3729248046875,1751.3729248046875
plastic_nut,plastic_nut/NG/HS/S0127/plastic_nut_0127_NG_HS_C1_20231004111833.jpg,plastic_nut::plastic_nut_0127_NG_HS,1,development,OK,1049.09814453125,972.212890625,959.909912109375,798.4013671875,991.0751953125,1172.687744140625,854.40966796875,856.430908203125,856.430908203125
plastic_nut,plastic_nut/NG/HS/S0127/plastic_nut_0127_NG_HS_C2_20231004111833.jpg,plastic_nut::plastic_nut_0127_NG_HS,2,development,OK,980.13427734375,980.13427734375,980.13427734375,1035.653564453125,804.670654296875,1035.653564453125,743.61962890625,769.4560546875,787.197265625
plastic_nut,plastic_nut/NG/HS/S0127/plastic_nut_0127_NG_HS_C3_20231004111833.jpg,plastic_nut::plastic_nut_0127_NG_HS,3,development,OK,930.03466796875,1008.03759765625,1110.3671875,811.88525390625,950.164794921875,1012.114501953125,840.378173828125,840.378173828125,840.378173828125
plastic_nut,plastic_nut/NG/HS/S0127/plastic_nut_0127_NG_HS_C4_20231004111833.jpg,plastic_nut::plastic_nut_0127_NG_HS,4,development,HS,974.60595703125,998.08251953125,958.640380859375,866.25634765625,965.0419921875,936.767578125,1038.94970703125,1010.634521484375,920.57373046875
plastic_nut,plastic_nut/NG/HS/S0127/plastic_nut_0127_NG_HS_C5_20231004111833.jpg,plastic_nut::plastic_nut_0127_NG_HS,5,development,HS,1112.227783203125,1112.227783203125,1112.227783203125,1152.083251953125,1067.902587890625,1085.43603515625,1096.29296875,1096.29296875,1027.9716796875
plastic_nut,plastic_nut/NG/ZW/S0128/plastic_nut_0128_NG_ZW_C1_20231004102700.jpg,plastic_nut::plastic_nut_0128_NG_ZW,1,development,OK,1179.92626953125,1142.5947265625,951.9453125,976.270751953125,1129.35009765625,1313.146728515625,1182.909912109375,1242.89013671875,1182.909912109375
plastic_nut,plastic_nut/NG/ZW/S0128/plastic_nut_0128_NG_ZW_C2_20231004102700.jpg,plastic_nut::plastic_nut_0128_NG_ZW,2,development,OK,1172.98974609375,1172.98974609375,1172.98974609375,1335.60791015625,1094.333740234375,1335.60791015625,893.6806640625,856.636962890625,856.636962890625
plastic_nut,plastic_nut/NG/ZW/S0128/plastic_nut_0128_NG_ZW_C3_20231004102700.jpg,plastic_nut::plastic_nut_0128_NG_ZW,3,development,OK,795.90771484375,910.23681640625,844.04443359375,803.433837890625,798.58740234375,788.76708984375,902.25732421875,959.63623046875,779.1904296875
plastic_nut,plastic_nut/NG/ZW/S0128/plastic_nut_0128_NG_ZW_C4_20231004102700.jpg,plastic_nut::plastic_nut_0128_NG_ZW,4,development,ZW,1314.1318359375,1314.1318359375,1314.1318359375,1217.49951171875,1114.587646484375,1265.0556640625,1092.74951171875,991.1103515625,1092.885986328125
plastic_nut,plastic_nut/NG/ZW/S0128/plastic_nut_0128_NG_ZW_C5_20231004102700.jpg,plastic_nut::plastic_nut_0128_NG_ZW,5,development,ZW,1626.4013671875,1626.4013671875,1626.4013671875,1194.051025390625,1118.94677734375,1194.051025390625,1092.546142578125,1092.546142578125,1092.546142578125
plastic_nut,plastic_nut/NG/HS/S0132/plastic_nut_0132_NG_HS_C1_20231004111926.jpg,plastic_nut::plastic_nut_0132_NG_HS,1,development,OK,1196.949951171875,1168.9189453125,1183.2197265625,995.5634765625,1159.008056640625,1364.439453125,1135.26806640625,1107.37939453125,1133.5322265625
plastic_nut,plastic_nut/NG/HS/S0132/plastic_nut_0132_NG_HS_C2_20231004111926.jpg,plastic_nut::plastic_nut_0132_NG_HS,2,development,HS,1184.42919921875,1184.42919921875,1184.42919921875,1320.89404296875,1168.113525390625,1320.89404296875,1099.789794921875,1092.521728515625,1092.521728515625
plastic_nut,plastic_nut/NG/HS/S0132/plastic_nut_0132_NG_HS_C3_20231004111926.jpg,plastic_nut::plastic_nut_0132_NG_HS,3,development,HS,1064.348388671875,1097.7412109375,1097.7412109375,844.143310546875,868.963623046875,868.963623046875,1057.328369140625,1073.2880859375,945.11669921875
plastic_nut,plastic_nut/NG/HS/S0132/plastic_nut_0132_NG_HS_C4_20231004111926.jpg,plastic_nut::plastic_nut_0132_NG_HS,4,development,OK,1292.2177734375,1383.84765625,1383.84765625,966.012939453125,978.041748046875,966.012939453125,1043.185546875,946.9755859375,877.8740234375
plastic_nut,plastic_nut/NG/HS/S0132/plastic_nut_0132_NG_HS_C5_20231004111926.jpg,plastic_nut::plastic_nut_0132_NG_HS,5,development,OK,974.556884765625,997.6201171875,997.6201171875,1070.169677734375,853.206298828125,1125.26806640625,1038.92578125,1014.967529296875,1014.967529296875
plastic_nut,plastic_nut/OK/S0140/plastic_nut_0140_OK_C1_20230930134417.jpg,plastic_nut::plastic_nut_0140_OK,1,development,OK,749.0400390625,846.18212890625,846.18212890625,803.754150390625,857.66357421875,861.65966796875,789.02880859375,854.15625,1015.37841796875
plastic_nut,plastic_nut/OK/S0140/plastic_nut_0140_OK_C2_20230930134417.jpg,plastic_nut::plastic_nut_0140_OK,2,development,OK,1365.0224609375,1315.14990234375,1343.81494140625,874.166748046875,849.736083984375,755.2685546875,955.754638671875,955.754638671875,964.021240234375
plastic_nut,plastic_nut/OK/S0140/plastic_nut_0140_OK_C3_20230930134417.jpg,plastic_nut::plastic_nut_0140_OK,3,development,OK,819.555908203125,822.62158203125,840.579345703125,876.22802734375,897.63720703125,782.138427734375,897.41357421875,789.99169921875,748.265869140625
plastic_nut,plastic_nut/OK/S0140/plastic_nut_0140_OK_C4_20230930134417.jpg,plastic_nut::plastic_nut_0140_OK,4,development,OK,801.97021484375,780.14599609375,785.720703125,776.649169921875,816.7275390625,761.58984375,833.27685546875,762.09228515625,759.63525390625
plastic_nut,plastic_nut/OK/S0140/plastic_nut_0140_OK_C5_20230930134417.jpg,plastic_nut::plastic_nut_0140_OK,5,development,OK,797.7587890625,818.29150390625,764.48779296875,887.5087890625,738.14111328125,852.99658203125,761.6201171875,716.478515625,799.583251953125
plastic_nut,plastic_nut/OK/S0169/plastic_nut_0169_OK_C1_20230930135925.jpg,plastic_nut::plastic_nut_0169_OK,1,development,OK,913.33251953125,895.6552734375,881.91357421875,1040.7861328125,1053.4501953125,1064.6845703125,872.223876953125,872.223876953125,952.997802734375
plastic_nut,plastic_nut/OK/S0169/plastic_nut_0169_OK_C2_20230930135925.jpg,plastic_nut::plastic_nut_0169_OK,2,development,OK,1176.7998046875,1120.158203125,1166.49560546875,861.235107421875,850.43310546875,838.62060546875,824.97216796875,825.4814453125,773.54296875
plastic_nut,plastic_nut/OK/S0169/plastic_nut_0169_OK_C3_20230930135925.jpg,plastic_nut::plastic_nut_0169_OK,3,development,OK,963.75927734375,914.0234375,959.208984375,772.19189453125,843.99462890625,948.5546875,717.9765625,738.9560546875,742.31640625
plastic_nut,plastic_nut/OK/S0169/plastic_nut_0169_OK_C4_20230930135925.jpg,plastic_nut::plastic_nut_0169_OK,4,development,OK,950.29833984375,968.631103515625,955.46875,951.2265625,951.2265625,950.45556640625,761.82373046875,842.590576171875,881.97216796875
plastic_nut,plastic_nut/OK/S0169/plastic_nut_0169_OK_C5_20230930135925.jpg,plastic_nut::plastic_nut_0169_OK,5,development,OK,887.777099609375,826.01123046875,875.490234375,865.19921875,838.1640625,916.637939453125,757.6728515625,792.3642578125,740.85986328125
plastic_nut,plastic_nut/OK/S0182/plastic_nut_0182_OK_C1_20230930140415.jpg,plastic_nut::plastic_nut_0182_OK,1,development,OK,854.69091796875,855.905029296875,855.905029296875,904.515869140625,866.045654296875,1108.694091796875,862.468017578125,864.75146484375,1081.5244140625
plastic_nut,plastic_nut/OK/S0182/plastic_nut_0182_OK_C2_20230930140415.jpg,plastic_nut::plastic_nut_0182_OK,2,development,OK,828.526123046875,1061.819580078125,916.0244140625,896.9404296875,870.6904296875,805.847412109375,815.89404296875,817.2646484375,846.098388671875
plastic_nut,plastic_nut/OK/S0182/plastic_nut_0182_OK_C3_20230930140415.jpg,plastic_nut::plastic_nut_0182_OK,3,development,OK,841.6884765625,887.832763671875,823.86669921875,807.4443359375,837.277099609375,798.576416015625,972.283935546875,975.7080078125,832.471923828125
plastic_nut,plastic_nut/OK/S0182/plastic_nut_0182_OK_C4_20230930140415.jpg,plastic_nut::plastic_nut_0182_OK,4,development,OK,840.751953125,798.28125,876.90625,906.06396484375,939.672607421875,868.364501953125,894.24462890625,815.72998046875,815.72998046875
plastic_nut,plastic_nut/OK/S0182/plastic_nut_0182_OK_C5_20230930140415.jpg,plastic_nut::plastic_nut_0182_OK,5,development,OK,791.6162109375,881.326171875,787.03125,909.5009765625,848.8515625,1023.251708984375,893.37890625,901.30908203125,1003.28515625
plastic_nut,plastic_nut/OK/S0185/plastic_nut_0185_OK_C1_20230930140513.jpg,plastic_nut::plastic_nut_0185_OK,1,development,OK,838.88330078125,923.63037109375,1007.8662109375,880.32861328125,957.65771484375,830.6416015625,1232.939208984375,910.6298828125,1232.939208984375
plastic_nut,plastic_nut/OK/S0185/plastic_nut_0185_OK_C2_20230930140513.jpg,plastic_nut::plastic_nut_0185_OK,2,development,OK,975.24609375,903.40576171875,973.44873046875,726.0712890625,848.310546875,793.66748046875,779.39306640625,711.138671875,804.2861328125
plastic_nut,plastic_nut/OK/S0185/plastic_nut_0185_OK_C3_20230930140513.jpg,plastic_nut::plastic_nut_0185_OK,3,development,OK,815.83154296875,850.91943359375,950.17138671875,798.783203125,883.2255859375,754.3837890625,839.68994140625,794.27783203125,892.95654296875
plastic_nut,plastic_nut/OK/S0185/plastic_nut_0185_OK_C4_20230930140513.jpg,plastic_nut::plastic_nut_0185_OK,4,development,OK,782.37744140625,828.619873046875,828.619873046875,828.619873046875,808.302001953125,808.66162109375,1086.74951171875,864.55712890625,785.974853515625
plastic_nut,plastic_nut/OK/S0185/plastic_nut_0185_OK_C5_20230930140513.jpg,plastic_nut::plastic_nut_0185_OK,5,development,OK,762.852783203125,809.0732421875,847.021728515625,726.247314453125,809.576171875,816.23291015625,781.8173828125,862.6708984375,837.59033203125
plastic_nut,plastic_nut/OK/S0212/plastic_nut_0212_OK_C1_20230930143907.jpg,plastic_nut::plastic_nut_0212_OK,1,development,OK,985.37158203125,923.44677734375,1032.7607421875,929.40185546875,840.255859375,929.40185546875,854.8720703125,886.383544921875,886.383544921875
plastic_nut,plastic_nut/OK/S0212/plastic_nut_0212_OK_C2_20230930143907.jpg,plastic_nut::plastic_nut_0212_OK,2,development,OK,962.6484375,879.957763671875,840.47607421875,906.304931640625,861.48193359375,741.431640625,848.87255859375,823.0625,887.506591796875
plastic_nut,plastic_nut/OK/S0212/plastic_nut_0212_OK_C3_20230930143907.jpg,plastic_nut::plastic_nut_0212_OK,3,development,OK,984.736328125,959.3291015625,1034.1123046875,734.79150390625,796.23046875,843.90771484375,767.336669921875,713.60546875,767.336669921875
plastic_nut,plastic_nut/OK/S0212/plastic_nut_0212_OK_C4_20230930143907.jpg,plastic_nut::plastic_nut_0212_OK,4,development,OK,800.35498046875,824.322021484375,790.7099609375,779.412109375,904.305419921875,832.215576171875,746.809326171875,722.96826171875,706.516845703125
plastic_nut,plastic_nut/OK/S0212/plastic_nut_0212_OK_C5_20230930143907.jpg,plastic_nut::plastic_nut_0212_OK,5,development,OK,1060.75634765625,1063.8955078125,1055.4111328125,723.704833984375,758.4287109375,747.56689453125,809.055908203125,837.52978515625,812.01708984375
plastic_nut,plastic_nut/OK/S0220/plastic_nut_0220_OK_C1_20230930144109.jpg,plastic_nut::plastic_nut_0220_OK,1,development,OK,912.83203125,948.8603515625,972.38818359375,847.50732421875,903.55859375,897.816650390625,851.476806640625,855.62744140625,857.494140625
plastic_nut,plastic_nut/OK/S0220/plastic_nut_0220_OK_C2_20230930144109.jpg,plastic_nut::plastic_nut_0220_OK,2,development,OK,1076.4404296875,1026.912109375,1063.8916015625,861.08447265625,909.732666015625,848.14208984375,921.688720703125,952.609375,836.780029296875
plastic_nut,plastic_nut/OK/S0220/plastic_nut_0220_OK_C3_20230930144109.jpg,plastic_nut::plastic_nut_0220_OK,3,development,OK,1051.78076171875,1020.94775390625,1071.41357421875,830.3994140625,842.033203125,806.48828125,799.9384765625,781.0908203125,860.263427734375
plastic_nut,plastic_nut/OK/S0220/plastic_nut_0220_OK_C4_20230930144109.jpg,plastic_nut::plastic_nut_0220_OK,4,development,OK,869.187744140625,843.428955078125,866.30224609375,942.77734375,822.261474609375,899.94189453125,998.78173828125,864.45166015625,810.666748046875
plastic_nut,plastic_nut/OK/S0220/plastic_nut_0220_OK_C5_20230930144109.jpg,plastic_nut::plastic_nut_0220_OK,5,development,OK,761.77978515625,927.9482421875,744.14892578125,721.44775390625,887.11962890625,756.31982421875,868.68408203125,837.870849609375,768.09716796875
plastic_nut,plastic_nut/OK/S0224/plastic_nut_0224_OK_C1_20230930144303.jpg,plastic_nut::plastic_nut_0224_OK,1,development,OK,1011.096435546875,908.62451171875,908.62451171875,896.8759765625,913.348388671875,913.348388671875,1142.931640625,835.219970703125,1000.546142578125
plastic_nut,plastic_nut/OK/S0224/plastic_nut_0224_OK_C2_20230930144303.jpg,plastic_nut::plastic_nut_0224_OK,2,development,OK,1045.33935546875,998.81005859375,1076.08984375,731.34765625,760.793701171875,748.16650390625,728.3134765625,773.9638671875,805.3623046875
plastic_nut,plastic_nut/OK/S0224/plastic_nut_0224_OK_C3_20230930144303.jpg,plastic_nut::plastic_nut_0224_OK,3,development,OK,1232.867431640625,1193.439208984375,1243.0390625,831.012939453125,789.24560546875,806.27880859375,823.2919921875,823.2919921875,809.4365234375
plastic_nut,plastic_nut/OK/S0224/plastic_nut_0224_OK_C4_20230930144303.jpg,plastic_nut::plastic_nut_0224_OK,4,development,OK,754.1552734375,741.23828125,791.97998046875,715.3095703125,727.38134765625,718.19287109375,727.113525390625,711.92138671875,736.56640625
plastic_nut,plastic_nut/OK/S0224/plastic_nut_0224_OK_C5_20230930144303.jpg,plastic_nut::plastic_nut_0224_OK,5,development,OK,1244.52099609375,1227.857177734375,1227.67724609375,1199.93603515625,1017.33837890625,1015.970458984375,1139.75048828125,1123.947998046875,1332.99951171875
plastic_nut,plastic_nut/OK/S0231/plastic_nut_0231_OK_C1_20230930144616.jpg,plastic_nut::plastic_nut_0231_OK,1,development,OK,790.92041015625,795.440185546875,805.0546875,981.45849609375,869.62255859375,973.913818359375,892.21826171875,864.546142578125,864.546142578125
plastic_nut,plastic_nut/OK/S0231/plastic_nut_0231_OK_C2_20230930144616.jpg,plastic_nut::plastic_nut_0231_OK,2,development,OK,804.781005859375,759.21826171875,793.261474609375,732.32177734375,765.73046875,756.77587890625,767.845947265625,752.8603515625,802.520263671875
plastic_nut,plastic_nut/OK/S0231/plastic_nut_0231_OK_C3_20230930144616.jpg,plastic_nut::plastic_nut_0231_OK,3,development,OK,1199.03076171875,1181.968994140625,1241.25537109375,732.8203125,670.75341796875,803.6962890625,719.517578125,906.64697265625,771.51708984375
plastic_nut,plastic_nut/OK/S0231/plastic_nut_0231_OK_C4_20230930144616.jpg,plastic_nut::plastic_nut_0231_OK,4,development,OK,805.28515625,728.166015625,805.198486328125,740.688232421875,762.4443359375,783.266357421875,876.544677734375,817.70751953125,876.544677734375
plastic_nut,plastic_nut/OK/S0231/plastic_nut_0231_OK_C5_20230930144616.jpg,plastic_nut::plastic_nut_0231_OK,5,development,OK,948.33642578125,925.2568359375,939.8662109375,844.078369140625,850.255615234375,816.490966796875,822.649169921875,888.116943359375,837.1259765625
plastic_nut,plastic_nut/OK/S0233/plastic_nut_0233_OK_C1_20230930144650.jpg,plastic_nut::plastic_nut_0233_OK,1,development,OK,893.434814453125,886.2509765625,886.2509765625,839.1904296875,856.2060546875,904.19873046875,882.013427734375,883.78564453125,867.20263671875
plastic_nut,plastic_nut/OK/S0233/plastic_nut_0233_OK_C2_20230930144650.jpg,plastic_nut::plastic_nut_0233_OK,2,development,OK,1151.9892578125,1087.107421875,1149.03662109375,772.04248046875,726.52783203125,726.84912109375,762.084716796875,712.39990234375,735.99462890625
plastic_nut,plastic_nut/OK/S0233/plastic_nut_0233_OK_C3_20230930144650.jpg,plastic_nut::plastic_nut_0233_OK,3,development,OK,931.96484375,927.60693359375,1030.646484375,898.286376953125,688.039306640625,905.94921875,950.400390625,805.994873046875,740.220703125
plastic_nut,plastic_nut/OK/S0233/plastic_nut_0233_OK_C4_20230930144650.jpg,plastic_nut::plastic_nut_0233_OK,4,development,OK,869.26513671875,885.74951171875,787.58203125,745.704345703125,899.65625,996.56689453125,783.4365234375,768.4091796875,728.83349609375
plastic_nut,plastic_nut/OK/S0233/plastic_nut_0233_OK_C5_20230930144650.jpg,plastic_nut::plastic_nut_0233_OK,5,development,OK,947.49560546875,906.5517578125,940.31396484375,795.77392578125,951.887939453125,982.5009765625,982.5009765625,1144.07177734375,1069.28515625
plastic_nut,plastic_nut/OK/S0239/plastic_nut_0239_OK_C1_20230930145350.jpg,plastic_nut::plastic_nut_0239_OK,1,development,OK,1382.955078125,1382.955078125,1382.955078125,778.328125,757.902099609375,789.69384765625,822.0029296875,760.5478515625,821.51611328125
plastic_nut,plastic_nut/OK/S0239/plastic_nut_0239_OK_C2_20230930145350.jpg,plastic_nut::plastic_nut_0239_OK,2,development,OK,836.22900390625,929.1484375,895.144287109375,906.476318359375,978.91162109375,906.476318359375,812.411376953125,843.420654296875,791.96044921875
plastic_nut,plastic_nut/OK/S0239/plastic_nut_0239_OK_C3_20230930145350.jpg,plastic_nut::plastic_nut_0239_OK,3,development,OK,926.135986328125,957.205810546875,911.596435546875,867.568603515625,858.49072265625,889.44140625,853.637939453125,894.2705078125,853.637939453125
plastic_nut,plastic_nut/OK/S0239/plastic_nut_0239_OK_C4_20230930145350.jpg,plastic_nut::plastic_nut_0239_OK,4,development,OK,755.974609375,950.139892578125,803.31982421875,875.76806640625,847.26953125,805.39501953125,729.31005859375,729.7890625,753.739990234375
plastic_nut,plastic_nut/OK/S0239/plastic_nut_0239_OK_C5_20230930145350.jpg,plastic_nut::plastic_nut_0239_OK,5,development,OK,839.51953125,824.611572265625,743.1201171875,877.84814453125,804.84228515625,896.47265625,757.330810546875,738.38330078125,733.255859375
plastic_nut,plastic_nut/OK/S0243/plastic_nut_0243_OK_C1_20230930145544.jpg,plastic_nut::plastic_nut_0243_OK,1,development,OK,1426.802734375,1426.802734375,1426.802734375,988.923095703125,911.17724609375,988.923095703125,1073.74169921875,1073.74169921875,911.17724609375
plastic_nut,plastic_nut/OK/S0243/plastic_nut_0243_OK_C2_20230930145544.jpg,plastic_nut::plastic_nut_0243_OK,2,development,OK,759.0322265625,817.00732421875,756.516845703125,872.92431640625,743.035888671875,870.1455078125,840.62158203125,870.427978515625,796.867919921875
plastic_nut,plastic_nut/OK/S0243/plastic_nut_0243_OK_C3_20230930145544.jpg,plastic_nut::plastic_nut_0243_OK,3,development,OK,804.68115234375,907.162353515625,918.93408203125,746.02490234375,822.874267578125,750.525390625,795.648681640625,837.65283203125,693.65869140625
plastic_nut,plastic_nut/OK/S0243/plastic_nut_0243_OK_C4_20230930145544.jpg,plastic_nut::plastic_nut_0243_OK,4,development,OK,776.560546875,843.7373046875,877.93603515625,884.9072265625,782.569580078125,884.9072265625,773.525390625,766.963134765625,792.8291015625
plastic_nut,plastic_nut/OK/S0243/plastic_nut_0243_OK_C5_20230930145544.jpg,plastic_nut::plastic_nut_0243_OK,5,development,OK,725.0771484375,816.603515625,786.5166015625,717.20166015625,739.16943359375,833.641845703125,816.359375,873.26123046875,788.7890625
plastic_nut,plastic_nut/OK/S0252/plastic_nut_0252_OK_C1_20230930145853.jpg,plastic_nut::plastic_nut_0252_OK,1,development,OK,1514.84130859375,1514.84130859375,1514.84130859375,933.0595703125,902.0341796875,929.15478515625,910.306640625,930.23388671875,910.306640625
plastic_nut,plastic_nut/OK/S0252/plastic_nut_0252_OK_C2_20230930145853.jpg,plastic_nut::plastic_nut_0252_OK,2,development,OK,854.82421875,860.085205078125,853.189453125,912.3427734375,802.32763671875,791.17529296875,813.6318359375,804.398681640625,881.610107421875
plastic_nut,plastic_nut/OK/S0252/plastic_nut_0252_OK_C3_20230930145853.jpg,plastic_nut::plastic_nut_0252_OK,3,development,OK,1253.44970703125,1243.71728515625,1303.1025390625,963.747802734375,956.42626953125,822.269775390625,825.867431640625,756.00048828125,776.779296875
plastic_nut,plastic_nut/OK/S0252/plastic_nut_0252_OK_C4_20230930145853.jpg,plastic_nut::plastic_nut_0252_OK,4,development,OK,852.07421875,831.058837890625,831.058837890625,791.796875,781.334228515625,859.6220703125,743.056396484375,824.85986328125,824.85986328125
plastic_nut,plastic_nut/OK/S0252/plastic_nut_0252_OK_C5_20230930145853.jpg,plastic_nut::plastic_nut_0252_OK,5,development,OK,1187.1953125,1185.44921875,1176.15380859375,841.7216796875,804.17919921875,759.047119140625,754.8857421875,866.736328125,853.344970703125
plastic_nut,plastic_nut/OK/S0264/plastic_nut_0264_OK_C1_20230930150454.jpg,plastic_nut::plastic_nut_0264_OK,1,development,OK,885.32421875,891.4853515625,891.4853515625,738.34423828125,775.63818359375,837.8115234375,810.315673828125,746.123046875,760.35400390625
plastic_nut,plastic_nut/OK/S0264/plastic_nut_0264_OK_C2_20230930150454.jpg,plastic_nut::plastic_nut_0264_OK,2,development,OK,762.124267578125,905.14990234375,838.9716796875,816.8466796875,812.112548828125,807.737060546875,960.002685546875,736.38330078125,715.595947265625
plastic_nut,plastic_nut/OK/S0264/plastic_nut_0264_OK_C3_20230930150454.jpg,plastic_nut::plastic_nut_0264_OK,3,development,OK,1114.40771484375,1117.592529296875,1201.25048828125,774.2568359375,785.97265625,732.73095703125,776.24462890625,799.1923828125,764.05078125
plastic_nut,plastic_nut/OK/S0264/plastic_nut_0264_OK_C4_20230930150454.jpg,plastic_nut::plastic_nut_0264_OK,4,development,OK,802.2587890625,731.05615234375,793.126953125,723.9609375,734.375244140625,708.390869140625,689.7919921875,733.24951171875,727.081298828125
plastic_nut,plastic_nut/OK/S0264/plastic_nut_0264_OK_C5_20230930150454.jpg,plastic_nut::plastic_nut_0264_OK,5,development,OK,938.45947265625,915.17431640625,931.17529296875,754.3076171875,817.986572265625,719.28759765625,801.922119140625,771.4833984375,746.4453125
plastic_nut,plastic_nut/OK/S0270/plastic_nut_0270_OK_C1_20230930150738.jpg,plastic_nut::plastic_nut_0270_OK,1,development,OK,889.044677734375,936.836669921875,989.352294921875,1086.43017578125,1083.390380859375,1104.9375,904.346923828125,904.346923828125,975.922607421875
plastic_nut,plastic_nut/OK/S0270/plastic_nut_0270_OK_C2_20230930150738.jpg,plastic_nut::plastic_nut_0270_OK,2,development,OK,1022.48974609375,1022.48974609375,1069.437255859375,1022.48974609375,1022.48974609375,1154.320556640625,1126.951904296875,1020.558837890625,1145.689453125
plastic_nut,plastic_nut/OK/S0270/plastic_nut_0270_OK_C3_20230930150738.jpg,plastic_nut::plastic_nut_0270_OK,3,development,OK,1107.28515625,1103.0390625,1184.01123046875,844.42626953125,827.97314453125,795.016357421875,748.02099609375,800.98046875,769.045654296875
plastic_nut,plastic_nut/OK/S0270/plastic_nut_0270_OK_C4_20230930150738.jpg,plastic_nut::plastic_nut_0270_OK,4,development,OK,1018.005859375,844.54931640625,844.54931640625,787.329833984375,890.778076171875,803.34130859375,804.49169921875,768.068359375,750.8681640625
plastic_nut,plastic_nut/OK/S0270/plastic_nut_0270_OK_C5_20230930150738.jpg,plastic_nut::plastic_nut_0270_OK,5,development,OK,938.46875,809.46533203125,865.086181640625,838.69580078125,792.24267578125,756.575927734375,718.928955078125,877.5478515625,819.16015625
plastic_nut,plastic_nut/OK/S0290/plastic_nut_0290_OK_C1_20230930152100.jpg,plastic_nut::plastic_nut_0290_OK,1,development,OK,1389.365234375,1389.365234375,1389.365234375,848.386962890625,935.5126953125,878.07080078125,913.99609375,913.99609375,884.561767578125
plastic_nut,plastic_nut/OK/S0290/plastic_nut_0290_OK_C2_20230930152100.jpg,plastic_nut::plastic_nut_0290_OK,2,development,OK,883.205322265625,924.343994140625,895.292724609375,980.725341796875,926.3525390625,980.725341796875,896.942626953125,896.942626953125,929.03759765625
plastic_nut,plastic_nut/OK/S0290/plastic_nut_0290_OK_C3_20230930152100.jpg,plastic_nut::plastic_nut_0290_OK,3,development,OK,978.32763671875,929.048095703125,929.048095703125,881.173583984375,906.7392578125,929.048095703125,882.00537109375,882.00537109375,882.00537109375
plastic_nut,plastic_nut/OK/S0290/plastic_nut_0290_OK_C4_20230930152100.jpg,plastic_nut::plastic_nut_0290_OK,4,development,OK,850.469482421875,896.59716796875,911.6357421875,901.572998046875,913.74169921875,984.56591796875,853.737548828125,960.542724609375,934.17724609375
plastic_nut,plastic_nut/OK/S0290/plastic_nut_0290_OK_C5_20230930152100.jpg,plastic_nut::plastic_nut_0290_OK,5,development,OK,951.828369140625,1004.8232421875,981.01904296875,1007.251953125,1023.45751953125,1029.8583984375,1054.35009765625,1054.35009765625,1054.35009765625
plastic_nut,plastic_nut/OK/S0292/plastic_nut_0292_OK_C1_20230930152135.jpg,plastic_nut::plastic_nut_0292_OK,1,development,OK,1291.048828125,1291.048828125,1291.048828125,851.505859375,819.36328125,939.04638671875,833.462890625,812.897216796875,812.897216796875
plastic_nut,plastic_nut/OK/S0292/plastic_nut_0292_OK_C2_20230930152135.jpg,plastic_nut::plastic_nut_0292_OK,2,development,OK,773.7080078125,836.120361328125,761.62109375,756.83837890625,746.83740234375,726.72509765625,753.138671875,775.6328125,725.59521484375
plastic_nut,plastic_nut/OK/S0292/plastic_nut_0292_OK_C3_20230930152135.jpg,plastic_nut::plastic_nut_0292_OK,3,development,OK,1237.98974609375,1203.3427734375,1245.30712890625,737.783203125,716.06005859375,733.60888671875,716.2744140625,721.6005859375,762.1845703125
plastic_nut,plastic_nut/OK/S0292/plastic_nut_0292_OK_C4_20230930152135.jpg,plastic_nut::plastic_nut_0292_OK,4,development,OK,821.342041015625,848.22705078125,826.6416015625,716.9443359375,749.269775390625,760.00390625,766.99072265625,731.55029296875,750.1943359375
plastic_nut,plastic_nut/OK/S0292/plastic_nut_0292_OK_C5_20230930152135.jpg,plastic_nut::plastic_nut_0292_OK,5,development,OK,1216.12158203125,1193.824951171875,1200.23876953125,965.45654296875,796.341064453125,829.966064453125,1108.17529296875,1129.561767578125,1043.199462890625
plastic_nut,plastic_nut/OK/S0304/plastic_nut_0304_OK_C1_20230930152400.jpg,plastic_nut::plastic_nut_0304_OK,1,development,OK,796.910400390625,1046.8955078125,1015.170654296875,934.79443359375,924.44580078125,884.118896484375,779.64013671875,847.743896484375,884.84130859375
plastic_nut,plastic_nut/OK/S0304/plastic_nut_0304_OK_C2_20230930152400.jpg,plastic_nut::plastic_nut_0304_OK,2,development,OK,735.53515625,863.87451171875,874.912353515625,721.37646484375,761.552734375,791.596435546875,687.425537109375,817.4736328125,712.2080078125
plastic_nut,plastic_nut/OK/S0304/plastic_nut_0304_OK_C3_20230930152400.jpg,plastic_nut::plastic_nut_0304_OK,3,development,OK,1175.80908203125,1159.27294921875,1212.14111328125,783.24169921875,896.40283203125,761.803466796875,706.9873046875,757.800048828125,705.347412109375
plastic_nut,plastic_nut/OK/S0304/plastic_nut_0304_OK_C4_20230930152400.jpg,plastic_nut::plastic_nut_0304_OK,4,development,OK,837.60205078125,837.60205078125,820.80908203125,875.30029296875,820.8740234375,787.156982421875,791.789306640625,828.912841796875,823.88671875
plastic_nut,plastic_nut/OK/S0304/plastic_nut_0304_OK_C5_20230930152400.jpg,plastic_nut::plastic_nut_0304_OK,5,development,OK,766.220703125,819.65966796875,791.72900390625,810.2509765625,815.986572265625,726.9892578125,829.358154296875,752.896484375,818.114501953125
plastic_nut,plastic_nut/OK/S0337/plastic_nut_0337_OK_C1_20230930153546.jpg,plastic_nut::plastic_nut_0337_OK,1,development,OK,840.81640625,957.427734375,957.427734375,870.705078125,810.086181640625,849.85009765625,946.9296875,946.9296875,946.9296875
plastic_nut,plastic_nut/OK/S0337/plastic_nut_0337_OK_C2_20230930153546.jpg,plastic_nut::plastic_nut_0337_OK,2,development,OK,1817.37109375,1817.37109375,1817.37109375,1048.142578125,754.1015625,710.6474609375,781.6884765625,828.31982421875,765.270751953125
plastic_nut,plastic_nut/OK/S0337/plastic_nut_0337_OK_C3_20230930153546.jpg,plastic_nut::plastic_nut_0337_OK,3,development,OK,921.99560546875,849.81494140625,954.76513671875,839.5068359375,844.7041015625,952.3818359375,829.26904296875,742.152587890625,834.61767578125
plastic_nut,plastic_nut/OK/S0337/plastic_nut_0337_OK_C4_20230930153546.jpg,plastic_nut::plastic_nut_0337_OK,4,development,OK,818.841064453125,829.34375,758.742919921875,863.36474609375,773.58544921875,793.8798828125,778.420654296875,764.82861328125,782.736328125
plastic_nut,plastic_nut/OK/S0337/plastic_nut_0337_OK_C5_20230930153546.jpg,plastic_nut::plastic_nut_0337_OK,5,development,OK,827.2333984375,860.995849609375,822.33837890625,859.625,736.40966796875,736.935302734375,784.995849609375,901.217529296875,728.451171875
plastic_nut,plastic_nut/OK/S0348/plastic_nut_0348_OK_C1_20230930153812.jpg,plastic_nut::plastic_nut_0348_OK,1,development,OK,867.731689453125,967.7841796875,967.7841796875,1004.5185546875,914.599365234375,952.803955078125,876.9052734375,1016.039794921875,951.882568359375
plastic_nut,plastic_nut/OK/S0348/plastic_nut_0348_OK_C2_20230930153812.jpg,plastic_nut::plastic_nut_0348_OK,2,development,OK,1415.6962890625,1359.11279296875,1394.2919921875,808.423828125,805.462890625,783.243896484375,788.539794921875,776.093994140625,752.88134765625
plastic_nut,plastic_nut/OK/S0348/plastic_nut_0348_OK_C3_20230930153812.jpg,plastic_nut::plastic_nut_0348_OK,3,development,OK,899.30810546875,897.0751953125,1015.97412109375,786.232666015625,824.760009765625,853.4833984375,808.888916015625,798.82861328125,817.86181640625
plastic_nut,plastic_nut/OK/S0348/plastic_nut_0348_OK_C4_20230930153812.jpg,plastic_nut::plastic_nut_0348_OK,4,development,OK,1134.7001953125,1062.01220703125,1134.7001953125,1315.97216796875,1226.3232421875,1261.773193359375,1037.146484375,783.68505859375,1094.468505859375
plastic_nut,plastic_nut/OK/S0348/plastic_nut_0348_OK_C5_20230930153812.jpg,plastic_nut::plastic_nut_0348_OK,5,development,OK,820.884033203125,798.7353515625,873.07861328125,850.46533203125,745.47412109375,781.779296875,779.76611328125,836.8115234375,730.54150390625
plastic_nut,plastic_nut/OK/S0353/plastic_nut_0353_OK_C1_20230930153919.jpg,plastic_nut::plastic_nut_0353_OK,1,development,OK,1085.471435546875,1046.4970703125,1041.67724609375,1078.351318359375,944.449951171875,1045.2373046875,851.19189453125,822.82275390625,906.28369140625
plastic_nut,plastic_nut/OK/S0353/plastic_nut_0353_OK_C2_20230930153919.jpg,plastic_nut::plastic_nut_0353_OK,2,development,OK,1390.87353515625,1348.76708984375,1371.6142578125,898.275390625,938.239013671875,934.732421875,1002.00244140625,1053.123779296875,1048.954345703125
plastic_nut,plastic_nut/OK/S0353/plastic_nut_0353_OK_C3_20230930153919.jpg,plastic_nut::plastic_nut_0353_OK,3,development,OK,1164.9736328125,1138.02197265625,1196.29833984375,871.10986328125,847.6865234375,912.121826171875,845.78759765625,797.718994140625,735.77587890625
plastic_nut,plastic_nut/OK/S0353/plastic_nut_0353_OK_C4_20230930153919.jpg,plastic_nut::plastic_nut_0353_OK,4,development,OK,899.018798828125,930.2314453125,930.2314453125,888.741943359375,995.56298828125,888.741943359375,819.428466796875,767.29541015625,828.152587890625
plastic_nut,plastic_nut/OK/S0353/plastic_nut_0353_OK_C5_20230930153919.jpg,plastic_nut::plastic_nut_0353_OK,5,development,OK,909.8828125,878.76513671875,1050.240478515625,885.939208984375,1071.75537109375,885.48046875,902.135498046875,894.46142578125,814.155029296875
plastic_nut,plastic_nut/OK/S0389/plastic_nut_0389_OK_C1_20230930154837.jpg,plastic_nut::plastic_nut_0389_OK,1,development,OK,878.3330078125,920.72509765625,846.55322265625,863.732421875,915.9326171875,775.76220703125,953.740966796875,860.07861328125,823.0244140625
plastic_nut,plastic_nut/OK/S0389/plastic_nut_0389_OK_C2_20230930154837.jpg,plastic_nut::plastic_nut_0389_OK,2,development,OK,768.1904296875,791.23681640625,867.94287109375,823.03955078125,736.54638671875,767.3828125,932.627197265625,896.231201171875,818.724853515625
plastic_nut,plastic_nut/OK/S0389/plastic_nut_0389_OK_C3_20230930154837.jpg,plastic_nut::plastic_nut_0389_OK,3,development,OK,1326.54443359375,1304.142822265625,1353.055419921875,1002.60791015625,970.076171875,1002.60791015625,982.492431640625,982.492431640625,982.492431640625
plastic_nut,plastic_nut/OK/S0389/plastic_nut_0389_OK_C4_20230930154837.jpg,plastic_nut::plastic_nut_0389_OK,4,development,OK,765.1201171875,735.0869140625,793.48046875,780.1904296875,716.166259765625,731.678466796875,831.044189453125,784.3876953125,929.23876953125
plastic_nut,plastic_nut/OK/S0389/plastic_nut_0389_OK_C5_20230930154837.jpg,plastic_nut::plastic_nut_0389_OK,5,development,OK,1139.4384765625,1112.67578125,1124.15625,1046.259765625,1004.163818359375,1046.259765625,981.176513671875,936.3173828125,975.336669921875
plastic_nut,plastic_nut/OK/S0395/plastic_nut_0395_OK_C1_20230930155001.jpg,plastic_nut::plastic_nut_0395_OK,1,development,OK,946.0478515625,801.2763671875,874.02490234375,854.000732421875,892.8740234375,879.51416015625,941.990234375,900.85205078125,1184.56884765625
plastic_nut,plastic_nut/OK/S0395/plastic_nut_0395_OK_C2_20230930155001.jpg,plastic_nut::plastic_nut_0395_OK,2,development,OK,1307.416259765625,1246.55615234375,1283.729248046875,801.8134765625,793.28515625,720.0810546875,788.057861328125,798.716796875,941.0751953125
plastic_nut,plastic_nut/OK/S0395/plastic_nut_0395_OK_C3_20230930155001.jpg,plastic_nut::plastic_nut_0395_OK,3,development,OK,1329.68896484375,1306.7451171875,1351.981201171875,795.32275390625,772.75146484375,796.420166015625,755.353515625,758.421875,753.51318359375
plastic_nut,plastic_nut/OK/S0395/plastic_nut_0395_OK_C4_20230930155001.jpg,plastic_nut::plastic_nut_0395_OK,4,development,OK,1025.57470703125,940.375,1025.57470703125,1006.623291015625,972.44580078125,931.545166015625,885.065673828125,839.0986328125,853.8349609375
plastic_nut,plastic_nut/OK/S0395/plastic_nut_0395_OK_C5_20230930155001.jpg,plastic_nut::plastic_nut_0395_OK,5,development,OK,976.346435546875,960.47021484375,976.346435546875,993.55859375,1174.989501953125,972.330078125,976.346435546875,976.346435546875,906.861328125
plastic_nut,plastic_nut/OK/S0414/plastic_nut_0414_OK_C1_20230930155939.jpg,plastic_nut::plastic_nut_0414_OK,1,development,OK,832.343017578125,995.7177734375,995.7177734375,836.583984375,811.6064453125,803.620849609375,924.798095703125,924.798095703125,924.798095703125
plastic_nut,plastic_nut/OK/S0414/plastic_nut_0414_OK_C2_20230930155939.jpg,plastic_nut::plastic_nut_0414_OK,2,development,OK,848.51171875,854.283935546875,724.41845703125,963.15087890625,840.32568359375,798.09619140625,837.5126953125,824.780029296875,844.78173828125
plastic_nut,plastic_nut/OK/S0414/plastic_nut_0414_OK_C3_20230930155939.jpg,plastic_nut::plastic_nut_0414_OK,3,development,OK,935.978515625,990.72265625,990.72265625,859.93115234375,937.802734375,999.529296875,918.27685546875,867.126953125,849.0537109375
plastic_nut,plastic_nut/OK/S0414/plastic_nut_0414_OK_C4_20230930155939.jpg,plastic_nut::plastic_nut_0414_OK,4,development,OK,900.8232421875,852.8564453125,826.7705078125,902.270263671875,985.958984375,1002.0029296875,828.9951171875,805.343505859375,805.343505859375
plastic_nut,plastic_nut/OK/S0414/plastic_nut_0414_OK_C5_20230930155939.jpg,plastic_nut::plastic_nut_0414_OK,5,development,OK,850.5849609375,796.47265625,777.990478515625,852.70068359375,808.92431640625,907.43115234375,746.92236328125,826.58837890625,831.81396484375
plastic_nut,plastic_nut/OK/S0444/plastic_nut_0444_OK_C1_20230930161057.jpg,plastic_nut::plastic_nut_0444_OK,1,development,OK,890.242431640625,881.450927734375,1030.956298828125,1089.45556640625,910.421142578125,910.421142578125,988.707275390625,988.707275390625,1030.956298828125
plastic_nut,plastic_nut/OK/S0444/plastic_nut_0444_OK_C2_20230930161057.jpg,plastic_nut::plastic_nut_0444_OK,2,development,OK,787.40478515625,884.224365234375,787.91748046875,870.6328125,856.255859375,766.36083984375,862.07958984375,823.1318359375,856.74169921875
plastic_nut,plastic_nut/OK/S0444/plastic_nut_0444_OK_C3_20230930161057.jpg,plastic_nut::plastic_nut_0444_OK,3,development,OK,1077.132080078125,1012.7080078125,1089.2236328125,1065.5322265625,1031.567626953125,1110.311279296875,1034.920166015625,1059.5234375,1074.71533203125
plastic_nut,plastic_nut/OK/S0444/plastic_nut_0444_OK_C4_20230930161057.jpg,plastic_nut::plastic_nut_0444_OK,4,development,OK,996.685546875,996.685546875,996.685546875,921.512451171875,921.512451171875,851.79345703125,776.6650390625,885.16455078125,843.8125
plastic_nut,plastic_nut/OK/S0444/plastic_nut_0444_OK_C5_20230930161057.jpg,plastic_nut::plastic_nut_0444_OK,5,development,OK,877.66796875,906.40185546875,884.09765625,816.75390625,816.75390625,921.30078125,808.80810546875,769.627197265625,802.046875
plastic_nut,plastic_nut/OK/S0450/plastic_nut_0450_OK_C1_20230930161409.jpg,plastic_nut::plastic_nut_0450_OK,1,development,OK,842.00048828125,926.456787109375,877.813720703125,967.634765625,841.93603515625,863.40283203125,909.88427734375,787.61669921875,896.68505859375
plastic_nut,plastic_nut/OK/S0450/plastic_nut_0450_OK_C2_20230930161409.jpg,plastic_nut::plastic_nut_0450_OK,2,development,OK,749.032958984375,775.5439453125,792.68408203125,817.86572265625,764.650390625,779.822265625,701.686767578125,826.98779296875,763.7734375
plastic_nut,plastic_nut/OK/S0450/plastic_nut_0450_OK_C3_20230930161409.jpg,plastic_nut::plastic_nut_0450_OK,3,development,OK,847.665771484375,736.91943359375,763.03466796875,774.766357421875,742.364501953125,785.99169921875,794.91357421875,780.299072265625,901.0576171875
plastic_nut,plastic_nut/OK/S0450/plastic_nut_0450_OK_C4_20230930161409.jpg,plastic_nut::plastic_nut_0450_OK,4,development,OK,804.656982421875,869.18994140625,869.18994140625,960.144287109375,845.228271484375,984.785888671875,876.160888671875,945.4287109375,772.3642578125
plastic_nut,plastic_nut/OK/S0450/plastic_nut_0450_OK_C5_20230930161409.jpg,plastic_nut::plastic_nut_0450_OK,5,development,OK,1001.267333984375,1093.2568359375,962.8017578125,915.100830078125,969.355712890625,1014.107666015625,1059.408447265625,1109.3525390625,1056.7998046875
plastic_nut,plastic_nut/OK/S0451/plastic_nut_0451_OK_C1_20230930161417.jpg,plastic_nut::plastic_nut_0451_OK,1,development,OK,1014.537353515625,1043.89208984375,1043.89208984375,1013.404052734375,905.557373046875,988.390625,1025.940673828125,1083.69091796875,1025.940673828125
plastic_nut,plastic_nut/OK/S0451/plastic_nut_0451_OK_C2_20230930161417.jpg,plastic_nut::plastic_nut_0451_OK,2,development,OK,853.189208984375,817.6103515625,962.23486328125,898.49560546875,898.49560546875,878.745361328125,860.575439453125,860.575439453125,830.417236328125
plastic_nut,plastic_nut/OK/S0451/plastic_nut_0451_OK_C3_20230930161417.jpg,plastic_nut::plastic_nut_0451_OK,3,development,OK,949.95166015625,908.54052734375,932.0888671875,858.526611328125,795.88623046875,768.905517578125,871.8125,801.20751953125,843.486328125
plastic_nut,plastic_nut/OK/S0451/plastic_nut_0451_OK_C4_20230930161417.jpg,plastic_nut::plastic_nut_0451_OK,4,development,OK,853.091796875,869.5283203125,857.99462890625,859.185791015625,882.912841796875,944.1142578125,778.9619140625,797.57080078125,925.109619140625
plastic_nut,plastic_nut/OK/S0451/plastic_nut_0451_OK_C5_20230930161417.jpg,plastic_nut::plastic_nut_0451_OK,5,development,OK,1029.8994140625,1040.86962890625,1032.86865234375,955.43505859375,955.43505859375,920.628173828125,881.63916015625,880.478271484375,881.63916015625
plastic_nut,plastic_nut/OK/S0457/plastic_nut_0457_OK_C1_20230930162118.jpg,plastic_nut::plastic_nut_0457_OK,1,development,OK,1019.7197265625,1026.25341796875,1026.25341796875,939.21484375,882.032958984375,772.30029296875,999.61669921875,859.865234375,877.080322265625
plastic_nut,plastic_nut/OK/S0457/plastic_nut_0457_OK_C2_20230930162118.jpg,plastic_nut::plastic_nut_0457_OK,2,development,OK,793.7255859375,774.55517578125,822.619140625,892.44873046875,724.32763671875,782.67919921875,752.44921875,735.9169921875,817.0791015625
plastic_nut,plastic_nut/OK/S0457/plastic_nut_0457_OK_C3_20230930162118.jpg,plastic_nut::plastic_nut_0457_OK,3,development,OK,830.155517578125,857.0078125,891.22314453125,738.834228515625,1060.051025390625,891.22314453125,800.7412109375,836.817626953125,837.31591796875
plastic_nut,plastic_nut/OK/S0457/plastic_nut_0457_OK_C4_20230930162118.jpg,plastic_nut::plastic_nut_0457_OK,4,development,OK,864.320556640625,756.7158203125,837.42724609375,769.723388671875,786.814697265625,793.65771484375,819.2861328125,786.40234375,788.30517578125
plastic_nut,plastic_nut/OK/S0457/plastic_nut_0457_OK_C5_20230930162118.jpg,plastic_nut::plastic_nut_0457_OK,5,development,OK,927.568115234375,904.9208984375,889.29833984375,845.065185546875,826.075927734375,902.1708984375,749.1650390625,730.57568359375,810.8193359375
plastic_nut,plastic_nut/OK/S0473/plastic_nut_0473_OK_C1_20230930162415.jpg,plastic_nut::plastic_nut_0473_OK,1,development,OK,1032.8583984375,861.869384765625,843.2939453125,887.875732421875,887.875732421875,997.35546875,836.57958984375,870.64501953125,940.529052734375
plastic_nut,plastic_nut/OK/S0473/plastic_nut_0473_OK_C2_20230930162415.jpg,plastic_nut::plastic_nut_0473_OK,2,development,OK,750.88427734375,769.591796875,876.5556640625,739.540771484375,799.998046875,763.949462890625,746.7529296875,857.564697265625,807.155029296875
plastic_nut,plastic_nut/OK/S0473/plastic_nut_0473_OK_C3_20230930162415.jpg,plastic_nut::plastic_nut_0473_OK,3,development,OK,816.46533203125,812.82373046875,778.835205078125,845.5966796875,830.68115234375,845.5966796875,799.1416015625,864.688232421875,1000.096435546875
plastic_nut,plastic_nut/OK/S0473/plastic_nut_0473_OK_C4_20230930162415.jpg,plastic_nut::plastic_nut_0473_OK,4,development,OK,785.369140625,794.43896484375,807.789306640625,759.79931640625,763.316162109375,793.39306640625,740.012451171875,776.17333984375,751.697265625
plastic_nut,plastic_nut/OK/S0473/plastic_nut_0473_OK_C5_20230930162415.jpg,plastic_nut::plastic_nut_0473_OK,5,development,OK,830.943359375,803.3408203125,804.1845703125,837.074951171875,718.2490234375,843.390625,952.677734375,786.30322265625,861.9365234375
plastic_nut,plastic_nut/OK/S0481/plastic_nut_0481_OK_C1_20230930162549.jpg,plastic_nut::plastic_nut_0481_OK,1,development,OK,893.0908203125,904.25244140625,871.50244140625,882.7568359375,848.952880859375,831.115478515625,834.5673828125,873.70654296875,846.59130859375
plastic_nut,plastic_nut/OK/S0481/plastic_nut_0481_OK_C2_20230930162549.jpg,plastic_nut::plastic_nut_0481_OK,2,development,OK,855.142578125,855.142578125,830.512451171875,936.96630859375,786.996826171875,832.25146484375,775.2734375,775.2734375,782.5810546875
plastic_nut,plastic_nut/OK/S0481/plastic_nut_0481_OK_C3_20230930162549.jpg,plastic_nut::plastic_nut_0481_OK,3,development,OK,856.2744140625,853.159423828125,834.478759765625,813.72607421875,831.919921875,900.28857421875,836.474609375,770.176513671875,816.360107421875
plastic_nut,plastic_nut/OK/S0481/plastic_nut_0481_OK_C4_20230930162549.jpg,plastic_nut::plastic_nut_0481_OK,4,development,OK,876.486328125,701.673828125,820.51904296875,847.570068359375,732.654541015625,783.46923828125,813.2109375,813.2109375,834.84033203125
plastic_nut,plastic_nut/OK/S0481/plastic_nut_0481_OK_C5_20230930162549.jpg,plastic_nut::plastic_nut_0481_OK,5,development,OK,842.8486328125,816.791015625,868.71435546875,836.356201171875,836.356201171875,811.640380859375,819.436279296875,930.6904296875,819.436279296875
plastic_nut,plastic_nut/OK/S0482/plastic_nut_0482_OK_C1_20230930162559.jpg,plastic_nut::plastic_nut_0482_OK,1,development,OK,879.40966796875,861.5302734375,914.8671875,846.64892578125,795.31982421875,903.046875,808.837646484375,764.5419921875,876.09423828125
plastic_nut,plastic_nut/OK/S0482/plastic_nut_0482_OK_C2_20230930162559.jpg,plastic_nut::plastic_nut_0482_OK,2,development,OK,981.884765625,875.16796875,836.392578125,800.285888671875,881.811767578125,881.811767578125,781.0244140625,833.94189453125,772.13037109375
plastic_nut,plastic_nut/OK/S0482/plastic_nut_0482_OK_C3_20230930162559.jpg,plastic_nut::plastic_nut_0482_OK,3,development,OK,958.713134765625,884.97216796875,889.720703125,1082.16552734375,909.8037109375,1001.22119140625,949.35107421875,867.736083984375,880.0009765625
plastic_nut,plastic_nut/OK/S0482/plastic_nut_0482_OK_C4_20230930162559.jpg,plastic_nut::plastic_nut_0482_OK,4,development,OK,819.838623046875,756.9052734375,918.2890625,1015.116455078125,816.94580078125,1015.116455078125,1121.347412109375,987.510498046875,835.172607421875
plastic_nut,plastic_nut/OK/S0482/plastic_nut_0482_OK_C5_20230930162559.jpg,plastic_nut::plastic_nut_0482_OK,5,development,OK,968.46875,943.14111328125,950.10400390625,921.895263671875,845.70703125,1006.8232421875,938.797119140625,938.797119140625,938.797119140625
plastic_nut,plastic_nut/OK/S0483/plastic_nut_0483_OK_C1_20230930162605.jpg,plastic_nut::plastic_nut_0483_OK,1,development,OK,928.230712890625,913.80712890625,1011.947265625,948.86181640625,827.73095703125,911.709716796875,875.5498046875,848.537109375,922.799072265625
plastic_nut,plastic_nut/OK/S0483/plastic_nut_0483_OK_C2_20230930162605.jpg,plastic_nut::plastic_nut_0483_OK,2,development,OK,780.405029296875,757.24609375,841.1572265625,865.985107421875,871.34765625,728.9501953125,871.864501953125,862.1923828125,850.366943359375
plastic_nut,plastic_nut/OK/S0483/plastic_nut_0483_OK_C3_20230930162605.jpg,plastic_nut::plastic_nut_0483_OK,3,development,OK,1077.52001953125,955.9169921875,955.9169921875,1104.428466796875,955.9169921875,1138.675537109375,853.39111328125,887.05908203125,911.4873046875
plastic_nut,plastic_nut/OK/S0483/plastic_nut_0483_OK_C4_20230930162605.jpg,plastic_nut::plastic_nut_0483_OK,4,development,OK,784.88818359375,768.104736328125,813.2607421875,819.07373046875,725.93408203125,751.94970703125,791.83984375,741.488037109375,760.217041015625
plastic_nut,plastic_nut/OK/S0483/plastic_nut_0483_OK_C5_20230930162605.jpg,plastic_nut::plastic_nut_0483_OK,5,development,OK,845.6416015625,845.6416015625,886.720703125,768.533935546875,892.07666015625,875.165283203125,784.7275390625,770.671142578125,918.400390625
plastic_nut,plastic_nut/OK/S0493/plastic_nut_0493_OK_C1_20230930162808.jpg,plastic_nut::plastic_nut_0493_OK,1,development,OK,1342.369140625,1342.369140625,1342.369140625,878.205078125,887.89306640625,952.717041015625,1173.620849609375,1356.353271484375,1173.620849609375
plastic_nut,plastic_nut/OK/S0493/plastic_nut_0493_OK_C2_20230930162808.jpg,plastic_nut::plastic_nut_0493_OK,2,development,OK,841.206298828125,907.961181640625,917.13818359375,889.6513671875,865.67578125,838.0537109375,800.21826171875,734.822998046875,852.224609375
plastic_nut,plastic_nut/OK/S0493/plastic_nut_0493_OK_C3_20230930162808.jpg,plastic_nut::plastic_nut_0493_OK,3,development,OK,919.2578125,870.10400390625,857.482177734375,826.412841796875,859.929443359375,849.87060546875,861.126953125,960.81982421875,869.14501953125
plastic_nut,plastic_nut/OK/S0493/plastic_nut_0493_OK_C4_20230930162808.jpg,plastic_nut::plastic_nut_0493_OK,4,development,OK,777.91455078125,736.2421875,801.78759765625,739.95654296875,768.979248046875,755.31689453125,861.818603515625,818.11962890625,989.86376953125
plastic_nut,plastic_nut/OK/S0493/plastic_nut_0493_OK_C5_20230930162808.jpg,plastic_nut::plastic_nut_0493_OK,5,development,OK,870.99853515625,927.754638671875,885.931640625,869.75048828125,854.1259765625,752.803466796875,1030.974853515625,1030.974853515625,1030.974853515625
