path,method,max,top_left_max,interior_max
plastic_nut/OK/S0016/plastic_nut_0016_OK_C1_20230930122513.jpg,dino_odd_own,950.78662109375,728.6533203125,950.78662109375
plastic_nut/OK/S0016/plastic_nut_0016_OK_C1_20230930122513.jpg,dino_balanced_own,993.993896484375,588.69482421875,993.993896484375
plastic_nut/OK/S0016/plastic_nut_0016_OK_C1_20230930122513.jpg,balanced_delete_topleft,993.993896484375,943.684326171875,993.993896484375
plastic_nut/OK/S0016/plastic_nut_0016_OK_C1_20230930122513.jpg,balanced_delete_interior_sham,993.993896484375,635.74853515625,993.993896484375
plastic_nut/OK/S0016/plastic_nut_0016_OK_C2_20230930122513.jpg,dino_odd_own,1327.015625,719.20703125,1327.015625
plastic_nut/OK/S0016/plastic_nut_0016_OK_C2_20230930122513.jpg,dino_balanced_own,812.400634765625,634.79150390625,812.400634765625
plastic_nut/OK/S0016/plastic_nut_0016_OK_C2_20230930122513.jpg,balanced_delete_topleft,1013.6982421875,979.0361328125,1013.6982421875
plastic_nut/OK/S0016/plastic_nut_0016_OK_C2_20230930122513.jpg,balanced_delete_interior_sham,812.400634765625,634.79150390625,812.400634765625
plastic_nut/OK/S0016/plastic_nut_0016_OK_C3_20230930122513.jpg,dino_odd_own,791.916259765625,726.90185546875,791.916259765625
plastic_nut/OK/S0016/plastic_nut_0016_OK_C3_20230930122513.jpg,dino_balanced_own,846.5341796875,556.01171875,846.5341796875
plastic_nut/OK/S0016/plastic_nut_0016_OK_C3_20230930122513.jpg,balanced_delete_topleft,1015.2744140625,942.4111328125,1015.2744140625
plastic_nut/OK/S0016/plastic_nut_0016_OK_C3_20230930122513.jpg,balanced_delete_interior_sham,872.380126953125,556.01171875,872.380126953125
plastic_nut/OK/S0016/plastic_nut_0016_OK_C4_20230930122513.jpg,dino_odd_own,1189.31005859375,790.3701171875,1189.31005859375
plastic_nut/OK/S0016/plastic_nut_0016_OK_C4_20230930122513.jpg,dino_balanced_own,833.30322265625,700.4609375,833.30322265625
plastic_nut/OK/S0016/plastic_nut_0016_OK_C4_20230930122513.jpg,balanced_delete_topleft,956.48046875,956.48046875,874.83642578125
plastic_nut/OK/S0016/plastic_nut_0016_OK_C4_20230930122513.jpg,balanced_delete_interior_sham,884.34423828125,700.4609375,884.34423828125
plastic_nut/OK/S0016/plastic_nut_0016_OK_C5_20230930122513.jpg,dino_odd_own,897.81884765625,717.65673828125,897.81884765625
plastic_nut/OK/S0016/plastic_nut_0016_OK_C5_20230930122513.jpg,dino_balanced_own,897.81884765625,688.9404296875,897.81884765625
plastic_nut/OK/S0016/plastic_nut_0016_OK_C5_20230930122513.jpg,balanced_delete_topleft,897.81884765625,875.1025390625,897.81884765625
plastic_nut/OK/S0016/plastic_nut_0016_OK_C5_20230930122513.jpg,balanced_delete_interior_sham,897.81884765625,688.9404296875,897.81884765625
plastic_nut/OK/S0028/plastic_nut_0028_OK_C1_20230930124338.jpg,dino_odd_own,888.25390625,752.85693359375,888.25390625
plastic_nut/OK/S0028/plastic_nut_0028_OK_C1_20230930124338.jpg,dino_balanced_own,1007.12646484375,856.619140625,1007.12646484375
plastic_nut/OK/S0028/plastic_nut_0028_OK_C1_20230930124338.jpg,balanced_delete_topleft,1007.12646484375,961.963623046875,1007.12646484375
plastic_nut/OK/S0028/plastic_nut_0028_OK_C1_20230930124338.jpg,balanced_delete_interior_sham,1007.12646484375,856.619140625,1007.12646484375
plastic_nut/OK/S0028/plastic_nut_0028_OK_C2_20230930124338.jpg,dino_odd_own,750.49169921875,676.23388671875,750.49169921875
plastic_nut/OK/S0028/plastic_nut_0028_OK_C2_20230930124338.jpg,dino_balanced_own,992.34619140625,676.28759765625,992.34619140625
plastic_nut/OK/S0028/plastic_nut_0028_OK_C2_20230930124338.jpg,balanced_delete_topleft,995.4091796875,939.87158203125,995.4091796875
plastic_nut/OK/S0028/plastic_nut_0028_OK_C2_20230930124338.jpg,balanced_delete_interior_sham,992.34619140625,676.28759765625,992.34619140625
plastic_nut/OK/S0028/plastic_nut_0028_OK_C3_20230930124338.jpg,dino_odd_own,767.86474609375,756.2685546875,767.86474609375
plastic_nut/OK/S0028/plastic_nut_0028_OK_C3_20230930124338.jpg,dino_balanced_own,893.455078125,564.06689453125,893.455078125
plastic_nut/OK/S0028/plastic_nut_0028_OK_C3_20230930124338.jpg,balanced_delete_topleft,1018.720703125,965.415283203125,1018.720703125
plastic_nut/OK/S0028/plastic_nut_0028_OK_C3_20230930124338.jpg,balanced_delete_interior_sham,893.455078125,631.513671875,893.455078125
plastic_nut/OK/S0028/plastic_nut_0028_OK_C4_20230930124338.jpg,dino_odd_own,1027.75537109375,753.41162109375,1027.75537109375
plastic_nut/OK/S0028/plastic_nut_0028_OK_C4_20230930124338.jpg,dino_balanced_own,937.19677734375,702.3837890625,937.19677734375
plastic_nut/OK/S0028/plastic_nut_0028_OK_C4_20230930124338.jpg,balanced_delete_topleft,952.46630859375,952.46630859375,937.19677734375
plastic_nut/OK/S0028/plastic_nut_0028_OK_C4_20230930124338.jpg,balanced_delete_interior_sham,937.19677734375,702.3837890625,937.19677734375
plastic_nut/OK/S0028/plastic_nut_0028_OK_C5_20230930124338.jpg,dino_odd_own,905.60009765625,695.128662109375,905.60009765625
plastic_nut/OK/S0028/plastic_nut_0028_OK_C5_20230930124338.jpg,dino_balanced_own,830.19384765625,587.5302734375,830.19384765625
plastic_nut/OK/S0028/plastic_nut_0028_OK_C5_20230930124338.jpg,balanced_delete_topleft,950.2900390625,867.181884765625,950.2900390625
plastic_nut/OK/S0028/plastic_nut_0028_OK_C5_20230930124338.jpg,balanced_delete_interior_sham,830.19384765625,587.5302734375,830.19384765625
plastic_nut/OK/S0030/plastic_nut_0030_OK_C1_20230930124407.jpg,dino_odd_own,881.8828125,710.9267578125,881.8828125
plastic_nut/OK/S0030/plastic_nut_0030_OK_C1_20230930124407.jpg,dino_balanced_own,898.9814453125,564.45166015625,898.9814453125
plastic_nut/OK/S0030/plastic_nut_0030_OK_C1_20230930124407.jpg,balanced_delete_topleft,923.62890625,923.62890625,898.9814453125
plastic_nut/OK/S0030/plastic_nut_0030_OK_C1_20230930124407.jpg,balanced_delete_interior_sham,898.9814453125,783.95703125,898.9814453125
plastic_nut/OK/S0030/plastic_nut_0030_OK_C2_20230930124407.jpg,dino_odd_own,1167.2607421875,701.18212890625,1167.2607421875
plastic_nut/OK/S0030/plastic_nut_0030_OK_C2_20230930124407.jpg,dino_balanced_own,851.4013671875,604.99951171875,851.4013671875
plastic_nut/OK/S0030/plastic_nut_0030_OK_C2_20230930124407.jpg,balanced_delete_topleft,1009.15478515625,968.12939453125,1009.15478515625
plastic_nut/OK/S0030/plastic_nut_0030_OK_C2_20230930124407.jpg,balanced_delete_interior_sham,851.4013671875,604.99951171875,851.4013671875
plastic_nut/OK/S0030/plastic_nut_0030_OK_C3_20230930124407.jpg,dino_odd_own,739.316162109375,735.67529296875,739.316162109375
plastic_nut/OK/S0030/plastic_nut_0030_OK_C3_20230930124407.jpg,dino_balanced_own,833.69091796875,547.24951171875,833.69091796875
plastic_nut/OK/S0030/plastic_nut_0030_OK_C3_20230930124407.jpg,balanced_delete_topleft,996.76708984375,952.28564453125,996.76708984375
plastic_nut/OK/S0030/plastic_nut_0030_OK_C3_20230930124407.jpg,balanced_delete_interior_sham,833.69091796875,547.24951171875,833.69091796875
plastic_nut/OK/S0030/plastic_nut_0030_OK_C4_20230930124407.jpg,dino_odd_own,873.56298828125,717.05126953125,873.56298828125
plastic_nut/OK/S0030/plastic_nut_0030_OK_C4_20230930124407.jpg,dino_balanced_own,879.4013671875,726.83349609375,879.4013671875
plastic_nut/OK/S0030/plastic_nut_0030_OK_C4_20230930124407.jpg,balanced_delete_topleft,1223.2626953125,988.8511962890625,1223.2626953125
plastic_nut/OK/S0030/plastic_nut_0030_OK_C4_20230930124407.jpg,balanced_delete_interior_sham,942.334228515625,726.83349609375,942.334228515625
plastic_nut/OK/S0030/plastic_nut_0030_OK_C5_20230930124407.jpg,dino_odd_own,869.354736328125,851.12548828125,869.354736328125
plastic_nut/OK/S0030/plastic_nut_0030_OK_C5_20230930124407.jpg,dino_balanced_own,1040.57666015625,746.12353515625,1040.57666015625
plastic_nut/OK/S0030/plastic_nut_0030_OK_C5_20230930124407.jpg,balanced_delete_topleft,1040.57666015625,872.86572265625,1040.57666015625
plastic_nut/OK/S0030/plastic_nut_0030_OK_C5_20230930124407.jpg,balanced_delete_interior_sham,1040.57666015625,746.12353515625,1040.57666015625
plastic_nut/OK/S0050/plastic_nut_0050_OK_C1_20230930125908.jpg,dino_odd_own,1064.642822265625,734.33056640625,1064.642822265625
plastic_nut/OK/S0050/plastic_nut_0050_OK_C1_20230930125908.jpg,dino_balanced_own,955.56640625,627.77783203125,955.56640625
plastic_nut/OK/S0050/plastic_nut_0050_OK_C1_20230930125908.jpg,balanced_delete_topleft,1009.87255859375,964.98291015625,1009.87255859375
plastic_nut/OK/S0050/plastic_nut_0050_OK_C1_20230930125908.jpg,balanced_delete_interior_sham,955.56640625,627.77783203125,955.56640625
plastic_nut/OK/S0050/plastic_nut_0050_OK_C2_20230930125908.jpg,dino_odd_own,1629.67626953125,689.5322265625,1629.67626953125
plastic_nut/OK/S0050/plastic_nut_0050_OK_C2_20230930125908.jpg,dino_balanced_own,857.1953125,651.8466796875,857.1953125
plastic_nut/OK/S0050/plastic_nut_0050_OK_C2_20230930125908.jpg,balanced_delete_topleft,1001.64501953125,966.50830078125,1001.64501953125
plastic_nut/OK/S0050/plastic_nut_0050_OK_C2_20230930125908.jpg,balanced_delete_interior_sham,857.1953125,651.8466796875,857.1953125
plastic_nut/OK/S0050/plastic_nut_0050_OK_C3_20230930125908.jpg,dino_odd_own,823.50537109375,751.37548828125,823.50537109375
plastic_nut/OK/S0050/plastic_nut_0050_OK_C3_20230930125908.jpg,dino_balanced_own,878.596923828125,523.3154296875,878.596923828125
plastic_nut/OK/S0050/plastic_nut_0050_OK_C3_20230930125908.jpg,balanced_delete_topleft,972.06494140625,936.38330078125,972.06494140625
plastic_nut/OK/S0050/plastic_nut_0050_OK_C3_20230930125908.jpg,balanced_delete_interior_sham,878.596923828125,523.3154296875,878.596923828125
plastic_nut/OK/S0050/plastic_nut_0050_OK_C4_20230930125908.jpg,dino_odd_own,851.5859375,738.720703125,851.5859375
plastic_nut/OK/S0050/plastic_nut_0050_OK_C4_20230930125908.jpg,dino_balanced_own,865.779296875,719.93212890625,865.779296875
plastic_nut/OK/S0050/plastic_nut_0050_OK_C4_20230930125908.jpg,balanced_delete_topleft,1031.447265625,917.712158203125,1031.447265625
plastic_nut/OK/S0050/plastic_nut_0050_OK_C4_20230930125908.jpg,balanced_delete_interior_sham,890.392578125,719.93212890625,890.392578125
plastic_nut/OK/S0050/plastic_nut_0050_OK_C5_20230930125908.jpg,dino_odd_own,813.01904296875,671.81982421875,813.01904296875
plastic_nut/OK/S0050/plastic_nut_0050_OK_C5_20230930125908.jpg,dino_balanced_own,693.03125,508.425537109375,693.03125
plastic_nut/OK/S0050/plastic_nut_0050_OK_C5_20230930125908.jpg,balanced_delete_topleft,930.71728515625,874.97021484375,930.71728515625
plastic_nut/OK/S0050/plastic_nut_0050_OK_C5_20230930125908.jpg,balanced_delete_interior_sham,747.4443359375,508.425537109375,747.4443359375
plastic_nut/OK/S0067/plastic_nut_0067_OK_C1_20230930131049.jpg,dino_odd_own,776.811279296875,760.3095703125,776.811279296875
plastic_nut/OK/S0067/plastic_nut_0067_OK_C1_20230930131049.jpg,dino_balanced_own,921.51904296875,627.54150390625,921.51904296875
plastic_nut/OK/S0067/plastic_nut_0067_OK_C1_20230930131049.jpg,balanced_delete_topleft,921.51904296875,881.73779296875,921.51904296875
plastic_nut/OK/S0067/plastic_nut_0067_OK_C1_20230930131049.jpg,balanced_delete_interior_sham,1035.0830078125,694.033935546875,1035.0830078125
plastic_nut/OK/S0067/plastic_nut_0067_OK_C2_20230930131049.jpg,dino_odd_own,1434.668701171875,683.31787109375,1434.668701171875
plastic_nut/OK/S0067/plastic_nut_0067_OK_C2_20230930131049.jpg,dino_balanced_own,824.499267578125,556.26123046875,824.499267578125
plastic_nut/OK/S0067/plastic_nut_0067_OK_C2_20230930131049.jpg,balanced_delete_topleft,1022.328125,965.63916015625,1022.328125
plastic_nut/OK/S0067/plastic_nut_0067_OK_C2_20230930131049.jpg,balanced_delete_interior_sham,824.499267578125,556.26123046875,824.499267578125
plastic_nut/OK/S0067/plastic_nut_0067_OK_C3_20230930131049.jpg,dino_odd_own,816.755859375,729.2392578125,816.755859375
plastic_nut/OK/S0067/plastic_nut_0067_OK_C3_20230930131049.jpg,dino_balanced_own,800.149658203125,518.615234375,800.149658203125
plastic_nut/OK/S0067/plastic_nut_0067_OK_C3_20230930131049.jpg,balanced_delete_topleft,982.22900390625,957.36328125,982.22900390625
plastic_nut/OK/S0067/plastic_nut_0067_OK_C3_20230930131049.jpg,balanced_delete_interior_sham,800.149658203125,518.615234375,800.149658203125
plastic_nut/OK/S0067/plastic_nut_0067_OK_C4_20230930131049.jpg,dino_odd_own,809.67919921875,771.700439453125,809.67919921875
plastic_nut/OK/S0067/plastic_nut_0067_OK_C4_20230930131049.jpg,dino_balanced_own,1126.80419921875,600.7216796875,1104.124755859375
plastic_nut/OK/S0067/plastic_nut_0067_OK_C4_20230930131049.jpg,balanced_delete_topleft,1126.80419921875,914.89697265625,1104.124755859375
plastic_nut/OK/S0067/plastic_nut_0067_OK_C4_20230930131049.jpg,balanced_delete_interior_sham,1126.80419921875,600.7216796875,1104.124755859375
plastic_nut/OK/S0067/plastic_nut_0067_OK_C5_20230930131049.jpg,dino_odd_own,863.6552734375,692.123046875,863.6552734375
plastic_nut/OK/S0067/plastic_nut_0067_OK_C5_20230930131049.jpg,dino_balanced_own,863.42724609375,544.5009765625,863.42724609375
plastic_nut/OK/S0067/plastic_nut_0067_OK_C5_20230930131049.jpg,balanced_delete_topleft,943.144775390625,865.934326171875,943.144775390625
plastic_nut/OK/S0067/plastic_nut_0067_OK_C5_20230930131049.jpg,balanced_delete_interior_sham,863.42724609375,544.5009765625,863.42724609375
plastic_nut/OK/S0068/plastic_nut_0068_OK_C1_20230930131103.jpg,dino_odd_own,806.052734375,760.142578125,806.052734375
plastic_nut/OK/S0068/plastic_nut_0068_OK_C1_20230930131103.jpg,dino_balanced_own,814.501953125,641.61328125,814.501953125
plastic_nut/OK/S0068/plastic_nut_0068_OK_C1_20230930131103.jpg,balanced_delete_topleft,939.02978515625,935.4013671875,939.02978515625
plastic_nut/OK/S0068/plastic_nut_0068_OK_C1_20230930131103.jpg,balanced_delete_interior_sham,814.501953125,659.95458984375,814.501953125
plastic_nut/OK/S0068/plastic_nut_0068_OK_C2_20230930131103.jpg,dino_odd_own,1425.04052734375,701.421875,1425.04052734375
plastic_nut/OK/S0068/plastic_nut_0068_OK_C2_20230930131103.jpg,dino_balanced_own,1059.5986328125,656.669921875,1059.5986328125
plastic_nut/OK/S0068/plastic_nut_0068_OK_C2_20230930131103.jpg,balanced_delete_topleft,1059.5986328125,972.453125,1059.5986328125
plastic_nut/OK/S0068/plastic_nut_0068_OK_C2_20230930131103.jpg,balanced_delete_interior_sham,1059.5986328125,656.669921875,1059.5986328125
plastic_nut/OK/S0068/plastic_nut_0068_OK_C3_20230930131103.jpg,dino_odd_own,772.588134765625,764.2119140625,772.588134765625
plastic_nut/OK/S0068/plastic_nut_0068_OK_C3_20230930131103.jpg,dino_balanced_own,801.57763671875,568.11474609375,801.57763671875
plastic_nut/OK/S0068/plastic_nut_0068_OK_C3_20230930131103.jpg,balanced_delete_topleft,978.18359375,954.83740234375,978.18359375
plastic_nut/OK/S0068/plastic_nut_0068_OK_C3_20230930131103.jpg,balanced_delete_interior_sham,801.57763671875,568.11474609375,801.57763671875
plastic_nut/OK/S0068/plastic_nut_0068_OK_C4_20230930131103.jpg,dino_odd_own,835.830810546875,751.6337890625,835.830810546875
plastic_nut/OK/S0068/plastic_nut_0068_OK_C4_20230930131103.jpg,dino_balanced_own,885.037109375,637.466796875,885.037109375
plastic_nut/OK/S0068/plastic_nut_0068_OK_C4_20230930131103.jpg,balanced_delete_topleft,1015.428466796875,891.244140625,1015.428466796875
plastic_nut/OK/S0068/plastic_nut_0068_OK_C4_20230930131103.jpg,balanced_delete_interior_sham,885.037109375,637.466796875,885.037109375
plastic_nut/OK/S0068/plastic_nut_0068_OK_C5_20230930131103.jpg,dino_odd_own,776.47802734375,705.03564453125,776.47802734375
plastic_nut/OK/S0068/plastic_nut_0068_OK_C5_20230930131103.jpg,dino_balanced_own,804.7783203125,518.84765625,804.7783203125
plastic_nut/OK/S0068/plastic_nut_0068_OK_C5_20230930131103.jpg,balanced_delete_topleft,948.95751953125,869.009521484375,948.95751953125
plastic_nut/OK/S0068/plastic_nut_0068_OK_C5_20230930131103.jpg,balanced_delete_interior_sham,804.7783203125,518.84765625,804.7783203125
plastic_nut/OK/S0076/plastic_nut_0076_OK_C1_20230930131339.jpg,dino_odd_own,747.23681640625,695.93798828125,747.23681640625
plastic_nut/OK/S0076/plastic_nut_0076_OK_C1_20230930131339.jpg,dino_balanced_own,783.405517578125,595.5849609375,783.405517578125
plastic_nut/OK/S0076/plastic_nut_0076_OK_C1_20230930131339.jpg,balanced_delete_topleft,921.9453125,921.9453125,854.4052734375
plastic_nut/OK/S0076/plastic_nut_0076_OK_C1_20230930131339.jpg,balanced_delete_interior_sham,812.92236328125,812.92236328125,783.405517578125
plastic_nut/OK/S0076/plastic_nut_0076_OK_C2_20230930131339.jpg,dino_odd_own,1226.776611328125,715.1435546875,1226.776611328125
plastic_nut/OK/S0076/plastic_nut_0076_OK_C2_20230930131339.jpg,dino_balanced_own,894.35888671875,581.291015625,894.35888671875
plastic_nut/OK/S0076/plastic_nut_0076_OK_C2_20230930131339.jpg,balanced_delete_topleft,1003.525390625,972.630859375,1003.525390625
plastic_nut/OK/S0076/plastic_nut_0076_OK_C2_20230930131339.jpg,balanced_delete_interior_sham,894.35888671875,581.291015625,894.35888671875
plastic_nut/OK/S0076/plastic_nut_0076_OK_C3_20230930131339.jpg,dino_odd_own,1089.26025390625,706.7724609375,1089.26025390625
plastic_nut/OK/S0076/plastic_nut_0076_OK_C3_20230930131339.jpg,dino_balanced_own,844.93798828125,552.28125,844.93798828125
plastic_nut/OK/S0076/plastic_nut_0076_OK_C3_20230930131339.jpg,balanced_delete_topleft,994.635498046875,959.3330078125,994.635498046875
plastic_nut/OK/S0076/plastic_nut_0076_OK_C3_20230930131339.jpg,balanced_delete_interior_sham,844.93798828125,552.28125,844.93798828125
plastic_nut/OK/S0076/plastic_nut_0076_OK_C4_20230930131339.jpg,dino_odd_own,965.589599609375,743.12109375,932.1181640625
plastic_nut/OK/S0076/plastic_nut_0076_OK_C4_20230930131339.jpg,dino_balanced_own,1190.4609375,551.8359375,1190.4609375
plastic_nut/OK/S0076/plastic_nut_0076_OK_C4_20230930131339.jpg,balanced_delete_topleft,1190.4609375,982.608154296875,1190.4609375
plastic_nut/OK/S0076/plastic_nut_0076_OK_C4_20230930131339.jpg,balanced_delete_interior_sham,1190.4609375,551.8359375,1190.4609375
plastic_nut/OK/S0076/plastic_nut_0076_OK_C5_20230930131339.jpg,dino_odd_own,944.60400390625,653.521484375,944.60400390625
plastic_nut/OK/S0076/plastic_nut_0076_OK_C5_20230930131339.jpg,dino_balanced_own,836.0302734375,582.28173828125,836.0302734375
plastic_nut/OK/S0076/plastic_nut_0076_OK_C5_20230930131339.jpg,balanced_delete_topleft,944.3603515625,859.948974609375,944.3603515625
plastic_nut/OK/S0076/plastic_nut_0076_OK_C5_20230930131339.jpg,balanced_delete_interior_sham,875.92529296875,597.98974609375,875.92529296875
plastic_nut/OK/S0091/plastic_nut_0091_OK_C1_20230930132107.jpg,dino_odd_own,910.233642578125,734.37744140625,910.233642578125
plastic_nut/OK/S0091/plastic_nut_0091_OK_C1_20230930132107.jpg,dino_balanced_own,807.7900390625,635.33740234375,807.7900390625
plastic_nut/OK/S0091/plastic_nut_0091_OK_C1_20230930132107.jpg,balanced_delete_topleft,923.1416015625,923.1416015625,849.40771484375
plastic_nut/OK/S0091/plastic_nut_0091_OK_C1_20230930132107.jpg,balanced_delete_interior_sham,807.7900390625,703.657470703125,807.7900390625
plastic_nut/OK/S0091/plastic_nut_0091_OK_C2_20230930132107.jpg,dino_odd_own,1010.150390625,692.3515625,1010.150390625
plastic_nut/OK/S0091/plastic_nut_0091_OK_C2_20230930132107.jpg,dino_balanced_own,796.96337890625,572.2412109375,796.96337890625
plastic_nut/OK/S0091/plastic_nut_0091_OK_C2_20230930132107.jpg,balanced_delete_topleft,999.189453125,976.2421875,999.189453125
plastic_nut/OK/S0091/plastic_nut_0091_OK_C2_20230930132107.jpg,balanced_delete_interior_sham,796.96337890625,572.2412109375,796.96337890625
plastic_nut/OK/S0091/plastic_nut_0091_OK_C3_20230930132107.jpg,dino_odd_own,727.601318359375,715.90625,727.601318359375
plastic_nut/OK/S0091/plastic_nut_0091_OK_C3_20230930132107.jpg,dino_balanced_own,896.810791015625,561.982421875,896.810791015625
plastic_nut/OK/S0091/plastic_nut_0091_OK_C3_20230930132107.jpg,balanced_delete_topleft,1050.73828125,979.892578125,1050.73828125
plastic_nut/OK/S0091/plastic_nut_0091_OK_C3_20230930132107.jpg,balanced_delete_interior_sham,896.810791015625,561.982421875,896.810791015625
plastic_nut/OK/S0091/plastic_nut_0091_OK_C4_20230930132107.jpg,dino_odd_own,850.20458984375,775.8671875,850.20458984375
plastic_nut/OK/S0091/plastic_nut_0091_OK_C4_20230930132107.jpg,dino_balanced_own,845.403564453125,619.92333984375,845.403564453125
plastic_nut/OK/S0091/plastic_nut_0091_OK_C4_20230930132107.jpg,balanced_delete_topleft,927.30712890625,927.30712890625,845.403564453125
plastic_nut/OK/S0091/plastic_nut_0091_OK_C4_20230930132107.jpg,balanced_delete_interior_sham,845.403564453125,619.92333984375,845.403564453125
plastic_nut/OK/S0091/plastic_nut_0091_OK_C5_20230930132107.jpg,dino_odd_own,753.942626953125,668.7412109375,753.942626953125
plastic_nut/OK/S0091/plastic_nut_0091_OK_C5_20230930132107.jpg,dino_balanced_own,768.40966796875,508.1689453125,768.40966796875
plastic_nut/OK/S0091/plastic_nut_0091_OK_C5_20230930132107.jpg,balanced_delete_topleft,958.87744140625,884.71044921875,958.87744140625
plastic_nut/OK/S0091/plastic_nut_0091_OK_C5_20230930132107.jpg,balanced_delete_interior_sham,768.40966796875,508.1689453125,768.40966796875
plastic_nut/OK/S0094/plastic_nut_0094_OK_C1_20230930132250.jpg,dino_odd_own,860.60205078125,689.39404296875,860.60205078125
plastic_nut/OK/S0094/plastic_nut_0094_OK_C1_20230930132250.jpg,dino_balanced_own,1147.028076171875,589.13916015625,1147.028076171875
plastic_nut/OK/S0094/plastic_nut_0094_OK_C1_20230930132250.jpg,balanced_delete_topleft,1147.028076171875,907.2421875,1147.028076171875
plastic_nut/OK/S0094/plastic_nut_0094_OK_C1_20230930132250.jpg,balanced_delete_interior_sham,1147.028076171875,598.2275390625,1147.028076171875
plastic_nut/OK/S0094/plastic_nut_0094_OK_C2_20230930132250.jpg,dino_odd_own,974.02099609375,680.85302734375,974.02099609375
plastic_nut/OK/S0094/plastic_nut_0094_OK_C2_20230930132250.jpg,dino_balanced_own,823.702392578125,586.14794921875,823.702392578125
plastic_nut/OK/S0094/plastic_nut_0094_OK_C2_20230930132250.jpg,balanced_delete_topleft,995.6591796875,965.7158203125,995.6591796875
plastic_nut/OK/S0094/plastic_nut_0094_OK_C2_20230930132250.jpg,balanced_delete_interior_sham,823.702392578125,586.14794921875,823.702392578125
plastic_nut/OK/S0094/plastic_nut_0094_OK_C3_20230930132250.jpg,dino_odd_own,757.310546875,757.310546875,728.4287109375
plastic_nut/OK/S0094/plastic_nut_0094_OK_C3_20230930132250.jpg,dino_balanced_own,751.008544921875,571.55126953125,741.1298828125
plastic_nut/OK/S0094/plastic_nut_0094_OK_C3_20230930132250.jpg,balanced_delete_topleft,995.54638671875,970.314453125,995.54638671875
plastic_nut/OK/S0094/plastic_nut_0094_OK_C3_20230930132250.jpg,balanced_delete_interior_sham,783.610595703125,571.55126953125,783.610595703125
plastic_nut/OK/S0094/plastic_nut_0094_OK_C4_20230930132250.jpg,dino_odd_own,803.7744140625,803.7744140625,771.192138671875
plastic_nut/OK/S0094/plastic_nut_0094_OK_C4_20230930132250.jpg,dino_balanced_own,787.9072265625,594.400390625,787.9072265625
plastic_nut/OK/S0094/plastic_nut_0094_OK_C4_20230930132250.jpg,balanced_delete_topleft,858.72607421875,858.72607421875,806.2119140625
plastic_nut/OK/S0094/plastic_nut_0094_OK_C4_20230930132250.jpg,balanced_delete_interior_sham,787.9072265625,594.400390625,787.9072265625
plastic_nut/OK/S0094/plastic_nut_0094_OK_C5_20230930132250.jpg,dino_odd_own,972.29150390625,677.35498046875,972.29150390625
plastic_nut/OK/S0094/plastic_nut_0094_OK_C5_20230930132250.jpg,dino_balanced_own,801.79541015625,624.3955078125,801.79541015625
plastic_nut/OK/S0094/plastic_nut_0094_OK_C5_20230930132250.jpg,balanced_delete_topleft,944.166259765625,865.669921875,944.166259765625
plastic_nut/OK/S0094/plastic_nut_0094_OK_C5_20230930132250.jpg,balanced_delete_interior_sham,801.79541015625,624.3955078125,801.79541015625
plastic_nut/OK/S0107/plastic_nut_0107_OK_C1_20230930132941.jpg,dino_odd_own,818.18212890625,730.49658203125,818.18212890625
plastic_nut/OK/S0107/plastic_nut_0107_OK_C1_20230930132941.jpg,dino_balanced_own,772.989013671875,634.4482421875,772.989013671875
plastic_nut/OK/S0107/plastic_nut_0107_OK_C1_20230930132941.jpg,balanced_delete_topleft,908.0458984375,908.0458984375,871.809814453125
plastic_nut/OK/S0107/plastic_nut_0107_OK_C1_20230930132941.jpg,balanced_delete_interior_sham,772.989013671875,653.5771484375,772.989013671875
plastic_nut/OK/S0107/plastic_nut_0107_OK_C2_20230930132941.jpg,dino_odd_own,953.8232421875,694.79345703125,953.8232421875
plastic_nut/OK/S0107/plastic_nut_0107_OK_C2_20230930132941.jpg,dino_balanced_own,1017.785888671875,610.298828125,1017.785888671875
plastic_nut/OK/S0107/plastic_nut_0107_OK_C2_20230930132941.jpg,balanced_delete_topleft,1017.785888671875,950.33056640625,1017.785888671875
plastic_nut/OK/S0107/plastic_nut_0107_OK_C2_20230930132941.jpg,balanced_delete_interior_sham,1017.785888671875,610.298828125,1017.785888671875
plastic_nut/OK/S0107/plastic_nut_0107_OK_C3_20230930132941.jpg,dino_odd_own,770.13671875,683.17919921875,770.13671875
plastic_nut/OK/S0107/plastic_nut_0107_OK_C3_20230930132941.jpg,dino_balanced_own,818.92041015625,499.09716796875,818.92041015625
plastic_nut/OK/S0107/plastic_nut_0107_OK_C3_20230930132941.jpg,balanced_delete_topleft,1022.88671875,946.41748046875,1022.88671875
plastic_nut/OK/S0107/plastic_nut_0107_OK_C3_20230930132941.jpg,balanced_delete_interior_sham,818.92041015625,499.09716796875,818.92041015625
plastic_nut/OK/S0107/plastic_nut_0107_OK_C4_20230930132941.jpg,dino_odd_own,808.314453125,808.314453125,784.19921875
plastic_nut/OK/S0107/plastic_nut_0107_OK_C4_20230930132941.jpg,dino_balanced_own,897.59375,589.53125,897.59375
plastic_nut/OK/S0107/plastic_nut_0107_OK_C4_20230930132941.jpg,balanced_delete_topleft,897.59375,844.343994140625,897.59375
plastic_nut/OK/S0107/plastic_nut_0107_OK_C4_20230930132941.jpg,balanced_delete_interior_sham,897.59375,589.53125,897.59375
plastic_nut/OK/S0107/plastic_nut_0107_OK_C5_20230930132941.jpg,dino_odd_own,756.22705078125,688.9169921875,756.22705078125
plastic_nut/OK/S0107/plastic_nut_0107_OK_C5_20230930132941.jpg,dino_balanced_own,734.281982421875,555.59130859375,734.281982421875
plastic_nut/OK/S0107/plastic_nut_0107_OK_C5_20230930132941.jpg,balanced_delete_topleft,894.6025390625,849.853515625,894.6025390625
plastic_nut/OK/S0107/plastic_nut_0107_OK_C5_20230930132941.jpg,balanced_delete_interior_sham,734.281982421875,555.59130859375,734.281982421875
plastic_nut/OK/S0108/plastic_nut_0108_OK_C1_20230930133007.jpg,dino_odd_own,1155.186279296875,664.70947265625,1155.186279296875
plastic_nut/OK/S0108/plastic_nut_0108_OK_C1_20230930133007.jpg,dino_balanced_own,851.48291015625,556.86962890625,851.48291015625
plastic_nut/OK/S0108/plastic_nut_0108_OK_C1_20230930133007.jpg,balanced_delete_topleft,901.97216796875,901.97216796875,880.6806640625
plastic_nut/OK/S0108/plastic_nut_0108_OK_C1_20230930133007.jpg,balanced_delete_interior_sham,851.48291015625,599.52783203125,851.48291015625
plastic_nut/OK/S0108/plastic_nut_0108_OK_C2_20230930133007.jpg,dino_odd_own,954.060546875,682.9384765625,954.060546875
plastic_nut/OK/S0108/plastic_nut_0108_OK_C2_20230930133007.jpg,dino_balanced_own,757.232421875,584.861328125,757.232421875
plastic_nut/OK/S0108/plastic_nut_0108_OK_C2_20230930133007.jpg,balanced_delete_topleft,1008.86474609375,959.171875,1008.86474609375
plastic_nut/OK/S0108/plastic_nut_0108_OK_C2_20230930133007.jpg,balanced_delete_interior_sham,757.232421875,584.861328125,757.232421875
plastic_nut/OK/S0108/plastic_nut_0108_OK_C3_20230930133007.jpg,dino_odd_own,1183.22021484375,686.73046875,1183.22021484375
plastic_nut/OK/S0108/plastic_nut_0108_OK_C3_20230930133007.jpg,dino_balanced_own,875.351318359375,563.4072265625,875.351318359375
plastic_nut/OK/S0108/plastic_nut_0108_OK_C3_20230930133007.jpg,balanced_delete_topleft,1035.5146484375,963.78125,1035.5146484375
plastic_nut/OK/S0108/plastic_nut_0108_OK_C3_20230930133007.jpg,balanced_delete_interior_sham,875.351318359375,563.4072265625,875.351318359375
plastic_nut/OK/S0108/plastic_nut_0108_OK_C4_20230930133007.jpg,dino_odd_own,815.742431640625,764.978271484375,815.742431640625
plastic_nut/OK/S0108/plastic_nut_0108_OK_C4_20230930133007.jpg,dino_balanced_own,754.583984375,592.1357421875,754.583984375
plastic_nut/OK/S0108/plastic_nut_0108_OK_C4_20230930133007.jpg,balanced_delete_topleft,958.4951171875,958.4951171875,825.48291015625
plastic_nut/OK/S0108/plastic_nut_0108_OK_C4_20230930133007.jpg,balanced_delete_interior_sham,754.583984375,592.1357421875,754.583984375
plastic_nut/OK/S0108/plastic_nut_0108_OK_C5_20230930133007.jpg,dino_odd_own,983.87744140625,692.380859375,983.87744140625
plastic_nut/OK/S0108/plastic_nut_0108_OK_C5_20230930133007.jpg,dino_balanced_own,830.0146484375,614.216552734375,830.0146484375
plastic_nut/OK/S0108/plastic_nut_0108_OK_C5_20230930133007.jpg,balanced_delete_topleft,944.093994140625,862.5927734375,944.093994140625
plastic_nut/OK/S0108/plastic_nut_0108_OK_C5_20230930133007.jpg,balanced_delete_interior_sham,830.0146484375,614.216552734375,830.0146484375
plastic_nut/OK/S0120/plastic_nut_0120_OK_C1_20230930133553.jpg,dino_odd_own,1150.6201171875,733.7587890625,1150.6201171875
plastic_nut/OK/S0120/plastic_nut_0120_OK_C1_20230930133553.jpg,dino_balanced_own,1024.50634765625,647.6904296875,1024.50634765625
plastic_nut/OK/S0120/plastic_nut_0120_OK_C1_20230930133553.jpg,balanced_delete_topleft,1024.50634765625,907.3115234375,1024.50634765625
plastic_nut/OK/S0120/plastic_nut_0120_OK_C1_20230930133553.jpg,balanced_delete_interior_sham,1024.50634765625,732.3935546875,1024.50634765625
plastic_nut/OK/S0120/plastic_nut_0120_OK_C2_20230930133553.jpg,dino_odd_own,1028.589111328125,678.69091796875,1028.589111328125
plastic_nut/OK/S0120/plastic_nut_0120_OK_C2_20230930133553.jpg,dino_balanced_own,1072.35693359375,577.5732421875,1072.35693359375
plastic_nut/OK/S0120/plastic_nut_0120_OK_C2_20230930133553.jpg,balanced_delete_topleft,1072.35693359375,958.74462890625,1072.35693359375
plastic_nut/OK/S0120/plastic_nut_0120_OK_C2_20230930133553.jpg,balanced_delete_interior_sham,1072.35693359375,577.5732421875,1072.35693359375
plastic_nut/OK/S0120/plastic_nut_0120_OK_C3_20230930133553.jpg,dino_odd_own,721.30859375,721.30859375,704.37255859375
plastic_nut/OK/S0120/plastic_nut_0120_OK_C3_20230930133553.jpg,dino_balanced_own,767.048828125,526.0673828125,767.048828125
plastic_nut/OK/S0120/plastic_nut_0120_OK_C3_20230930133553.jpg,balanced_delete_topleft,1016.842529296875,963.14111328125,1016.842529296875
plastic_nut/OK/S0120/plastic_nut_0120_OK_C3_20230930133553.jpg,balanced_delete_interior_sham,767.048828125,526.0673828125,767.048828125
plastic_nut/OK/S0120/plastic_nut_0120_OK_C4_20230930133553.jpg,dino_odd_own,1237.253662109375,811.44189453125,1237.253662109375
plastic_nut/OK/S0120/plastic_nut_0120_OK_C4_20230930133553.jpg,dino_balanced_own,814.568115234375,601.3349609375,814.568115234375
plastic_nut/OK/S0120/plastic_nut_0120_OK_C4_20230930133553.jpg,balanced_delete_topleft,891.15966796875,891.15966796875,814.568115234375
plastic_nut/OK/S0120/plastic_nut_0120_OK_C4_20230930133553.jpg,balanced_delete_interior_sham,814.568115234375,601.3349609375,814.568115234375
plastic_nut/OK/S0120/plastic_nut_0120_OK_C5_20230930133553.jpg,dino_odd_own,727.825927734375,675.35546875,727.825927734375
plastic_nut/OK/S0120/plastic_nut_0120_OK_C5_20230930133553.jpg,dino_balanced_own,742.70263671875,544.24072265625,742.70263671875
plastic_nut/OK/S0120/plastic_nut_0120_OK_C5_20230930133553.jpg,balanced_delete_topleft,919.31005859375,856.23779296875,919.31005859375
plastic_nut/OK/S0120/plastic_nut_0120_OK_C5_20230930133553.jpg,balanced_delete_interior_sham,804.9423828125,544.24072265625,804.9423828125
plastic_nut/OK/S0121/plastic_nut_0121_OK_C1_20230930133616.jpg,dino_odd_own,786.994384765625,735.23388671875,786.994384765625
plastic_nut/OK/S0121/plastic_nut_0121_OK_C1_20230930133616.jpg,dino_balanced_own,803.425537109375,612.99462890625,803.425537109375
plastic_nut/OK/S0121/plastic_nut_0121_OK_C1_20230930133616.jpg,balanced_delete_topleft,885.07958984375,885.07958984375,871.011474609375
plastic_nut/OK/S0121/plastic_nut_0121_OK_C1_20230930133616.jpg,balanced_delete_interior_sham,803.425537109375,736.208984375,803.425537109375
plastic_nut/OK/S0121/plastic_nut_0121_OK_C2_20230930133616.jpg,dino_odd_own,1381.9609375,696.3330078125,1381.9609375
plastic_nut/OK/S0121/plastic_nut_0121_OK_C2_20230930133616.jpg,dino_balanced_own,1015.751953125,529.44091796875,1015.751953125
plastic_nut/OK/S0121/plastic_nut_0121_OK_C2_20230930133616.jpg,balanced_delete_topleft,1015.751953125,966.2548828125,1015.751953125
plastic_nut/OK/S0121/plastic_nut_0121_OK_C2_20230930133616.jpg,balanced_delete_interior_sham,1015.751953125,529.44091796875,1015.751953125
plastic_nut/OK/S0121/plastic_nut_0121_OK_C3_20230930133616.jpg,dino_odd_own,1035.08154296875,726.59033203125,1035.08154296875
plastic_nut/OK/S0121/plastic_nut_0121_OK_C3_20230930133616.jpg,dino_balanced_own,701.319580078125,588.7353515625,701.319580078125
plastic_nut/OK/S0121/plastic_nut_0121_OK_C3_20230930133616.jpg,balanced_delete_topleft,1036.458984375,975.9560546875,1036.458984375
plastic_nut/OK/S0121/plastic_nut_0121_OK_C3_20230930133616.jpg,balanced_delete_interior_sham,734.2724609375,588.7353515625,734.2724609375
plastic_nut/OK/S0121/plastic_nut_0121_OK_C4_20230930133616.jpg,dino_odd_own,810.46875,768.20361328125,810.46875
plastic_nut/OK/S0121/plastic_nut_0121_OK_C4_20230930133616.jpg,dino_balanced_own,996.12890625,590.35986328125,996.12890625
plastic_nut/OK/S0121/plastic_nut_0121_OK_C4_20230930133616.jpg,balanced_delete_topleft,996.12890625,971.7470703125,996.12890625
plastic_nut/OK/S0121/plastic_nut_0121_OK_C4_20230930133616.jpg,balanced_delete_interior_sham,996.12890625,590.35986328125,996.12890625
plastic_nut/OK/S0121/plastic_nut_0121_OK_C5_20230930133616.jpg,dino_odd_own,873.416015625,696.12451171875,873.416015625
plastic_nut/OK/S0121/plastic_nut_0121_OK_C5_20230930133616.jpg,dino_balanced_own,956.553466796875,600.717529296875,956.553466796875
plastic_nut/OK/S0121/plastic_nut_0121_OK_C5_20230930133616.jpg,balanced_delete_topleft,956.553466796875,885.8466796875,956.553466796875
plastic_nut/OK/S0121/plastic_nut_0121_OK_C5_20230930133616.jpg,balanced_delete_interior_sham,956.553466796875,600.717529296875,956.553466796875
plastic_nut/OK/S0127/plastic_nut_0127_OK_C1_20230930133902.jpg,dino_odd_own,1069.38818359375,696.707275390625,1069.38818359375
plastic_nut/OK/S0127/plastic_nut_0127_OK_C1_20230930133902.jpg,dino_balanced_own,1128.90966796875,588.626220703125,1128.90966796875
plastic_nut/OK/S0127/plastic_nut_0127_OK_C1_20230930133902.jpg,balanced_delete_topleft,1128.90966796875,919.51708984375,1128.90966796875
plastic_nut/OK/S0127/plastic_nut_0127_OK_C1_20230930133902.jpg,balanced_delete_interior_sham,1128.90966796875,595.92919921875,1128.90966796875
plastic_nut/OK/S0127/plastic_nut_0127_OK_C2_20230930133902.jpg,dino_odd_own,965.75,743.5361328125,965.75
plastic_nut/OK/S0127/plastic_nut_0127_OK_C2_20230930133902.jpg,dino_balanced_own,853.85498046875,622.82568359375,853.85498046875
plastic_nut/OK/S0127/plastic_nut_0127_OK_C2_20230930133902.jpg,balanced_delete_topleft,984.974365234375,964.9853515625,984.974365234375
plastic_nut/OK/S0127/plastic_nut_0127_OK_C2_20230930133902.jpg,balanced_delete_interior_sham,853.85498046875,622.82568359375,853.85498046875
plastic_nut/OK/S0127/plastic_nut_0127_OK_C3_20230930133902.jpg,dino_odd_own,1241.300048828125,715.40771484375,1241.300048828125
plastic_nut/OK/S0127/plastic_nut_0127_OK_C3_20230930133902.jpg,dino_balanced_own,759.981689453125,535.8779296875,759.981689453125
plastic_nut/OK/S0127/plastic_nut_0127_OK_C3_20230930133902.jpg,balanced_delete_topleft,1051.73583984375,990.86279296875,1051.73583984375
plastic_nut/OK/S0127/plastic_nut_0127_OK_C3_20230930133902.jpg,balanced_delete_interior_sham,801.753662109375,535.8779296875,801.753662109375
plastic_nut/OK/S0127/plastic_nut_0127_OK_C4_20230930133902.jpg,dino_odd_own,871.999755859375,746.4990234375,871.999755859375
plastic_nut/OK/S0127/plastic_nut_0127_OK_C4_20230930133902.jpg,dino_balanced_own,745.155029296875,641.095703125,745.155029296875
plastic_nut/OK/S0127/plastic_nut_0127_OK_C4_20230930133902.jpg,balanced_delete_topleft,858.20458984375,858.20458984375,805.5
plastic_nut/OK/S0127/plastic_nut_0127_OK_C4_20230930133902.jpg,balanced_delete_interior_sham,780.337646484375,641.095703125,780.337646484375
plastic_nut/OK/S0127/plastic_nut_0127_OK_C5_20230930133902.jpg,dino_odd_own,1064.92529296875,667.974609375,1064.92529296875
plastic_nut/OK/S0127/plastic_nut_0127_OK_C5_20230930133902.jpg,dino_balanced_own,855.110107421875,692.80322265625,855.110107421875
plastic_nut/OK/S0127/plastic_nut_0127_OK_C5_20230930133902.jpg,balanced_delete_topleft,935.53662109375,865.73193359375,935.53662109375
plastic_nut/OK/S0127/plastic_nut_0127_OK_C5_20230930133902.jpg,balanced_delete_interior_sham,855.110107421875,692.80322265625,855.110107421875
plastic_nut/OK/S0129/plastic_nut_0129_OK_C1_20230930134002.jpg,dino_odd_own,942.28173828125,724.177734375,942.28173828125
plastic_nut/OK/S0129/plastic_nut_0129_OK_C1_20230930134002.jpg,dino_balanced_own,835.289794921875,579.49462890625,835.289794921875
plastic_nut/OK/S0129/plastic_nut_0129_OK_C1_20230930134002.jpg,balanced_delete_topleft,893.392578125,893.392578125,880.51318359375
plastic_nut/OK/S0129/plastic_nut_0129_OK_C1_20230930134002.jpg,balanced_delete_interior_sham,949.287353515625,805.54736328125,949.287353515625
plastic_nut/OK/S0129/plastic_nut_0129_OK_C2_20230930134002.jpg,dino_odd_own,1201.9140625,708.72314453125,1201.9140625
plastic_nut/OK/S0129/plastic_nut_0129_OK_C2_20230930134002.jpg,dino_balanced_own,913.466552734375,583.7021484375,913.466552734375
plastic_nut/OK/S0129/plastic_nut_0129_OK_C2_20230930134002.jpg,balanced_delete_topleft,993.50439453125,958.01708984375,993.50439453125
plastic_nut/OK/S0129/plastic_nut_0129_OK_C2_20230930134002.jpg,balanced_delete_interior_sham,913.466552734375,583.7021484375,913.466552734375
plastic_nut/OK/S0129/plastic_nut_0129_OK_C3_20230930134002.jpg,dino_odd_own,850.736328125,686.8955078125,850.736328125
plastic_nut/OK/S0129/plastic_nut_0129_OK_C3_20230930134002.jpg,dino_balanced_own,820.495849609375,521.2578125,820.495849609375
plastic_nut/OK/S0129/plastic_nut_0129_OK_C3_20230930134002.jpg,balanced_delete_topleft,1027.2373046875,955.52978515625,1027.2373046875
plastic_nut/OK/S0129/plastic_nut_0129_OK_C3_20230930134002.jpg,balanced_delete_interior_sham,820.495849609375,521.2578125,820.495849609375
plastic_nut/OK/S0129/plastic_nut_0129_OK_C4_20230930134002.jpg,dino_odd_own,956.668701171875,721.79052734375,956.668701171875
plastic_nut/OK/S0129/plastic_nut_0129_OK_C4_20230930134002.jpg,dino_balanced_own,775.18896484375,585.84130859375,775.18896484375
plastic_nut/OK/S0129/plastic_nut_0129_OK_C4_20230930134002.jpg,balanced_delete_topleft,838.12451171875,838.12451171875,802.396484375
plastic_nut/OK/S0129/plastic_nut_0129_OK_C4_20230930134002.jpg,balanced_delete_interior_sham,775.18896484375,585.84130859375,775.18896484375
plastic_nut/OK/S0129/plastic_nut_0129_OK_C5_20230930134002.jpg,dino_odd_own,712.73486328125,659.525390625,712.73486328125
plastic_nut/OK/S0129/plastic_nut_0129_OK_C5_20230930134002.jpg,dino_balanced_own,838.796875,562.760498046875,838.796875
plastic_nut/OK/S0129/plastic_nut_0129_OK_C5_20230930134002.jpg,balanced_delete_topleft,932.1181640625,859.8759765625,932.1181640625
plastic_nut/OK/S0129/plastic_nut_0129_OK_C5_20230930134002.jpg,balanced_delete_interior_sham,838.796875,562.760498046875,838.796875
plastic_nut/OK/S0131/plastic_nut_0131_OK_C1_20230930134046.jpg,dino_odd_own,852.78515625,741.421142578125,852.78515625
plastic_nut/OK/S0131/plastic_nut_0131_OK_C1_20230930134046.jpg,dino_balanced_own,903.30078125,651.2685546875,903.30078125
plastic_nut/OK/S0131/plastic_nut_0131_OK_C1_20230930134046.jpg,balanced_delete_topleft,983.61181640625,983.61181640625,937.77734375
plastic_nut/OK/S0131/plastic_nut_0131_OK_C1_20230930134046.jpg,balanced_delete_interior_sham,903.30078125,691.427001953125,903.30078125
plastic_nut/OK/S0131/plastic_nut_0131_OK_C2_20230930134046.jpg,dino_odd_own,1436.3759765625,714.51025390625,1436.3759765625
plastic_nut/OK/S0131/plastic_nut_0131_OK_C2_20230930134046.jpg,dino_balanced_own,854.2822265625,653.8955078125,854.2822265625
plastic_nut/OK/S0131/plastic_nut_0131_OK_C2_20230930134046.jpg,balanced_delete_topleft,1005.82275390625,954.82666015625,1005.82275390625
plastic_nut/OK/S0131/plastic_nut_0131_OK_C2_20230930134046.jpg,balanced_delete_interior_sham,854.2822265625,653.8955078125,854.2822265625
plastic_nut/OK/S0131/plastic_nut_0131_OK_C3_20230930134046.jpg,dino_odd_own,780.714111328125,715.8642578125,780.714111328125
plastic_nut/OK/S0131/plastic_nut_0131_OK_C3_20230930134046.jpg,dino_balanced_own,764.208984375,543.6669921875,764.208984375
plastic_nut/OK/S0131/plastic_nut_0131_OK_C3_20230930134046.jpg,balanced_delete_topleft,1025.02294921875,951.84912109375,1025.02294921875
plastic_nut/OK/S0131/plastic_nut_0131_OK_C3_20230930134046.jpg,balanced_delete_interior_sham,764.208984375,543.6669921875,764.208984375
plastic_nut/OK/S0131/plastic_nut_0131_OK_C4_20230930134046.jpg,dino_odd_own,875.01806640625,727.9990234375,875.01806640625
plastic_nut/OK/S0131/plastic_nut_0131_OK_C4_20230930134046.jpg,dino_balanced_own,854.52587890625,619.55419921875,854.52587890625
plastic_nut/OK/S0131/plastic_nut_0131_OK_C4_20230930134046.jpg,balanced_delete_topleft,959.2548828125,959.2548828125,854.52587890625
plastic_nut/OK/S0131/plastic_nut_0131_OK_C4_20230930134046.jpg,balanced_delete_interior_sham,854.52587890625,619.55419921875,854.52587890625
plastic_nut/OK/S0131/plastic_nut_0131_OK_C5_20230930134046.jpg,dino_odd_own,759.0400390625,704.96826171875,759.0400390625
plastic_nut/OK/S0131/plastic_nut_0131_OK_C5_20230930134046.jpg,dino_balanced_own,758.095703125,536.37158203125,758.095703125
plastic_nut/OK/S0131/plastic_nut_0131_OK_C5_20230930134046.jpg,balanced_delete_topleft,937.35107421875,865.2919921875,937.35107421875
plastic_nut/OK/S0131/plastic_nut_0131_OK_C5_20230930134046.jpg,balanced_delete_interior_sham,825.87939453125,536.37158203125,825.87939453125
plastic_nut/OK/S0133/plastic_nut_0133_OK_C1_20230930134116.jpg,dino_odd_own,836.257080078125,761.796142578125,836.257080078125
plastic_nut/OK/S0133/plastic_nut_0133_OK_C1_20230930134116.jpg,dino_balanced_own,956.304443359375,596.115234375,956.304443359375
plastic_nut/OK/S0133/plastic_nut_0133_OK_C1_20230930134116.jpg,balanced_delete_topleft,956.304443359375,915.003173828125,956.304443359375
plastic_nut/OK/S0133/plastic_nut_0133_OK_C1_20230930134116.jpg,balanced_delete_interior_sham,956.304443359375,723.705078125,956.304443359375
plastic_nut/OK/S0133/plastic_nut_0133_OK_C2_20230930134116.jpg,dino_odd_own,888.9765625,688.18212890625,888.9765625
plastic_nut/OK/S0133/plastic_nut_0133_OK_C2_20230930134116.jpg,dino_balanced_own,841.88037109375,562.95654296875,841.88037109375
plastic_nut/OK/S0133/plastic_nut_0133_OK_C2_20230930134116.jpg,balanced_delete_topleft,1010.40673828125,959.8642578125,1010.40673828125
plastic_nut/OK/S0133/plastic_nut_0133_OK_C2_20230930134116.jpg,balanced_delete_interior_sham,841.88037109375,562.95654296875,841.88037109375
plastic_nut/OK/S0133/plastic_nut_0133_OK_C3_20230930134116.jpg,dino_odd_own,895.68505859375,728.478515625,895.68505859375
plastic_nut/OK/S0133/plastic_nut_0133_OK_C3_20230930134116.jpg,dino_balanced_own,782.01123046875,559.880859375,782.01123046875
plastic_nut/OK/S0133/plastic_nut_0133_OK_C3_20230930134116.jpg,balanced_delete_topleft,1019.728271484375,950.376953125,1019.728271484375
plastic_nut/OK/S0133/plastic_nut_0133_OK_C3_20230930134116.jpg,balanced_delete_interior_sham,782.01123046875,559.880859375,782.01123046875
plastic_nut/OK/S0133/plastic_nut_0133_OK_C4_20230930134116.jpg,dino_odd_own,943.774169921875,753.77880859375,943.774169921875
plastic_nut/OK/S0133/plastic_nut_0133_OK_C4_20230930134116.jpg,dino_balanced_own,785.82958984375,581.7861328125,785.82958984375
plastic_nut/OK/S0133/plastic_nut_0133_OK_C4_20230930134116.jpg,balanced_delete_topleft,867.245849609375,867.245849609375,796.349853515625
plastic_nut/OK/S0133/plastic_nut_0133_OK_C4_20230930134116.jpg,balanced_delete_interior_sham,785.82958984375,581.7861328125,785.82958984375
plastic_nut/OK/S0133/plastic_nut_0133_OK_C5_20230930134116.jpg,dino_odd_own,914.40771484375,680.17578125,914.40771484375
plastic_nut/OK/S0133/plastic_nut_0133_OK_C5_20230930134116.jpg,dino_balanced_own,792.6806640625,604.90087890625,792.6806640625
plastic_nut/OK/S0133/plastic_nut_0133_OK_C5_20230930134116.jpg,balanced_delete_topleft,947.88623046875,867.880126953125,947.88623046875
plastic_nut/OK/S0133/plastic_nut_0133_OK_C5_20230930134116.jpg,balanced_delete_interior_sham,940.57568359375,604.90087890625,940.57568359375
plastic_nut/OK/S0138/plastic_nut_0138_OK_C1_20230930134336.jpg,dino_odd_own,898.98095703125,708.73291015625,898.98095703125
plastic_nut/OK/S0138/plastic_nut_0138_OK_C1_20230930134336.jpg,dino_balanced_own,904.88330078125,591.439453125,904.88330078125
plastic_nut/OK/S0138/plastic_nut_0138_OK_C1_20230930134336.jpg,balanced_delete_topleft,904.88330078125,885.7646484375,904.88330078125
plastic_nut/OK/S0138/plastic_nut_0138_OK_C1_20230930134336.jpg,balanced_delete_interior_sham,1029.220947265625,816.606201171875,1029.220947265625
plastic_nut/OK/S0138/plastic_nut_0138_OK_C2_20230930134336.jpg,dino_odd_own,1158.76220703125,680.34619140625,1158.76220703125
plastic_nut/OK/S0138/plastic_nut_0138_OK_C2_20230930134336.jpg,dino_balanced_own,767.48046875,542.33447265625,767.48046875
plastic_nut/OK/S0138/plastic_nut_0138_OK_C2_20230930134336.jpg,balanced_delete_topleft,997.6767578125,972.0068359375,997.6767578125
plastic_nut/OK/S0138/plastic_nut_0138_OK_C2_20230930134336.jpg,balanced_delete_interior_sham,767.48046875,542.33447265625,767.48046875
plastic_nut/OK/S0138/plastic_nut_0138_OK_C3_20230930134336.jpg,dino_odd_own,900.598388671875,711.5654296875,900.598388671875
plastic_nut/OK/S0138/plastic_nut_0138_OK_C3_20230930134336.jpg,dino_balanced_own,847.46533203125,570.0986328125,847.46533203125
plastic_nut/OK/S0138/plastic_nut_0138_OK_C3_20230930134336.jpg,balanced_delete_topleft,1014.48193359375,960.687255859375,1014.48193359375
plastic_nut/OK/S0138/plastic_nut_0138_OK_C3_20230930134336.jpg,balanced_delete_interior_sham,847.46533203125,570.0986328125,847.46533203125
plastic_nut/OK/S0138/plastic_nut_0138_OK_C4_20230930134336.jpg,dino_odd_own,929.88916015625,726.373046875,929.88916015625
plastic_nut/OK/S0138/plastic_nut_0138_OK_C4_20230930134336.jpg,dino_balanced_own,880.07568359375,630.6552734375,880.07568359375
plastic_nut/OK/S0138/plastic_nut_0138_OK_C4_20230930134336.jpg,balanced_delete_topleft,880.07568359375,842.250244140625,880.07568359375
plastic_nut/OK/S0138/plastic_nut_0138_OK_C4_20230930134336.jpg,balanced_delete_interior_sham,880.07568359375,630.6552734375,880.07568359375
plastic_nut/OK/S0138/plastic_nut_0138_OK_C5_20230930134336.jpg,dino_odd_own,972.21728515625,694.07373046875,972.21728515625
plastic_nut/OK/S0138/plastic_nut_0138_OK_C5_20230930134336.jpg,dino_balanced_own,879.193359375,562.69677734375,879.193359375
plastic_nut/OK/S0138/plastic_nut_0138_OK_C5_20230930134336.jpg,balanced_delete_topleft,915.083984375,834.20947265625,915.083984375
plastic_nut/OK/S0138/plastic_nut_0138_OK_C5_20230930134336.jpg,balanced_delete_interior_sham,879.193359375,562.69677734375,879.193359375
plastic_nut/OK/S0146/plastic_nut_0146_OK_C1_20230930134705.jpg,dino_odd_own,867.4609375,695.61962890625,867.4609375
plastic_nut/OK/S0146/plastic_nut_0146_OK_C1_20230930134705.jpg,dino_balanced_own,813.5439453125,571.73046875,813.5439453125
plastic_nut/OK/S0146/plastic_nut_0146_OK_C1_20230930134705.jpg,balanced_delete_topleft,895.2373046875,895.2373046875,891.412841796875
plastic_nut/OK/S0146/plastic_nut_0146_OK_C1_20230930134705.jpg,balanced_delete_interior_sham,813.5439453125,681.395263671875,813.5439453125
plastic_nut/OK/S0146/plastic_nut_0146_OK_C2_20230930134705.jpg,dino_odd_own,1224.1416015625,704.0107421875,1224.1416015625
plastic_nut/OK/S0146/plastic_nut_0146_OK_C2_20230930134705.jpg,dino_balanced_own,862.22265625,621.7236328125,862.22265625
plastic_nut/OK/S0146/plastic_nut_0146_OK_C2_20230930134705.jpg,balanced_delete_topleft,1003.4013671875,976.3837890625,1003.4013671875
plastic_nut/OK/S0146/plastic_nut_0146_OK_C2_20230930134705.jpg,balanced_delete_interior_sham,862.22265625,621.7236328125,862.22265625
plastic_nut/OK/S0146/plastic_nut_0146_OK_C3_20230930134705.jpg,dino_odd_own,1109.79541015625,698.7333984375,1109.79541015625
plastic_nut/OK/S0146/plastic_nut_0146_OK_C3_20230930134705.jpg,dino_balanced_own,746.18017578125,560.35546875,746.18017578125
plastic_nut/OK/S0146/plastic_nut_0146_OK_C3_20230930134705.jpg,balanced_delete_topleft,1034.779052734375,970.853759765625,1034.779052734375
plastic_nut/OK/S0146/plastic_nut_0146_OK_C3_20230930134705.jpg,balanced_delete_interior_sham,789.22607421875,560.35546875,789.22607421875
plastic_nut/OK/S0146/plastic_nut_0146_OK_C4_20230930134705.jpg,dino_odd_own,749.58447265625,737.40625,749.58447265625
plastic_nut/OK/S0146/plastic_nut_0146_OK_C4_20230930134705.jpg,dino_balanced_own,843.724609375,640.837158203125,843.724609375
plastic_nut/OK/S0146/plastic_nut_0146_OK_C4_20230930134705.jpg,balanced_delete_topleft,866.677734375,866.677734375,843.724609375
plastic_nut/OK/S0146/plastic_nut_0146_OK_C4_20230930134705.jpg,balanced_delete_interior_sham,843.724609375,640.837158203125,843.724609375
plastic_nut/OK/S0146/plastic_nut_0146_OK_C5_20230930134705.jpg,dino_odd_own,810.173828125,694.7744140625,810.173828125
plastic_nut/OK/S0146/plastic_nut_0146_OK_C5_20230930134705.jpg,dino_balanced_own,719.041748046875,622.3916015625,719.041748046875
plastic_nut/OK/S0146/plastic_nut_0146_OK_C5_20230930134705.jpg,balanced_delete_topleft,938.00927734375,861.17333984375,938.00927734375
plastic_nut/OK/S0146/plastic_nut_0146_OK_C5_20230930134705.jpg,balanced_delete_interior_sham,719.041748046875,622.3916015625,719.041748046875
plastic_nut/OK/S0151/plastic_nut_0151_OK_C1_20230930135018.jpg,dino_odd_own,907.121826171875,717.33740234375,907.121826171875
plastic_nut/OK/S0151/plastic_nut_0151_OK_C1_20230930135018.jpg,dino_balanced_own,958.84765625,603.88037109375,958.84765625
plastic_nut/OK/S0151/plastic_nut_0151_OK_C1_20230930135018.jpg,balanced_delete_topleft,958.84765625,895.8798828125,958.84765625
plastic_nut/OK/S0151/plastic_nut_0151_OK_C1_20230930135018.jpg,balanced_delete_interior_sham,958.84765625,709.732177734375,958.84765625
plastic_nut/OK/S0151/plastic_nut_0151_OK_C2_20230930135018.jpg,dino_odd_own,1399.42724609375,709.248046875,1399.42724609375
plastic_nut/OK/S0151/plastic_nut_0151_OK_C2_20230930135018.jpg,dino_balanced_own,840.660888671875,655.67724609375,840.660888671875
plastic_nut/OK/S0151/plastic_nut_0151_OK_C2_20230930135018.jpg,balanced_delete_topleft,1008.09765625,980.6083984375,1008.09765625
plastic_nut/OK/S0151/plastic_nut_0151_OK_C2_20230930135018.jpg,balanced_delete_interior_sham,898.79345703125,655.67724609375,898.79345703125
plastic_nut/OK/S0151/plastic_nut_0151_OK_C3_20230930135018.jpg,dino_odd_own,714.80126953125,683.3857421875,714.80126953125
plastic_nut/OK/S0151/plastic_nut_0151_OK_C3_20230930135018.jpg,dino_balanced_own,735.65869140625,574.09814453125,735.65869140625
plastic_nut/OK/S0151/plastic_nut_0151_OK_C3_20230930135018.jpg,balanced_delete_topleft,1004.678955078125,947.0908203125,1004.678955078125
plastic_nut/OK/S0151/plastic_nut_0151_OK_C3_20230930135018.jpg,balanced_delete_interior_sham,758.47412109375,574.09814453125,758.47412109375
plastic_nut/OK/S0151/plastic_nut_0151_OK_C4_20230930135018.jpg,dino_odd_own,745.70849609375,745.70849609375,715.935546875
plastic_nut/OK/S0151/plastic_nut_0151_OK_C4_20230930135018.jpg,dino_balanced_own,749.47998046875,620.4267578125,749.47998046875
plastic_nut/OK/S0151/plastic_nut_0151_OK_C4_20230930135018.jpg,balanced_delete_topleft,850.653076171875,850.653076171875,805.94775390625
plastic_nut/OK/S0151/plastic_nut_0151_OK_C4_20230930135018.jpg,balanced_delete_interior_sham,791.626953125,620.4267578125,791.626953125
plastic_nut/OK/S0151/plastic_nut_0151_OK_C5_20230930135018.jpg,dino_odd_own,689.21484375,663.9736328125,689.21484375
plastic_nut/OK/S0151/plastic_nut_0151_OK_C5_20230930135018.jpg,dino_balanced_own,644.07421875,514.66748046875,644.07421875
plastic_nut/OK/S0151/plastic_nut_0151_OK_C5_20230930135018.jpg,balanced_delete_topleft,920.79052734375,854.83544921875,920.79052734375
plastic_nut/OK/S0151/plastic_nut_0151_OK_C5_20230930135018.jpg,balanced_delete_interior_sham,754.9755859375,514.66748046875,754.9755859375
plastic_nut/OK/S0159/plastic_nut_0159_OK_C1_20230930135427.jpg,dino_odd_own,897.5703125,759.9130859375,897.5703125
plastic_nut/OK/S0159/plastic_nut_0159_OK_C1_20230930135427.jpg,dino_balanced_own,963.904541015625,608.8779296875,963.904541015625
plastic_nut/OK/S0159/plastic_nut_0159_OK_C1_20230930135427.jpg,balanced_delete_topleft,963.904541015625,900.81103515625,963.904541015625
plastic_nut/OK/S0159/plastic_nut_0159_OK_C1_20230930135427.jpg,balanced_delete_interior_sham,963.904541015625,735.9970703125,963.904541015625
plastic_nut/OK/S0159/plastic_nut_0159_OK_C2_20230930135427.jpg,dino_odd_own,997.3759765625,677.51318359375,997.3759765625
plastic_nut/OK/S0159/plastic_nut_0159_OK_C2_20230930135427.jpg,dino_balanced_own,881.44384765625,556.7763671875,881.44384765625
plastic_nut/OK/S0159/plastic_nut_0159_OK_C2_20230930135427.jpg,balanced_delete_topleft,991.92041015625,960.52685546875,991.92041015625
plastic_nut/OK/S0159/plastic_nut_0159_OK_C2_20230930135427.jpg,balanced_delete_interior_sham,881.44384765625,556.7763671875,881.44384765625
plastic_nut/OK/S0159/plastic_nut_0159_OK_C3_20230930135427.jpg,dino_odd_own,823.328857421875,732.755859375,823.328857421875
plastic_nut/OK/S0159/plastic_nut_0159_OK_C3_20230930135427.jpg,dino_balanced_own,829.258544921875,649.5810546875,829.258544921875
plastic_nut/OK/S0159/plastic_nut_0159_OK_C3_20230930135427.jpg,balanced_delete_topleft,1017.881591796875,947.4287109375,1017.881591796875
plastic_nut/OK/S0159/plastic_nut_0159_OK_C3_20230930135427.jpg,balanced_delete_interior_sham,829.258544921875,649.5810546875,829.258544921875
plastic_nut/OK/S0159/plastic_nut_0159_OK_C4_20230930135427.jpg,dino_odd_own,895.31884765625,760.5947265625,895.31884765625
plastic_nut/OK/S0159/plastic_nut_0159_OK_C4_20230930135427.jpg,dino_balanced_own,830.04052734375,586.236328125,830.04052734375
plastic_nut/OK/S0159/plastic_nut_0159_OK_C4_20230930135427.jpg,balanced_delete_topleft,855.91455078125,855.91455078125,830.04052734375
plastic_nut/OK/S0159/plastic_nut_0159_OK_C4_20230930135427.jpg,balanced_delete_interior_sham,832.3173828125,586.236328125,832.3173828125
plastic_nut/OK/S0159/plastic_nut_0159_OK_C5_20230930135427.jpg,dino_odd_own,905.57373046875,675.9228515625,905.57373046875
plastic_nut/OK/S0159/plastic_nut_0159_OK_C5_20230930135427.jpg,dino_balanced_own,942.22607421875,622.641357421875,942.22607421875
plastic_nut/OK/S0159/plastic_nut_0159_OK_C5_20230930135427.jpg,balanced_delete_topleft,942.22607421875,864.66748046875,942.22607421875
plastic_nut/OK/S0159/plastic_nut_0159_OK_C5_20230930135427.jpg,balanced_delete_interior_sham,942.22607421875,622.641357421875,942.22607421875
plastic_nut/OK/S0164/plastic_nut_0164_OK_C1_20230930135730.jpg,dino_odd_own,884.112548828125,707.8779296875,884.112548828125
plastic_nut/OK/S0164/plastic_nut_0164_OK_C1_20230930135730.jpg,dino_balanced_own,890.251708984375,614.27587890625,890.251708984375
plastic_nut/OK/S0164/plastic_nut_0164_OK_C1_20230930135730.jpg,balanced_delete_topleft,908.90771484375,908.90771484375,890.251708984375
plastic_nut/OK/S0164/plastic_nut_0164_OK_C1_20230930135730.jpg,balanced_delete_interior_sham,890.251708984375,853.60009765625,890.251708984375
plastic_nut/OK/S0164/plastic_nut_0164_OK_C2_20230930135730.jpg,dino_odd_own,832.5791015625,691.37890625,832.5791015625
plastic_nut/OK/S0164/plastic_nut_0164_OK_C2_20230930135730.jpg,dino_balanced_own,773.79150390625,638.8515625,773.79150390625
plastic_nut/OK/S0164/plastic_nut_0164_OK_C2_20230930135730.jpg,balanced_delete_topleft,1000.10986328125,954.54052734375,1000.10986328125
plastic_nut/OK/S0164/plastic_nut_0164_OK_C2_20230930135730.jpg,balanced_delete_interior_sham,853.543701171875,638.8515625,853.543701171875
plastic_nut/OK/S0164/plastic_nut_0164_OK_C3_20230930135730.jpg,dino_odd_own,755.314453125,755.314453125,734.73095703125
plastic_nut/OK/S0164/plastic_nut_0164_OK_C3_20230930135730.jpg,dino_balanced_own,710.90478515625,593.18798828125,710.90478515625
plastic_nut/OK/S0164/plastic_nut_0164_OK_C3_20230930135730.jpg,balanced_delete_topleft,1011.4404296875,982.46630859375,1011.4404296875
plastic_nut/OK/S0164/plastic_nut_0164_OK_C3_20230930135730.jpg,balanced_delete_interior_sham,730.15283203125,593.18798828125,730.15283203125
plastic_nut/OK/S0164/plastic_nut_0164_OK_C4_20230930135730.jpg,dino_odd_own,958.9111328125,715.10498046875,958.9111328125
plastic_nut/OK/S0164/plastic_nut_0164_OK_C4_20230930135730.jpg,dino_balanced_own,879.860595703125,583.9970703125,879.860595703125
plastic_nut/OK/S0164/plastic_nut_0164_OK_C4_20230930135730.jpg,balanced_delete_topleft,901.38818359375,901.38818359375,879.860595703125
plastic_nut/OK/S0164/plastic_nut_0164_OK_C4_20230930135730.jpg,balanced_delete_interior_sham,959.93359375,583.9970703125,959.93359375
plastic_nut/OK/S0164/plastic_nut_0164_OK_C5_20230930135730.jpg,dino_odd_own,847.874755859375,680.2177734375,847.874755859375
plastic_nut/OK/S0164/plastic_nut_0164_OK_C5_20230930135730.jpg,dino_balanced_own,1051.8046875,597.1962890625,1051.8046875
plastic_nut/OK/S0164/plastic_nut_0164_OK_C5_20230930135730.jpg,balanced_delete_topleft,1051.8046875,846.859130859375,1051.8046875
plastic_nut/OK/S0164/plastic_nut_0164_OK_C5_20230930135730.jpg,balanced_delete_interior_sham,1051.8046875,597.1962890625,1051.8046875
plastic_nut/OK/S0170/plastic_nut_0170_OK_C1_20230930135947.jpg,dino_odd_own,880.71337890625,742.37158203125,880.71337890625
plastic_nut/OK/S0170/plastic_nut_0170_OK_C1_20230930135947.jpg,dino_balanced_own,913.908935546875,596.091796875,913.908935546875
plastic_nut/OK/S0170/plastic_nut_0170_OK_C1_20230930135947.jpg,balanced_delete_topleft,916.169921875,916.169921875,913.908935546875
plastic_nut/OK/S0170/plastic_nut_0170_OK_C1_20230930135947.jpg,balanced_delete_interior_sham,913.908935546875,798.55859375,913.908935546875
plastic_nut/OK/S0170/plastic_nut_0170_OK_C2_20230930135947.jpg,dino_odd_own,1045.5712890625,697.45458984375,1045.5712890625
plastic_nut/OK/S0170/plastic_nut_0170_OK_C2_20230930135947.jpg,dino_balanced_own,788.09130859375,710.78369140625,788.09130859375
plastic_nut/OK/S0170/plastic_nut_0170_OK_C2_20230930135947.jpg,balanced_delete_topleft,1014.2568359375,973.02001953125,1014.2568359375
plastic_nut/OK/S0170/plastic_nut_0170_OK_C2_20230930135947.jpg,balanced_delete_interior_sham,788.09130859375,710.78369140625,788.09130859375
plastic_nut/OK/S0170/plastic_nut_0170_OK_C3_20230930135947.jpg,dino_odd_own,915.22998046875,712.3701171875,915.22998046875
plastic_nut/OK/S0170/plastic_nut_0170_OK_C3_20230930135947.jpg,dino_balanced_own,1052.44189453125,545.59765625,1052.44189453125
plastic_nut/OK/S0170/plastic_nut_0170_OK_C3_20230930135947.jpg,balanced_delete_topleft,1052.44189453125,965.34228515625,1052.44189453125
plastic_nut/OK/S0170/plastic_nut_0170_OK_C3_20230930135947.jpg,balanced_delete_interior_sham,1052.44189453125,545.59765625,1052.44189453125
plastic_nut/OK/S0170/plastic_nut_0170_OK_C4_20230930135947.jpg,dino_odd_own,811.80419921875,778.53125,811.80419921875
plastic_nut/OK/S0170/plastic_nut_0170_OK_C4_20230930135947.jpg,dino_balanced_own,855.83935546875,567.9853515625,855.83935546875
plastic_nut/OK/S0170/plastic_nut_0170_OK_C4_20230930135947.jpg,balanced_delete_topleft,869.522705078125,869.522705078125,855.83935546875
plastic_nut/OK/S0170/plastic_nut_0170_OK_C4_20230930135947.jpg,balanced_delete_interior_sham,855.83935546875,567.9853515625,855.83935546875
plastic_nut/OK/S0170/plastic_nut_0170_OK_C5_20230930135947.jpg,dino_odd_own,768.9521484375,691.02880859375,768.9521484375
plastic_nut/OK/S0170/plastic_nut_0170_OK_C5_20230930135947.jpg,dino_balanced_own,880.782958984375,540.69091796875,880.782958984375
plastic_nut/OK/S0170/plastic_nut_0170_OK_C5_20230930135947.jpg,balanced_delete_topleft,946.4375,869.1611328125,946.4375
plastic_nut/OK/S0170/plastic_nut_0170_OK_C5_20230930135947.jpg,balanced_delete_interior_sham,894.98876953125,540.69091796875,894.98876953125
plastic_nut/OK/S0176/plastic_nut_0176_OK_C1_20230930140125.jpg,dino_odd_own,741.95556640625,710.42333984375,741.95556640625
plastic_nut/OK/S0176/plastic_nut_0176_OK_C1_20230930140125.jpg,dino_balanced_own,772.8974609375,587.232421875,772.8974609375
plastic_nut/OK/S0176/plastic_nut_0176_OK_C1_20230930140125.jpg,balanced_delete_topleft,895.99072265625,895.99072265625,868.658203125
plastic_nut/OK/S0176/plastic_nut_0176_OK_C1_20230930140125.jpg,balanced_delete_interior_sham,772.8974609375,747.49462890625,772.8974609375
plastic_nut/OK/S0176/plastic_nut_0176_OK_C2_20230930140125.jpg,dino_odd_own,772.49609375,707.046875,772.49609375
plastic_nut/OK/S0176/plastic_nut_0176_OK_C2_20230930140125.jpg,dino_balanced_own,820.996826171875,660.72119140625,820.996826171875
plastic_nut/OK/S0176/plastic_nut_0176_OK_C2_20230930140125.jpg,balanced_delete_topleft,999.9150390625,969.5341796875,999.9150390625
plastic_nut/OK/S0176/plastic_nut_0176_OK_C2_20230930140125.jpg,balanced_delete_interior_sham,820.996826171875,694.64111328125,820.996826171875
plastic_nut/OK/S0176/plastic_nut_0176_OK_C3_20230930140125.jpg,dino_odd_own,843.81005859375,710.64013671875,843.81005859375
plastic_nut/OK/S0176/plastic_nut_0176_OK_C3_20230930140125.jpg,dino_balanced_own,768.4345703125,588.4462890625,768.4345703125
plastic_nut/OK/S0176/plastic_nut_0176_OK_C3_20230930140125.jpg,balanced_delete_topleft,1036.4013671875,959.75146484375,1036.4013671875
plastic_nut/OK/S0176/plastic_nut_0176_OK_C3_20230930140125.jpg,balanced_delete_interior_sham,768.4345703125,588.4462890625,768.4345703125
plastic_nut/OK/S0176/plastic_nut_0176_OK_C4_20230930140125.jpg,dino_odd_own,910.09619140625,790.51513671875,910.09619140625
plastic_nut/OK/S0176/plastic_nut_0176_OK_C4_20230930140125.jpg,dino_balanced_own,829.90869140625,573.923828125,829.90869140625
plastic_nut/OK/S0176/plastic_nut_0176_OK_C4_20230930140125.jpg,balanced_delete_topleft,957.60986328125,957.60986328125,829.90869140625
plastic_nut/OK/S0176/plastic_nut_0176_OK_C4_20230930140125.jpg,balanced_delete_interior_sham,829.90869140625,573.923828125,829.90869140625
plastic_nut/OK/S0176/plastic_nut_0176_OK_C5_20230930140125.jpg,dino_odd_own,881.00732421875,672.41943359375,881.00732421875
plastic_nut/OK/S0176/plastic_nut_0176_OK_C5_20230930140125.jpg,dino_balanced_own,732.37548828125,641.3349609375,732.37548828125
plastic_nut/OK/S0176/plastic_nut_0176_OK_C5_20230930140125.jpg,balanced_delete_topleft,937.94189453125,856.0205078125,937.94189453125
plastic_nut/OK/S0176/plastic_nut_0176_OK_C5_20230930140125.jpg,balanced_delete_interior_sham,788.03173828125,641.3349609375,788.03173828125
plastic_nut/OK/S0187/plastic_nut_0187_OK_C1_20230930140554.jpg,dino_odd_own,765.3525390625,739.705078125,765.3525390625
plastic_nut/OK/S0187/plastic_nut_0187_OK_C1_20230930140554.jpg,dino_balanced_own,862.14599609375,612.68408203125,862.14599609375
plastic_nut/OK/S0187/plastic_nut_0187_OK_C1_20230930140554.jpg,balanced_delete_topleft,935.87451171875,935.87451171875,873.2998046875
plastic_nut/OK/S0187/plastic_nut_0187_OK_C1_20230930140554.jpg,balanced_delete_interior_sham,862.14599609375,612.68408203125,862.14599609375
plastic_nut/OK/S0187/plastic_nut_0187_OK_C2_20230930140554.jpg,dino_odd_own,1197.68798828125,696.175048828125,1197.68798828125
plastic_nut/OK/S0187/plastic_nut_0187_OK_C2_20230930140554.jpg,dino_balanced_own,829.576171875,680.8193359375,829.576171875
plastic_nut/OK/S0187/plastic_nut_0187_OK_C2_20230930140554.jpg,balanced_delete_topleft,991.43798828125,935.20263671875,991.43798828125
plastic_nut/OK/S0187/plastic_nut_0187_OK_C2_20230930140554.jpg,balanced_delete_interior_sham,829.576171875,757.3857421875,829.576171875
plastic_nut/OK/S0187/plastic_nut_0187_OK_C3_20230930140554.jpg,dino_odd_own,742.28857421875,696.244140625,742.28857421875
plastic_nut/OK/S0187/plastic_nut_0187_OK_C3_20230930140554.jpg,dino_balanced_own,799.02490234375,597.15576171875,799.02490234375
plastic_nut/OK/S0187/plastic_nut_0187_OK_C3_20230930140554.jpg,balanced_delete_topleft,1006.173828125,977.1357421875,1006.173828125
plastic_nut/OK/S0187/plastic_nut_0187_OK_C3_20230930140554.jpg,balanced_delete_interior_sham,799.02490234375,597.15576171875,799.02490234375
plastic_nut/OK/S0187/plastic_nut_0187_OK_C4_20230930140554.jpg,dino_odd_own,842.154541015625,747.3193359375,842.154541015625
plastic_nut/OK/S0187/plastic_nut_0187_OK_C4_20230930140554.jpg,dino_balanced_own,737.5654296875,617.3974609375,737.5654296875
plastic_nut/OK/S0187/plastic_nut_0187_OK_C4_20230930140554.jpg,balanced_delete_topleft,875.39599609375,875.39599609375,809.65283203125
plastic_nut/OK/S0187/plastic_nut_0187_OK_C4_20230930140554.jpg,balanced_delete_interior_sham,746.0224609375,617.3974609375,737.5654296875
plastic_nut/OK/S0187/plastic_nut_0187_OK_C5_20230930140554.jpg,dino_odd_own,912.294921875,661.39501953125,912.294921875
plastic_nut/OK/S0187/plastic_nut_0187_OK_C5_20230930140554.jpg,dino_balanced_own,846.802734375,532.1806640625,846.802734375
plastic_nut/OK/S0187/plastic_nut_0187_OK_C5_20230930140554.jpg,balanced_delete_topleft,912.60791015625,848.11865234375,912.60791015625
plastic_nut/OK/S0187/plastic_nut_0187_OK_C5_20230930140554.jpg,balanced_delete_interior_sham,846.802734375,532.1806640625,846.802734375
plastic_nut/OK/S0194/plastic_nut_0194_OK_C1_20230930141543.jpg,dino_odd_own,853.6171875,682.3017578125,853.6171875
plastic_nut/OK/S0194/plastic_nut_0194_OK_C1_20230930141543.jpg,dino_balanced_own,919.0849609375,594.11279296875,919.0849609375
plastic_nut/OK/S0194/plastic_nut_0194_OK_C1_20230930141543.jpg,balanced_delete_topleft,919.0849609375,911.6318359375,919.0849609375
plastic_nut/OK/S0194/plastic_nut_0194_OK_C1_20230930141543.jpg,balanced_delete_interior_sham,919.0849609375,749.1123046875,919.0849609375
plastic_nut/OK/S0194/plastic_nut_0194_OK_C2_20230930141543.jpg,dino_odd_own,1114.250732421875,692.6904296875,1114.250732421875
plastic_nut/OK/S0194/plastic_nut_0194_OK_C2_20230930141543.jpg,dino_balanced_own,836.28955078125,635.701171875,836.28955078125
plastic_nut/OK/S0194/plastic_nut_0194_OK_C2_20230930141543.jpg,balanced_delete_topleft,1002.423828125,971.31982421875,1002.423828125
plastic_nut/OK/S0194/plastic_nut_0194_OK_C2_20230930141543.jpg,balanced_delete_interior_sham,836.28955078125,635.701171875,836.28955078125
plastic_nut/OK/S0194/plastic_nut_0194_OK_C3_20230930141543.jpg,dino_odd_own,720.9404296875,720.9404296875,713.2236328125
plastic_nut/OK/S0194/plastic_nut_0194_OK_C3_20230930141543.jpg,dino_balanced_own,787.50927734375,555.97900390625,787.50927734375
plastic_nut/OK/S0194/plastic_nut_0194_OK_C3_20230930141543.jpg,balanced_delete_topleft,1008.404052734375,939.2919921875,1008.404052734375
plastic_nut/OK/S0194/plastic_nut_0194_OK_C3_20230930141543.jpg,balanced_delete_interior_sham,787.50927734375,555.97900390625,787.50927734375
plastic_nut/OK/S0194/plastic_nut_0194_OK_C4_20230930141543.jpg,dino_odd_own,778.59765625,775.003662109375,778.59765625
plastic_nut/OK/S0194/plastic_nut_0194_OK_C4_20230930141543.jpg,dino_balanced_own,772.973388671875,578.984375,772.973388671875
plastic_nut/OK/S0194/plastic_nut_0194_OK_C4_20230930141543.jpg,balanced_delete_topleft,912.19482421875,912.19482421875,801.96826171875
plastic_nut/OK/S0194/plastic_nut_0194_OK_C4_20230930141543.jpg,balanced_delete_interior_sham,772.973388671875,578.984375,772.973388671875
plastic_nut/OK/S0194/plastic_nut_0194_OK_C5_20230930141543.jpg,dino_odd_own,1011.795654296875,657.6748046875,1011.795654296875
plastic_nut/OK/S0194/plastic_nut_0194_OK_C5_20230930141543.jpg,dino_balanced_own,1175.33935546875,531.54736328125,1175.33935546875
plastic_nut/OK/S0194/plastic_nut_0194_OK_C5_20230930141543.jpg,balanced_delete_topleft,1175.33935546875,852.035400390625,1175.33935546875
plastic_nut/OK/S0194/plastic_nut_0194_OK_C5_20230930141543.jpg,balanced_delete_interior_sham,1178.1279296875,531.54736328125,1178.1279296875
plastic_nut/OK/S0196/plastic_nut_0196_OK_C1_20230930142728.jpg,dino_odd_own,1029.4423828125,706.74609375,1029.4423828125
plastic_nut/OK/S0196/plastic_nut_0196_OK_C1_20230930142728.jpg,dino_balanced_own,892.58447265625,581.39404296875,892.58447265625
plastic_nut/OK/S0196/plastic_nut_0196_OK_C1_20230930142728.jpg,balanced_delete_topleft,926.5498046875,926.5498046875,892.58447265625
plastic_nut/OK/S0196/plastic_nut_0196_OK_C1_20230930142728.jpg,balanced_delete_interior_sham,989.15234375,797.69970703125,989.15234375
plastic_nut/OK/S0196/plastic_nut_0196_OK_C2_20230930142728.jpg,dino_odd_own,786.3427734375,693.22314453125,786.3427734375
plastic_nut/OK/S0196/plastic_nut_0196_OK_C2_20230930142728.jpg,dino_balanced_own,756.516357421875,571.12890625,756.516357421875
plastic_nut/OK/S0196/plastic_nut_0196_OK_C2_20230930142728.jpg,balanced_delete_topleft,1007.140625,954.80810546875,1007.140625
plastic_nut/OK/S0196/plastic_nut_0196_OK_C2_20230930142728.jpg,balanced_delete_interior_sham,836.40869140625,571.12890625,836.40869140625
plastic_nut/OK/S0196/plastic_nut_0196_OK_C3_20230930142728.jpg,dino_odd_own,1214.35546875,739.0556640625,1214.35546875
plastic_nut/OK/S0196/plastic_nut_0196_OK_C3_20230930142728.jpg,dino_balanced_own,866.90625,574.3486328125,866.90625
plastic_nut/OK/S0196/plastic_nut_0196_OK_C3_20230930142728.jpg,balanced_delete_topleft,1043.651611328125,977.31640625,1043.651611328125
plastic_nut/OK/S0196/plastic_nut_0196_OK_C3_20230930142728.jpg,balanced_delete_interior_sham,866.90625,574.3486328125,866.90625
plastic_nut/OK/S0196/plastic_nut_0196_OK_C4_20230930142728.jpg,dino_odd_own,803.748291015625,777.54638671875,803.748291015625
plastic_nut/OK/S0196/plastic_nut_0196_OK_C4_20230930142728.jpg,dino_balanced_own,908.837158203125,580.91943359375,908.837158203125
plastic_nut/OK/S0196/plastic_nut_0196_OK_C4_20230930142728.jpg,balanced_delete_topleft,908.837158203125,838.132568359375,908.837158203125
plastic_nut/OK/S0196/plastic_nut_0196_OK_C4_20230930142728.jpg,balanced_delete_interior_sham,908.837158203125,580.91943359375,908.837158203125
plastic_nut/OK/S0196/plastic_nut_0196_OK_C5_20230930142728.jpg,dino_odd_own,1094.30517578125,846.165283203125,1094.30517578125
plastic_nut/OK/S0196/plastic_nut_0196_OK_C5_20230930142728.jpg,dino_balanced_own,1094.30517578125,701.750732421875,1094.30517578125
plastic_nut/OK/S0196/plastic_nut_0196_OK_C5_20230930142728.jpg,balanced_delete_topleft,1094.30517578125,945.171142578125,1094.30517578125
plastic_nut/OK/S0196/plastic_nut_0196_OK_C5_20230930142728.jpg,balanced_delete_interior_sham,1094.30517578125,701.750732421875,1094.30517578125
plastic_nut/OK/S0200/plastic_nut_0200_OK_C1_20230930142956.jpg,dino_odd_own,878.80517578125,747.759765625,878.80517578125
plastic_nut/OK/S0200/plastic_nut_0200_OK_C1_20230930142956.jpg,dino_balanced_own,939.554931640625,617.96142578125,939.554931640625
plastic_nut/OK/S0200/plastic_nut_0200_OK_C1_20230930142956.jpg,balanced_delete_topleft,939.554931640625,917.27490234375,939.554931640625
plastic_nut/OK/S0200/plastic_nut_0200_OK_C1_20230930142956.jpg,balanced_delete_interior_sham,939.554931640625,636.9736328125,939.554931640625
plastic_nut/OK/S0200/plastic_nut_0200_OK_C2_20230930142956.jpg,dino_odd_own,750.1533203125,730.416015625,750.1533203125
plastic_nut/OK/S0200/plastic_nut_0200_OK_C2_20230930142956.jpg,dino_balanced_own,749.545166015625,550.68017578125,749.545166015625
plastic_nut/OK/S0200/plastic_nut_0200_OK_C2_20230930142956.jpg,balanced_delete_topleft,991.455078125,949.3203125,991.455078125
plastic_nut/OK/S0200/plastic_nut_0200_OK_C2_20230930142956.jpg,balanced_delete_interior_sham,749.545166015625,550.68017578125,749.545166015625
plastic_nut/OK/S0200/plastic_nut_0200_OK_C3_20230930142956.jpg,dino_odd_own,789.443115234375,680.4365234375,789.443115234375
plastic_nut/OK/S0200/plastic_nut_0200_OK_C3_20230930142956.jpg,dino_balanced_own,724.72216796875,549.05419921875,724.72216796875
plastic_nut/OK/S0200/plastic_nut_0200_OK_C3_20230930142956.jpg,balanced_delete_topleft,1046.169921875,989.49951171875,1046.169921875
plastic_nut/OK/S0200/plastic_nut_0200_OK_C3_20230930142956.jpg,balanced_delete_interior_sham,757.69775390625,549.05419921875,757.69775390625
plastic_nut/OK/S0200/plastic_nut_0200_OK_C4_20230930142956.jpg,dino_odd_own,805.62939453125,805.62939453125,768.212890625
plastic_nut/OK/S0200/plastic_nut_0200_OK_C4_20230930142956.jpg,dino_balanced_own,958.43505859375,590.31689453125,958.43505859375
plastic_nut/OK/S0200/plastic_nut_0200_OK_C4_20230930142956.jpg,balanced_delete_topleft,958.43505859375,836.4970703125,958.43505859375
plastic_nut/OK/S0200/plastic_nut_0200_OK_C4_20230930142956.jpg,balanced_delete_interior_sham,958.43505859375,590.31689453125,958.43505859375
plastic_nut/OK/S0200/plastic_nut_0200_OK_C5_20230930142956.jpg,dino_odd_own,764.45361328125,668.1044921875,764.45361328125
plastic_nut/OK/S0200/plastic_nut_0200_OK_C5_20230930142956.jpg,dino_balanced_own,710.481689453125,545.99609375,710.481689453125
plastic_nut/OK/S0200/plastic_nut_0200_OK_C5_20230930142956.jpg,balanced_delete_topleft,918.995849609375,852.27880859375,918.995849609375
plastic_nut/OK/S0200/plastic_nut_0200_OK_C5_20230930142956.jpg,balanced_delete_interior_sham,853.061767578125,545.99609375,853.061767578125
plastic_nut/OK/S0204/plastic_nut_0204_OK_C1_20230930143225.jpg,dino_odd_own,955.16943359375,770.82080078125,955.16943359375
plastic_nut/OK/S0204/plastic_nut_0204_OK_C1_20230930143225.jpg,dino_balanced_own,868.9345703125,671.67431640625,868.9345703125
plastic_nut/OK/S0204/plastic_nut_0204_OK_C1_20230930143225.jpg,balanced_delete_topleft,976.732421875,976.732421875,887.12255859375
plastic_nut/OK/S0204/plastic_nut_0204_OK_C1_20230930143225.jpg,balanced_delete_interior_sham,868.9345703125,687.9345703125,868.9345703125
plastic_nut/OK/S0204/plastic_nut_0204_OK_C2_20230930143225.jpg,dino_odd_own,1763.41650390625,722.7998046875,1763.41650390625
plastic_nut/OK/S0204/plastic_nut_0204_OK_C2_20230930143225.jpg,dino_balanced_own,790.064453125,659.4990234375,790.064453125
plastic_nut/OK/S0204/plastic_nut_0204_OK_C2_20230930143225.jpg,balanced_delete_topleft,999.115234375,970.7841796875,999.115234375
plastic_nut/OK/S0204/plastic_nut_0204_OK_C2_20230930143225.jpg,balanced_delete_interior_sham,790.064453125,659.4990234375,790.064453125
plastic_nut/OK/S0204/plastic_nut_0204_OK_C3_20230930143225.jpg,dino_odd_own,759.719970703125,700.41552734375,759.719970703125
plastic_nut/OK/S0204/plastic_nut_0204_OK_C3_20230930143225.jpg,dino_balanced_own,844.07763671875,520.92578125,844.07763671875
plastic_nut/OK/S0204/plastic_nut_0204_OK_C3_20230930143225.jpg,balanced_delete_topleft,1029.08056640625,961.85595703125,1029.08056640625
plastic_nut/OK/S0204/plastic_nut_0204_OK_C3_20230930143225.jpg,balanced_delete_interior_sham,844.07763671875,520.92578125,844.07763671875
plastic_nut/OK/S0204/plastic_nut_0204_OK_C4_20230930143225.jpg,dino_odd_own,863.516845703125,717.3623046875,863.516845703125
plastic_nut/OK/S0204/plastic_nut_0204_OK_C4_20230930143225.jpg,dino_balanced_own,886.3662109375,691.714599609375,886.3662109375
plastic_nut/OK/S0204/plastic_nut_0204_OK_C4_20230930143225.jpg,balanced_delete_topleft,886.3662109375,852.58984375,886.3662109375
plastic_nut/OK/S0204/plastic_nut_0204_OK_C4_20230930143225.jpg,balanced_delete_interior_sham,886.3662109375,691.714599609375,886.3662109375
plastic_nut/OK/S0204/plastic_nut_0204_OK_C5_20230930143225.jpg,dino_odd_own,866.52294921875,674.6748046875,866.52294921875
plastic_nut/OK/S0204/plastic_nut_0204_OK_C5_20230930143225.jpg,dino_balanced_own,839.59130859375,544.99951171875,839.59130859375
plastic_nut/OK/S0204/plastic_nut_0204_OK_C5_20230930143225.jpg,balanced_delete_topleft,958.876953125,880.994140625,958.876953125
plastic_nut/OK/S0204/plastic_nut_0204_OK_C5_20230930143225.jpg,balanced_delete_interior_sham,839.59130859375,544.99951171875,839.59130859375
plastic_nut/OK/S0217/plastic_nut_0217_OK_C1_20230930144018.jpg,dino_odd_own,839.220703125,839.220703125,819.572509765625
plastic_nut/OK/S0217/plastic_nut_0217_OK_C1_20230930144018.jpg,dino_balanced_own,913.4970703125,634.390625,913.4970703125
plastic_nut/OK/S0217/plastic_nut_0217_OK_C1_20230930144018.jpg,balanced_delete_topleft,913.4970703125,904.11669921875,913.4970703125
plastic_nut/OK/S0217/plastic_nut_0217_OK_C1_20230930144018.jpg,balanced_delete_interior_sham,913.4970703125,677.1005859375,913.4970703125
plastic_nut/OK/S0217/plastic_nut_0217_OK_C2_20230930144018.jpg,dino_odd_own,863.4658203125,674.1455078125,863.4658203125
plastic_nut/OK/S0217/plastic_nut_0217_OK_C2_20230930144018.jpg,dino_balanced_own,830.2275390625,612.5283203125,830.2275390625
plastic_nut/OK/S0217/plastic_nut_0217_OK_C2_20230930144018.jpg,balanced_delete_topleft,995.6337890625,944.2958984375,995.6337890625
plastic_nut/OK/S0217/plastic_nut_0217_OK_C2_20230930144018.jpg,balanced_delete_interior_sham,830.2275390625,612.5283203125,830.2275390625
plastic_nut/OK/S0217/plastic_nut_0217_OK_C3_20230930144018.jpg,dino_odd_own,1233.7080078125,722.32421875,1233.7080078125
plastic_nut/OK/S0217/plastic_nut_0217_OK_C3_20230930144018.jpg,dino_balanced_own,733.591796875,572.38330078125,733.591796875
plastic_nut/OK/S0217/plastic_nut_0217_OK_C3_20230930144018.jpg,balanced_delete_topleft,1051.37646484375,983.34765625,1051.37646484375
plastic_nut/OK/S0217/plastic_nut_0217_OK_C3_20230930144018.jpg,balanced_delete_interior_sham,733.591796875,572.38330078125,733.591796875
plastic_nut/OK/S0217/plastic_nut_0217_OK_C4_20230930144018.jpg,dino_odd_own,780.8984375,780.8984375,709.217529296875
plastic_nut/OK/S0217/plastic_nut_0217_OK_C4_20230930144018.jpg,dino_balanced_own,844.25830078125,597.82373046875,844.25830078125
plastic_nut/OK/S0217/plastic_nut_0217_OK_C4_20230930144018.jpg,balanced_delete_topleft,851.7890625,851.7890625,844.25830078125
plastic_nut/OK/S0217/plastic_nut_0217_OK_C4_20230930144018.jpg,balanced_delete_interior_sham,844.25830078125,597.82373046875,844.25830078125
plastic_nut/OK/S0217/plastic_nut_0217_OK_C5_20230930144018.jpg,dino_odd_own,1117.091796875,680.2119140625,1117.091796875
plastic_nut/OK/S0217/plastic_nut_0217_OK_C5_20230930144018.jpg,dino_balanced_own,782.08154296875,669.35693359375,782.08154296875
plastic_nut/OK/S0217/plastic_nut_0217_OK_C5_20230930144018.jpg,balanced_delete_topleft,945.47412109375,905.906005859375,945.47412109375
plastic_nut/OK/S0217/plastic_nut_0217_OK_C5_20230930144018.jpg,balanced_delete_interior_sham,799.682373046875,669.35693359375,799.682373046875
plastic_nut/OK/S0222/plastic_nut_0222_OK_C1_20230930144230.jpg,dino_odd_own,926.935546875,773.52001953125,926.935546875
plastic_nut/OK/S0222/plastic_nut_0222_OK_C1_20230930144230.jpg,dino_balanced_own,926.412109375,621.4658203125,926.412109375
plastic_nut/OK/S0222/plastic_nut_0222_OK_C1_20230930144230.jpg,balanced_delete_topleft,935.93701171875,935.93701171875,926.412109375
plastic_nut/OK/S0222/plastic_nut_0222_OK_C1_20230930144230.jpg,balanced_delete_interior_sham,926.412109375,621.4658203125,926.412109375
plastic_nut/OK/S0222/plastic_nut_0222_OK_C2_20230930144230.jpg,dino_odd_own,1408.237060546875,705.5888671875,1408.237060546875
plastic_nut/OK/S0222/plastic_nut_0222_OK_C2_20230930144230.jpg,dino_balanced_own,812.054443359375,649.7529296875,812.054443359375
plastic_nut/OK/S0222/plastic_nut_0222_OK_C2_20230930144230.jpg,balanced_delete_topleft,993.8583984375,969.6689453125,993.8583984375
plastic_nut/OK/S0222/plastic_nut_0222_OK_C2_20230930144230.jpg,balanced_delete_interior_sham,812.054443359375,649.7529296875,812.054443359375
plastic_nut/OK/S0222/plastic_nut_0222_OK_C3_20230930144230.jpg,dino_odd_own,1367.896240234375,696.0380859375,1367.896240234375
plastic_nut/OK/S0222/plastic_nut_0222_OK_C3_20230930144230.jpg,dino_balanced_own,830.927490234375,525.625,830.927490234375
plastic_nut/OK/S0222/plastic_nut_0222_OK_C3_20230930144230.jpg,balanced_delete_topleft,1017.7451171875,980.624755859375,1017.7451171875
plastic_nut/OK/S0222/plastic_nut_0222_OK_C3_20230930144230.jpg,balanced_delete_interior_sham,830.927490234375,525.625,830.927490234375
plastic_nut/OK/S0222/plastic_nut_0222_OK_C4_20230930144230.jpg,dino_odd_own,840.5419921875,754.09130859375,840.5419921875
plastic_nut/OK/S0222/plastic_nut_0222_OK_C4_20230930144230.jpg,dino_balanced_own,871.5986328125,625.9248046875,871.5986328125
plastic_nut/OK/S0222/plastic_nut_0222_OK_C4_20230930144230.jpg,balanced_delete_topleft,1042.5615234375,1042.5615234375,871.5986328125
plastic_nut/OK/S0222/plastic_nut_0222_OK_C4_20230930144230.jpg,balanced_delete_interior_sham,871.5986328125,625.9248046875,871.5986328125
plastic_nut/OK/S0222/plastic_nut_0222_OK_C5_20230930144230.jpg,dino_odd_own,827.20947265625,695.66015625,827.20947265625
plastic_nut/OK/S0222/plastic_nut_0222_OK_C5_20230930144230.jpg,dino_balanced_own,768.9052734375,654.263671875,768.9052734375
plastic_nut/OK/S0222/plastic_nut_0222_OK_C5_20230930144230.jpg,balanced_delete_topleft,929.9052734375,889.40869140625,929.9052734375
plastic_nut/OK/S0222/plastic_nut_0222_OK_C5_20230930144230.jpg,balanced_delete_interior_sham,768.9052734375,654.263671875,768.9052734375
plastic_nut/OK/S0223/plastic_nut_0223_OK_C1_20230930144242.jpg,dino_odd_own,1111.984619140625,757.404052734375,1111.984619140625
plastic_nut/OK/S0223/plastic_nut_0223_OK_C1_20230930144242.jpg,dino_balanced_own,1019.78857421875,584.7822265625,1019.78857421875
plastic_nut/OK/S0223/plastic_nut_0223_OK_C1_20230930144242.jpg,balanced_delete_topleft,1019.78857421875,914.7421875,1019.78857421875
plastic_nut/OK/S0223/plastic_nut_0223_OK_C1_20230930144242.jpg,balanced_delete_interior_sham,1019.78857421875,596.74755859375,1019.78857421875
plastic_nut/OK/S0223/plastic_nut_0223_OK_C2_20230930144242.jpg,dino_odd_own,802.626708984375,720.6171875,802.626708984375
plastic_nut/OK/S0223/plastic_nut_0223_OK_C2_20230930144242.jpg,dino_balanced_own,890.59521484375,668.74267578125,890.59521484375
plastic_nut/OK/S0223/plastic_nut_0223_OK_C2_20230930144242.jpg,balanced_delete_topleft,998.8232421875,976.36328125,998.8232421875
plastic_nut/OK/S0223/plastic_nut_0223_OK_C2_20230930144242.jpg,balanced_delete_interior_sham,890.59521484375,668.74267578125,890.59521484375
plastic_nut/OK/S0223/plastic_nut_0223_OK_C3_20230930144242.jpg,dino_odd_own,997.46044921875,707.43798828125,997.46044921875
plastic_nut/OK/S0223/plastic_nut_0223_OK_C3_20230930144242.jpg,dino_balanced_own,929.9130859375,584.5283203125,929.9130859375
plastic_nut/OK/S0223/plastic_nut_0223_OK_C3_20230930144242.jpg,balanced_delete_topleft,1022.99609375,949.826416015625,1022.99609375
plastic_nut/OK/S0223/plastic_nut_0223_OK_C3_20230930144242.jpg,balanced_delete_interior_sham,929.9130859375,584.5283203125,929.9130859375
plastic_nut/OK/S0223/plastic_nut_0223_OK_C4_20230930144242.jpg,dino_odd_own,1228.918701171875,775.82958984375,1228.918701171875
plastic_nut/OK/S0223/plastic_nut_0223_OK_C4_20230930144242.jpg,dino_balanced_own,1262.268310546875,573.7001953125,1262.268310546875
plastic_nut/OK/S0223/plastic_nut_0223_OK_C4_20230930144242.jpg,balanced_delete_topleft,1262.268310546875,914.16650390625,1262.268310546875
plastic_nut/OK/S0223/plastic_nut_0223_OK_C4_20230930144242.jpg,balanced_delete_interior_sham,1262.268310546875,573.7001953125,1262.268310546875
plastic_nut/OK/S0223/plastic_nut_0223_OK_C5_20230930144242.jpg,dino_odd_own,967.36669921875,693.5908203125,967.36669921875
plastic_nut/OK/S0223/plastic_nut_0223_OK_C5_20230930144242.jpg,dino_balanced_own,1009.478271484375,584.88330078125,1009.478271484375
plastic_nut/OK/S0223/plastic_nut_0223_OK_C5_20230930144242.jpg,balanced_delete_topleft,1009.478271484375,856.99169921875,1009.478271484375
plastic_nut/OK/S0223/plastic_nut_0223_OK_C5_20230930144242.jpg,balanced_delete_interior_sham,1009.478271484375,610.41162109375,1009.478271484375
plastic_nut/OK/S0228/plastic_nut_0228_OK_C1_20230930144506.jpg,dino_odd_own,833.96435546875,665.591796875,833.96435546875
plastic_nut/OK/S0228/plastic_nut_0228_OK_C1_20230930144506.jpg,dino_balanced_own,987.566650390625,563.26171875,987.566650390625
plastic_nut/OK/S0228/plastic_nut_0228_OK_C1_20230930144506.jpg,balanced_delete_topleft,987.566650390625,886.1455078125,987.566650390625
plastic_nut/OK/S0228/plastic_nut_0228_OK_C1_20230930144506.jpg,balanced_delete_interior_sham,987.566650390625,687.73828125,987.566650390625
plastic_nut/OK/S0228/plastic_nut_0228_OK_C2_20230930144506.jpg,dino_odd_own,853.93798828125,697.037109375,853.93798828125
plastic_nut/OK/S0228/plastic_nut_0228_OK_C2_20230930144506.jpg,dino_balanced_own,733.582275390625,603.373046875,733.582275390625
plastic_nut/OK/S0228/plastic_nut_0228_OK_C2_20230930144506.jpg,balanced_delete_topleft,999.90380859375,963.8017578125,999.90380859375
plastic_nut/OK/S0228/plastic_nut_0228_OK_C2_20230930144506.jpg,balanced_delete_interior_sham,917.1767578125,603.373046875,917.1767578125
plastic_nut/OK/S0228/plastic_nut_0228_OK_C3_20230930144506.jpg,dino_odd_own,1069.24951171875,700.7646484375,1069.24951171875
plastic_nut/OK/S0228/plastic_nut_0228_OK_C3_20230930144506.jpg,dino_balanced_own,901.19970703125,552.06103515625,901.19970703125
plastic_nut/OK/S0228/plastic_nut_0228_OK_C3_20230930144506.jpg,balanced_delete_topleft,1041.884033203125,975.38330078125,1041.884033203125
plastic_nut/OK/S0228/plastic_nut_0228_OK_C3_20230930144506.jpg,balanced_delete_interior_sham,901.19970703125,552.06103515625,901.19970703125
plastic_nut/OK/S0228/plastic_nut_0228_OK_C4_20230930144506.jpg,dino_odd_own,817.68798828125,752.2998046875,817.68798828125
plastic_nut/OK/S0228/plastic_nut_0228_OK_C4_20230930144506.jpg,dino_balanced_own,728.128173828125,586.693359375,728.128173828125
plastic_nut/OK/S0228/plastic_nut_0228_OK_C4_20230930144506.jpg,balanced_delete_topleft,1044.98828125,1044.98828125,795.9560546875
plastic_nut/OK/S0228/plastic_nut_0228_OK_C4_20230930144506.jpg,balanced_delete_interior_sham,866.703369140625,586.693359375,866.703369140625
plastic_nut/OK/S0228/plastic_nut_0228_OK_C5_20230930144506.jpg,dino_odd_own,967.029296875,684.2470703125,967.029296875
plastic_nut/OK/S0228/plastic_nut_0228_OK_C5_20230930144506.jpg,dino_balanced_own,766.216552734375,594.30908203125,766.216552734375
plastic_nut/OK/S0228/plastic_nut_0228_OK_C5_20230930144506.jpg,balanced_delete_topleft,938.7705078125,865.42822265625,938.7705078125
plastic_nut/OK/S0228/plastic_nut_0228_OK_C5_20230930144506.jpg,balanced_delete_interior_sham,766.216552734375,594.30908203125,766.216552734375
plastic_nut/OK/S0236/plastic_nut_0236_OK_C1_20230930145126.jpg,dino_odd_own,1469.6181640625,851.48095703125,1469.6181640625
plastic_nut/OK/S0236/plastic_nut_0236_OK_C1_20230930145126.jpg,dino_balanced_own,871.056884765625,606.4658203125,871.056884765625
plastic_nut/OK/S0236/plastic_nut_0236_OK_C1_20230930145126.jpg,balanced_delete_topleft,963.71875,963.71875,949.645751953125
plastic_nut/OK/S0236/plastic_nut_0236_OK_C1_20230930145126.jpg,balanced_delete_interior_sham,879.72265625,606.4658203125,879.72265625
plastic_nut/OK/S0236/plastic_nut_0236_OK_C2_20230930145126.jpg,dino_odd_own,784.0,713.88623046875,784.0
plastic_nut/OK/S0236/plastic_nut_0236_OK_C2_20230930145126.jpg,dino_balanced_own,828.4521484375,679.46337890625,828.4521484375
plastic_nut/OK/S0236/plastic_nut_0236_OK_C2_20230930145126.jpg,balanced_delete_topleft,888.44140625,880.931640625,888.44140625
plastic_nut/OK/S0236/plastic_nut_0236_OK_C2_20230930145126.jpg,balanced_delete_interior_sham,828.4521484375,679.46337890625,828.4521484375
plastic_nut/OK/S0236/plastic_nut_0236_OK_C3_20230930145126.jpg,dino_odd_own,915.7412109375,707.51513671875,915.7412109375
plastic_nut/OK/S0236/plastic_nut_0236_OK_C3_20230930145126.jpg,dino_balanced_own,824.140869140625,605.76220703125,824.140869140625
plastic_nut/OK/S0236/plastic_nut_0236_OK_C3_20230930145126.jpg,balanced_delete_topleft,1036.18115234375,983.955322265625,1036.18115234375
plastic_nut/OK/S0236/plastic_nut_0236_OK_C3_20230930145126.jpg,balanced_delete_interior_sham,930.116455078125,605.76220703125,930.116455078125
plastic_nut/OK/S0236/plastic_nut_0236_OK_C4_20230930145126.jpg,dino_odd_own,838.7568359375,822.83984375,838.7568359375
plastic_nut/OK/S0236/plastic_nut_0236_OK_C4_20230930145126.jpg,dino_balanced_own,796.12646484375,635.60498046875,796.12646484375
plastic_nut/OK/S0236/plastic_nut_0236_OK_C4_20230930145126.jpg,balanced_delete_topleft,1004.37890625,1004.37890625,802.350830078125
plastic_nut/OK/S0236/plastic_nut_0236_OK_C4_20230930145126.jpg,balanced_delete_interior_sham,796.12646484375,635.60498046875,796.12646484375
plastic_nut/OK/S0236/plastic_nut_0236_OK_C5_20230930145126.jpg,dino_odd_own,910.171875,694.044921875,910.171875
plastic_nut/OK/S0236/plastic_nut_0236_OK_C5_20230930145126.jpg,dino_balanced_own,790.37353515625,579.24462890625,790.37353515625
plastic_nut/OK/S0236/plastic_nut_0236_OK_C5_20230930145126.jpg,balanced_delete_topleft,925.529296875,851.19384765625,925.529296875
plastic_nut/OK/S0236/plastic_nut_0236_OK_C5_20230930145126.jpg,balanced_delete_interior_sham,790.37353515625,579.24462890625,790.37353515625
plastic_nut/OK/S0238/plastic_nut_0238_OK_C1_20230930145323.jpg,dino_odd_own,1766.1328125,931.9658203125,1766.1328125
plastic_nut/OK/S0238/plastic_nut_0238_OK_C1_20230930145323.jpg,dino_balanced_own,960.290771484375,632.98193359375,960.290771484375
plastic_nut/OK/S0238/plastic_nut_0238_OK_C1_20230930145323.jpg,balanced_delete_topleft,960.290771484375,860.16162109375,960.290771484375
plastic_nut/OK/S0238/plastic_nut_0238_OK_C1_20230930145323.jpg,balanced_delete_interior_sham,960.290771484375,676.03857421875,960.290771484375
plastic_nut/OK/S0238/plastic_nut_0238_OK_C2_20230930145323.jpg,dino_odd_own,843.529052734375,725.5166015625,843.529052734375
plastic_nut/OK/S0238/plastic_nut_0238_OK_C2_20230930145323.jpg,dino_balanced_own,787.17822265625,646.93408203125,787.17822265625
plastic_nut/OK/S0238/plastic_nut_0238_OK_C2_20230930145323.jpg,balanced_delete_topleft,909.4306640625,903.1728515625,909.4306640625
plastic_nut/OK/S0238/plastic_nut_0238_OK_C2_20230930145323.jpg,balanced_delete_interior_sham,787.17822265625,646.93408203125,787.17822265625
plastic_nut/OK/S0238/plastic_nut_0238_OK_C3_20230930145323.jpg,dino_odd_own,1002.4306640625,756.912109375,1002.4306640625
plastic_nut/OK/S0238/plastic_nut_0238_OK_C3_20230930145323.jpg,dino_balanced_own,904.3203125,614.8232421875,904.3203125
plastic_nut/OK/S0238/plastic_nut_0238_OK_C3_20230930145323.jpg,balanced_delete_topleft,1038.865478515625,972.66259765625,1038.865478515625
plastic_nut/OK/S0238/plastic_nut_0238_OK_C3_20230930145323.jpg,balanced_delete_interior_sham,904.3203125,614.8232421875,904.3203125
plastic_nut/OK/S0238/plastic_nut_0238_OK_C4_20230930145323.jpg,dino_odd_own,1047.4541015625,793.841796875,1047.4541015625
plastic_nut/OK/S0238/plastic_nut_0238_OK_C4_20230930145323.jpg,dino_balanced_own,835.7802734375,621.6650390625,835.7802734375
plastic_nut/OK/S0238/plastic_nut_0238_OK_C4_20230930145323.jpg,balanced_delete_topleft,992.421875,992.421875,835.7802734375
plastic_nut/OK/S0238/plastic_nut_0238_OK_C4_20230930145323.jpg,balanced_delete_interior_sham,835.7802734375,621.6650390625,835.7802734375
plastic_nut/OK/S0238/plastic_nut_0238_OK_C5_20230930145323.jpg,dino_odd_own,931.488525390625,679.9716796875,931.488525390625
plastic_nut/OK/S0238/plastic_nut_0238_OK_C5_20230930145323.jpg,dino_balanced_own,820.716552734375,601.19921875,820.716552734375
plastic_nut/OK/S0238/plastic_nut_0238_OK_C5_20230930145323.jpg,balanced_delete_topleft,925.06640625,871.349609375,925.06640625
plastic_nut/OK/S0238/plastic_nut_0238_OK_C5_20230930145323.jpg,balanced_delete_interior_sham,820.716552734375,601.19921875,820.716552734375
plastic_nut/OK/S0247/plastic_nut_0247_OK_C1_20230930145732.jpg,dino_odd_own,1522.7080078125,856.875732421875,1522.7080078125
plastic_nut/OK/S0247/plastic_nut_0247_OK_C1_20230930145732.jpg,dino_balanced_own,1066.814697265625,625.2626953125,1066.814697265625
plastic_nut/OK/S0247/plastic_nut_0247_OK_C1_20230930145732.jpg,balanced_delete_topleft,1066.814697265625,960.2490234375,1066.814697265625
plastic_nut/OK/S0247/plastic_nut_0247_OK_C1_20230930145732.jpg,balanced_delete_interior_sham,1066.814697265625,729.87548828125,1066.814697265625
plastic_nut/OK/S0247/plastic_nut_0247_OK_C2_20230930145732.jpg,dino_odd_own,860.96533203125,776.166015625,860.96533203125
plastic_nut/OK/S0247/plastic_nut_0247_OK_C2_20230930145732.jpg,dino_balanced_own,915.500732421875,617.5126953125,915.500732421875
plastic_nut/OK/S0247/plastic_nut_0247_OK_C2_20230930145732.jpg,balanced_delete_topleft,916.5263671875,900.69677734375,916.5263671875
plastic_nut/OK/S0247/plastic_nut_0247_OK_C2_20230930145732.jpg,balanced_delete_interior_sham,915.500732421875,617.5126953125,915.500732421875
plastic_nut/OK/S0247/plastic_nut_0247_OK_C3_20230930145732.jpg,dino_odd_own,1226.287109375,751.6904296875,1226.287109375
plastic_nut/OK/S0247/plastic_nut_0247_OK_C3_20230930145732.jpg,dino_balanced_own,780.48583984375,543.14990234375,780.48583984375
plastic_nut/OK/S0247/plastic_nut_0247_OK_C3_20230930145732.jpg,balanced_delete_topleft,1065.30126953125,997.201416015625,1065.30126953125
plastic_nut/OK/S0247/plastic_nut_0247_OK_C3_20230930145732.jpg,balanced_delete_interior_sham,789.0947265625,543.14990234375,789.0947265625
plastic_nut/OK/S0247/plastic_nut_0247_OK_C4_20230930145732.jpg,dino_odd_own,822.427490234375,806.85107421875,822.427490234375
plastic_nut/OK/S0247/plastic_nut_0247_OK_C4_20230930145732.jpg,dino_balanced_own,811.62353515625,621.5,811.62353515625
plastic_nut/OK/S0247/plastic_nut_0247_OK_C4_20230930145732.jpg,balanced_delete_topleft,934.2998046875,934.2998046875,811.62353515625
plastic_nut/OK/S0247/plastic_nut_0247_OK_C4_20230930145732.jpg,balanced_delete_interior_sham,820.779541015625,621.5,820.779541015625
plastic_nut/OK/S0247/plastic_nut_0247_OK_C5_20230930145732.jpg,dino_odd_own,1004.34228515625,713.546875,1004.34228515625
plastic_nut/OK/S0247/plastic_nut_0247_OK_C5_20230930145732.jpg,dino_balanced_own,779.17333984375,550.091796875,779.17333984375
plastic_nut/OK/S0247/plastic_nut_0247_OK_C5_20230930145732.jpg,balanced_delete_topleft,919.3974609375,894.1904296875,919.3974609375
plastic_nut/OK/S0247/plastic_nut_0247_OK_C5_20230930145732.jpg,balanced_delete_interior_sham,817.248046875,550.091796875,817.248046875
plastic_nut/OK/S0259/plastic_nut_0259_OK_C1_20230930150223.jpg,dino_odd_own,995.7470703125,690.62060546875,995.7470703125
plastic_nut/OK/S0259/plastic_nut_0259_OK_C1_20230930150223.jpg,dino_balanced_own,778.59375,574.7802734375,778.59375
plastic_nut/OK/S0259/plastic_nut_0259_OK_C1_20230930150223.jpg,balanced_delete_topleft,900.20068359375,900.20068359375,865.50537109375
plastic_nut/OK/S0259/plastic_nut_0259_OK_C1_20230930150223.jpg,balanced_delete_interior_sham,778.59375,644.03369140625,778.59375
plastic_nut/OK/S0259/plastic_nut_0259_OK_C2_20230930150223.jpg,dino_odd_own,1167.84619140625,707.1865234375,1167.84619140625
plastic_nut/OK/S0259/plastic_nut_0259_OK_C2_20230930150223.jpg,dino_balanced_own,741.10009765625,543.30712890625,741.10009765625
plastic_nut/OK/S0259/plastic_nut_0259_OK_C2_20230930150223.jpg,balanced_delete_topleft,1009.166015625,984.80126953125,1009.166015625
plastic_nut/OK/S0259/plastic_nut_0259_OK_C2_20230930150223.jpg,balanced_delete_interior_sham,827.338623046875,543.30712890625,827.338623046875
plastic_nut/OK/S0259/plastic_nut_0259_OK_C3_20230930150223.jpg,dino_odd_own,917.53515625,702.4033203125,917.53515625
plastic_nut/OK/S0259/plastic_nut_0259_OK_C3_20230930150223.jpg,dino_balanced_own,917.49755859375,599.1171875,917.49755859375
plastic_nut/OK/S0259/plastic_nut_0259_OK_C3_20230930150223.jpg,balanced_delete_topleft,1049.04296875,982.01416015625,1049.04296875
plastic_nut/OK/S0259/plastic_nut_0259_OK_C3_20230930150223.jpg,balanced_delete_interior_sham,917.49755859375,599.1171875,917.49755859375
plastic_nut/OK/S0259/plastic_nut_0259_OK_C4_20230930150223.jpg,dino_odd_own,855.027587890625,752.7216796875,855.027587890625
plastic_nut/OK/S0259/plastic_nut_0259_OK_C4_20230930150223.jpg,dino_balanced_own,794.55859375,656.1708984375,794.55859375
plastic_nut/OK/S0259/plastic_nut_0259_OK_C4_20230930150223.jpg,balanced_delete_topleft,999.96484375,999.96484375,799.69482421875
plastic_nut/OK/S0259/plastic_nut_0259_OK_C4_20230930150223.jpg,balanced_delete_interior_sham,818.136474609375,656.1708984375,818.136474609375
plastic_nut/OK/S0259/plastic_nut_0259_OK_C5_20230930150223.jpg,dino_odd_own,765.94873046875,701.7353515625,765.94873046875
plastic_nut/OK/S0259/plastic_nut_0259_OK_C5_20230930150223.jpg,dino_balanced_own,906.29638671875,565.87451171875,906.29638671875
plastic_nut/OK/S0259/plastic_nut_0259_OK_C5_20230930150223.jpg,balanced_delete_topleft,918.6572265625,875.74853515625,918.6572265625
plastic_nut/OK/S0259/plastic_nut_0259_OK_C5_20230930150223.jpg,balanced_delete_interior_sham,906.29638671875,565.87451171875,906.29638671875
plastic_nut/OK/S0260/plastic_nut_0260_OK_C1_20230930150255.jpg,dino_odd_own,828.764404296875,691.27783203125,828.764404296875
plastic_nut/OK/S0260/plastic_nut_0260_OK_C1_20230930150255.jpg,dino_balanced_own,806.216796875,570.9111328125,806.216796875
plastic_nut/OK/S0260/plastic_nut_0260_OK_C1_20230930150255.jpg,balanced_delete_topleft,883.66943359375,883.66943359375,862.59765625
plastic_nut/OK/S0260/plastic_nut_0260_OK_C1_20230930150255.jpg,balanced_delete_interior_sham,806.216796875,677.81591796875,806.216796875
plastic_nut/OK/S0260/plastic_nut_0260_OK_C2_20230930150255.jpg,dino_odd_own,990.5146484375,689.61572265625,990.5146484375
plastic_nut/OK/S0260/plastic_nut_0260_OK_C2_20230930150255.jpg,dino_balanced_own,973.282470703125,598.80859375,973.282470703125
plastic_nut/OK/S0260/plastic_nut_0260_OK_C2_20230930150255.jpg,balanced_delete_topleft,995.33935546875,974.78857421875,995.33935546875
plastic_nut/OK/S0260/plastic_nut_0260_OK_C2_20230930150255.jpg,balanced_delete_interior_sham,973.282470703125,598.80859375,973.282470703125
plastic_nut/OK/S0260/plastic_nut_0260_OK_C3_20230930150255.jpg,dino_odd_own,1229.03955078125,707.06640625,1229.03955078125
plastic_nut/OK/S0260/plastic_nut_0260_OK_C3_20230930150255.jpg,dino_balanced_own,750.22900390625,565.46337890625,750.22900390625
plastic_nut/OK/S0260/plastic_nut_0260_OK_C3_20230930150255.jpg,balanced_delete_topleft,1040.0986328125,970.7880859375,1040.0986328125
plastic_nut/OK/S0260/plastic_nut_0260_OK_C3_20230930150255.jpg,balanced_delete_interior_sham,765.6328125,565.46337890625,765.6328125
plastic_nut/OK/S0260/plastic_nut_0260_OK_C4_20230930150255.jpg,dino_odd_own,792.95751953125,792.95751953125,769.9384765625
plastic_nut/OK/S0260/plastic_nut_0260_OK_C4_20230930150255.jpg,dino_balanced_own,799.2802734375,666.62255859375,799.2802734375
plastic_nut/OK/S0260/plastic_nut_0260_OK_C4_20230930150255.jpg,balanced_delete_topleft,1007.06787109375,1007.06787109375,799.2802734375
plastic_nut/OK/S0260/plastic_nut_0260_OK_C4_20230930150255.jpg,balanced_delete_interior_sham,982.95263671875,666.62255859375,982.95263671875
plastic_nut/OK/S0260/plastic_nut_0260_OK_C5_20230930150255.jpg,dino_odd_own,832.994140625,704.0849609375,832.994140625
plastic_nut/OK/S0260/plastic_nut_0260_OK_C5_20230930150255.jpg,dino_balanced_own,865.449951171875,643.45068359375,865.449951171875
plastic_nut/OK/S0260/plastic_nut_0260_OK_C5_20230930150255.jpg,balanced_delete_topleft,920.37353515625,876.96533203125,920.37353515625
plastic_nut/OK/S0260/plastic_nut_0260_OK_C5_20230930150255.jpg,balanced_delete_interior_sham,865.449951171875,643.45068359375,865.449951171875
plastic_nut/OK/S0265/plastic_nut_0265_OK_C1_20230930150507.jpg,dino_odd_own,982.624755859375,726.5146484375,982.624755859375
plastic_nut/OK/S0265/plastic_nut_0265_OK_C1_20230930150507.jpg,dino_balanced_own,869.46923828125,600.287109375,869.46923828125
plastic_nut/OK/S0265/plastic_nut_0265_OK_C1_20230930150507.jpg,balanced_delete_topleft,923.88623046875,923.88623046875,869.46923828125
plastic_nut/OK/S0265/plastic_nut_0265_OK_C1_20230930150507.jpg,balanced_delete_interior_sham,869.46923828125,614.728515625,869.46923828125
plastic_nut/OK/S0265/plastic_nut_0265_OK_C2_20230930150507.jpg,dino_odd_own,940.90869140625,703.8740234375,940.90869140625
plastic_nut/OK/S0265/plastic_nut_0265_OK_C2_20230930150507.jpg,dino_balanced_own,1111.28857421875,584.416015625,1111.28857421875
plastic_nut/OK/S0265/plastic_nut_0265_OK_C2_20230930150507.jpg,balanced_delete_topleft,1111.28857421875,982.849609375,1111.28857421875
plastic_nut/OK/S0265/plastic_nut_0265_OK_C2_20230930150507.jpg,balanced_delete_interior_sham,1111.28857421875,584.416015625,1111.28857421875
plastic_nut/OK/S0265/plastic_nut_0265_OK_C3_20230930150507.jpg,dino_odd_own,1145.927490234375,744.083984375,1145.927490234375
plastic_nut/OK/S0265/plastic_nut_0265_OK_C3_20230930150507.jpg,dino_balanced_own,790.454833984375,508.76513671875,790.454833984375
plastic_nut/OK/S0265/plastic_nut_0265_OK_C3_20230930150507.jpg,balanced_delete_topleft,1052.744140625,1009.6259765625,1052.744140625
plastic_nut/OK/S0265/plastic_nut_0265_OK_C3_20230930150507.jpg,balanced_delete_interior_sham,790.454833984375,508.76513671875,790.454833984375
plastic_nut/OK/S0265/plastic_nut_0265_OK_C4_20230930150507.jpg,dino_odd_own,782.703125,782.703125,741.986328125
plastic_nut/OK/S0265/plastic_nut_0265_OK_C4_20230930150507.jpg,dino_balanced_own,826.3212890625,596.48681640625,826.3212890625
plastic_nut/OK/S0265/plastic_nut_0265_OK_C4_20230930150507.jpg,balanced_delete_topleft,919.50732421875,919.50732421875,826.3212890625
plastic_nut/OK/S0265/plastic_nut_0265_OK_C4_20230930150507.jpg,balanced_delete_interior_sham,826.3212890625,596.48681640625,826.3212890625
plastic_nut/OK/S0265/plastic_nut_0265_OK_C5_20230930150507.jpg,dino_odd_own,1178.052978515625,673.87255859375,1178.052978515625
plastic_nut/OK/S0265/plastic_nut_0265_OK_C5_20230930150507.jpg,dino_balanced_own,936.318359375,607.453125,936.318359375
plastic_nut/OK/S0265/plastic_nut_0265_OK_C5_20230930150507.jpg,balanced_delete_topleft,936.318359375,873.88818359375,936.318359375
plastic_nut/OK/S0265/plastic_nut_0265_OK_C5_20230930150507.jpg,balanced_delete_interior_sham,936.318359375,607.453125,936.318359375
plastic_nut/OK/S0275/plastic_nut_0275_OK_C1_20230930150847.jpg,dino_odd_own,885.1376953125,690.12060546875,885.1376953125
plastic_nut/OK/S0275/plastic_nut_0275_OK_C1_20230930150847.jpg,dino_balanced_own,788.671630859375,576.5634765625,788.671630859375
plastic_nut/OK/S0275/plastic_nut_0275_OK_C1_20230930150847.jpg,balanced_delete_topleft,899.25,899.25,861.527587890625
plastic_nut/OK/S0275/plastic_nut_0275_OK_C1_20230930150847.jpg,balanced_delete_interior_sham,788.671630859375,608.64404296875,788.671630859375
plastic_nut/OK/S0275/plastic_nut_0275_OK_C2_20230930150847.jpg,dino_odd_own,921.841796875,708.068359375,921.841796875
plastic_nut/OK/S0275/plastic_nut_0275_OK_C2_20230930150847.jpg,dino_balanced_own,816.6494140625,620.35986328125,816.6494140625
plastic_nut/OK/S0275/plastic_nut_0275_OK_C2_20230930150847.jpg,balanced_delete_topleft,1004.37451171875,968.26904296875,1004.37451171875
plastic_nut/OK/S0275/plastic_nut_0275_OK_C2_20230930150847.jpg,balanced_delete_interior_sham,816.6494140625,620.35986328125,816.6494140625
plastic_nut/OK/S0275/plastic_nut_0275_OK_C3_20230930150847.jpg,dino_odd_own,1143.6396484375,735.78515625,1143.6396484375
plastic_nut/OK/S0275/plastic_nut_0275_OK_C3_20230930150847.jpg,dino_balanced_own,875.92578125,561.34912109375,875.92578125
plastic_nut/OK/S0275/plastic_nut_0275_OK_C3_20230930150847.jpg,balanced_delete_topleft,1038.033203125,990.4716796875,1038.033203125
plastic_nut/OK/S0275/plastic_nut_0275_OK_C3_20230930150847.jpg,balanced_delete_interior_sham,875.92578125,561.34912109375,875.92578125
plastic_nut/OK/S0275/plastic_nut_0275_OK_C4_20230930150847.jpg,dino_odd_own,777.404541015625,766.70654296875,777.404541015625
plastic_nut/OK/S0275/plastic_nut_0275_OK_C4_20230930150847.jpg,dino_balanced_own,785.54150390625,594.62890625,785.54150390625
plastic_nut/OK/S0275/plastic_nut_0275_OK_C4_20230930150847.jpg,balanced_delete_topleft,882.2109375,882.2109375,802.22314453125
plastic_nut/OK/S0275/plastic_nut_0275_OK_C4_20230930150847.jpg,balanced_delete_interior_sham,785.54150390625,594.62890625,785.54150390625
plastic_nut/OK/S0275/plastic_nut_0275_OK_C5_20230930150847.jpg,dino_odd_own,1005.37158203125,720.89794921875,1005.37158203125
plastic_nut/OK/S0275/plastic_nut_0275_OK_C5_20230930150847.jpg,dino_balanced_own,951.1025390625,800.3388671875,951.1025390625
plastic_nut/OK/S0275/plastic_nut_0275_OK_C5_20230930150847.jpg,balanced_delete_topleft,951.1025390625,916.907470703125,951.1025390625
plastic_nut/OK/S0275/plastic_nut_0275_OK_C5_20230930150847.jpg,balanced_delete_interior_sham,951.1025390625,800.3388671875,951.1025390625
plastic_nut/OK/S0276/plastic_nut_0276_OK_C1_20230930150907.jpg,dino_odd_own,880.1650390625,717.076171875,880.1650390625
plastic_nut/OK/S0276/plastic_nut_0276_OK_C1_20230930150907.jpg,dino_balanced_own,906.7138671875,603.63671875,906.7138671875
plastic_nut/OK/S0276/plastic_nut_0276_OK_C1_20230930150907.jpg,balanced_delete_topleft,989.484375,989.484375,906.7138671875
plastic_nut/OK/S0276/plastic_nut_0276_OK_C1_20230930150907.jpg,balanced_delete_interior_sham,906.7138671875,603.63671875,906.7138671875
plastic_nut/OK/S0276/plastic_nut_0276_OK_C2_20230930150907.jpg,dino_odd_own,787.82373046875,698.28369140625,787.82373046875
plastic_nut/OK/S0276/plastic_nut_0276_OK_C2_20230930150907.jpg,dino_balanced_own,750.29931640625,578.8720703125,750.29931640625
plastic_nut/OK/S0276/plastic_nut_0276_OK_C2_20230930150907.jpg,balanced_delete_topleft,1009.55224609375,962.39208984375,1009.55224609375
plastic_nut/OK/S0276/plastic_nut_0276_OK_C2_20230930150907.jpg,balanced_delete_interior_sham,750.29931640625,578.8720703125,750.29931640625
plastic_nut/OK/S0276/plastic_nut_0276_OK_C3_20230930150907.jpg,dino_odd_own,1440.4716796875,728.5361328125,1440.4716796875
plastic_nut/OK/S0276/plastic_nut_0276_OK_C3_20230930150907.jpg,dino_balanced_own,1008.93017578125,539.958984375,1008.93017578125
plastic_nut/OK/S0276/plastic_nut_0276_OK_C3_20230930150907.jpg,balanced_delete_topleft,1047.3291015625,979.96630859375,1047.3291015625
plastic_nut/OK/S0276/plastic_nut_0276_OK_C3_20230930150907.jpg,balanced_delete_interior_sham,1008.93017578125,539.958984375,1008.93017578125
plastic_nut/OK/S0276/plastic_nut_0276_OK_C4_20230930150907.jpg,dino_odd_own,785.852294921875,785.852294921875,713.33251953125
plastic_nut/OK/S0276/plastic_nut_0276_OK_C4_20230930150907.jpg,dino_balanced_own,738.480712890625,624.80712890625,738.480712890625
plastic_nut/OK/S0276/plastic_nut_0276_OK_C4_20230930150907.jpg,balanced_delete_topleft,853.759521484375,853.759521484375,796.884765625
plastic_nut/OK/S0276/plastic_nut_0276_OK_C4_20230930150907.jpg,balanced_delete_interior_sham,800.99609375,624.80712890625,800.99609375
plastic_nut/OK/S0276/plastic_nut_0276_OK_C5_20230930150907.jpg,dino_odd_own,877.42822265625,804.1142578125,877.42822265625
plastic_nut/OK/S0276/plastic_nut_0276_OK_C5_20230930150907.jpg,dino_balanced_own,795.096923828125,681.84619140625,795.096923828125
plastic_nut/OK/S0276/plastic_nut_0276_OK_C5_20230930150907.jpg,balanced_delete_topleft,1057.05810546875,1057.05810546875,805.2470703125
plastic_nut/OK/S0276/plastic_nut_0276_OK_C5_20230930150907.jpg,balanced_delete_interior_sham,795.096923828125,681.84619140625,795.096923828125
plastic_nut/OK/S0278/plastic_nut_0278_OK_C1_20230930150942.jpg,dino_odd_own,1018.81396484375,707.77734375,1018.81396484375
plastic_nut/OK/S0278/plastic_nut_0278_OK_C1_20230930150942.jpg,dino_balanced_own,861.892333984375,591.642578125,861.892333984375
plastic_nut/OK/S0278/plastic_nut_0278_OK_C1_20230930150942.jpg,balanced_delete_topleft,927.969482421875,927.969482421875,879.299560546875
plastic_nut/OK/S0278/plastic_nut_0278_OK_C1_20230930150942.jpg,balanced_delete_interior_sham,861.892333984375,698.326171875,861.892333984375
plastic_nut/OK/S0278/plastic_nut_0278_OK_C2_20230930150942.jpg,dino_odd_own,1272.9140625,720.3486328125,1272.9140625
plastic_nut/OK/S0278/plastic_nut_0278_OK_C2_20230930150942.jpg,dino_balanced_own,913.3857421875,643.77197265625,913.3857421875
plastic_nut/OK/S0278/plastic_nut_0278_OK_C2_20230930150942.jpg,balanced_delete_topleft,1001.2685546875,958.2177734375,1001.2685546875
plastic_nut/OK/S0278/plastic_nut_0278_OK_C2_20230930150942.jpg,balanced_delete_interior_sham,913.3857421875,643.77197265625,913.3857421875
plastic_nut/OK/S0278/plastic_nut_0278_OK_C3_20230930150942.jpg,dino_odd_own,1004.20166015625,719.11376953125,1004.20166015625
plastic_nut/OK/S0278/plastic_nut_0278_OK_C3_20230930150942.jpg,dino_balanced_own,872.7724609375,565.14404296875,872.7724609375
plastic_nut/OK/S0278/plastic_nut_0278_OK_C3_20230930150942.jpg,balanced_delete_topleft,1051.994140625,984.63232421875,1051.994140625
plastic_nut/OK/S0278/plastic_nut_0278_OK_C3_20230930150942.jpg,balanced_delete_interior_sham,872.7724609375,565.14404296875,872.7724609375
plastic_nut/OK/S0278/plastic_nut_0278_OK_C4_20230930150942.jpg,dino_odd_own,749.032470703125,728.8798828125,749.032470703125
plastic_nut/OK/S0278/plastic_nut_0278_OK_C4_20230930150942.jpg,dino_balanced_own,825.01123046875,652.32080078125,825.01123046875
plastic_nut/OK/S0278/plastic_nut_0278_OK_C4_20230930150942.jpg,balanced_delete_topleft,927.994140625,927.994140625,825.01123046875
plastic_nut/OK/S0278/plastic_nut_0278_OK_C4_20230930150942.jpg,balanced_delete_interior_sham,825.01123046875,652.32080078125,825.01123046875
plastic_nut/OK/S0278/plastic_nut_0278_OK_C5_20230930150942.jpg,dino_odd_own,1074.51953125,1074.51953125,1014.15380859375
plastic_nut/OK/S0278/plastic_nut_0278_OK_C5_20230930150942.jpg,dino_balanced_own,964.13525390625,686.072998046875,964.13525390625
plastic_nut/OK/S0278/plastic_nut_0278_OK_C5_20230930150942.jpg,balanced_delete_topleft,1358.2705078125,1358.2705078125,964.13525390625
plastic_nut/OK/S0278/plastic_nut_0278_OK_C5_20230930150942.jpg,balanced_delete_interior_sham,964.13525390625,686.072998046875,964.13525390625
plastic_nut/OK/S0287/plastic_nut_0287_OK_C1_20230930152021.jpg,dino_odd_own,835.87646484375,806.99560546875,835.87646484375
plastic_nut/OK/S0287/plastic_nut_0287_OK_C1_20230930152021.jpg,dino_balanced_own,956.240234375,597.23486328125,956.240234375
plastic_nut/OK/S0287/plastic_nut_0287_OK_C1_20230930152021.jpg,balanced_delete_topleft,956.240234375,953.707275390625,956.240234375
plastic_nut/OK/S0287/plastic_nut_0287_OK_C1_20230930152021.jpg,balanced_delete_interior_sham,956.240234375,771.09912109375,956.240234375
plastic_nut/OK/S0287/plastic_nut_0287_OK_C2_20230930152021.jpg,dino_odd_own,775.941650390625,679.6474609375,775.941650390625
plastic_nut/OK/S0287/plastic_nut_0287_OK_C2_20230930152021.jpg,dino_balanced_own,940.268310546875,583.6181640625,940.268310546875
plastic_nut/OK/S0287/plastic_nut_0287_OK_C2_20230930152021.jpg,balanced_delete_topleft,991.0810546875,970.810546875,991.0810546875
plastic_nut/OK/S0287/plastic_nut_0287_OK_C2_20230930152021.jpg,balanced_delete_interior_sham,940.268310546875,583.6181640625,940.268310546875
plastic_nut/OK/S0287/plastic_nut_0287_OK_C3_20230930152021.jpg,dino_odd_own,1012.5458984375,703.076171875,1012.5458984375
plastic_nut/OK/S0287/plastic_nut_0287_OK_C3_20230930152021.jpg,dino_balanced_own,800.452392578125,589.5478515625,800.452392578125
plastic_nut/OK/S0287/plastic_nut_0287_OK_C3_20230930152021.jpg,balanced_delete_topleft,1007.72021484375,973.98486328125,1007.72021484375
plastic_nut/OK/S0287/plastic_nut_0287_OK_C3_20230930152021.jpg,balanced_delete_interior_sham,809.1923828125,589.5478515625,809.1923828125
plastic_nut/OK/S0287/plastic_nut_0287_OK_C4_20230930152021.jpg,dino_odd_own,854.77587890625,780.0009765625,854.77587890625
plastic_nut/OK/S0287/plastic_nut_0287_OK_C4_20230930152021.jpg,dino_balanced_own,968.314453125,590.59033203125,968.314453125
plastic_nut/OK/S0287/plastic_nut_0287_OK_C4_20230930152021.jpg,balanced_delete_topleft,968.314453125,833.4072265625,968.314453125
plastic_nut/OK/S0287/plastic_nut_0287_OK_C4_20230930152021.jpg,balanced_delete_interior_sham,968.314453125,590.59033203125,968.314453125
plastic_nut/OK/S0287/plastic_nut_0287_OK_C5_20230930152021.jpg,dino_odd_own,716.6279296875,681.0625,716.6279296875
plastic_nut/OK/S0287/plastic_nut_0287_OK_C5_20230930152021.jpg,dino_balanced_own,796.000732421875,595.98876953125,796.000732421875
plastic_nut/OK/S0287/plastic_nut_0287_OK_C5_20230930152021.jpg,balanced_delete_topleft,908.723876953125,908.723876953125,905.537109375
plastic_nut/OK/S0287/plastic_nut_0287_OK_C5_20230930152021.jpg,balanced_delete_interior_sham,796.000732421875,595.98876953125,796.000732421875
plastic_nut/OK/S0316/plastic_nut_0316_OK_C1_20230930152701.jpg,dino_odd_own,929.138916015625,717.162109375,929.138916015625
plastic_nut/OK/S0316/plastic_nut_0316_OK_C1_20230930152701.jpg,dino_balanced_own,860.13720703125,583.9736328125,860.13720703125
plastic_nut/OK/S0316/plastic_nut_0316_OK_C1_20230930152701.jpg,balanced_delete_topleft,952.71728515625,952.71728515625,860.13720703125
plastic_nut/OK/S0316/plastic_nut_0316_OK_C1_20230930152701.jpg,balanced_delete_interior_sham,860.13720703125,687.884765625,860.13720703125
plastic_nut/OK/S0316/plastic_nut_0316_OK_C2_20230930152701.jpg,dino_odd_own,1001.4072265625,687.4580078125,1001.4072265625
plastic_nut/OK/S0316/plastic_nut_0316_OK_C2_20230930152701.jpg,dino_balanced_own,851.87890625,572.99658203125,851.87890625
plastic_nut/OK/S0316/plastic_nut_0316_OK_C2_20230930152701.jpg,balanced_delete_topleft,996.594970703125,971.62060546875,996.594970703125
plastic_nut/OK/S0316/plastic_nut_0316_OK_C2_20230930152701.jpg,balanced_delete_interior_sham,887.490234375,572.99658203125,887.490234375
plastic_nut/OK/S0316/plastic_nut_0316_OK_C3_20230930152701.jpg,dino_odd_own,754.49609375,737.71533203125,754.49609375
plastic_nut/OK/S0316/plastic_nut_0316_OK_C3_20230930152701.jpg,dino_balanced_own,794.27001953125,582.6669921875,794.27001953125
plastic_nut/OK/S0316/plastic_nut_0316_OK_C3_20230930152701.jpg,balanced_delete_topleft,1001.3857421875,969.4384765625,1001.3857421875
plastic_nut/OK/S0316/plastic_nut_0316_OK_C3_20230930152701.jpg,balanced_delete_interior_sham,794.27001953125,582.6669921875,794.27001953125
plastic_nut/OK/S0316/plastic_nut_0316_OK_C4_20230930152701.jpg,dino_odd_own,973.104248046875,767.6337890625,973.104248046875
plastic_nut/OK/S0316/plastic_nut_0316_OK_C4_20230930152701.jpg,dino_balanced_own,912.08935546875,627.26806640625,912.08935546875
plastic_nut/OK/S0316/plastic_nut_0316_OK_C4_20230930152701.jpg,balanced_delete_topleft,912.08935546875,894.4775390625,912.08935546875
plastic_nut/OK/S0316/plastic_nut_0316_OK_C4_20230930152701.jpg,balanced_delete_interior_sham,912.08935546875,627.26806640625,912.08935546875
plastic_nut/OK/S0316/plastic_nut_0316_OK_C5_20230930152701.jpg,dino_odd_own,910.438232421875,727.13623046875,910.438232421875
plastic_nut/OK/S0316/plastic_nut_0316_OK_C5_20230930152701.jpg,dino_balanced_own,851.346923828125,609.2138671875,851.346923828125
plastic_nut/OK/S0316/plastic_nut_0316_OK_C5_20230930152701.jpg,balanced_delete_topleft,869.29248046875,837.268798828125,869.29248046875
plastic_nut/OK/S0316/plastic_nut_0316_OK_C5_20230930152701.jpg,balanced_delete_interior_sham,851.346923828125,609.2138671875,851.346923828125
plastic_nut/OK/S0317/plastic_nut_0317_OK_C1_20230930152714.jpg,dino_odd_own,992.00634765625,736.5087890625,992.00634765625
plastic_nut/OK/S0317/plastic_nut_0317_OK_C1_20230930152714.jpg,dino_balanced_own,964.49365234375,590.1171875,964.49365234375
plastic_nut/OK/S0317/plastic_nut_0317_OK_C1_20230930152714.jpg,balanced_delete_topleft,1025.40478515625,1025.40478515625,964.49365234375
plastic_nut/OK/S0317/plastic_nut_0317_OK_C1_20230930152714.jpg,balanced_delete_interior_sham,964.49365234375,595.09716796875,964.49365234375
plastic_nut/OK/S0317/plastic_nut_0317_OK_C2_20230930152714.jpg,dino_odd_own,860.229248046875,683.62060546875,860.229248046875
plastic_nut/OK/S0317/plastic_nut_0317_OK_C2_20230930152714.jpg,dino_balanced_own,808.76123046875,541.88525390625,808.76123046875
plastic_nut/OK/S0317/plastic_nut_0317_OK_C2_20230930152714.jpg,balanced_delete_topleft,986.252197265625,961.38623046875,986.252197265625
plastic_nut/OK/S0317/plastic_nut_0317_OK_C2_20230930152714.jpg,balanced_delete_interior_sham,808.76123046875,541.88525390625,808.76123046875
plastic_nut/OK/S0317/plastic_nut_0317_OK_C3_20230930152714.jpg,dino_odd_own,800.00048828125,724.177734375,800.00048828125
plastic_nut/OK/S0317/plastic_nut_0317_OK_C3_20230930152714.jpg,dino_balanced_own,832.07373046875,600.2646484375,832.07373046875
plastic_nut/OK/S0317/plastic_nut_0317_OK_C3_20230930152714.jpg,balanced_delete_topleft,1018.22509765625,981.58544921875,1018.22509765625
plastic_nut/OK/S0317/plastic_nut_0317_OK_C3_20230930152714.jpg,balanced_delete_interior_sham,832.07373046875,600.2646484375,832.07373046875
plastic_nut/OK/S0317/plastic_nut_0317_OK_C4_20230930152714.jpg,dino_odd_own,1044.965576171875,769.287109375,1044.965576171875
plastic_nut/OK/S0317/plastic_nut_0317_OK_C4_20230930152714.jpg,dino_balanced_own,851.19384765625,700.63623046875,851.19384765625
plastic_nut/OK/S0317/plastic_nut_0317_OK_C4_20230930152714.jpg,balanced_delete_topleft,880.43603515625,880.43603515625,851.19384765625
plastic_nut/OK/S0317/plastic_nut_0317_OK_C4_20230930152714.jpg,balanced_delete_interior_sham,947.009521484375,700.63623046875,947.009521484375
plastic_nut/OK/S0317/plastic_nut_0317_OK_C5_20230930152714.jpg,dino_odd_own,931.4296875,745.5400390625,931.4296875
plastic_nut/OK/S0317/plastic_nut_0317_OK_C5_20230930152714.jpg,dino_balanced_own,874.509765625,647.13720703125,874.509765625
plastic_nut/OK/S0317/plastic_nut_0317_OK_C5_20230930152714.jpg,balanced_delete_topleft,899.8466796875,899.8466796875,874.509765625
plastic_nut/OK/S0317/plastic_nut_0317_OK_C5_20230930152714.jpg,balanced_delete_interior_sham,874.509765625,647.13720703125,874.509765625
plastic_nut/OK/S0319/plastic_nut_0319_OK_C1_20230930152728.jpg,dino_odd_own,816.8798828125,797.88720703125,816.8798828125
plastic_nut/OK/S0319/plastic_nut_0319_OK_C1_20230930152728.jpg,dino_balanced_own,800.60693359375,625.7470703125,800.60693359375
plastic_nut/OK/S0319/plastic_nut_0319_OK_C1_20230930152728.jpg,balanced_delete_topleft,996.461669921875,996.461669921875,843.011962890625
plastic_nut/OK/S0319/plastic_nut_0319_OK_C1_20230930152728.jpg,balanced_delete_interior_sham,1067.505615234375,802.788818359375,1067.505615234375
plastic_nut/OK/S0319/plastic_nut_0319_OK_C2_20230930152728.jpg,dino_odd_own,892.80615234375,695.47705078125,892.80615234375
plastic_nut/OK/S0319/plastic_nut_0319_OK_C2_20230930152728.jpg,dino_balanced_own,850.1025390625,582.49365234375,850.1025390625
plastic_nut/OK/S0319/plastic_nut_0319_OK_C2_20230930152728.jpg,balanced_delete_topleft,984.4580078125,932.2177734375,984.4580078125
plastic_nut/OK/S0319/plastic_nut_0319_OK_C2_20230930152728.jpg,balanced_delete_interior_sham,850.1025390625,582.49365234375,850.1025390625
plastic_nut/OK/S0319/plastic_nut_0319_OK_C3_20230930152728.jpg,dino_odd_own,1009.255859375,716.2783203125,1009.255859375
plastic_nut/OK/S0319/plastic_nut_0319_OK_C3_20230930152728.jpg,dino_balanced_own,918.82470703125,563.5654296875,918.82470703125
plastic_nut/OK/S0319/plastic_nut_0319_OK_C3_20230930152728.jpg,balanced_delete_topleft,1006.365966796875,970.9189453125,1006.365966796875
plastic_nut/OK/S0319/plastic_nut_0319_OK_C3_20230930152728.jpg,balanced_delete_interior_sham,918.82470703125,563.5654296875,918.82470703125
plastic_nut/OK/S0319/plastic_nut_0319_OK_C4_20230930152728.jpg,dino_odd_own,935.748779296875,746.39892578125,935.748779296875
plastic_nut/OK/S0319/plastic_nut_0319_OK_C4_20230930152728.jpg,dino_balanced_own,950.5849609375,579.4794921875,950.5849609375
plastic_nut/OK/S0319/plastic_nut_0319_OK_C4_20230930152728.jpg,balanced_delete_topleft,950.5849609375,848.844482421875,950.5849609375
plastic_nut/OK/S0319/plastic_nut_0319_OK_C4_20230930152728.jpg,balanced_delete_interior_sham,950.5849609375,579.4794921875,950.5849609375
plastic_nut/OK/S0319/plastic_nut_0319_OK_C5_20230930152728.jpg,dino_odd_own,849.615234375,740.2626953125,849.615234375
plastic_nut/OK/S0319/plastic_nut_0319_OK_C5_20230930152728.jpg,dino_balanced_own,813.04248046875,643.2353515625,813.04248046875
plastic_nut/OK/S0319/plastic_nut_0319_OK_C5_20230930152728.jpg,balanced_delete_topleft,857.419921875,836.79345703125,857.419921875
plastic_nut/OK/S0319/plastic_nut_0319_OK_C5_20230930152728.jpg,balanced_delete_interior_sham,813.04248046875,643.2353515625,813.04248046875
plastic_nut/OK/S0322/plastic_nut_0322_OK_C1_20230930152758.jpg,dino_odd_own,844.301513671875,812.34423828125,844.301513671875
plastic_nut/OK/S0322/plastic_nut_0322_OK_C1_20230930152758.jpg,dino_balanced_own,808.38134765625,644.08447265625,808.38134765625
plastic_nut/OK/S0322/plastic_nut_0322_OK_C1_20230930152758.jpg,balanced_delete_topleft,1000.32958984375,1000.32958984375,835.91845703125
plastic_nut/OK/S0322/plastic_nut_0322_OK_C1_20230930152758.jpg,balanced_delete_interior_sham,847.71337890625,834.286865234375,847.71337890625
plastic_nut/OK/S0322/plastic_nut_0322_OK_C2_20230930152758.jpg,dino_odd_own,870.797119140625,762.1015625,870.797119140625
plastic_nut/OK/S0322/plastic_nut_0322_OK_C2_20230930152758.jpg,dino_balanced_own,800.73486328125,601.75830078125,800.73486328125
plastic_nut/OK/S0322/plastic_nut_0322_OK_C2_20230930152758.jpg,balanced_delete_topleft,939.62353515625,899.233642578125,939.62353515625
plastic_nut/OK/S0322/plastic_nut_0322_OK_C2_20230930152758.jpg,balanced_delete_interior_sham,800.73486328125,601.75830078125,800.73486328125
plastic_nut/OK/S0322/plastic_nut_0322_OK_C3_20230930152758.jpg,dino_odd_own,1461.66650390625,705.7255859375,1461.66650390625
plastic_nut/OK/S0322/plastic_nut_0322_OK_C3_20230930152758.jpg,dino_balanced_own,1006.376953125,674.455078125,1006.376953125
plastic_nut/OK/S0322/plastic_nut_0322_OK_C3_20230930152758.jpg,balanced_delete_topleft,1027.9970703125,991.48193359375,1027.9970703125
plastic_nut/OK/S0322/plastic_nut_0322_OK_C3_20230930152758.jpg,balanced_delete_interior_sham,1006.376953125,674.455078125,1006.376953125
plastic_nut/OK/S0322/plastic_nut_0322_OK_C4_20230930152758.jpg,dino_odd_own,816.52783203125,816.52783203125,750.90869140625
plastic_nut/OK/S0322/plastic_nut_0322_OK_C4_20230930152758.jpg,dino_balanced_own,845.85693359375,710.0810546875,845.85693359375
plastic_nut/OK/S0322/plastic_nut_0322_OK_C4_20230930152758.jpg,balanced_delete_topleft,860.41064453125,860.41064453125,845.85693359375
plastic_nut/OK/S0322/plastic_nut_0322_OK_C4_20230930152758.jpg,balanced_delete_interior_sham,845.85693359375,710.0810546875,845.85693359375
plastic_nut/OK/S0322/plastic_nut_0322_OK_C5_20230930152758.jpg,dino_odd_own,937.801513671875,721.10107421875,937.801513671875
plastic_nut/OK/S0322/plastic_nut_0322_OK_C5_20230930152758.jpg,dino_balanced_own,998.911865234375,675.2021484375,998.911865234375
plastic_nut/OK/S0322/plastic_nut_0322_OK_C5_20230930152758.jpg,balanced_delete_topleft,998.911865234375,859.947265625,998.911865234375
plastic_nut/OK/S0322/plastic_nut_0322_OK_C5_20230930152758.jpg,balanced_delete_interior_sham,998.911865234375,675.2021484375,998.911865234375
plastic_nut/OK/S0326/plastic_nut_0326_OK_C1_20230930153021.jpg,dino_odd_own,1009.162109375,1009.162109375,863.885498046875
plastic_nut/OK/S0326/plastic_nut_0326_OK_C1_20230930153021.jpg,dino_balanced_own,1004.85400390625,673.89208984375,1004.85400390625
plastic_nut/OK/S0326/plastic_nut_0326_OK_C1_20230930153021.jpg,balanced_delete_topleft,1083.64208984375,1083.64208984375,1004.85400390625
plastic_nut/OK/S0326/plastic_nut_0326_OK_C1_20230930153021.jpg,balanced_delete_interior_sham,1004.85400390625,673.89208984375,1004.85400390625
plastic_nut/OK/S0326/plastic_nut_0326_OK_C2_20230930153021.jpg,dino_odd_own,1571.7978515625,693.88525390625,1571.7978515625
plastic_nut/OK/S0326/plastic_nut_0326_OK_C2_20230930153021.jpg,dino_balanced_own,759.6123046875,641.658203125,759.6123046875
plastic_nut/OK/S0326/plastic_nut_0326_OK_C2_20230930153021.jpg,balanced_delete_topleft,977.42138671875,949.2861328125,977.42138671875
plastic_nut/OK/S0326/plastic_nut_0326_OK_C2_20230930153021.jpg,balanced_delete_interior_sham,759.6123046875,641.658203125,759.6123046875
plastic_nut/OK/S0326/plastic_nut_0326_OK_C3_20230930153021.jpg,dino_odd_own,867.234130859375,721.59130859375,867.234130859375
plastic_nut/OK/S0326/plastic_nut_0326_OK_C3_20230930153021.jpg,dino_balanced_own,920.1962890625,623.79052734375,920.1962890625
plastic_nut/OK/S0326/plastic_nut_0326_OK_C3_20230930153021.jpg,balanced_delete_topleft,990.09716796875,938.57666015625,990.09716796875
plastic_nut/OK/S0326/plastic_nut_0326_OK_C3_20230930153021.jpg,balanced_delete_interior_sham,920.1962890625,623.79052734375,920.1962890625
plastic_nut/OK/S0326/plastic_nut_0326_OK_C4_20230930153021.jpg,dino_odd_own,781.86083984375,689.7919921875,781.86083984375
plastic_nut/OK/S0326/plastic_nut_0326_OK_C4_20230930153021.jpg,dino_balanced_own,814.6767578125,586.35791015625,814.6767578125
plastic_nut/OK/S0326/plastic_nut_0326_OK_C4_20230930153021.jpg,balanced_delete_topleft,948.72119140625,948.72119140625,838.0556640625
plastic_nut/OK/S0326/plastic_nut_0326_OK_C4_20230930153021.jpg,balanced_delete_interior_sham,965.79296875,645.38916015625,965.79296875
plastic_nut/OK/S0326/plastic_nut_0326_OK_C5_20230930153021.jpg,dino_odd_own,820.19677734375,659.0771484375,820.19677734375
plastic_nut/OK/S0326/plastic_nut_0326_OK_C5_20230930153021.jpg,dino_balanced_own,811.1533203125,576.93603515625,811.1533203125
plastic_nut/OK/S0326/plastic_nut_0326_OK_C5_20230930153021.jpg,balanced_delete_topleft,932.7060546875,893.271484375,932.7060546875
plastic_nut/OK/S0326/plastic_nut_0326_OK_C5_20230930153021.jpg,balanced_delete_interior_sham,818.94970703125,576.93603515625,818.94970703125
plastic_nut/OK/S0329/plastic_nut_0329_OK_C1_20230930153203.jpg,dino_odd_own,1003.5849609375,1003.5849609375,857.593017578125
plastic_nut/OK/S0329/plastic_nut_0329_OK_C1_20230930153203.jpg,dino_balanced_own,838.6591796875,653.4072265625,838.6591796875
plastic_nut/OK/S0329/plastic_nut_0329_OK_C1_20230930153203.jpg,balanced_delete_topleft,1090.41357421875,1090.41357421875,943.3515625
plastic_nut/OK/S0329/plastic_nut_0329_OK_C1_20230930153203.jpg,balanced_delete_interior_sham,915.90380859375,656.87744140625,915.90380859375
plastic_nut/OK/S0329/plastic_nut_0329_OK_C2_20230930153203.jpg,dino_odd_own,1297.86474609375,698.542724609375,1297.86474609375
plastic_nut/OK/S0329/plastic_nut_0329_OK_C2_20230930153203.jpg,dino_balanced_own,819.88525390625,599.767578125,819.88525390625
plastic_nut/OK/S0329/plastic_nut_0329_OK_C2_20230930153203.jpg,balanced_delete_topleft,982.7255859375,955.8642578125,982.7255859375
plastic_nut/OK/S0329/plastic_nut_0329_OK_C2_20230930153203.jpg,balanced_delete_interior_sham,819.88525390625,599.767578125,819.88525390625
plastic_nut/OK/S0329/plastic_nut_0329_OK_C3_20230930153203.jpg,dino_odd_own,811.91259765625,811.91259765625,806.580810546875
plastic_nut/OK/S0329/plastic_nut_0329_OK_C3_20230930153203.jpg,dino_balanced_own,745.06396484375,640.22607421875,745.06396484375
plastic_nut/OK/S0329/plastic_nut_0329_OK_C3_20230930153203.jpg,balanced_delete_topleft,1071.19140625,1020.940185546875,1071.19140625
plastic_nut/OK/S0329/plastic_nut_0329_OK_C3_20230930153203.jpg,balanced_delete_interior_sham,806.645263671875,640.22607421875,806.645263671875
plastic_nut/OK/S0329/plastic_nut_0329_OK_C4_20230930153203.jpg,dino_odd_own,754.6220703125,720.09033203125,754.6220703125
plastic_nut/OK/S0329/plastic_nut_0329_OK_C4_20230930153203.jpg,dino_balanced_own,802.80078125,605.86083984375,755.10498046875
plastic_nut/OK/S0329/plastic_nut_0329_OK_C4_20230930153203.jpg,balanced_delete_topleft,951.09423828125,951.09423828125,800.882568359375
plastic_nut/OK/S0329/plastic_nut_0329_OK_C4_20230930153203.jpg,balanced_delete_interior_sham,802.80078125,605.86083984375,755.10498046875
plastic_nut/OK/S0329/plastic_nut_0329_OK_C5_20230930153203.jpg,dino_odd_own,838.031494140625,733.3974609375,838.031494140625
plastic_nut/OK/S0329/plastic_nut_0329_OK_C5_20230930153203.jpg,dino_balanced_own,807.1259765625,576.3974609375,807.1259765625
plastic_nut/OK/S0329/plastic_nut_0329_OK_C5_20230930153203.jpg,balanced_delete_topleft,927.3681640625,893.135986328125,927.3681640625
plastic_nut/OK/S0329/plastic_nut_0329_OK_C5_20230930153203.jpg,balanced_delete_interior_sham,837.64599609375,576.3974609375,837.64599609375
plastic_nut/OK/S0331/plastic_nut_0331_OK_C1_20230930153349.jpg,dino_odd_own,804.970458984375,780.03076171875,804.970458984375
plastic_nut/OK/S0331/plastic_nut_0331_OK_C1_20230930153349.jpg,dino_balanced_own,737.842041015625,617.279052734375,737.842041015625
plastic_nut/OK/S0331/plastic_nut_0331_OK_C1_20230930153349.jpg,balanced_delete_topleft,1015.67431640625,1015.67431640625,849.83642578125
plastic_nut/OK/S0331/plastic_nut_0331_OK_C1_20230930153349.jpg,balanced_delete_interior_sham,754.49755859375,617.279052734375,754.49755859375
plastic_nut/OK/S0331/plastic_nut_0331_OK_C2_20230930153349.jpg,dino_odd_own,1165.6005859375,718.31982421875,1165.6005859375
plastic_nut/OK/S0331/plastic_nut_0331_OK_C2_20230930153349.jpg,dino_balanced_own,738.27099609375,650.39599609375,738.27099609375
plastic_nut/OK/S0331/plastic_nut_0331_OK_C2_20230930153349.jpg,balanced_delete_topleft,994.6171875,962.818359375,994.6171875
plastic_nut/OK/S0331/plastic_nut_0331_OK_C2_20230930153349.jpg,balanced_delete_interior_sham,738.27099609375,650.39599609375,738.27099609375
plastic_nut/OK/S0331/plastic_nut_0331_OK_C3_20230930153349.jpg,dino_odd_own,812.090576171875,782.0185546875,812.090576171875
plastic_nut/OK/S0331/plastic_nut_0331_OK_C3_20230930153349.jpg,dino_balanced_own,850.015625,604.279296875,850.015625
plastic_nut/OK/S0331/plastic_nut_0331_OK_C3_20230930153349.jpg,balanced_delete_topleft,1046.486328125,1007.602294921875,1046.486328125
plastic_nut/OK/S0331/plastic_nut_0331_OK_C3_20230930153349.jpg,balanced_delete_interior_sham,850.015625,604.279296875,850.015625
plastic_nut/OK/S0331/plastic_nut_0331_OK_C4_20230930153349.jpg,dino_odd_own,816.69091796875,742.05615234375,816.69091796875
plastic_nut/OK/S0331/plastic_nut_0331_OK_C4_20230930153349.jpg,dino_balanced_own,848.068115234375,619.62890625,848.068115234375
plastic_nut/OK/S0331/plastic_nut_0331_OK_C4_20230930153349.jpg,balanced_delete_topleft,934.03173828125,934.03173828125,848.068115234375
plastic_nut/OK/S0331/plastic_nut_0331_OK_C4_20230930153349.jpg,balanced_delete_interior_sham,848.068115234375,619.62890625,848.068115234375
plastic_nut/OK/S0331/plastic_nut_0331_OK_C5_20230930153349.jpg,dino_odd_own,1303.2021484375,930.908447265625,1303.2021484375
plastic_nut/OK/S0331/plastic_nut_0331_OK_C5_20230930153349.jpg,dino_balanced_own,971.9580078125,757.52587890625,971.9580078125
plastic_nut/OK/S0331/plastic_nut_0331_OK_C5_20230930153349.jpg,balanced_delete_topleft,1092.52783203125,935.701171875,1092.52783203125
plastic_nut/OK/S0331/plastic_nut_0331_OK_C5_20230930153349.jpg,balanced_delete_interior_sham,971.9580078125,757.52587890625,971.9580078125
plastic_nut/OK/S0338/plastic_nut_0338_OK_C1_20230930153615.jpg,dino_odd_own,894.5048828125,799.750732421875,894.5048828125
plastic_nut/OK/S0338/plastic_nut_0338_OK_C1_20230930153615.jpg,dino_balanced_own,959.4404296875,623.2822265625,959.4404296875
plastic_nut/OK/S0338/plastic_nut_0338_OK_C1_20230930153615.jpg,balanced_delete_topleft,959.4404296875,913.80908203125,959.4404296875
plastic_nut/OK/S0338/plastic_nut_0338_OK_C1_20230930153615.jpg,balanced_delete_interior_sham,959.4404296875,713.7236328125,959.4404296875
plastic_nut/OK/S0338/plastic_nut_0338_OK_C2_20230930153615.jpg,dino_odd_own,1399.25,684.298583984375,1399.25
plastic_nut/OK/S0338/plastic_nut_0338_OK_C2_20230930153615.jpg,dino_balanced_own,794.80908203125,666.03369140625,794.80908203125
plastic_nut/OK/S0338/plastic_nut_0338_OK_C2_20230930153615.jpg,balanced_delete_topleft,1015.02490234375,957.09033203125,1015.02490234375
plastic_nut/OK/S0338/plastic_nut_0338_OK_C2_20230930153615.jpg,balanced_delete_interior_sham,794.80908203125,666.03369140625,794.80908203125
plastic_nut/OK/S0338/plastic_nut_0338_OK_C3_20230930153615.jpg,dino_odd_own,829.31298828125,777.34521484375,829.31298828125
plastic_nut/OK/S0338/plastic_nut_0338_OK_C3_20230930153615.jpg,dino_balanced_own,804.70068359375,590.53955078125,804.70068359375
plastic_nut/OK/S0338/plastic_nut_0338_OK_C3_20230930153615.jpg,balanced_delete_topleft,1046.6474609375,1012.3125,1046.6474609375
plastic_nut/OK/S0338/plastic_nut_0338_OK_C3_20230930153615.jpg,balanced_delete_interior_sham,804.70068359375,590.53955078125,804.70068359375
plastic_nut/OK/S0338/plastic_nut_0338_OK_C4_20230930153615.jpg,dino_odd_own,764.3076171875,758.20263671875,764.3076171875
plastic_nut/OK/S0338/plastic_nut_0338_OK_C4_20230930153615.jpg,dino_balanced_own,859.673583984375,573.08251953125,859.673583984375
plastic_nut/OK/S0338/plastic_nut_0338_OK_C4_20230930153615.jpg,balanced_delete_topleft,947.95556640625,947.95556640625,859.673583984375
plastic_nut/OK/S0338/plastic_nut_0338_OK_C4_20230930153615.jpg,balanced_delete_interior_sham,859.673583984375,573.08251953125,859.673583984375
plastic_nut/OK/S0338/plastic_nut_0338_OK_C5_20230930153615.jpg,dino_odd_own,778.50537109375,670.103515625,778.50537109375
plastic_nut/OK/S0338/plastic_nut_0338_OK_C5_20230930153615.jpg,dino_balanced_own,717.08935546875,590.775390625,692.9384765625
plastic_nut/OK/S0338/plastic_nut_0338_OK_C5_20230930153615.jpg,balanced_delete_topleft,907.92041015625,882.2685546875,907.92041015625
plastic_nut/OK/S0338/plastic_nut_0338_OK_C5_20230930153615.jpg,balanced_delete_interior_sham,775.84765625,590.775390625,775.84765625
plastic_nut/OK/S0339/plastic_nut_0339_OK_C1_20230930153627.jpg,dino_odd_own,1163.25732421875,816.89599609375,1163.25732421875
plastic_nut/OK/S0339/plastic_nut_0339_OK_C1_20230930153627.jpg,dino_balanced_own,1076.284912109375,655.9296875,1076.284912109375
plastic_nut/OK/S0339/plastic_nut_0339_OK_C1_20230930153627.jpg,balanced_delete_topleft,1076.284912109375,959.109375,1076.284912109375
plastic_nut/OK/S0339/plastic_nut_0339_OK_C1_20230930153627.jpg,balanced_delete_interior_sham,1076.284912109375,655.9296875,1076.284912109375
plastic_nut/OK/S0339/plastic_nut_0339_OK_C2_20230930153627.jpg,dino_odd_own,1470.3056640625,700.230712890625,1470.3056640625
plastic_nut/OK/S0339/plastic_nut_0339_OK_C2_20230930153627.jpg,dino_balanced_own,835.9794921875,655.58447265625,835.9794921875
plastic_nut/OK/S0339/plastic_nut_0339_OK_C2_20230930153627.jpg,balanced_delete_topleft,1002.9130859375,944.708984375,1002.9130859375
plastic_nut/OK/S0339/plastic_nut_0339_OK_C2_20230930153627.jpg,balanced_delete_interior_sham,835.9794921875,655.58447265625,835.9794921875
plastic_nut/OK/S0339/plastic_nut_0339_OK_C3_20230930153627.jpg,dino_odd_own,920.77197265625,758.9404296875,920.77197265625
plastic_nut/OK/S0339/plastic_nut_0339_OK_C3_20230930153627.jpg,dino_balanced_own,980.9296875,576.9873046875,980.9296875
plastic_nut/OK/S0339/plastic_nut_0339_OK_C3_20230930153627.jpg,balanced_delete_topleft,1029.64990234375,985.94775390625,1029.64990234375
plastic_nut/OK/S0339/plastic_nut_0339_OK_C3_20230930153627.jpg,balanced_delete_interior_sham,980.9296875,576.9873046875,980.9296875
plastic_nut/OK/S0339/plastic_nut_0339_OK_C4_20230930153627.jpg,dino_odd_own,785.8515625,750.14404296875,785.8515625
plastic_nut/OK/S0339/plastic_nut_0339_OK_C4_20230930153627.jpg,dino_balanced_own,1082.0625,670.98486328125,1082.0625
plastic_nut/OK/S0339/plastic_nut_0339_OK_C4_20230930153627.jpg,balanced_delete_topleft,1082.0625,941.78857421875,1082.0625
plastic_nut/OK/S0339/plastic_nut_0339_OK_C4_20230930153627.jpg,balanced_delete_interior_sham,1082.0625,670.98486328125,1082.0625
plastic_nut/OK/S0339/plastic_nut_0339_OK_C5_20230930153627.jpg,dino_odd_own,815.818115234375,672.7470703125,815.818115234375
plastic_nut/OK/S0339/plastic_nut_0339_OK_C5_20230930153627.jpg,dino_balanced_own,891.5048828125,671.275146484375,891.5048828125
plastic_nut/OK/S0339/plastic_nut_0339_OK_C5_20230930153627.jpg,balanced_delete_topleft,921.962890625,873.44873046875,921.962890625
plastic_nut/OK/S0339/plastic_nut_0339_OK_C5_20230930153627.jpg,balanced_delete_interior_sham,891.5048828125,671.275146484375,891.5048828125
plastic_nut/OK/S0340/plastic_nut_0340_OK_C1_20230930153635.jpg,dino_odd_own,995.077392578125,800.75048828125,995.077392578125
plastic_nut/OK/S0340/plastic_nut_0340_OK_C1_20230930153635.jpg,dino_balanced_own,939.0517578125,652.576171875,939.0517578125
plastic_nut/OK/S0340/plastic_nut_0340_OK_C1_20230930153635.jpg,balanced_delete_topleft,945.52587890625,945.52587890625,939.0517578125
plastic_nut/OK/S0340/plastic_nut_0340_OK_C1_20230930153635.jpg,balanced_delete_interior_sham,939.0517578125,782.4150390625,939.0517578125
plastic_nut/OK/S0340/plastic_nut_0340_OK_C2_20230930153635.jpg,dino_odd_own,1395.209716796875,702.10595703125,1395.209716796875
plastic_nut/OK/S0340/plastic_nut_0340_OK_C2_20230930153635.jpg,dino_balanced_own,777.717041015625,541.2451171875,777.717041015625
plastic_nut/OK/S0340/plastic_nut_0340_OK_C2_20230930153635.jpg,balanced_delete_topleft,1009.84521484375,948.53955078125,1009.84521484375
plastic_nut/OK/S0340/plastic_nut_0340_OK_C2_20230930153635.jpg,balanced_delete_interior_sham,777.717041015625,541.2451171875,777.717041015625
plastic_nut/OK/S0340/plastic_nut_0340_OK_C3_20230930153635.jpg,dino_odd_own,830.54150390625,780.9072265625,830.54150390625
plastic_nut/OK/S0340/plastic_nut_0340_OK_C3_20230930153635.jpg,dino_balanced_own,793.3486328125,592.71484375,793.3486328125
plastic_nut/OK/S0340/plastic_nut_0340_OK_C3_20230930153635.jpg,balanced_delete_topleft,1053.90625,1009.48583984375,1053.90625
plastic_nut/OK/S0340/plastic_nut_0340_OK_C3_20230930153635.jpg,balanced_delete_interior_sham,803.201171875,592.71484375,803.201171875
plastic_nut/OK/S0340/plastic_nut_0340_OK_C4_20230930153635.jpg,dino_odd_own,999.040283203125,763.974609375,999.040283203125
plastic_nut/OK/S0340/plastic_nut_0340_OK_C4_20230930153635.jpg,dino_balanced_own,1197.48486328125,626.048828125,1197.48486328125
plastic_nut/OK/S0340/plastic_nut_0340_OK_C4_20230930153635.jpg,balanced_delete_topleft,1197.48486328125,834.650390625,1197.48486328125
plastic_nut/OK/S0340/plastic_nut_0340_OK_C4_20230930153635.jpg,balanced_delete_interior_sham,1197.48486328125,626.048828125,1197.48486328125
plastic_nut/OK/S0340/plastic_nut_0340_OK_C5_20230930153635.jpg,dino_odd_own,768.84619140625,696.14501953125,768.84619140625
plastic_nut/OK/S0340/plastic_nut_0340_OK_C5_20230930153635.jpg,dino_balanced_own,769.322509765625,585.642578125,769.322509765625
plastic_nut/OK/S0340/plastic_nut_0340_OK_C5_20230930153635.jpg,balanced_delete_topleft,909.85986328125,880.54443359375,909.85986328125
plastic_nut/OK/S0340/plastic_nut_0340_OK_C5_20230930153635.jpg,balanced_delete_interior_sham,769.322509765625,585.642578125,769.322509765625
plastic_nut/OK/S0346/plastic_nut_0346_OK_C1_20230930153745.jpg,dino_odd_own,861.6845703125,729.76416015625,861.6845703125
plastic_nut/OK/S0346/plastic_nut_0346_OK_C1_20230930153745.jpg,dino_balanced_own,817.86181640625,565.19677734375,817.86181640625
plastic_nut/OK/S0346/plastic_nut_0346_OK_C1_20230930153745.jpg,balanced_delete_topleft,905.610107421875,905.610107421875,881.3427734375
plastic_nut/OK/S0346/plastic_nut_0346_OK_C1_20230930153745.jpg,balanced_delete_interior_sham,817.86181640625,565.19677734375,817.86181640625
plastic_nut/OK/S0346/plastic_nut_0346_OK_C2_20230930153745.jpg,dino_odd_own,1379.48486328125,703.50537109375,1379.48486328125
plastic_nut/OK/S0346/plastic_nut_0346_OK_C2_20230930153745.jpg,dino_balanced_own,1209.12890625,584.17822265625,1209.12890625
plastic_nut/OK/S0346/plastic_nut_0346_OK_C2_20230930153745.jpg,balanced_delete_topleft,1209.12890625,984.12158203125,1209.12890625
plastic_nut/OK/S0346/plastic_nut_0346_OK_C2_20230930153745.jpg,balanced_delete_interior_sham,1209.12890625,584.17822265625,1209.12890625
plastic_nut/OK/S0346/plastic_nut_0346_OK_C3_20230930153745.jpg,dino_odd_own,1418.66455078125,789.1142578125,1418.66455078125
plastic_nut/OK/S0346/plastic_nut_0346_OK_C3_20230930153745.jpg,dino_balanced_own,825.400634765625,581.38623046875,825.400634765625
plastic_nut/OK/S0346/plastic_nut_0346_OK_C3_20230930153745.jpg,balanced_delete_topleft,1081.18505859375,1040.48095703125,1081.18505859375
plastic_nut/OK/S0346/plastic_nut_0346_OK_C3_20230930153745.jpg,balanced_delete_interior_sham,825.400634765625,581.38623046875,825.400634765625
plastic_nut/OK/S0346/plastic_nut_0346_OK_C4_20230930153745.jpg,dino_odd_own,865.6611328125,793.01220703125,865.6611328125
plastic_nut/OK/S0346/plastic_nut_0346_OK_C4_20230930153745.jpg,dino_balanced_own,1008.154541015625,606.72314453125,1008.154541015625
plastic_nut/OK/S0346/plastic_nut_0346_OK_C4_20230930153745.jpg,balanced_delete_topleft,1008.154541015625,949.822265625,1008.154541015625
plastic_nut/OK/S0346/plastic_nut_0346_OK_C4_20230930153745.jpg,balanced_delete_interior_sham,1008.154541015625,606.72314453125,1008.154541015625
plastic_nut/OK/S0346/plastic_nut_0346_OK_C5_20230930153745.jpg,dino_odd_own,795.90625,678.7890625,795.90625
plastic_nut/OK/S0346/plastic_nut_0346_OK_C5_20230930153745.jpg,dino_balanced_own,938.349365234375,615.21484375,938.349365234375
plastic_nut/OK/S0346/plastic_nut_0346_OK_C5_20230930153745.jpg,balanced_delete_topleft,938.349365234375,857.87646484375,938.349365234375
plastic_nut/OK/S0346/plastic_nut_0346_OK_C5_20230930153745.jpg,balanced_delete_interior_sham,938.349365234375,615.21484375,938.349365234375
plastic_nut/OK/S0357/plastic_nut_0357_OK_C1_20230930154014.jpg,dino_odd_own,833.53466796875,670.02685546875,833.53466796875
plastic_nut/OK/S0357/plastic_nut_0357_OK_C1_20230930154014.jpg,dino_balanced_own,889.809814453125,580.177734375,889.809814453125
plastic_nut/OK/S0357/plastic_nut_0357_OK_C1_20230930154014.jpg,balanced_delete_topleft,889.809814453125,888.951171875,889.809814453125
plastic_nut/OK/S0357/plastic_nut_0357_OK_C1_20230930154014.jpg,balanced_delete_interior_sham,889.809814453125,580.177734375,889.809814453125
plastic_nut/OK/S0357/plastic_nut_0357_OK_C2_20230930154014.jpg,dino_odd_own,987.033203125,706.57763671875,987.033203125
plastic_nut/OK/S0357/plastic_nut_0357_OK_C2_20230930154014.jpg,dino_balanced_own,1015.8857421875,654.38037109375,1015.8857421875
plastic_nut/OK/S0357/plastic_nut_0357_OK_C2_20230930154014.jpg,balanced_delete_topleft,1015.8857421875,961.7578125,1015.8857421875
plastic_nut/OK/S0357/plastic_nut_0357_OK_C2_20230930154014.jpg,balanced_delete_interior_sham,1045.063720703125,654.38037109375,1045.063720703125
plastic_nut/OK/S0357/plastic_nut_0357_OK_C3_20230930154014.jpg,dino_odd_own,1398.651123046875,794.22412109375,1398.651123046875
plastic_nut/OK/S0357/plastic_nut_0357_OK_C3_20230930154014.jpg,dino_balanced_own,900.0849609375,862.0244140625,900.0849609375
plastic_nut/OK/S0357/plastic_nut_0357_OK_C3_20230930154014.jpg,balanced_delete_topleft,1087.58984375,1069.63623046875,1087.58984375
plastic_nut/OK/S0357/plastic_nut_0357_OK_C3_20230930154014.jpg,balanced_delete_interior_sham,900.0849609375,862.0244140625,900.0849609375
plastic_nut/OK/S0357/plastic_nut_0357_OK_C4_20230930154014.jpg,dino_odd_own,895.001708984375,764.43603515625,895.001708984375
plastic_nut/OK/S0357/plastic_nut_0357_OK_C4_20230930154014.jpg,dino_balanced_own,797.283203125,752.3173828125,797.283203125
plastic_nut/OK/S0357/plastic_nut_0357_OK_C4_20230930154014.jpg,balanced_delete_topleft,880.702880859375,880.702880859375,804.65771484375
plastic_nut/OK/S0357/plastic_nut_0357_OK_C4_20230930154014.jpg,balanced_delete_interior_sham,829.609375,752.3173828125,829.609375
plastic_nut/OK/S0357/plastic_nut_0357_OK_C5_20230930154014.jpg,dino_odd_own,905.856689453125,716.29833984375,905.856689453125
plastic_nut/OK/S0357/plastic_nut_0357_OK_C5_20230930154014.jpg,dino_balanced_own,787.475830078125,577.5478515625,787.475830078125
plastic_nut/OK/S0357/plastic_nut_0357_OK_C5_20230930154014.jpg,balanced_delete_topleft,912.603515625,886.88818359375,912.603515625
plastic_nut/OK/S0357/plastic_nut_0357_OK_C5_20230930154014.jpg,balanced_delete_interior_sham,876.47265625,583.19140625,876.47265625
plastic_nut/OK/S0358/plastic_nut_0358_OK_C1_20230930154023.jpg,dino_odd_own,846.3671875,748.2568359375,846.3671875
plastic_nut/OK/S0358/plastic_nut_0358_OK_C1_20230930154023.jpg,dino_balanced_own,846.3671875,698.607421875,846.3671875
plastic_nut/OK/S0358/plastic_nut_0358_OK_C1_20230930154023.jpg,balanced_delete_topleft,954.89697265625,954.89697265625,846.3671875
plastic_nut/OK/S0358/plastic_nut_0358_OK_C1_20230930154023.jpg,balanced_delete_interior_sham,849.39599609375,698.607421875,849.39599609375
plastic_nut/OK/S0358/plastic_nut_0358_OK_C2_20230930154023.jpg,dino_odd_own,823.571044921875,722.59423828125,823.571044921875
plastic_nut/OK/S0358/plastic_nut_0358_OK_C2_20230930154023.jpg,dino_balanced_own,820.63427734375,627.46337890625,820.63427734375
plastic_nut/OK/S0358/plastic_nut_0358_OK_C2_20230930154023.jpg,balanced_delete_topleft,1003.6142578125,958.38330078125,1003.6142578125
plastic_nut/OK/S0358/plastic_nut_0358_OK_C2_20230930154023.jpg,balanced_delete_interior_sham,820.63427734375,627.46337890625,820.63427734375
plastic_nut/OK/S0358/plastic_nut_0358_OK_C3_20230930154023.jpg,dino_odd_own,1486.83056640625,820.99658203125,1486.83056640625
plastic_nut/OK/S0358/plastic_nut_0358_OK_C3_20230930154023.jpg,dino_balanced_own,781.43408203125,620.59521484375,781.43408203125
plastic_nut/OK/S0358/plastic_nut_0358_OK_C3_20230930154023.jpg,balanced_delete_topleft,1090.33642578125,1029.2177734375,1090.33642578125
plastic_nut/OK/S0358/plastic_nut_0358_OK_C3_20230930154023.jpg,balanced_delete_interior_sham,781.43408203125,620.59521484375,781.43408203125
plastic_nut/OK/S0358/plastic_nut_0358_OK_C4_20230930154023.jpg,dino_odd_own,767.8720703125,767.8720703125,760.336669921875
plastic_nut/OK/S0358/plastic_nut_0358_OK_C4_20230930154023.jpg,dino_balanced_own,754.710693359375,738.0390625,754.710693359375
plastic_nut/OK/S0358/plastic_nut_0358_OK_C4_20230930154023.jpg,balanced_delete_topleft,900.5498046875,900.5498046875,796.076416015625
plastic_nut/OK/S0358/plastic_nut_0358_OK_C4_20230930154023.jpg,balanced_delete_interior_sham,754.710693359375,738.0390625,754.710693359375
plastic_nut/OK/S0358/plastic_nut_0358_OK_C5_20230930154023.jpg,dino_odd_own,808.29931640625,702.4970703125,808.29931640625
plastic_nut/OK/S0358/plastic_nut_0358_OK_C5_20230930154023.jpg,dino_balanced_own,799.6318359375,621.1630859375,799.6318359375
plastic_nut/OK/S0358/plastic_nut_0358_OK_C5_20230930154023.jpg,balanced_delete_topleft,914.96142578125,857.61083984375,914.96142578125
plastic_nut/OK/S0358/plastic_nut_0358_OK_C5_20230930154023.jpg,balanced_delete_interior_sham,799.6318359375,621.1630859375,799.6318359375
plastic_nut/OK/S0360/plastic_nut_0360_OK_C1_20230930154055.jpg,dino_odd_own,888.64501953125,778.85693359375,888.64501953125
plastic_nut/OK/S0360/plastic_nut_0360_OK_C1_20230930154055.jpg,dino_balanced_own,890.3056640625,574.1435546875,890.3056640625
plastic_nut/OK/S0360/plastic_nut_0360_OK_C1_20230930154055.jpg,balanced_delete_topleft,974.44921875,974.44921875,890.3056640625
plastic_nut/OK/S0360/plastic_nut_0360_OK_C1_20230930154055.jpg,balanced_delete_interior_sham,890.3056640625,574.1435546875,890.3056640625
plastic_nut/OK/S0360/plastic_nut_0360_OK_C2_20230930154055.jpg,dino_odd_own,901.365234375,701.06982421875,901.365234375
plastic_nut/OK/S0360/plastic_nut_0360_OK_C2_20230930154055.jpg,dino_balanced_own,952.192138671875,570.95703125,952.192138671875
plastic_nut/OK/S0360/plastic_nut_0360_OK_C2_20230930154055.jpg,balanced_delete_topleft,990.73828125,958.15478515625,990.73828125
plastic_nut/OK/S0360/plastic_nut_0360_OK_C2_20230930154055.jpg,balanced_delete_interior_sham,952.192138671875,570.95703125,952.192138671875
plastic_nut/OK/S0360/plastic_nut_0360_OK_C3_20230930154055.jpg,dino_odd_own,1447.52783203125,798.06591796875,1447.52783203125
plastic_nut/OK/S0360/plastic_nut_0360_OK_C3_20230930154055.jpg,dino_balanced_own,847.0,617.70361328125,847.0
plastic_nut/OK/S0360/plastic_nut_0360_OK_C3_20230930154055.jpg,balanced_delete_topleft,1083.120849609375,1012.217529296875,1083.120849609375
plastic_nut/OK/S0360/plastic_nut_0360_OK_C3_20230930154055.jpg,balanced_delete_interior_sham,847.16015625,617.70361328125,847.16015625
plastic_nut/OK/S0360/plastic_nut_0360_OK_C4_20230930154055.jpg,dino_odd_own,751.224609375,751.224609375,712.87451171875
plastic_nut/OK/S0360/plastic_nut_0360_OK_C4_20230930154055.jpg,dino_balanced_own,775.302978515625,594.3603515625,775.302978515625
plastic_nut/OK/S0360/plastic_nut_0360_OK_C4_20230930154055.jpg,balanced_delete_topleft,909.69775390625,909.69775390625,803.371337890625
plastic_nut/OK/S0360/plastic_nut_0360_OK_C4_20230930154055.jpg,balanced_delete_interior_sham,785.70458984375,594.3603515625,785.70458984375
plastic_nut/OK/S0360/plastic_nut_0360_OK_C5_20230930154055.jpg,dino_odd_own,992.2275390625,703.3037109375,992.2275390625
plastic_nut/OK/S0360/plastic_nut_0360_OK_C5_20230930154055.jpg,dino_balanced_own,846.84326171875,613.306640625,846.84326171875
plastic_nut/OK/S0360/plastic_nut_0360_OK_C5_20230930154055.jpg,balanced_delete_topleft,906.5498046875,878.63916015625,906.5498046875
plastic_nut/OK/S0360/plastic_nut_0360_OK_C5_20230930154055.jpg,balanced_delete_interior_sham,846.84326171875,613.306640625,846.84326171875
plastic_nut/OK/S0362/plastic_nut_0362_OK_C1_20230930154112.jpg,dino_odd_own,808.81591796875,719.14990234375,808.81591796875
plastic_nut/OK/S0362/plastic_nut_0362_OK_C1_20230930154112.jpg,dino_balanced_own,896.814453125,539.611328125,896.814453125
plastic_nut/OK/S0362/plastic_nut_0362_OK_C1_20230930154112.jpg,balanced_delete_topleft,942.779296875,942.779296875,896.814453125
plastic_nut/OK/S0362/plastic_nut_0362_OK_C1_20230930154112.jpg,balanced_delete_interior_sham,896.814453125,539.611328125,896.814453125
plastic_nut/OK/S0362/plastic_nut_0362_OK_C2_20230930154112.jpg,dino_odd_own,713.2724609375,713.2724609375,712.599609375
plastic_nut/OK/S0362/plastic_nut_0362_OK_C2_20230930154112.jpg,dino_balanced_own,744.56201171875,580.259765625,744.56201171875
plastic_nut/OK/S0362/plastic_nut_0362_OK_C2_20230930154112.jpg,balanced_delete_topleft,985.005859375,951.5869140625,985.005859375
plastic_nut/OK/S0362/plastic_nut_0362_OK_C2_20230930154112.jpg,balanced_delete_interior_sham,744.56201171875,580.259765625,744.56201171875
plastic_nut/OK/S0362/plastic_nut_0362_OK_C3_20230930154112.jpg,dino_odd_own,1403.8232421875,814.4033203125,1403.8232421875
plastic_nut/OK/S0362/plastic_nut_0362_OK_C3_20230930154112.jpg,dino_balanced_own,780.78271484375,638.861328125,780.78271484375
plastic_nut/OK/S0362/plastic_nut_0362_OK_C3_20230930154112.jpg,balanced_delete_topleft,1094.2451171875,1032.96923828125,1094.2451171875
plastic_nut/OK/S0362/plastic_nut_0362_OK_C3_20230930154112.jpg,balanced_delete_interior_sham,780.78271484375,638.861328125,780.78271484375
plastic_nut/OK/S0362/plastic_nut_0362_OK_C4_20230930154112.jpg,dino_odd_own,761.9970703125,761.9970703125,750.44677734375
plastic_nut/OK/S0362/plastic_nut_0362_OK_C4_20230930154112.jpg,dino_balanced_own,762.689453125,744.0595703125,762.689453125
plastic_nut/OK/S0362/plastic_nut_0362_OK_C4_20230930154112.jpg,balanced_delete_topleft,861.125,861.125,798.37890625
plastic_nut/OK/S0362/plastic_nut_0362_OK_C4_20230930154112.jpg,balanced_delete_interior_sham,762.689453125,744.0595703125,762.689453125
plastic_nut/OK/S0362/plastic_nut_0362_OK_C5_20230930154112.jpg,dino_odd_own,742.66162109375,700.18994140625,742.66162109375
plastic_nut/OK/S0362/plastic_nut_0362_OK_C5_20230930154112.jpg,dino_balanced_own,922.981689453125,669.5390625,922.981689453125
plastic_nut/OK/S0362/plastic_nut_0362_OK_C5_20230930154112.jpg,balanced_delete_topleft,922.981689453125,883.25439453125,922.981689453125
plastic_nut/OK/S0362/plastic_nut_0362_OK_C5_20230930154112.jpg,balanced_delete_interior_sham,922.981689453125,669.5390625,922.981689453125
plastic_nut/OK/S0373/plastic_nut_0373_OK_C1_20230930154354.jpg,dino_odd_own,977.77197265625,746.80810546875,977.77197265625
plastic_nut/OK/S0373/plastic_nut_0373_OK_C1_20230930154354.jpg,dino_balanced_own,913.630126953125,626.18408203125,913.630126953125
plastic_nut/OK/S0373/plastic_nut_0373_OK_C1_20230930154354.jpg,balanced_delete_topleft,913.630126953125,905.0439453125,913.630126953125
plastic_nut/OK/S0373/plastic_nut_0373_OK_C1_20230930154354.jpg,balanced_delete_interior_sham,913.630126953125,670.33203125,913.630126953125
plastic_nut/OK/S0373/plastic_nut_0373_OK_C2_20230930154354.jpg,dino_odd_own,977.83154296875,753.181640625,977.83154296875
plastic_nut/OK/S0373/plastic_nut_0373_OK_C2_20230930154354.jpg,dino_balanced_own,926.587890625,638.068359375,926.587890625
plastic_nut/OK/S0373/plastic_nut_0373_OK_C2_20230930154354.jpg,balanced_delete_topleft,1016.958984375,963.5732421875,1016.958984375
plastic_nut/OK/S0373/plastic_nut_0373_OK_C2_20230930154354.jpg,balanced_delete_interior_sham,926.587890625,638.068359375,926.587890625
plastic_nut/OK/S0373/plastic_nut_0373_OK_C3_20230930154354.jpg,dino_odd_own,1426.0078125,809.17236328125,1426.0078125
plastic_nut/OK/S0373/plastic_nut_0373_OK_C3_20230930154354.jpg,dino_balanced_own,1182.26416015625,637.318359375,1182.26416015625
plastic_nut/OK/S0373/plastic_nut_0373_OK_C3_20230930154354.jpg,balanced_delete_topleft,1182.26416015625,1027.73193359375,1182.26416015625
plastic_nut/OK/S0373/plastic_nut_0373_OK_C3_20230930154354.jpg,balanced_delete_interior_sham,1182.26416015625,637.318359375,1182.26416015625
plastic_nut/OK/S0373/plastic_nut_0373_OK_C4_20230930154354.jpg,dino_odd_own,903.935546875,720.2314453125,903.935546875
plastic_nut/OK/S0373/plastic_nut_0373_OK_C4_20230930154354.jpg,dino_balanced_own,945.1337890625,585.53955078125,945.1337890625
plastic_nut/OK/S0373/plastic_nut_0373_OK_C4_20230930154354.jpg,balanced_delete_topleft,945.1337890625,941.666015625,945.1337890625
plastic_nut/OK/S0373/plastic_nut_0373_OK_C4_20230930154354.jpg,balanced_delete_interior_sham,945.1337890625,585.53955078125,945.1337890625
plastic_nut/OK/S0373/plastic_nut_0373_OK_C5_20230930154354.jpg,dino_odd_own,916.512451171875,732.353515625,916.512451171875
plastic_nut/OK/S0373/plastic_nut_0373_OK_C5_20230930154354.jpg,dino_balanced_own,814.230712890625,659.67822265625,814.230712890625
plastic_nut/OK/S0373/plastic_nut_0373_OK_C5_20230930154354.jpg,balanced_delete_topleft,863.869140625,863.869140625,850.75146484375
plastic_nut/OK/S0373/plastic_nut_0373_OK_C5_20230930154354.jpg,balanced_delete_interior_sham,814.230712890625,659.67822265625,814.230712890625
plastic_nut/OK/S0377/plastic_nut_0377_OK_C1_20230930154459.jpg,dino_odd_own,833.94091796875,742.359375,833.94091796875
plastic_nut/OK/S0377/plastic_nut_0377_OK_C1_20230930154459.jpg,dino_balanced_own,916.755126953125,596.5087890625,916.755126953125
plastic_nut/OK/S0377/plastic_nut_0377_OK_C1_20230930154459.jpg,balanced_delete_topleft,916.755126953125,901.064453125,916.755126953125
plastic_nut/OK/S0377/plastic_nut_0377_OK_C1_20230930154459.jpg,balanced_delete_interior_sham,1233.965087890625,596.5087890625,1233.965087890625
plastic_nut/OK/S0377/plastic_nut_0377_OK_C2_20230930154459.jpg,dino_odd_own,808.0498046875,724.3056640625,808.0498046875
plastic_nut/OK/S0377/plastic_nut_0377_OK_C2_20230930154459.jpg,dino_balanced_own,1000.38134765625,639.5986328125,1000.38134765625
plastic_nut/OK/S0377/plastic_nut_0377_OK_C2_20230930154459.jpg,balanced_delete_topleft,1005.5224609375,949.5556640625,1005.5224609375
plastic_nut/OK/S0377/plastic_nut_0377_OK_C2_20230930154459.jpg,balanced_delete_interior_sham,1000.38134765625,639.5986328125,1000.38134765625
plastic_nut/OK/S0377/plastic_nut_0377_OK_C3_20230930154459.jpg,dino_odd_own,1209.2431640625,784.6142578125,1209.2431640625
plastic_nut/OK/S0377/plastic_nut_0377_OK_C3_20230930154459.jpg,dino_balanced_own,698.916015625,570.6904296875,698.916015625
plastic_nut/OK/S0377/plastic_nut_0377_OK_C3_20230930154459.jpg,balanced_delete_topleft,1076.38134765625,998.17236328125,1076.38134765625
plastic_nut/OK/S0377/plastic_nut_0377_OK_C3_20230930154459.jpg,balanced_delete_interior_sham,740.368896484375,570.6904296875,740.368896484375
plastic_nut/OK/S0377/plastic_nut_0377_OK_C4_20230930154459.jpg,dino_odd_own,928.27978515625,772.87353515625,928.27978515625
plastic_nut/OK/S0377/plastic_nut_0377_OK_C4_20230930154459.jpg,dino_balanced_own,796.020263671875,596.4873046875,796.020263671875
plastic_nut/OK/S0377/plastic_nut_0377_OK_C4_20230930154459.jpg,balanced_delete_topleft,919.4833984375,919.4833984375,796.020263671875
plastic_nut/OK/S0377/plastic_nut_0377_OK_C4_20230930154459.jpg,balanced_delete_interior_sham,851.419921875,596.4873046875,851.419921875
plastic_nut/OK/S0377/plastic_nut_0377_OK_C5_20230930154459.jpg,dino_odd_own,907.57470703125,740.07177734375,907.57470703125
plastic_nut/OK/S0377/plastic_nut_0377_OK_C5_20230930154459.jpg,dino_balanced_own,840.166748046875,619.8466796875,840.166748046875
plastic_nut/OK/S0377/plastic_nut_0377_OK_C5_20230930154459.jpg,balanced_delete_topleft,848.9794921875,848.9794921875,842.6826171875
plastic_nut/OK/S0377/plastic_nut_0377_OK_C5_20230930154459.jpg,balanced_delete_interior_sham,840.166748046875,684.11181640625,840.166748046875
plastic_nut/OK/S0411/plastic_nut_0411_OK_C1_20230930155900.jpg,dino_odd_own,1007.047607421875,726.69091796875,1007.047607421875
plastic_nut/OK/S0411/plastic_nut_0411_OK_C1_20230930155900.jpg,dino_balanced_own,1002.416015625,677.288818359375,1002.416015625
plastic_nut/OK/S0411/plastic_nut_0411_OK_C1_20230930155900.jpg,balanced_delete_topleft,1002.416015625,979.296875,1002.416015625
plastic_nut/OK/S0411/plastic_nut_0411_OK_C1_20230930155900.jpg,balanced_delete_interior_sham,1002.416015625,677.288818359375,1002.416015625
plastic_nut/OK/S0411/plastic_nut_0411_OK_C2_20230930155900.jpg,dino_odd_own,852.04296875,731.76806640625,852.04296875
plastic_nut/OK/S0411/plastic_nut_0411_OK_C2_20230930155900.jpg,dino_balanced_own,897.099853515625,635.12744140625,897.099853515625
plastic_nut/OK/S0411/plastic_nut_0411_OK_C2_20230930155900.jpg,balanced_delete_topleft,970.47705078125,932.66650390625,970.47705078125
plastic_nut/OK/S0411/plastic_nut_0411_OK_C2_20230930155900.jpg,balanced_delete_interior_sham,897.099853515625,656.64111328125,897.099853515625
plastic_nut/OK/S0411/plastic_nut_0411_OK_C3_20230930155900.jpg,dino_odd_own,914.64111328125,762.748046875,914.64111328125
plastic_nut/OK/S0411/plastic_nut_0411_OK_C3_20230930155900.jpg,dino_balanced_own,839.89111328125,631.420166015625,839.89111328125
plastic_nut/OK/S0411/plastic_nut_0411_OK_C3_20230930155900.jpg,balanced_delete_topleft,989.46044921875,964.951171875,989.46044921875
plastic_nut/OK/S0411/plastic_nut_0411_OK_C3_20230930155900.jpg,balanced_delete_interior_sham,839.89111328125,631.420166015625,839.89111328125
plastic_nut/OK/S0411/plastic_nut_0411_OK_C4_20230930155900.jpg,dino_odd_own,880.4609375,783.10595703125,880.4609375
plastic_nut/OK/S0411/plastic_nut_0411_OK_C4_20230930155900.jpg,dino_balanced_own,800.7275390625,580.01806640625,800.7275390625
plastic_nut/OK/S0411/plastic_nut_0411_OK_C4_20230930155900.jpg,balanced_delete_topleft,862.099365234375,862.099365234375,826.9091796875
plastic_nut/OK/S0411/plastic_nut_0411_OK_C4_20230930155900.jpg,balanced_delete_interior_sham,800.7275390625,580.01806640625,800.7275390625
plastic_nut/OK/S0411/plastic_nut_0411_OK_C5_20230930155900.jpg,dino_odd_own,842.47607421875,686.29541015625,842.47607421875
plastic_nut/OK/S0411/plastic_nut_0411_OK_C5_20230930155900.jpg,dino_balanced_own,806.755859375,566.365234375,806.755859375
plastic_nut/OK/S0411/plastic_nut_0411_OK_C5_20230930155900.jpg,balanced_delete_topleft,928.23095703125,869.1416015625,928.23095703125
plastic_nut/OK/S0411/plastic_nut_0411_OK_C5_20230930155900.jpg,balanced_delete_interior_sham,806.755859375,566.365234375,806.755859375
plastic_nut/OK/S0412/plastic_nut_0412_OK_C1_20230930155913.jpg,dino_odd_own,1120.2275390625,761.13720703125,1120.2275390625
plastic_nut/OK/S0412/plastic_nut_0412_OK_C1_20230930155913.jpg,dino_balanced_own,1103.147216796875,605.32666015625,1103.147216796875
plastic_nut/OK/S0412/plastic_nut_0412_OK_C1_20230930155913.jpg,balanced_delete_topleft,1103.147216796875,1025.261962890625,1103.147216796875
plastic_nut/OK/S0412/plastic_nut_0412_OK_C1_20230930155913.jpg,balanced_delete_interior_sham,1103.147216796875,641.00830078125,1103.147216796875
plastic_nut/OK/S0412/plastic_nut_0412_OK_C2_20230930155913.jpg,dino_odd_own,926.87646484375,732.1201171875,926.87646484375
plastic_nut/OK/S0412/plastic_nut_0412_OK_C2_20230930155913.jpg,dino_balanced_own,854.0859375,594.1123046875,854.0859375
plastic_nut/OK/S0412/plastic_nut_0412_OK_C2_20230930155913.jpg,balanced_delete_topleft,1001.37841796875,948.4091796875,1001.37841796875
plastic_nut/OK/S0412/plastic_nut_0412_OK_C2_20230930155913.jpg,balanced_delete_interior_sham,854.0859375,594.1123046875,854.0859375
plastic_nut/OK/S0412/plastic_nut_0412_OK_C3_20230930155913.jpg,dino_odd_own,960.505126953125,766.5712890625,960.505126953125
plastic_nut/OK/S0412/plastic_nut_0412_OK_C3_20230930155913.jpg,dino_balanced_own,895.53076171875,639.08935546875,895.53076171875
plastic_nut/OK/S0412/plastic_nut_0412_OK_C3_20230930155913.jpg,balanced_delete_topleft,1009.119140625,980.8583984375,1009.119140625
plastic_nut/OK/S0412/plastic_nut_0412_OK_C3_20230930155913.jpg,balanced_delete_interior_sham,895.53076171875,639.08935546875,895.53076171875
plastic_nut/OK/S0412/plastic_nut_0412_OK_C4_20230930155913.jpg,dino_odd_own,970.586669921875,792.33056640625,970.586669921875
plastic_nut/OK/S0412/plastic_nut_0412_OK_C4_20230930155913.jpg,dino_balanced_own,1002.179443359375,669.80419921875,1002.179443359375
plastic_nut/OK/S0412/plastic_nut_0412_OK_C4_20230930155913.jpg,balanced_delete_topleft,1002.179443359375,974.579345703125,1002.179443359375
plastic_nut/OK/S0412/plastic_nut_0412_OK_C4_20230930155913.jpg,balanced_delete_interior_sham,1002.179443359375,669.80419921875,1002.179443359375
plastic_nut/OK/S0412/plastic_nut_0412_OK_C5_20230930155913.jpg,dino_odd_own,1095.2470703125,653.72998046875,1095.2470703125
plastic_nut/OK/S0412/plastic_nut_0412_OK_C5_20230930155913.jpg,dino_balanced_own,884.8076171875,590.74853515625,884.8076171875
plastic_nut/OK/S0412/plastic_nut_0412_OK_C5_20230930155913.jpg,balanced_delete_topleft,931.650390625,862.39697265625,931.650390625
plastic_nut/OK/S0412/plastic_nut_0412_OK_C5_20230930155913.jpg,balanced_delete_interior_sham,884.8076171875,598.6083984375,884.8076171875
plastic_nut/OK/S0415/plastic_nut_0415_OK_C1_20230930155950.jpg,dino_odd_own,937.31689453125,812.1337890625,937.31689453125
plastic_nut/OK/S0415/plastic_nut_0415_OK_C1_20230930155950.jpg,dino_balanced_own,951.67919921875,655.22900390625,951.67919921875
plastic_nut/OK/S0415/plastic_nut_0415_OK_C1_20230930155950.jpg,balanced_delete_topleft,1072.59423828125,1072.59423828125,951.67919921875
plastic_nut/OK/S0415/plastic_nut_0415_OK_C1_20230930155950.jpg,balanced_delete_interior_sham,994.65771484375,655.22900390625,994.65771484375
plastic_nut/OK/S0415/plastic_nut_0415_OK_C2_20230930155950.jpg,dino_odd_own,772.816162109375,699.22265625,772.816162109375
plastic_nut/OK/S0415/plastic_nut_0415_OK_C2_20230930155950.jpg,dino_balanced_own,752.218017578125,538.776611328125,752.218017578125
plastic_nut/OK/S0415/plastic_nut_0415_OK_C2_20230930155950.jpg,balanced_delete_topleft,982.4375,949.73876953125,982.4375
plastic_nut/OK/S0415/plastic_nut_0415_OK_C2_20230930155950.jpg,balanced_delete_interior_sham,752.218017578125,554.75244140625,752.218017578125
plastic_nut/OK/S0415/plastic_nut_0415_OK_C3_20230930155950.jpg,dino_odd_own,1210.94873046875,797.90576171875,1210.94873046875
plastic_nut/OK/S0415/plastic_nut_0415_OK_C3_20230930155950.jpg,dino_balanced_own,969.42578125,638.9375,969.42578125
plastic_nut/OK/S0415/plastic_nut_0415_OK_C3_20230930155950.jpg,balanced_delete_topleft,998.34228515625,968.685546875,998.34228515625
plastic_nut/OK/S0415/plastic_nut_0415_OK_C3_20230930155950.jpg,balanced_delete_interior_sham,969.42578125,638.9375,969.42578125
plastic_nut/OK/S0415/plastic_nut_0415_OK_C4_20230930155950.jpg,dino_odd_own,936.8388671875,825.079833984375,936.8388671875
plastic_nut/OK/S0415/plastic_nut_0415_OK_C4_20230930155950.jpg,dino_balanced_own,856.125,580.36572265625,856.125
plastic_nut/OK/S0415/plastic_nut_0415_OK_C4_20230930155950.jpg,balanced_delete_topleft,894.88818359375,894.88818359375,856.125
plastic_nut/OK/S0415/plastic_nut_0415_OK_C4_20230930155950.jpg,balanced_delete_interior_sham,856.125,580.36572265625,856.125
plastic_nut/OK/S0415/plastic_nut_0415_OK_C5_20230930155950.jpg,dino_odd_own,829.48046875,656.2177734375,829.48046875
plastic_nut/OK/S0415/plastic_nut_0415_OK_C5_20230930155950.jpg,dino_balanced_own,755.970703125,560.45458984375,755.970703125
plastic_nut/OK/S0415/plastic_nut_0415_OK_C5_20230930155950.jpg,balanced_delete_topleft,907.845703125,881.173828125,907.845703125
plastic_nut/OK/S0415/plastic_nut_0415_OK_C5_20230930155950.jpg,balanced_delete_interior_sham,787.681640625,560.45458984375,787.681640625
plastic_nut/OK/S0417/plastic_nut_0417_OK_C1_20230930160012.jpg,dino_odd_own,1379.5390625,821.5869140625,1379.5390625
plastic_nut/OK/S0417/plastic_nut_0417_OK_C1_20230930160012.jpg,dino_balanced_own,898.16845703125,771.951904296875,898.16845703125
plastic_nut/OK/S0417/plastic_nut_0417_OK_C1_20230930160012.jpg,balanced_delete_topleft,1098.201171875,1098.201171875,898.16845703125
plastic_nut/OK/S0417/plastic_nut_0417_OK_C1_20230930160012.jpg,balanced_delete_interior_sham,898.16845703125,771.951904296875,898.16845703125
plastic_nut/OK/S0417/plastic_nut_0417_OK_C2_20230930160012.jpg,dino_odd_own,907.5166015625,704.56884765625,907.5166015625
plastic_nut/OK/S0417/plastic_nut_0417_OK_C2_20230930160012.jpg,dino_balanced_own,894.53759765625,583.171875,894.53759765625
plastic_nut/OK/S0417/plastic_nut_0417_OK_C2_20230930160012.jpg,balanced_delete_topleft,971.68603515625,936.85205078125,971.68603515625
plastic_nut/OK/S0417/plastic_nut_0417_OK_C2_20230930160012.jpg,balanced_delete_interior_sham,894.53759765625,583.171875,894.53759765625
plastic_nut/OK/S0417/plastic_nut_0417_OK_C3_20230930160012.jpg,dino_odd_own,947.4189453125,782.28125,947.4189453125
plastic_nut/OK/S0417/plastic_nut_0417_OK_C3_20230930160012.jpg,dino_balanced_own,899.47412109375,586.0107421875,899.47412109375
plastic_nut/OK/S0417/plastic_nut_0417_OK_C3_20230930160012.jpg,balanced_delete_topleft,999.2421875,966.3935546875,999.2421875
plastic_nut/OK/S0417/plastic_nut_0417_OK_C3_20230930160012.jpg,balanced_delete_interior_sham,899.47412109375,586.0107421875,899.47412109375
plastic_nut/OK/S0417/plastic_nut_0417_OK_C4_20230930160012.jpg,dino_odd_own,1075.1953125,786.93994140625,1075.1953125
plastic_nut/OK/S0417/plastic_nut_0417_OK_C4_20230930160012.jpg,dino_balanced_own,1025.10009765625,660.705078125,1025.10009765625
plastic_nut/OK/S0417/plastic_nut_0417_OK_C4_20230930160012.jpg,balanced_delete_topleft,1025.10009765625,927.34033203125,1025.10009765625
plastic_nut/OK/S0417/plastic_nut_0417_OK_C4_20230930160012.jpg,balanced_delete_interior_sham,1025.10009765625,660.705078125,1025.10009765625
plastic_nut/OK/S0417/plastic_nut_0417_OK_C5_20230930160012.jpg,dino_odd_own,1221.64990234375,658.56298828125,1221.64990234375
plastic_nut/OK/S0417/plastic_nut_0417_OK_C5_20230930160012.jpg,dino_balanced_own,797.3291015625,586.9560546875,797.3291015625
plastic_nut/OK/S0417/plastic_nut_0417_OK_C5_20230930160012.jpg,balanced_delete_topleft,932.15185546875,869.8525390625,932.15185546875
plastic_nut/OK/S0417/plastic_nut_0417_OK_C5_20230930160012.jpg,balanced_delete_interior_sham,808.90234375,586.9560546875,808.90234375
plastic_nut/OK/S0425/plastic_nut_0425_OK_C1_20230930160213.jpg,dino_odd_own,854.751953125,751.0615234375,854.751953125
plastic_nut/OK/S0425/plastic_nut_0425_OK_C1_20230930160213.jpg,dino_balanced_own,965.046875,640.009521484375,965.046875
plastic_nut/OK/S0425/plastic_nut_0425_OK_C1_20230930160213.jpg,balanced_delete_topleft,999.0078125,999.0078125,965.046875
plastic_nut/OK/S0425/plastic_nut_0425_OK_C1_20230930160213.jpg,balanced_delete_interior_sham,965.046875,640.009521484375,965.046875
plastic_nut/OK/S0425/plastic_nut_0425_OK_C2_20230930160213.jpg,dino_odd_own,768.13330078125,682.8203125,768.13330078125
plastic_nut/OK/S0425/plastic_nut_0425_OK_C2_20230930160213.jpg,dino_balanced_own,778.778564453125,709.671142578125,778.778564453125
plastic_nut/OK/S0425/plastic_nut_0425_OK_C2_20230930160213.jpg,balanced_delete_topleft,993.13232421875,942.9736328125,993.13232421875
plastic_nut/OK/S0425/plastic_nut_0425_OK_C2_20230930160213.jpg,balanced_delete_interior_sham,778.778564453125,709.671142578125,778.778564453125
plastic_nut/OK/S0425/plastic_nut_0425_OK_C3_20230930160213.jpg,dino_odd_own,969.621337890625,795.95751953125,969.621337890625
plastic_nut/OK/S0425/plastic_nut_0425_OK_C3_20230930160213.jpg,dino_balanced_own,920.525146484375,631.97900390625,920.525146484375
plastic_nut/OK/S0425/plastic_nut_0425_OK_C3_20230930160213.jpg,balanced_delete_topleft,1025.08935546875,967.974609375,1025.08935546875
plastic_nut/OK/S0425/plastic_nut_0425_OK_C3_20230930160213.jpg,balanced_delete_interior_sham,920.525146484375,631.97900390625,920.525146484375
plastic_nut/OK/S0425/plastic_nut_0425_OK_C4_20230930160213.jpg,dino_odd_own,959.603515625,736.8125,959.603515625
plastic_nut/OK/S0425/plastic_nut_0425_OK_C4_20230930160213.jpg,dino_balanced_own,891.50146484375,625.42529296875,891.50146484375
plastic_nut/OK/S0425/plastic_nut_0425_OK_C4_20230930160213.jpg,balanced_delete_topleft,1012.6044921875,1012.6044921875,891.50146484375
plastic_nut/OK/S0425/plastic_nut_0425_OK_C4_20230930160213.jpg,balanced_delete_interior_sham,891.50146484375,625.42529296875,891.50146484375
plastic_nut/OK/S0425/plastic_nut_0425_OK_C5_20230930160213.jpg,dino_odd_own,730.511962890625,675.7646484375,730.511962890625
plastic_nut/OK/S0425/plastic_nut_0425_OK_C5_20230930160213.jpg,dino_balanced_own,730.25537109375,583.4541015625,730.25537109375
plastic_nut/OK/S0425/plastic_nut_0425_OK_C5_20230930160213.jpg,balanced_delete_topleft,902.30224609375,870.89794921875,902.30224609375
plastic_nut/OK/S0425/plastic_nut_0425_OK_C5_20230930160213.jpg,balanced_delete_interior_sham,731.52099609375,583.4541015625,731.52099609375
plastic_nut/OK/S0429/plastic_nut_0429_OK_C1_20230930160516.jpg,dino_odd_own,874.055908203125,798.129150390625,874.055908203125
plastic_nut/OK/S0429/plastic_nut_0429_OK_C1_20230930160516.jpg,dino_balanced_own,980.071533203125,643.85009765625,980.071533203125
plastic_nut/OK/S0429/plastic_nut_0429_OK_C1_20230930160516.jpg,balanced_delete_topleft,1077.59521484375,1077.59521484375,980.071533203125
plastic_nut/OK/S0429/plastic_nut_0429_OK_C1_20230930160516.jpg,balanced_delete_interior_sham,980.071533203125,664.623046875,980.071533203125
plastic_nut/OK/S0429/plastic_nut_0429_OK_C2_20230930160516.jpg,dino_odd_own,1386.04052734375,690.81689453125,1386.04052734375
plastic_nut/OK/S0429/plastic_nut_0429_OK_C2_20230930160516.jpg,dino_balanced_own,914.7177734375,659.45166015625,914.7177734375
plastic_nut/OK/S0429/plastic_nut_0429_OK_C2_20230930160516.jpg,balanced_delete_topleft,1017.5283203125,961.283203125,1017.5283203125
plastic_nut/OK/S0429/plastic_nut_0429_OK_C2_20230930160516.jpg,balanced_delete_interior_sham,914.7177734375,659.45166015625,914.7177734375
plastic_nut/OK/S0429/plastic_nut_0429_OK_C3_20230930160516.jpg,dino_odd_own,815.01806640625,782.68115234375,815.01806640625
plastic_nut/OK/S0429/plastic_nut_0429_OK_C3_20230930160516.jpg,dino_balanced_own,815.78125,582.154296875,815.78125
plastic_nut/OK/S0429/plastic_nut_0429_OK_C3_20230930160516.jpg,balanced_delete_topleft,1054.49169921875,1031.26513671875,1054.49169921875
plastic_nut/OK/S0429/plastic_nut_0429_OK_C3_20230930160516.jpg,balanced_delete_interior_sham,815.78125,582.154296875,815.78125
plastic_nut/OK/S0429/plastic_nut_0429_OK_C4_20230930160516.jpg,dino_odd_own,824.739990234375,724.873046875,824.739990234375
plastic_nut/OK/S0429/plastic_nut_0429_OK_C4_20230930160516.jpg,dino_balanced_own,893.5068359375,651.171875,893.5068359375
plastic_nut/OK/S0429/plastic_nut_0429_OK_C4_20230930160516.jpg,balanced_delete_topleft,967.46826171875,967.46826171875,893.5068359375
plastic_nut/OK/S0429/plastic_nut_0429_OK_C4_20230930160516.jpg,balanced_delete_interior_sham,893.5068359375,651.171875,893.5068359375
plastic_nut/OK/S0429/plastic_nut_0429_OK_C5_20230930160516.jpg,dino_odd_own,753.988037109375,700.39306640625,753.988037109375
plastic_nut/OK/S0429/plastic_nut_0429_OK_C5_20230930160516.jpg,dino_balanced_own,749.75830078125,703.37890625,749.75830078125
plastic_nut/OK/S0429/plastic_nut_0429_OK_C5_20230930160516.jpg,balanced_delete_topleft,910.8076171875,878.69873046875,910.8076171875
plastic_nut/OK/S0429/plastic_nut_0429_OK_C5_20230930160516.jpg,balanced_delete_interior_sham,755.844482421875,703.37890625,755.844482421875
plastic_nut/OK/S0433/plastic_nut_0433_OK_C1_20230930160743.jpg,dino_odd_own,960.629150390625,773.41015625,960.629150390625
plastic_nut/OK/S0433/plastic_nut_0433_OK_C1_20230930160743.jpg,dino_balanced_own,1037.375,538.83984375,1037.375
plastic_nut/OK/S0433/plastic_nut_0433_OK_C1_20230930160743.jpg,balanced_delete_topleft,1071.1728515625,1071.1728515625,1037.375
plastic_nut/OK/S0433/plastic_nut_0433_OK_C1_20230930160743.jpg,balanced_delete_interior_sham,1037.375,568.140625,1037.375
plastic_nut/OK/S0433/plastic_nut_0433_OK_C2_20230930160743.jpg,dino_odd_own,846.92578125,754.06591796875,846.92578125
plastic_nut/OK/S0433/plastic_nut_0433_OK_C2_20230930160743.jpg,dino_balanced_own,860.04931640625,632.08642578125,860.04931640625
plastic_nut/OK/S0433/plastic_nut_0433_OK_C2_20230930160743.jpg,balanced_delete_topleft,963.70849609375,908.37255859375,963.70849609375
plastic_nut/OK/S0433/plastic_nut_0433_OK_C2_20230930160743.jpg,balanced_delete_interior_sham,860.04931640625,632.08642578125,860.04931640625
plastic_nut/OK/S0433/plastic_nut_0433_OK_C3_20230930160743.jpg,dino_odd_own,1036.08642578125,792.8447265625,1036.08642578125
plastic_nut/OK/S0433/plastic_nut_0433_OK_C3_20230930160743.jpg,dino_balanced_own,902.4267578125,627.208984375,902.4267578125
plastic_nut/OK/S0433/plastic_nut_0433_OK_C3_20230930160743.jpg,balanced_delete_topleft,1039.71240234375,1014.0302734375,1039.71240234375
plastic_nut/OK/S0433/plastic_nut_0433_OK_C3_20230930160743.jpg,balanced_delete_interior_sham,902.4267578125,627.208984375,902.4267578125
plastic_nut/OK/S0433/plastic_nut_0433_OK_C4_20230930160743.jpg,dino_odd_own,1203.744873046875,770.45849609375,1203.744873046875
plastic_nut/OK/S0433/plastic_nut_0433_OK_C4_20230930160743.jpg,dino_balanced_own,885.708251953125,553.271484375,885.708251953125
plastic_nut/OK/S0433/plastic_nut_0433_OK_C4_20230930160743.jpg,balanced_delete_topleft,926.00830078125,926.00830078125,885.708251953125
plastic_nut/OK/S0433/plastic_nut_0433_OK_C4_20230930160743.jpg,balanced_delete_interior_sham,885.708251953125,553.271484375,885.708251953125
plastic_nut/OK/S0433/plastic_nut_0433_OK_C5_20230930160743.jpg,dino_odd_own,852.51513671875,743.52587890625,852.51513671875
plastic_nut/OK/S0433/plastic_nut_0433_OK_C5_20230930160743.jpg,dino_balanced_own,823.9248046875,633.28271484375,823.9248046875
plastic_nut/OK/S0433/plastic_nut_0433_OK_C5_20230930160743.jpg,balanced_delete_topleft,916.62841796875,864.90673828125,916.62841796875
plastic_nut/OK/S0433/plastic_nut_0433_OK_C5_20230930160743.jpg,balanced_delete_interior_sham,823.9248046875,633.28271484375,823.9248046875
plastic_nut/OK/S0434/plastic_nut_0434_OK_C1_20230930160824.jpg,dino_odd_own,831.251708984375,831.251708984375,797.77392578125
plastic_nut/OK/S0434/plastic_nut_0434_OK_C1_20230930160824.jpg,dino_balanced_own,924.12451171875,642.47314453125,924.12451171875
plastic_nut/OK/S0434/plastic_nut_0434_OK_C1_20230930160824.jpg,balanced_delete_topleft,1085.86962890625,1085.86962890625,995.26220703125
plastic_nut/OK/S0434/plastic_nut_0434_OK_C1_20230930160824.jpg,balanced_delete_interior_sham,924.12451171875,642.47314453125,924.12451171875
plastic_nut/OK/S0434/plastic_nut_0434_OK_C2_20230930160824.jpg,dino_odd_own,880.33740234375,697.2548828125,880.33740234375
plastic_nut/OK/S0434/plastic_nut_0434_OK_C2_20230930160824.jpg,dino_balanced_own,900.573974609375,679.47900390625,900.573974609375
plastic_nut/OK/S0434/plastic_nut_0434_OK_C2_20230930160824.jpg,balanced_delete_topleft,900.573974609375,886.138671875,900.573974609375
plastic_nut/OK/S0434/plastic_nut_0434_OK_C2_20230930160824.jpg,balanced_delete_interior_sham,900.573974609375,679.47900390625,900.573974609375
plastic_nut/OK/S0434/plastic_nut_0434_OK_C3_20230930160824.jpg,dino_odd_own,1060.328369140625,782.41259765625,1060.328369140625
plastic_nut/OK/S0434/plastic_nut_0434_OK_C3_20230930160824.jpg,dino_balanced_own,933.466552734375,612.555419921875,933.466552734375
plastic_nut/OK/S0434/plastic_nut_0434_OK_C3_20230930160824.jpg,balanced_delete_topleft,1051.619873046875,991.2578125,1051.619873046875
plastic_nut/OK/S0434/plastic_nut_0434_OK_C3_20230930160824.jpg,balanced_delete_interior_sham,933.466552734375,612.555419921875,933.466552734375
plastic_nut/OK/S0434/plastic_nut_0434_OK_C4_20230930160824.jpg,dino_odd_own,1204.12255859375,751.73876953125,1204.12255859375
plastic_nut/OK/S0434/plastic_nut_0434_OK_C4_20230930160824.jpg,dino_balanced_own,868.868408203125,629.36279296875,868.868408203125
plastic_nut/OK/S0434/plastic_nut_0434_OK_C4_20230930160824.jpg,balanced_delete_topleft,933.267578125,933.267578125,868.868408203125
plastic_nut/OK/S0434/plastic_nut_0434_OK_C4_20230930160824.jpg,balanced_delete_interior_sham,868.868408203125,629.36279296875,868.868408203125
plastic_nut/OK/S0434/plastic_nut_0434_OK_C5_20230930160824.jpg,dino_odd_own,760.10791015625,686.25927734375,760.10791015625
plastic_nut/OK/S0434/plastic_nut_0434_OK_C5_20230930160824.jpg,dino_balanced_own,877.36669921875,594.236328125,877.36669921875
plastic_nut/OK/S0434/plastic_nut_0434_OK_C5_20230930160824.jpg,balanced_delete_topleft,937.6474609375,937.6474609375,877.36669921875
plastic_nut/OK/S0434/plastic_nut_0434_OK_C5_20230930160824.jpg,balanced_delete_interior_sham,877.36669921875,594.236328125,877.36669921875
plastic_nut/OK/S0458/plastic_nut_0458_OK_C1_20230930162131.jpg,dino_odd_own,1106.28271484375,735.427734375,1106.28271484375
plastic_nut/OK/S0458/plastic_nut_0458_OK_C1_20230930162131.jpg,dino_balanced_own,1027.746826171875,576.4873046875,1027.746826171875
plastic_nut/OK/S0458/plastic_nut_0458_OK_C1_20230930162131.jpg,balanced_delete_topleft,1027.746826171875,934.169189453125,1027.746826171875
plastic_nut/OK/S0458/plastic_nut_0458_OK_C1_20230930162131.jpg,balanced_delete_interior_sham,1027.746826171875,667.697509765625,1027.746826171875
plastic_nut/OK/S0458/plastic_nut_0458_OK_C2_20230930162131.jpg,dino_odd_own,757.787353515625,746.2353515625,757.787353515625
plastic_nut/OK/S0458/plastic_nut_0458_OK_C2_20230930162131.jpg,dino_balanced_own,893.9580078125,542.21337890625,893.9580078125
plastic_nut/OK/S0458/plastic_nut_0458_OK_C2_20230930162131.jpg,balanced_delete_topleft,934.5302734375,892.939453125,934.5302734375
plastic_nut/OK/S0458/plastic_nut_0458_OK_C2_20230930162131.jpg,balanced_delete_interior_sham,925.759765625,566.69482421875,925.759765625
plastic_nut/OK/S0458/plastic_nut_0458_OK_C3_20230930162131.jpg,dino_odd_own,799.888916015625,788.8818359375,799.888916015625
plastic_nut/OK/S0458/plastic_nut_0458_OK_C3_20230930162131.jpg,dino_balanced_own,741.81982421875,606.72119140625,741.81982421875
plastic_nut/OK/S0458/plastic_nut_0458_OK_C3_20230930162131.jpg,balanced_delete_topleft,1032.576171875,981.87646484375,1032.576171875
plastic_nut/OK/S0458/plastic_nut_0458_OK_C3_20230930162131.jpg,balanced_delete_interior_sham,748.68310546875,606.72119140625,748.68310546875
plastic_nut/OK/S0458/plastic_nut_0458_OK_C4_20230930162131.jpg,dino_odd_own,1022.39599609375,809.55615234375,1022.39599609375
plastic_nut/OK/S0458/plastic_nut_0458_OK_C4_20230930162131.jpg,dino_balanced_own,1017.5029296875,599.96875,1017.5029296875
plastic_nut/OK/S0458/plastic_nut_0458_OK_C4_20230930162131.jpg,balanced_delete_topleft,1017.5029296875,925.559326171875,1017.5029296875
plastic_nut/OK/S0458/plastic_nut_0458_OK_C4_20230930162131.jpg,balanced_delete_interior_sham,1017.5029296875,599.96875,1017.5029296875
plastic_nut/OK/S0458/plastic_nut_0458_OK_C5_20230930162131.jpg,dino_odd_own,918.4228515625,661.92724609375,918.4228515625
plastic_nut/OK/S0458/plastic_nut_0458_OK_C5_20230930162131.jpg,dino_balanced_own,806.50732421875,547.7255859375,806.50732421875
plastic_nut/OK/S0458/plastic_nut_0458_OK_C5_20230930162131.jpg,balanced_delete_topleft,917.189453125,857.431884765625,917.189453125
plastic_nut/OK/S0458/plastic_nut_0458_OK_C5_20230930162131.jpg,balanced_delete_interior_sham,806.50732421875,547.7255859375,806.50732421875
plastic_nut/OK/S0464/plastic_nut_0464_OK_C1_20230930162227.jpg,dino_odd_own,1195.29248046875,793.93115234375,1195.29248046875
plastic_nut/OK/S0464/plastic_nut_0464_OK_C1_20230930162227.jpg,dino_balanced_own,1016.73876953125,607.647216796875,1016.73876953125
plastic_nut/OK/S0464/plastic_nut_0464_OK_C1_20230930162227.jpg,balanced_delete_topleft,1016.73876953125,951.91162109375,1016.73876953125
plastic_nut/OK/S0464/plastic_nut_0464_OK_C1_20230930162227.jpg,balanced_delete_interior_sham,1016.73876953125,618.259765625,1016.73876953125
plastic_nut/OK/S0464/plastic_nut_0464_OK_C2_20230930162227.jpg,dino_odd_own,804.802734375,718.1162109375,804.802734375
plastic_nut/OK/S0464/plastic_nut_0464_OK_C2_20230930162227.jpg,dino_balanced_own,870.00927734375,552.0166015625,870.00927734375
plastic_nut/OK/S0464/plastic_nut_0464_OK_C2_20230930162227.jpg,balanced_delete_topleft,967.0341796875,913.490234375,967.0341796875
plastic_nut/OK/S0464/plastic_nut_0464_OK_C2_20230930162227.jpg,balanced_delete_interior_sham,870.00927734375,552.0166015625,870.00927734375
plastic_nut/OK/S0464/plastic_nut_0464_OK_C3_20230930162227.jpg,dino_odd_own,867.05615234375,813.9443359375,867.05615234375
plastic_nut/OK/S0464/plastic_nut_0464_OK_C3_20230930162227.jpg,dino_balanced_own,970.1259765625,640.939453125,970.1259765625
plastic_nut/OK/S0464/plastic_nut_0464_OK_C3_20230930162227.jpg,balanced_delete_topleft,1044.064453125,985.2841796875,1044.064453125
plastic_nut/OK/S0464/plastic_nut_0464_OK_C3_20230930162227.jpg,balanced_delete_interior_sham,970.1259765625,640.939453125,970.1259765625
plastic_nut/OK/S0464/plastic_nut_0464_OK_C4_20230930162227.jpg,dino_odd_own,785.95703125,751.78173828125,785.95703125
plastic_nut/OK/S0464/plastic_nut_0464_OK_C4_20230930162227.jpg,dino_balanced_own,869.03466796875,732.79248046875,869.03466796875
plastic_nut/OK/S0464/plastic_nut_0464_OK_C4_20230930162227.jpg,balanced_delete_topleft,924.33642578125,924.33642578125,869.03466796875
plastic_nut/OK/S0464/plastic_nut_0464_OK_C4_20230930162227.jpg,balanced_delete_interior_sham,869.03466796875,732.79248046875,869.03466796875
plastic_nut/OK/S0464/plastic_nut_0464_OK_C5_20230930162227.jpg,dino_odd_own,981.84326171875,693.47802734375,981.84326171875
plastic_nut/OK/S0464/plastic_nut_0464_OK_C5_20230930162227.jpg,dino_balanced_own,981.84326171875,577.8486328125,981.84326171875
plastic_nut/OK/S0464/plastic_nut_0464_OK_C5_20230930162227.jpg,balanced_delete_topleft,981.84326171875,861.78662109375,981.84326171875
plastic_nut/OK/S0464/plastic_nut_0464_OK_C5_20230930162227.jpg,balanced_delete_interior_sham,981.84326171875,577.8486328125,981.84326171875
plastic_nut/OK/S0469/plastic_nut_0469_OK_C1_20230930162341.jpg,dino_odd_own,968.196533203125,775.4716796875,968.196533203125
plastic_nut/OK/S0469/plastic_nut_0469_OK_C1_20230930162341.jpg,dino_balanced_own,967.065185546875,667.18896484375,967.065185546875
plastic_nut/OK/S0469/plastic_nut_0469_OK_C1_20230930162341.jpg,balanced_delete_topleft,1028.404052734375,1028.404052734375,967.065185546875
plastic_nut/OK/S0469/plastic_nut_0469_OK_C1_20230930162341.jpg,balanced_delete_interior_sham,967.065185546875,667.18896484375,967.065185546875
plastic_nut/OK/S0469/plastic_nut_0469_OK_C2_20230930162341.jpg,dino_odd_own,751.079345703125,711.42822265625,751.079345703125
plastic_nut/OK/S0469/plastic_nut_0469_OK_C2_20230930162341.jpg,dino_balanced_own,817.657470703125,557.28515625,817.657470703125
plastic_nut/OK/S0469/plastic_nut_0469_OK_C2_20230930162341.jpg,balanced_delete_topleft,989.0791015625,931.91748046875,989.0791015625
plastic_nut/OK/S0469/plastic_nut_0469_OK_C2_20230930162341.jpg,balanced_delete_interior_sham,817.657470703125,735.2412109375,817.657470703125
plastic_nut/OK/S0469/plastic_nut_0469_OK_C3_20230930162341.jpg,dino_odd_own,979.509765625,809.62890625,979.509765625
plastic_nut/OK/S0469/plastic_nut_0469_OK_C3_20230930162341.jpg,dino_balanced_own,856.73583984375,623.6748046875,856.73583984375
plastic_nut/OK/S0469/plastic_nut_0469_OK_C3_20230930162341.jpg,balanced_delete_topleft,1048.275390625,998.52392578125,1048.275390625
plastic_nut/OK/S0469/plastic_nut_0469_OK_C3_20230930162341.jpg,balanced_delete_interior_sham,856.73583984375,623.6748046875,856.73583984375
plastic_nut/OK/S0469/plastic_nut_0469_OK_C4_20230930162341.jpg,dino_odd_own,817.056396484375,776.3154296875,817.056396484375
plastic_nut/OK/S0469/plastic_nut_0469_OK_C4_20230930162341.jpg,dino_balanced_own,806.55126953125,640.0673828125,806.55126953125
plastic_nut/OK/S0469/plastic_nut_0469_OK_C4_20230930162341.jpg,balanced_delete_topleft,895.01611328125,895.01611328125,806.55126953125
plastic_nut/OK/S0469/plastic_nut_0469_OK_C4_20230930162341.jpg,balanced_delete_interior_sham,806.55126953125,640.0673828125,806.55126953125
plastic_nut/OK/S0469/plastic_nut_0469_OK_C5_20230930162341.jpg,dino_odd_own,811.96484375,811.96484375,804.29345703125
plastic_nut/OK/S0469/plastic_nut_0469_OK_C5_20230930162341.jpg,dino_balanced_own,949.9658203125,782.6474609375,949.9658203125
plastic_nut/OK/S0469/plastic_nut_0469_OK_C5_20230930162341.jpg,balanced_delete_topleft,1007.72900390625,1007.72900390625,949.9658203125
plastic_nut/OK/S0469/plastic_nut_0469_OK_C5_20230930162341.jpg,balanced_delete_interior_sham,949.9658203125,782.6474609375,949.9658203125
plastic_nut/OK/S0471/plastic_nut_0471_OK_C1_20230930162357.jpg,dino_odd_own,847.479736328125,786.2626953125,847.479736328125
plastic_nut/OK/S0471/plastic_nut_0471_OK_C1_20230930162357.jpg,dino_balanced_own,914.11669921875,611.40185546875,914.11669921875
plastic_nut/OK/S0471/plastic_nut_0471_OK_C1_20230930162357.jpg,balanced_delete_topleft,1080.9384765625,1080.9384765625,914.11669921875
plastic_nut/OK/S0471/plastic_nut_0471_OK_C1_20230930162357.jpg,balanced_delete_interior_sham,914.11669921875,611.40185546875,914.11669921875
plastic_nut/OK/S0471/plastic_nut_0471_OK_C2_20230930162357.jpg,dino_odd_own,818.739501953125,666.59228515625,818.739501953125
plastic_nut/OK/S0471/plastic_nut_0471_OK_C2_20230930162357.jpg,dino_balanced_own,1027.915283203125,583.12939453125,1027.915283203125
plastic_nut/OK/S0471/plastic_nut_0471_OK_C2_20230930162357.jpg,balanced_delete_topleft,1027.915283203125,940.4580078125,1027.915283203125
plastic_nut/OK/S0471/plastic_nut_0471_OK_C2_20230930162357.jpg,balanced_delete_interior_sham,1027.915283203125,583.12939453125,1027.915283203125
plastic_nut/OK/S0471/plastic_nut_0471_OK_C3_20230930162357.jpg,dino_odd_own,818.542724609375,816.79052734375,818.542724609375
plastic_nut/OK/S0471/plastic_nut_0471_OK_C3_20230930162357.jpg,dino_balanced_own,876.3388671875,606.16943359375,876.3388671875
plastic_nut/OK/S0471/plastic_nut_0471_OK_C3_20230930162357.jpg,balanced_delete_topleft,1064.2109375,1014.12060546875,1064.2109375
plastic_nut/OK/S0471/plastic_nut_0471_OK_C3_20230930162357.jpg,balanced_delete_interior_sham,876.3388671875,606.16943359375,876.3388671875
plastic_nut/OK/S0471/plastic_nut_0471_OK_C4_20230930162357.jpg,dino_odd_own,838.0537109375,775.767578125,838.0537109375
plastic_nut/OK/S0471/plastic_nut_0471_OK_C4_20230930162357.jpg,dino_balanced_own,847.6162109375,605.43115234375,847.6162109375
plastic_nut/OK/S0471/plastic_nut_0471_OK_C4_20230930162357.jpg,balanced_delete_topleft,921.26513671875,921.26513671875,847.6162109375
plastic_nut/OK/S0471/plastic_nut_0471_OK_C4_20230930162357.jpg,balanced_delete_interior_sham,847.6162109375,605.43115234375,847.6162109375
plastic_nut/OK/S0471/plastic_nut_0471_OK_C5_20230930162357.jpg,dino_odd_own,961.399658203125,899.85693359375,961.399658203125
plastic_nut/OK/S0471/plastic_nut_0471_OK_C5_20230930162357.jpg,dino_balanced_own,967.886474609375,918.6591796875,967.886474609375
plastic_nut/OK/S0471/plastic_nut_0471_OK_C5_20230930162357.jpg,balanced_delete_topleft,1162.052001953125,1162.052001953125,1000.037109375
plastic_nut/OK/S0471/plastic_nut_0471_OK_C5_20230930162357.jpg,balanced_delete_interior_sham,977.0302734375,918.6591796875,977.0302734375
plastic_nut/OK/S0476/plastic_nut_0476_OK_C1_20230930162451.jpg,dino_odd_own,924.3525390625,797.81640625,924.3525390625
plastic_nut/OK/S0476/plastic_nut_0476_OK_C1_20230930162451.jpg,dino_balanced_own,994.98681640625,582.37451171875,994.98681640625
plastic_nut/OK/S0476/plastic_nut_0476_OK_C1_20230930162451.jpg,balanced_delete_topleft,1020.09326171875,1020.09326171875,994.98681640625
plastic_nut/OK/S0476/plastic_nut_0476_OK_C1_20230930162451.jpg,balanced_delete_interior_sham,994.98681640625,582.37451171875,994.98681640625
plastic_nut/OK/S0476/plastic_nut_0476_OK_C2_20230930162451.jpg,dino_odd_own,830.746826171875,743.48583984375,830.746826171875
plastic_nut/OK/S0476/plastic_nut_0476_OK_C2_20230930162451.jpg,dino_balanced_own,942.134765625,683.2236328125,942.134765625
plastic_nut/OK/S0476/plastic_nut_0476_OK_C2_20230930162451.jpg,balanced_delete_topleft,1009.7763671875,949.89990234375,1009.7763671875
plastic_nut/OK/S0476/plastic_nut_0476_OK_C2_20230930162451.jpg,balanced_delete_interior_sham,942.134765625,683.2236328125,942.134765625
plastic_nut/OK/S0476/plastic_nut_0476_OK_C3_20230930162451.jpg,dino_odd_own,868.11328125,795.70361328125,868.11328125
plastic_nut/OK/S0476/plastic_nut_0476_OK_C3_20230930162451.jpg,dino_balanced_own,1037.813232421875,657.8466796875,1037.813232421875
plastic_nut/OK/S0476/plastic_nut_0476_OK_C3_20230930162451.jpg,balanced_delete_topleft,1037.813232421875,982.6416015625,1037.813232421875
plastic_nut/OK/S0476/plastic_nut_0476_OK_C3_20230930162451.jpg,balanced_delete_interior_sham,1037.813232421875,657.8466796875,1037.813232421875
plastic_nut/OK/S0476/plastic_nut_0476_OK_C4_20230930162451.jpg,dino_odd_own,787.04296875,769.3017578125,787.04296875
plastic_nut/OK/S0476/plastic_nut_0476_OK_C4_20230930162451.jpg,dino_balanced_own,756.736328125,717.1748046875,756.736328125
plastic_nut/OK/S0476/plastic_nut_0476_OK_C4_20230930162451.jpg,balanced_delete_topleft,971.016845703125,971.016845703125,800.75244140625
plastic_nut/OK/S0476/plastic_nut_0476_OK_C4_20230930162451.jpg,balanced_delete_interior_sham,769.234130859375,717.1748046875,769.234130859375
plastic_nut/OK/S0476/plastic_nut_0476_OK_C5_20230930162451.jpg,dino_odd_own,917.679443359375,672.00732421875,917.679443359375
plastic_nut/OK/S0476/plastic_nut_0476_OK_C5_20230930162451.jpg,dino_balanced_own,855.1044921875,650.6728515625,855.1044921875
plastic_nut/OK/S0476/plastic_nut_0476_OK_C5_20230930162451.jpg,balanced_delete_topleft,927.771484375,871.96044921875,927.771484375
plastic_nut/OK/S0476/plastic_nut_0476_OK_C5_20230930162451.jpg,balanced_delete_interior_sham,855.1044921875,650.6728515625,855.1044921875
plastic_nut/OK/S0487/plastic_nut_0487_OK_C1_20230930162648.jpg,dino_odd_own,1308.46240234375,766.05517578125,1308.46240234375
plastic_nut/OK/S0487/plastic_nut_0487_OK_C1_20230930162648.jpg,dino_balanced_own,1348.899169921875,593.7255859375,1348.899169921875
plastic_nut/OK/S0487/plastic_nut_0487_OK_C1_20230930162648.jpg,balanced_delete_topleft,1348.899169921875,1068.22314453125,1348.899169921875
plastic_nut/OK/S0487/plastic_nut_0487_OK_C1_20230930162648.jpg,balanced_delete_interior_sham,1348.899169921875,676.546875,1348.899169921875
plastic_nut/OK/S0487/plastic_nut_0487_OK_C2_20230930162648.jpg,dino_odd_own,950.834716796875,708.79296875,950.834716796875
plastic_nut/OK/S0487/plastic_nut_0487_OK_C2_20230930162648.jpg,dino_balanced_own,941.05908203125,587.843505859375,941.05908203125
plastic_nut/OK/S0487/plastic_nut_0487_OK_C2_20230930162648.jpg,balanced_delete_topleft,968.7900390625,914.2216796875,968.7900390625
plastic_nut/OK/S0487/plastic_nut_0487_OK_C2_20230930162648.jpg,balanced_delete_interior_sham,941.05908203125,587.843505859375,941.05908203125
plastic_nut/OK/S0487/plastic_nut_0487_OK_C3_20230930162648.jpg,dino_odd_own,939.58935546875,791.4658203125,939.58935546875
plastic_nut/OK/S0487/plastic_nut_0487_OK_C3_20230930162648.jpg,dino_balanced_own,756.706298828125,597.05224609375,756.706298828125
plastic_nut/OK/S0487/plastic_nut_0487_OK_C3_20230930162648.jpg,balanced_delete_topleft,1008.8564453125,959.3837890625,1008.8564453125
plastic_nut/OK/S0487/plastic_nut_0487_OK_C3_20230930162648.jpg,balanced_delete_interior_sham,875.436279296875,597.05224609375,875.436279296875
plastic_nut/OK/S0487/plastic_nut_0487_OK_C4_20230930162648.jpg,dino_odd_own,812.58740234375,812.58740234375,755.697021484375
plastic_nut/OK/S0487/plastic_nut_0487_OK_C4_20230930162648.jpg,dino_balanced_own,851.502685546875,600.20654296875,851.502685546875
plastic_nut/OK/S0487/plastic_nut_0487_OK_C4_20230930162648.jpg,balanced_delete_topleft,900.831787109375,900.831787109375,851.502685546875
plastic_nut/OK/S0487/plastic_nut_0487_OK_C4_20230930162648.jpg,balanced_delete_interior_sham,851.502685546875,600.20654296875,851.502685546875
plastic_nut/OK/S0487/plastic_nut_0487_OK_C5_20230930162648.jpg,dino_odd_own,996.728515625,709.58642578125,996.728515625
plastic_nut/OK/S0487/plastic_nut_0487_OK_C5_20230930162648.jpg,dino_balanced_own,996.728515625,622.2109375,996.728515625
plastic_nut/OK/S0487/plastic_nut_0487_OK_C5_20230930162648.jpg,balanced_delete_topleft,996.728515625,864.59765625,996.728515625
plastic_nut/OK/S0487/plastic_nut_0487_OK_C5_20230930162648.jpg,balanced_delete_interior_sham,996.728515625,622.2109375,996.728515625
plastic_nut/OK/S0492/plastic_nut_0492_OK_C1_20230930162755.jpg,dino_odd_own,984.5361328125,819.361572265625,984.5361328125
plastic_nut/OK/S0492/plastic_nut_0492_OK_C1_20230930162755.jpg,dino_balanced_own,973.421630859375,647.9443359375,973.421630859375
plastic_nut/OK/S0492/plastic_nut_0492_OK_C1_20230930162755.jpg,balanced_delete_topleft,1048.75439453125,1048.75439453125,973.421630859375
plastic_nut/OK/S0492/plastic_nut_0492_OK_C1_20230930162755.jpg,balanced_delete_interior_sham,973.421630859375,647.9443359375,973.421630859375
plastic_nut/OK/S0492/plastic_nut_0492_OK_C2_20230930162755.jpg,dino_odd_own,1024.40673828125,743.0625,1024.40673828125
plastic_nut/OK/S0492/plastic_nut_0492_OK_C2_20230930162755.jpg,dino_balanced_own,872.77978515625,539.2958984375,872.77978515625
plastic_nut/OK/S0492/plastic_nut_0492_OK_C2_20230930162755.jpg,balanced_delete_topleft,917.9111328125,882.159912109375,917.9111328125
plastic_nut/OK/S0492/plastic_nut_0492_OK_C2_20230930162755.jpg,balanced_delete_interior_sham,872.77978515625,539.2958984375,872.77978515625
plastic_nut/OK/S0492/plastic_nut_0492_OK_C3_20230930162755.jpg,dino_odd_own,841.4033203125,802.87548828125,841.4033203125
plastic_nut/OK/S0492/plastic_nut_0492_OK_C3_20230930162755.jpg,dino_balanced_own,881.71533203125,619.52099609375,881.71533203125
plastic_nut/OK/S0492/plastic_nut_0492_OK_C3_20230930162755.jpg,balanced_delete_topleft,1051.05615234375,1000.49560546875,1051.05615234375
plastic_nut/OK/S0492/plastic_nut_0492_OK_C3_20230930162755.jpg,balanced_delete_interior_sham,881.71533203125,619.52099609375,881.71533203125
plastic_nut/OK/S0492/plastic_nut_0492_OK_C4_20230930162755.jpg,dino_odd_own,961.47314453125,787.087890625,961.47314453125
plastic_nut/OK/S0492/plastic_nut_0492_OK_C4_20230930162755.jpg,dino_balanced_own,783.380859375,622.6845703125,783.380859375
plastic_nut/OK/S0492/plastic_nut_0492_OK_C4_20230930162755.jpg,balanced_delete_topleft,943.58984375,943.58984375,810.513671875
plastic_nut/OK/S0492/plastic_nut_0492_OK_C4_20230930162755.jpg,balanced_delete_interior_sham,783.380859375,622.6845703125,783.380859375
plastic_nut/OK/S0492/plastic_nut_0492_OK_C5_20230930162755.jpg,dino_odd_own,828.36279296875,679.505859375,828.36279296875
plastic_nut/OK/S0492/plastic_nut_0492_OK_C5_20230930162755.jpg,dino_balanced_own,974.8408203125,563.15673828125,974.8408203125
plastic_nut/OK/S0492/plastic_nut_0492_OK_C5_20230930162755.jpg,balanced_delete_topleft,974.8408203125,875.107421875,974.8408203125
plastic_nut/OK/S0492/plastic_nut_0492_OK_C5_20230930162755.jpg,balanced_delete_interior_sham,974.8408203125,563.15673828125,974.8408203125
plastic_nut/OK/S0500/plastic_nut_0500_OK_C1_20230930163009.jpg,dino_odd_own,1621.97265625,941.6650390625,1621.97265625
plastic_nut/OK/S0500/plastic_nut_0500_OK_C1_20230930163009.jpg,dino_balanced_own,968.13818359375,782.6064453125,968.13818359375
plastic_nut/OK/S0500/plastic_nut_0500_OK_C1_20230930163009.jpg,balanced_delete_topleft,1096.49462890625,1096.49462890625,968.13818359375
plastic_nut/OK/S0500/plastic_nut_0500_OK_C1_20230930163009.jpg,balanced_delete_interior_sham,968.13818359375,782.6064453125,968.13818359375
plastic_nut/OK/S0500/plastic_nut_0500_OK_C2_20230930163009.jpg,dino_odd_own,803.14501953125,760.50048828125,803.14501953125
plastic_nut/OK/S0500/plastic_nut_0500_OK_C2_20230930163009.jpg,dino_balanced_own,925.95458984375,618.27783203125,925.95458984375
plastic_nut/OK/S0500/plastic_nut_0500_OK_C2_20230930163009.jpg,balanced_delete_topleft,925.95458984375,905.1640625,925.95458984375
plastic_nut/OK/S0500/plastic_nut_0500_OK_C2_20230930163009.jpg,balanced_delete_interior_sham,925.95458984375,665.8505859375,925.95458984375
plastic_nut/OK/S0500/plastic_nut_0500_OK_C3_20230930163009.jpg,dino_odd_own,1238.6279296875,817.55859375,1238.6279296875
plastic_nut/OK/S0500/plastic_nut_0500_OK_C3_20230930163009.jpg,dino_balanced_own,928.865478515625,579.92919921875,928.865478515625
plastic_nut/OK/S0500/plastic_nut_0500_OK_C3_20230930163009.jpg,balanced_delete_topleft,1043.91064453125,997.1572265625,1043.91064453125
plastic_nut/OK/S0500/plastic_nut_0500_OK_C3_20230930163009.jpg,balanced_delete_interior_sham,942.61767578125,579.92919921875,942.61767578125
plastic_nut/OK/S0500/plastic_nut_0500_OK_C4_20230930163009.jpg,dino_odd_own,814.46875,761.962890625,814.46875
plastic_nut/OK/S0500/plastic_nut_0500_OK_C4_20230930163009.jpg,dino_balanced_own,927.2119140625,650.905517578125,927.2119140625
plastic_nut/OK/S0500/plastic_nut_0500_OK_C4_20230930163009.jpg,balanced_delete_topleft,927.2119140625,912.823486328125,927.2119140625
plastic_nut/OK/S0500/plastic_nut_0500_OK_C4_20230930163009.jpg,balanced_delete_interior_sham,927.2119140625,650.905517578125,927.2119140625
plastic_nut/OK/S0500/plastic_nut_0500_OK_C5_20230930163009.jpg,dino_odd_own,1133.379150390625,666.7373046875,1133.379150390625
plastic_nut/OK/S0500/plastic_nut_0500_OK_C5_20230930163009.jpg,dino_balanced_own,734.30615234375,559.0048828125,734.30615234375
plastic_nut/OK/S0500/plastic_nut_0500_OK_C5_20230930163009.jpg,balanced_delete_topleft,932.8984375,874.93603515625,932.8984375
plastic_nut/OK/S0500/plastic_nut_0500_OK_C5_20230930163009.jpg,balanced_delete_interior_sham,734.30615234375,559.0048828125,734.30615234375
