category,path,group_key,camera,research_role,anomaly_class,dino_odd_own,dino_balanced_own,balanced_delete_topleft,balanced_delete_interior_sham
plastic_nut,plastic_nut/OK/S0016/plastic_nut_0016_OK_C1_20230930122513.jpg,plastic_nut::plastic_nut_0016_OK,1,source_calibration,OK,950.78662109375,993.993896484375,993.993896484375,993.993896484375
plastic_nut,plastic_nut/OK/S0016/plastic_nut_0016_OK_C2_20230930122513.jpg,plastic_nut::plastic_nut_0016_OK,2,source_calibration,OK,1327.015625,812.400634765625,1013.6982421875,812.400634765625
plastic_nut,plastic_nut/OK/S0016/plastic_nut_0016_OK_C3_20230930122513.jpg,plastic_nut::plastic_nut_0016_OK,3,source_calibration,OK,791.916259765625,846.5341796875,1015.2744140625,872.380126953125
plastic_nut,plastic_nut/OK/S0016/plastic_nut_0016_OK_C4_20230930122513.jpg,plastic_nut::plastic_nut_0016_OK,4,source_calibration,OK,1189.31005859375,833.30322265625,956.48046875,884.34423828125
plastic_nut,plastic_nut/OK/S0016/plastic_nut_0016_OK_C5_20230930122513.jpg,plastic_nut::plastic_nut_0016_OK,5,source_calibration,OK,897.81884765625,897.81884765625,897.81884765625,897.81884765625
plastic_nut,plastic_nut/OK/S0028/plastic_nut_0028_OK_C1_20230930124338.jpg,plastic_nut::plastic_nut_0028_OK,1,source_calibration,OK,888.25390625,1007.12646484375,1007.12646484375,1007.12646484375
plastic_nut,plastic_nut/OK/S0028/plastic_nut_0028_OK_C2_20230930124338.jpg,plastic_nut::plastic_nut_0028_OK,2,source_calibration,OK,750.49169921875,992.34619140625,995.4091796875,992.34619140625
plastic_nut,plastic_nut/OK/S0028/plastic_nut_0028_OK_C3_20230930124338.jpg,plastic_nut::plastic_nut_0028_OK,3,source_calibration,OK,767.86474609375,893.455078125,1018.720703125,893.455078125
plastic_nut,plastic_nut/OK/S0028/plastic_nut_0028_OK_C4_20230930124338.jpg,plastic_nut::plastic_nut_0028_OK,4,source_calibration,OK,1027.75537109375,937.19677734375,952.46630859375,937.19677734375
plastic_nut,plastic_nut/OK/S0028/plastic_nut_0028_OK_C5_20230930124338.jpg,plastic_nut::plastic_nut_0028_OK,5,source_calibration,OK,905.60009765625,830.19384765625,950.2900390625,830.19384765625
plastic_nut,plastic_nut/OK/S0030/plastic_nut_0030_OK_C1_20230930124407.jpg,plastic_nut::plastic_nut_0030_OK,1,source_calibration,OK,881.8828125,898.9814453125,923.62890625,898.9814453125
plastic_nut,plastic_nut/OK/S0030/plastic_nut_0030_OK_C2_20230930124407.jpg,plastic_nut::plastic_nut_0030_OK,2,source_calibration,OK,1167.2607421875,851.4013671875,1009.15478515625,851.4013671875
plastic_nut,plastic_nut/OK/S0030/plastic_nut_0030_OK_C3_20230930124407.jpg,plastic_nut::plastic_nut_0030_OK,3,source_calibration,OK,739.316162109375,833.69091796875,996.76708984375,833.69091796875
plastic_nut,plastic_nut/OK/S0030/plastic_nut_0030_OK_C4_20230930124407.jpg,plastic_nut::plastic_nut_0030_OK,4,source_calibration,OK,873.56298828125,879.4013671875,1223.2626953125,942.334228515625
plastic_nut,plastic_nut/OK/S0030/plastic_nut_0030_OK_C5_20230930124407.jpg,plastic_nut::plastic_nut_0030_OK,5,source_calibration,OK,869.354736328125,1040.57666015625,1040.57666015625,1040.57666015625
plastic_nut,plastic_nut/OK/S0050/plastic_nut_0050_OK_C1_20230930125908.jpg,plastic_nut::plastic_nut_0050_OK,1,source_calibration,OK,1064.642822265625,955.56640625,1009.87255859375,955.56640625
plastic_nut,plastic_nut/OK/S0050/plastic_nut_0050_OK_C2_20230930125908.jpg,plastic_nut::plastic_nut_0050_OK,2,source_calibration,OK,1629.67626953125,857.1953125,1001.64501953125,857.1953125
plastic_nut,plastic_nut/OK/S0050/plastic_nut_0050_OK_C3_20230930125908.jpg,plastic_nut::plastic_nut_0050_OK,3,source_calibration,OK,823.50537109375,878.596923828125,972.06494140625,878.596923828125
plastic_nut,plastic_nut/OK/S0050/plastic_nut_0050_OK_C4_20230930125908.jpg,plastic_nut::plastic_nut_0050_OK,4,source_calibration,OK,851.5859375,865.779296875,1031.447265625,890.392578125
plastic_nut,plastic_nut/OK/S0050/plastic_nut_0050_OK_C5_20230930125908.jpg,plastic_nut::plastic_nut_0050_OK,5,source_calibration,OK,813.01904296875,693.03125,930.71728515625,747.4443359375
plastic_nut,plastic_nut/OK/S0067/plastic_nut_0067_OK_C1_20230930131049.jpg,plastic_nut::plastic_nut_0067_OK,1,source_calibration,OK,776.811279296875,921.51904296875,921.51904296875,1035.0830078125
plastic_nut,plastic_nut/OK/S0067/plastic_nut_0067_OK_C2_20230930131049.jpg,plastic_nut::plastic_nut_0067_OK,2,source_calibration,OK,1434.668701171875,824.499267578125,1022.328125,824.499267578125
plastic_nut,plastic_nut/OK/S0067/plastic_nut_0067_OK_C3_20230930131049.jpg,plastic_nut::plastic_nut_0067_OK,3,source_calibration,OK,816.755859375,800.149658203125,982.22900390625,800.149658203125
plastic_nut,plastic_nut/OK/S0067/plastic_nut_0067_OK_C4_20230930131049.jpg,plastic_nut::plastic_nut_0067_OK,4,source_calibration,OK,809.67919921875,1126.80419921875,1126.80419921875,1126.80419921875
plastic_nut,plastic_nut/OK/S0067/plastic_nut_0067_OK_C5_20230930131049.jpg,plastic_nut::plastic_nut_0067_OK,5,source_calibration,OK,863.6552734375,863.42724609375,943.144775390625,863.42724609375
plastic_nut,plastic_nut/OK/S0068/plastic_nut_0068_OK_C1_20230930131103.jpg,plastic_nut::plastic_nut_0068_OK,1,source_calibration,OK,806.052734375,814.501953125,939.02978515625,814.501953125
plastic_nut,plastic_nut/OK/S0068/plastic_nut_0068_OK_C2_20230930131103.jpg,plastic_nut::plastic_nut_0068_OK,2,source_calibration,OK,1425.04052734375,1059.5986328125,1059.5986328125,1059.5986328125
plastic_nut,plastic_nut/OK/S0068/plastic_nut_0068_OK_C3_20230930131103.jpg,plastic_nut::plastic_nut_0068_OK,3,source_calibration,OK,772.588134765625,801.57763671875,978.18359375,801.57763671875
plastic_nut,plastic_nut/OK/S0068/plastic_nut_0068_OK_C4_20230930131103.jpg,plastic_nut::plastic_nut_0068_OK,4,source_calibration,OK,835.830810546875,885.037109375,1015.428466796875,885.037109375
plastic_nut,plastic_nut/OK/S0068/plastic_nut_0068_OK_C5_20230930131103.jpg,plastic_nut::plastic_nut_0068_OK,5,source_calibration,OK,776.47802734375,804.7783203125,948.95751953125,804.7783203125
plastic_nut,plastic_nut/OK/S0076/plastic_nut_0076_OK_C1_20230930131339.jpg,plastic_nut::plastic_nut_0076_OK,1,source_calibration,OK,747.23681640625,783.405517578125,921.9453125,812.92236328125
plastic_nut,plastic_nut/OK/S0076/plastic_nut_0076_OK_C2_20230930131339.jpg,plastic_nut::plastic_nut_0076_OK,2,source_calibration,OK,1226.776611328125,894.35888671875,1003.525390625,894.35888671875
plastic_nut,plastic_nut/OK/S0076/plastic_nut_0076_OK_C3_20230930131339.jpg,plastic_nut::plastic_nut_0076_OK,3,source_calibration,OK,1089.26025390625,844.93798828125,994.635498046875,844.93798828125
plastic_nut,plastic_nut/OK/S0076/plastic_nut_0076_OK_C4_20230930131339.jpg,plastic_nut::plastic_nut_0076_OK,4,source_calibration,OK,965.589599609375,1190.4609375,1190.4609375,1190.4609375
plastic_nut,plastic_nut/OK/S0076/plastic_nut_0076_OK_C5_20230930131339.jpg,plastic_nut::plastic_nut_0076_OK,5,source_calibration,OK,944.60400390625,836.0302734375,944.3603515625,875.92529296875
plastic_nut,plastic_nut/OK/S0091/plastic_nut_0091_OK_C1_20230930132107.jpg,plastic_nut::plastic_nut_0091_OK,1,source_calibration,OK,910.233642578125,807.7900390625,923.1416015625,807.7900390625
plastic_nut,plastic_nut/OK/S0091/plastic_nut_0091_OK_C2_20230930132107.jpg,plastic_nut::plastic_nut_0091_OK,2,source_calibration,OK,1010.150390625,796.96337890625,999.189453125,796.96337890625
plastic_nut,plastic_nut/OK/S0091/plastic_nut_0091_OK_C3_20230930132107.jpg,plastic_nut::plastic_nut_0091_OK,3,source_calibration,OK,727.601318359375,896.810791015625,1050.73828125,896.810791015625
plastic_nut,plastic_nut/OK/S0091/plastic_nut_0091_OK_C4_20230930132107.jpg,plastic_nut::plastic_nut_0091_OK,4,source_calibration,OK,850.20458984375,845.403564453125,927.30712890625,845.403564453125
plastic_nut,plastic_nut/OK/S0091/plastic_nut_0091_OK_C5_20230930132107.jpg,plastic_nut::plastic_nut_0091_OK,5,source_calibration,OK,753.942626953125,768.40966796875,958.87744140625,768.40966796875
plastic_nut,plastic_nut/OK/S0094/plastic_nut_0094_OK_C1_20230930132250.jpg,plastic_nut::plastic_nut_0094_OK,1,source_calibration,OK,860.60205078125,1147.028076171875,1147.028076171875,1147.028076171875
plastic_nut,plastic_nut/OK/S0094/plastic_nut_0094_OK_C2_20230930132250.jpg,plastic_nut::plastic_nut_0094_OK,2,source_calibration,OK,974.02099609375,823.702392578125,995.6591796875,823.702392578125
plastic_nut,plastic_nut/OK/S0094/plastic_nut_0094_OK_C3_20230930132250.jpg,plastic_nut::plastic_nut_0094_OK,3,source_calibration,OK,757.310546875,751.008544921875,995.54638671875,783.610595703125
plastic_nut,plastic_nut/OK/S0094/plastic_nut_0094_OK_C4_20230930132250.jpg,plastic_nut::plastic_nut_0094_OK,4,source_calibration,OK,803.7744140625,787.9072265625,858.72607421875,787.9072265625
plastic_nut,plastic_nut/OK/S0094/plastic_nut_0094_OK_C5_20230930132250.jpg,plastic_nut::plastic_nut_0094_OK,5,source_calibration,OK,972.29150390625,801.79541015625,944.166259765625,801.79541015625
plastic_nut,plastic_nut/OK/S0107/plastic_nut_0107_OK_C1_20230930132941.jpg,plastic_nut::plastic_nut_0107_OK,1,source_calibration,OK,818.18212890625,772.989013671875,908.0458984375,772.989013671875
plastic_nut,plastic_nut/OK/S0107/plastic_nut_0107_OK_C2_20230930132941.jpg,plastic_nut::plastic_nut_0107_OK,2,source_calibration,OK,953.8232421875,1017.785888671875,1017.785888671875,1017.785888671875
plastic_nut,plastic_nut/OK/S0107/plastic_nut_0107_OK_C3_20230930132941.jpg,plastic_nut::plastic_nut_0107_OK,3,source_calibration,OK,770.13671875,818.92041015625,1022.88671875,818.92041015625
plastic_nut,plastic_nut/OK/S0107/plastic_nut_0107_OK_C4_20230930132941.jpg,plastic_nut::plastic_nut_0107_OK,4,source_calibration,OK,808.314453125,897.59375,897.59375,897.59375
plastic_nut,plastic_nut/OK/S0107/plastic_nut_0107_OK_C5_20230930132941.jpg,plastic_nut::plastic_nut_0107_OK,5,source_calibration,OK,756.22705078125,734.281982421875,894.6025390625,734.281982421875
plastic_nut,plastic_nut/OK/S0108/plastic_nut_0108_OK_C1_20230930133007.jpg,plastic_nut::plastic_nut_0108_OK,1,source_calibration,OK,1155.186279296875,851.48291015625,901.97216796875,851.48291015625
plastic_nut,plastic_nut/OK/S0108/plastic_nut_0108_OK_C2_20230930133007.jpg,plastic_nut::plastic_nut_0108_OK,2,source_calibration,OK,954.060546875,757.232421875,1008.86474609375,757.232421875
plastic_nut,plastic_nut/OK/S0108/plastic_nut_0108_OK_C3_20230930133007.jpg,plastic_nut::plastic_nut_0108_OK,3,source_calibration,OK,1183.22021484375,875.351318359375,1035.5146484375,875.351318359375
plastic_nut,plastic_nut/OK/S0108/plastic_nut_0108_OK_C4_20230930133007.jpg,plastic_nut::plastic_nut_0108_OK,4,source_calibration,OK,815.742431640625,754.583984375,958.4951171875,754.583984375
plastic_nut,plastic_nut/OK/S0108/plastic_nut_0108_OK_C5_20230930133007.jpg,plastic_nut::plastic_nut_0108_OK,5,source_calibration,OK,983.87744140625,830.0146484375,944.093994140625,830.0146484375
plastic_nut,plastic_nut/OK/S0120/plastic_nut_0120_OK_C1_20230930133553.jpg,plastic_nut::plastic_nut_0120_OK,1,source_calibration,OK,1150.6201171875,1024.50634765625,1024.50634765625,1024.50634765625
plastic_nut,plastic_nut/OK/S0120/plastic_nut_0120_OK_C2_20230930133553.jpg,plastic_nut::plastic_nut_0120_OK,2,source_calibration,OK,1028.589111328125,1072.35693359375,1072.35693359375,1072.35693359375
plastic_nut,plastic_nut/OK/S0120/plastic_nut_0120_OK_C3_20230930133553.jpg,plastic_nut::plastic_nut_0120_OK,3,source_calibration,OK,721.30859375,767.048828125,1016.842529296875,767.048828125
plastic_nut,plastic_nut/OK/S0120/plastic_nut_0120_OK_C4_20230930133553.jpg,plastic_nut::plastic_nut_0120_OK,4,source_calibration,OK,1237.253662109375,814.568115234375,891.15966796875,814.568115234375
plastic_nut,plastic_nut/OK/S0120/plastic_nut_0120_OK_C5_20230930133553.jpg,plastic_nut::plastic_nut_0120_OK,5,source_calibration,OK,727.825927734375,742.70263671875,919.31005859375,804.9423828125
plastic_nut,plastic_nut/OK/S0121/plastic_nut_0121_OK_C1_20230930133616.jpg,plastic_nut::plastic_nut_0121_OK,1,source_calibration,OK,786.994384765625,803.425537109375,885.07958984375,803.425537109375
plastic_nut,plastic_nut/OK/S0121/plastic_nut_0121_OK_C2_20230930133616.jpg,plastic_nut::plastic_nut_0121_OK,2,source_calibration,OK,1381.9609375,1015.751953125,1015.751953125,1015.751953125
plastic_nut,plastic_nut/OK/S0121/plastic_nut_0121_OK_C3_20230930133616.jpg,plastic_nut::plastic_nut_0121_OK,3,source_calibration,OK,1035.08154296875,701.319580078125,1036.458984375,734.2724609375
plastic_nut,plastic_nut/OK/S0121/plastic_nut_0121_OK_C4_20230930133616.jpg,plastic_nut::plastic_nut_0121_OK,4,source_calibration,OK,810.46875,996.12890625,996.12890625,996.12890625
plastic_nut,plastic_nut/OK/S0121/plastic_nut_0121_OK_C5_20230930133616.jpg,plastic_nut::plastic_nut_0121_OK,5,source_calibration,OK,873.416015625,956.553466796875,956.553466796875,956.553466796875
plastic_nut,plastic_nut/OK/S0127/plastic_nut_0127_OK_C1_20230930133902.jpg,plastic_nut::plastic_nut_0127_OK,1,source_calibration,OK,1069.38818359375,1128.90966796875,1128.90966796875,1128.90966796875
plastic_nut,plastic_nut/OK/S0127/plastic_nut_0127_OK_C2_20230930133902.jpg,plastic_nut::plastic_nut_0127_OK,2,source_calibration,OK,965.75,853.85498046875,984.974365234375,853.85498046875
plastic_nut,plastic_nut/OK/S0127/plastic_nut_0127_OK_C3_20230930133902.jpg,plastic_nut::plastic_nut_0127_OK,3,source_calibration,OK,1241.300048828125,759.981689453125,1051.73583984375,801.753662109375
plastic_nut,plastic_nut/OK/S0127/plastic_nut_0127_OK_C4_20230930133902.jpg,plastic_nut::plastic_nut_0127_OK,4,source_calibration,OK,871.999755859375,745.155029296875,858.20458984375,780.337646484375
plastic_nut,plastic_nut/OK/S0127/plastic_nut_0127_OK_C5_20230930133902.jpg,plastic_nut::plastic_nut_0127_OK,5,source_calibration,OK,1064.92529296875,855.110107421875,935.53662109375,855.110107421875
plastic_nut,plastic_nut/OK/S0129/plastic_nut_0129_OK_C1_20230930134002.jpg,plastic_nut::plastic_nut_0129_OK,1,source_calibration,OK,942.28173828125,835.289794921875,893.392578125,949.287353515625
plastic_nut,plastic_nut/OK/S0129/plastic_nut_0129_OK_C2_20230930134002.jpg,plastic_nut::plastic_nut_0129_OK,2,source_calibration,OK,1201.9140625,913.466552734375,993.50439453125,913.466552734375
plastic_nut,plastic_nut/OK/S0129/plastic_nut_0129_OK_C3_20230930134002.jpg,plastic_nut::plastic_nut_0129_OK,3,source_calibration,OK,850.736328125,820.495849609375,1027.2373046875,820.495849609375
plastic_nut,plastic_nut/OK/S0129/plastic_nut_0129_OK_C4_20230930134002.jpg,plastic_nut::plastic_nut_0129_OK,4,source_calibration,OK,956.668701171875,775.18896484375,838.12451171875,775.18896484375
plastic_nut,plastic_nut/OK/S0129/plastic_nut_0129_OK_C5_20230930134002.jpg,plastic_nut::plastic_nut_0129_OK,5,source_calibration,OK,712.73486328125,838.796875,932.1181640625,838.796875
plastic_nut,plastic_nut/OK/S0131/plastic_nut_0131_OK_C1_20230930134046.jpg,plastic_nut::plastic_nut_0131_OK,1,source_calibration,OK,852.78515625,903.30078125,983.61181640625,903.30078125
plastic_nut,plastic_nut/OK/S0131/plastic_nut_0131_OK_C2_20230930134046.jpg,plastic_nut::plastic_nut_0131_OK,2,source_calibration,OK,1436.3759765625,854.2822265625,1005.82275390625,854.2822265625
plastic_nut,plastic_nut/OK/S0131/plastic_nut_0131_OK_C3_20230930134046.jpg,plastic_nut::plastic_nut_0131_OK,3,source_calibration,OK,780.714111328125,764.208984375,1025.02294921875,764.208984375
plastic_nut,plastic_nut/OK/S0131/plastic_nut_0131_OK_C4_20230930134046.jpg,plastic_nut::plastic_nut_0131_OK,4,source_calibration,OK,875.01806640625,854.52587890625,959.2548828125,854.52587890625
plastic_nut,plastic_nut/OK/S0131/plastic_nut_0131_OK_C5_20230930134046.jpg,plastic_nut::plastic_nut_0131_OK,5,source_calibration,OK,759.0400390625,758.095703125,937.35107421875,825.87939453125
plastic_nut,plastic_nut/OK/S0133/plastic_nut_0133_OK_C1_20230930134116.jpg,plastic_nut::plastic_nut_0133_OK,1,source_calibration,OK,836.257080078125,956.304443359375,956.304443359375,956.304443359375
plastic_nut,plastic_nut/OK/S0133/plastic_nut_0133_OK_C2_20230930134116.jpg,plastic_nut::plastic_nut_0133_OK,2,source_calibration,OK,888.9765625,841.88037109375,1010.40673828125,841.88037109375
plastic_nut,plastic_nut/OK/S0133/plastic_nut_0133_OK_C3_20230930134116.jpg,plastic_nut::plastic_nut_0133_OK,3,source_calibration,OK,895.68505859375,782.01123046875,1019.728271484375,782.01123046875
plastic_nut,plastic_nut/OK/S0133/plastic_nut_0133_OK_C4_20230930134116.jpg,plastic_nut::plastic_nut_0133_OK,4,source_calibration,OK,943.774169921875,785.82958984375,867.245849609375,785.82958984375
plastic_nut,plastic_nut/OK/S0133/plastic_nut_0133_OK_C5_20230930134116.jpg,plastic_nut::plastic_nut_0133_OK,5,source_calibration,OK,914.40771484375,792.6806640625,947.88623046875,940.57568359375
plastic_nut,plastic_nut/OK/S0138/plastic_nut_0138_OK_C1_20230930134336.jpg,plastic_nut::plastic_nut_0138_OK,1,source_calibration,OK,898.98095703125,904.88330078125,904.88330078125,1029.220947265625
plastic_nut,plastic_nut/OK/S0138/plastic_nut_0138_OK_C2_20230930134336.jpg,plastic_nut::plastic_nut_0138_OK,2,source_calibration,OK,1158.76220703125,767.48046875,997.6767578125,767.48046875
plastic_nut,plastic_nut/OK/S0138/plastic_nut_0138_OK_C3_20230930134336.jpg,plastic_nut::plastic_nut_0138_OK,3,source_calibration,OK,900.598388671875,847.46533203125,1014.48193359375,847.46533203125
plastic_nut,plastic_nut/OK/S0138/plastic_nut_0138_OK_C4_20230930134336.jpg,plastic_nut::plastic_nut_0138_OK,4,source_calibration,OK,929.88916015625,880.07568359375,880.07568359375,880.07568359375
plastic_nut,plastic_nut/OK/S0138/plastic_nut_0138_OK_C5_20230930134336.jpg,plastic_nut::plastic_nut_0138_OK,5,source_calibration,OK,972.21728515625,879.193359375,915.083984375,879.193359375
plastic_nut,plastic_nut/OK/S0146/plastic_nut_0146_OK_C1_20230930134705.jpg,plastic_nut::plastic_nut_0146_OK,1,source_calibration,OK,867.4609375,813.5439453125,895.2373046875,813.5439453125
plastic_nut,plastic_nut/OK/S0146/plastic_nut_0146_OK_C2_20230930134705.jpg,plastic_nut::plastic_nut_0146_OK,2,source_calibration,OK,1224.1416015625,862.22265625,1003.4013671875,862.22265625
plastic_nut,plastic_nut/OK/S0146/plastic_nut_0146_OK_C3_20230930134705.jpg,plastic_nut::plastic_nut_0146_OK,3,source_calibration,OK,1109.79541015625,746.18017578125,1034.779052734375,789.22607421875
plastic_nut,plastic_nut/OK/S0146/plastic_nut_0146_OK_C4_20230930134705.jpg,plastic_nut::plastic_nut_0146_OK,4,source_calibration,OK,749.58447265625,843.724609375,866.677734375,843.724609375
plastic_nut,plastic_nut/OK/S0146/plastic_nut_0146_OK_C5_20230930134705.jpg,plastic_nut::plastic_nut_0146_OK,5,source_calibration,OK,810.173828125,719.041748046875,938.00927734375,719.041748046875
plastic_nut,plastic_nut/OK/S0151/plastic_nut_0151_OK_C1_20230930135018.jpg,plastic_nut::plastic_nut_0151_OK,1,source_calibration,OK,907.121826171875,958.84765625,958.84765625,958.84765625
plastic_nut,plastic_nut/OK/S0151/plastic_nut_0151_OK_C2_20230930135018.jpg,plastic_nut::plastic_nut_0151_OK,2,source_calibration,OK,1399.42724609375,840.660888671875,1008.09765625,898.79345703125
plastic_nut,plastic_nut/OK/S0151/plastic_nut_0151_OK_C3_20230930135018.jpg,plastic_nut::plastic_nut_0151_OK,3,source_calibration,OK,714.80126953125,735.65869140625,1004.678955078125,758.47412109375
plastic_nut,plastic_nut/OK/S0151/plastic_nut_0151_OK_C4_20230930135018.jpg,plastic_nut::plastic_nut_0151_OK,4,source_calibration,OK,745.70849609375,749.47998046875,850.653076171875,791.626953125
plastic_nut,plastic_nut/OK/S0151/plastic_nut_0151_OK_C5_20230930135018.jpg,plastic_nut::plastic_nut_0151_OK,5,source_calibration,OK,689.21484375,644.07421875,920.79052734375,754.9755859375
plastic_nut,plastic_nut/OK/S0159/plastic_nut_0159_OK_C1_20230930135427.jpg,plastic_nut::plastic_nut_0159_OK,1,source_calibration,OK,897.5703125,963.904541015625,963.904541015625,963.904541015625
plastic_nut,plastic_nut/OK/S0159/plastic_nut_0159_OK_C2_20230930135427.jpg,plastic_nut::plastic_nut_0159_OK,2,source_calibration,OK,997.3759765625,881.44384765625,991.92041015625,881.44384765625
plastic_nut,plastic_nut/OK/S0159/plastic_nut_0159_OK_C3_20230930135427.jpg,plastic_nut::plastic_nut_0159_OK,3,source_calibration,OK,823.328857421875,829.258544921875,1017.881591796875,829.258544921875
plastic_nut,plastic_nut/OK/S0159/plastic_nut_0159_OK_C4_20230930135427.jpg,plastic_nut::plastic_nut_0159_OK,4,source_calibration,OK,895.31884765625,830.04052734375,855.91455078125,832.3173828125
plastic_nut,plastic_nut/OK/S0159/plastic_nut_0159_OK_C5_20230930135427.jpg,plastic_nut::plastic_nut_0159_OK,5,source_calibration,OK,905.57373046875,942.22607421875,942.22607421875,942.22607421875
plastic_nut,plastic_nut/OK/S0164/plastic_nut_0164_OK_C1_20230930135730.jpg,plastic_nut::plastic_nut_0164_OK,1,source_calibration,OK,884.112548828125,890.251708984375,908.90771484375,890.251708984375
plastic_nut,plastic_nut/OK/S0164/plastic_nut_0164_OK_C2_20230930135730.jpg,plastic_nut::plastic_nut_0164_OK,2,source_calibration,OK,832.5791015625,773.79150390625,1000.10986328125,853.543701171875
plastic_nut,plastic_nut/OK/S0164/plastic_nut_0164_OK_C3_20230930135730.jpg,plastic_nut::plastic_nut_0164_OK,3,source_calibration,OK,755.314453125,710.90478515625,1011.4404296875,730.15283203125
plastic_nut,plastic_nut/OK/S0164/plastic_nut_0164_OK_C4_20230930135730.jpg,plastic_nut::plastic_nut_0164_OK,4,source_calibration,OK,958.9111328125,879.860595703125,901.38818359375,959.93359375
plastic_nut,plastic_nut/OK/S0164/plastic_nut_0164_OK_C5_20230930135730.jpg,plastic_nut::plastic_nut_0164_OK,5,source_calibration,OK,847.874755859375,1051.8046875,1051.8046875,1051.8046875
plastic_nut,plastic_nut/OK/S0170/plastic_nut_0170_OK_C1_20230930135947.jpg,plastic_nut::plastic_nut_0170_OK,1,source_calibration,OK,880.71337890625,913.908935546875,916.169921875,913.908935546875
plastic_nut,plastic_nut/OK/S0170/plastic_nut_0170_OK_C2_20230930135947.jpg,plastic_nut::plastic_nut_0170_OK,2,source_calibration,OK,1045.5712890625,788.09130859375,1014.2568359375,788.09130859375
plastic_nut,plastic_nut/OK/S0170/plastic_nut_0170_OK_C3_20230930135947.jpg,plastic_nut::plastic_nut_0170_OK,3,source_calibration,OK,915.22998046875,1052.44189453125,1052.44189453125,1052.44189453125
plastic_nut,plastic_nut/OK/S0170/plastic_nut_0170_OK_C4_20230930135947.jpg,plastic_nut::plastic_nut_0170_OK,4,source_calibration,OK,811.80419921875,855.83935546875,869.522705078125,855.83935546875
plastic_nut,plastic_nut/OK/S0170/plastic_nut_0170_OK_C5_20230930135947.jpg,plastic_nut::plastic_nut_0170_OK,5,source_calibration,OK,768.9521484375,880.782958984375,946.4375,894.98876953125
plastic_nut,plastic_nut/OK/S0176/plastic_nut_0176_OK_C1_20230930140125.jpg,plastic_nut::plastic_nut_0176_OK,1,source_calibration,OK,741.95556640625,772.8974609375,895.99072265625,772.8974609375
plastic_nut,plastic_nut/OK/S0176/plastic_nut_0176_OK_C2_20230930140125.jpg,plastic_nut::plastic_nut_0176_OK,2,source_calibration,OK,772.49609375,820.996826171875,999.9150390625,820.996826171875
plastic_nut,plastic_nut/OK/S0176/plastic_nut_0176_OK_C3_20230930140125.jpg,plastic_nut::plastic_nut_0176_OK,3,source_calibration,OK,843.81005859375,768.4345703125,1036.4013671875,768.4345703125
plastic_nut,plastic_nut/OK/S0176/plastic_nut_0176_OK_C4_20230930140125.jpg,plastic_nut::plastic_nut_0176_OK,4,source_calibration,OK,910.09619140625,829.90869140625,957.60986328125,829.90869140625
plastic_nut,plastic_nut/OK/S0176/plastic_nut_0176_OK_C5_20230930140125.jpg,plastic_nut::plastic_nut_0176_OK,5,source_calibration,OK,881.00732421875,732.37548828125,937.94189453125,788.03173828125
plastic_nut,plastic_nut/OK/S0187/plastic_nut_0187_OK_C1_20230930140554.jpg,plastic_nut::plastic_nut_0187_OK,1,source_calibration,OK,765.3525390625,862.14599609375,935.87451171875,862.14599609375
plastic_nut,plastic_nut/OK/S0187/plastic_nut_0187_OK_C2_20230930140554.jpg,plastic_nut::plastic_nut_0187_OK,2,source_calibration,OK,1197.68798828125,829.576171875,991.43798828125,829.576171875
plastic_nut,plastic_nut/OK/S0187/plastic_nut_0187_OK_C3_20230930140554.jpg,plastic_nut::plastic_nut_0187_OK,3,source_calibration,OK,742.28857421875,799.02490234375,1006.173828125,799.02490234375
plastic_nut,plastic_nut/OK/S0187/plastic_nut_0187_OK_C4_20230930140554.jpg,plastic_nut::plastic_nut_0187_OK,4,source_calibration,OK,842.154541015625,737.5654296875,875.39599609375,746.0224609375
plastic_nut,plastic_nut/OK/S0187/plastic_nut_0187_OK_C5_20230930140554.jpg,plastic_nut::plastic_nut_0187_OK,5,source_calibration,OK,912.294921875,846.802734375,912.60791015625,846.802734375
plastic_nut,plastic_nut/OK/S0194/plastic_nut_0194_OK_C1_20230930141543.jpg,plastic_nut::plastic_nut_0194_OK,1,source_calibration,OK,853.6171875,919.0849609375,919.0849609375,919.0849609375
plastic_nut,plastic_nut/OK/S0194/plastic_nut_0194_OK_C2_20230930141543.jpg,plastic_nut::plastic_nut_0194_OK,2,source_calibration,OK,1114.250732421875,836.28955078125,1002.423828125,836.28955078125
plastic_nut,plastic_nut/OK/S0194/plastic_nut_0194_OK_C3_20230930141543.jpg,plastic_nut::plastic_nut_0194_OK,3,source_calibration,OK,720.9404296875,787.50927734375,1008.404052734375,787.50927734375
plastic_nut,plastic_nut/OK/S0194/plastic_nut_0194_OK_C4_20230930141543.jpg,plastic_nut::plastic_nut_0194_OK,4,source_calibration,OK,778.59765625,772.973388671875,912.19482421875,772.973388671875
plastic_nut,plastic_nut/OK/S0194/plastic_nut_0194_OK_C5_20230930141543.jpg,plastic_nut::plastic_nut_0194_OK,5,source_calibration,OK,1011.795654296875,1175.33935546875,1175.33935546875,1178.1279296875
plastic_nut,plastic_nut/OK/S0196/plastic_nut_0196_OK_C1_20230930142728.jpg,plastic_nut::plastic_nut_0196_OK,1,source_calibration,OK,1029.4423828125,892.58447265625,926.5498046875,989.15234375
plastic_nut,plastic_nut/OK/S0196/plastic_nut_0196_OK_C2_20230930142728.jpg,plastic_nut::plastic_nut_0196_OK,2,source_calibration,OK,786.3427734375,756.516357421875,1007.140625,836.40869140625
plastic_nut,plastic_nut/OK/S0196/plastic_nut_0196_OK_C3_20230930142728.jpg,plastic_nut::plastic_nut_0196_OK,3,source_calibration,OK,1214.35546875,866.90625,1043.651611328125,866.90625
plastic_nut,plastic_nut/OK/S0196/plastic_nut_0196_OK_C4_20230930142728.jpg,plastic_nut::plastic_nut_0196_OK,4,source_calibration,OK,803.748291015625,908.837158203125,908.837158203125,908.837158203125
plastic_nut,plastic_nut/OK/S0196/plastic_nut_0196_OK_C5_20230930142728.jpg,plastic_nut::plastic_nut_0196_OK,5,source_calibration,OK,1094.30517578125,1094.30517578125,1094.30517578125,1094.30517578125
plastic_nut,plastic_nut/OK/S0200/plastic_nut_0200_OK_C1_20230930142956.jpg,plastic_nut::plastic_nut_0200_OK,1,source_calibration,OK,878.80517578125,939.554931640625,939.554931640625,939.554931640625
plastic_nut,plastic_nut/OK/S0200/plastic_nut_0200_OK_C2_20230930142956.jpg,plastic_nut::plastic_nut_0200_OK,2,source_calibration,OK,750.1533203125,749.545166015625,991.455078125,749.545166015625
plastic_nut,plastic_nut/OK/S0200/plastic_nut_0200_OK_C3_20230930142956.jpg,plastic_nut::plastic_nut_0200_OK,3,source_calibration,OK,789.443115234375,724.72216796875,1046.169921875,757.69775390625
plastic_nut,plastic_nut/OK/S0200/plastic_nut_0200_OK_C4_20230930142956.jpg,plastic_nut::plastic_nut_0200_OK,4,source_calibration,OK,805.62939453125,958.43505859375,958.43505859375,958.43505859375
plastic_nut,plastic_nut/OK/S0200/plastic_nut_0200_OK_C5_20230930142956.jpg,plastic_nut::plastic_nut_0200_OK,5,source_calibration,OK,764.45361328125,710.481689453125,918.995849609375,853.061767578125
plastic_nut,plastic_nut/OK/S0204/plastic_nut_0204_OK_C1_20230930143225.jpg,plastic_nut::plastic_nut_0204_OK,1,source_calibration,OK,955.16943359375,868.9345703125,976.732421875,868.9345703125
plastic_nut,plastic_nut/OK/S0204/plastic_nut_0204_OK_C2_20230930143225.jpg,plastic_nut::plastic_nut_0204_OK,2,source_calibration,OK,1763.41650390625,790.064453125,999.115234375,790.064453125
plastic_nut,plastic_nut/OK/S0204/plastic_nut_0204_OK_C3_20230930143225.jpg,plastic_nut::plastic_nut_0204_OK,3,source_calibration,OK,759.719970703125,844.07763671875,1029.08056640625,844.07763671875
plastic_nut,plastic_nut/OK/S0204/plastic_nut_0204_OK_C4_20230930143225.jpg,plastic_nut::plastic_nut_0204_OK,4,source_calibration,OK,863.516845703125,886.3662109375,886.3662109375,886.3662109375
plastic_nut,plastic_nut/OK/S0204/plastic_nut_0204_OK_C5_20230930143225.jpg,plastic_nut::plastic_nut_0204_OK,5,source_calibration,OK,866.52294921875,839.59130859375,958.876953125,839.59130859375
plastic_nut,plastic_nut/OK/S0217/plastic_nut_0217_OK_C1_20230930144018.jpg,plastic_nut::plastic_nut_0217_OK,1,source_calibration,OK,839.220703125,913.4970703125,913.4970703125,913.4970703125
plastic_nut,plastic_nut/OK/S0217/plastic_nut_0217_OK_C2_20230930144018.jpg,plastic_nut::plastic_nut_0217_OK,2,source_calibration,OK,863.4658203125,830.2275390625,995.6337890625,830.2275390625
plastic_nut,plastic_nut/OK/S0217/plastic_nut_0217_OK_C3_20230930144018.jpg,plastic_nut::plastic_nut_0217_OK,3,source_calibration,OK,1233.7080078125,733.591796875,1051.37646484375,733.591796875
plastic_nut,plastic_nut/OK/S0217/plastic_nut_0217_OK_C4_20230930144018.jpg,plastic_nut::plastic_nut_0217_OK,4,source_calibration,OK,780.8984375,844.25830078125,851.7890625,844.25830078125
plastic_nut,plastic_nut/OK/S0217/plastic_nut_0217_OK_C5_20230930144018.jpg,plastic_nut::plastic_nut_0217_OK,5,source_calibration,OK,1117.091796875,782.08154296875,945.47412109375,799.682373046875
plastic_nut,plastic_nut/OK/S0222/plastic_nut_0222_OK_C1_20230930144230.jpg,plastic_nut::plastic_nut_0222_OK,1,source_calibration,OK,926.935546875,926.412109375,935.93701171875,926.412109375
plastic_nut,plastic_nut/OK/S0222/plastic_nut_0222_OK_C2_20230930144230.jpg,plastic_nut::plastic_nut_0222_OK,2,source_calibration,OK,1408.237060546875,812.054443359375,993.8583984375,812.054443359375
plastic_nut,plastic_nut/OK/S0222/plastic_nut_0222_OK_C3_20230930144230.jpg,plastic_nut::plastic_nut_0222_OK,3,source_calibration,OK,1367.896240234375,830.927490234375,1017.7451171875,830.927490234375
plastic_nut,plastic_nut/OK/S0222/plastic_nut_0222_OK_C4_20230930144230.jpg,plastic_nut::plastic_nut_0222_OK,4,source_calibration,OK,840.5419921875,871.5986328125,1042.5615234375,871.5986328125
plastic_nut,plastic_nut/OK/S0222/plastic_nut_0222_OK_C5_20230930144230.jpg,plastic_nut::plastic_nut_0222_OK,5,source_calibration,OK,827.20947265625,768.9052734375,929.9052734375,768.9052734375
plastic_nut,plastic_nut/OK/S0223/plastic_nut_0223_OK_C1_20230930144242.jpg,plastic_nut::plastic_nut_0223_OK,1,source_calibration,OK,1111.984619140625,1019.78857421875,1019.78857421875,1019.78857421875
plastic_nut,plastic_nut/OK/S0223/plastic_nut_0223_OK_C2_20230930144242.jpg,plastic_nut::plastic_nut_0223_OK,2,source_calibration,OK,802.626708984375,890.59521484375,998.8232421875,890.59521484375
plastic_nut,plastic_nut/OK/S0223/plastic_nut_0223_OK_C3_20230930144242.jpg,plastic_nut::plastic_nut_0223_OK,3,source_calibration,OK,997.46044921875,929.9130859375,1022.99609375,929.9130859375
plastic_nut,plastic_nut/OK/S0223/plastic_nut_0223_OK_C4_20230930144242.jpg,plastic_nut::plastic_nut_0223_OK,4,source_calibration,OK,1228.918701171875,1262.268310546875,1262.268310546875,1262.268310546875
plastic_nut,plastic_nut/OK/S0223/plastic_nut_0223_OK_C5_20230930144242.jpg,plastic_nut::plastic_nut_0223_OK,5,source_calibration,OK,967.36669921875,1009.478271484375,1009.478271484375,1009.478271484375
plastic_nut,plastic_nut/OK/S0228/plastic_nut_0228_OK_C1_20230930144506.jpg,plastic_nut::plastic_nut_0228_OK,1,source_calibration,OK,833.96435546875,987.566650390625,987.566650390625,987.566650390625
plastic_nut,plastic_nut/OK/S0228/plastic_nut_0228_OK_C2_20230930144506.jpg,plastic_nut::plastic_nut_0228_OK,2,source_calibration,OK,853.93798828125,733.582275390625,999.90380859375,917.1767578125
plastic_nut,plastic_nut/OK/S0228/plastic_nut_0228_OK_C3_20230930144506.jpg,plastic_nut::plastic_nut_0228_OK,3,source_calibration,OK,1069.24951171875,901.19970703125,1041.884033203125,901.19970703125
plastic_nut,plastic_nut/OK/S0228/plastic_nut_0228_OK_C4_20230930144506.jpg,plastic_nut::plastic_nut_0228_OK,4,source_calibration,OK,817.68798828125,728.128173828125,1044.98828125,866.703369140625
plastic_nut,plastic_nut/OK/S0228/plastic_nut_0228_OK_C5_20230930144506.jpg,plastic_nut::plastic_nut_0228_OK,5,source_calibration,OK,967.029296875,766.216552734375,938.7705078125,766.216552734375
plastic_nut,plastic_nut/OK/S0236/plastic_nut_0236_OK_C1_20230930145126.jpg,plastic_nut::plastic_nut_0236_OK,1,source_calibration,OK,1469.6181640625,871.056884765625,963.71875,879.72265625
plastic_nut,plastic_nut/OK/S0236/plastic_nut_0236_OK_C2_20230930145126.jpg,plastic_nut::plastic_nut_0236_OK,2,source_calibration,OK,784.0,828.4521484375,888.44140625,828.4521484375
plastic_nut,plastic_nut/OK/S0236/plastic_nut_0236_OK_C3_20230930145126.jpg,plastic_nut::plastic_nut_0236_OK,3,source_calibration,OK,915.7412109375,824.140869140625,1036.18115234375,930.116455078125
plastic_nut,plastic_nut/OK/S0236/plastic_nut_0236_OK_C4_20230930145126.jpg,plastic_nut::plastic_nut_0236_OK,4,source_calibration,OK,838.7568359375,796.12646484375,1004.37890625,796.12646484375
plastic_nut,plastic_nut/OK/S0236/plastic_nut_0236_OK_C5_20230930145126.jpg,plastic_nut::plastic_nut_0236_OK,5,source_calibration,OK,910.171875,790.37353515625,925.529296875,790.37353515625
plastic_nut,plastic_nut/OK/S0238/plastic_nut_0238_OK_C1_20230930145323.jpg,plastic_nut::plastic_nut_0238_OK,1,source_calibration,OK,1766.1328125,960.290771484375,960.290771484375,960.290771484375
plastic_nut,plastic_nut/OK/S0238/plastic_nut_0238_OK_C2_20230930145323.jpg,plastic_nut::plastic_nut_0238_OK,2,source_calibration,OK,843.529052734375,787.17822265625,909.4306640625,787.17822265625
plastic_nut,plastic_nut/OK/S0238/plastic_nut_0238_OK_C3_20230930145323.jpg,plastic_nut::plastic_nut_0238_OK,3,source_calibration,OK,1002.4306640625,904.3203125,1038.865478515625,904.3203125
plastic_nut,plastic_nut/OK/S0238/plastic_nut_0238_OK_C4_20230930145323.jpg,plastic_nut::plastic_nut_0238_OK,4,source_calibration,OK,1047.4541015625,835.7802734375,992.421875,835.7802734375
plastic_nut,plastic_nut/OK/S0238/plastic_nut_0238_OK_C5_20230930145323.jpg,plastic_nut::plastic_nut_0238_OK,5,source_calibration,OK,931.488525390625,820.716552734375,925.06640625,820.716552734375
plastic_nut,plastic_nut/OK/S0247/plastic_nut_0247_OK_C1_20230930145732.jpg,plastic_nut::plastic_nut_0247_OK,1,source_calibration,OK,1522.7080078125,1066.814697265625,1066.814697265625,1066.814697265625
plastic_nut,plastic_nut/OK/S0247/plastic_nut_0247_OK_C2_20230930145732.jpg,plastic_nut::plastic_nut_0247_OK,2,source_calibration,OK,860.96533203125,915.500732421875,916.5263671875,915.500732421875
plastic_nut,plastic_nut/OK/S0247/plastic_nut_0247_OK_C3_20230930145732.jpg,plastic_nut::plastic_nut_0247_OK,3,source_calibration,OK,1226.287109375,780.48583984375,1065.30126953125,789.0947265625
plastic_nut,plastic_nut/OK/S0247/plastic_nut_0247_OK_C4_20230930145732.jpg,plastic_nut::plastic_nut_0247_OK,4,source_calibration,OK,822.427490234375,811.62353515625,934.2998046875,820.779541015625
plastic_nut,plastic_nut/OK/S0247/plastic_nut_0247_OK_C5_20230930145732.jpg,plastic_nut::plastic_nut_0247_OK,5,source_calibration,OK,1004.34228515625,779.17333984375,919.3974609375,817.248046875
plastic_nut,plastic_nut/OK/S0259/plastic_nut_0259_OK_C1_20230930150223.jpg,plastic_nut::plastic_nut_0259_OK,1,source_calibration,OK,995.7470703125,778.59375,900.20068359375,778.59375
plastic_nut,plastic_nut/OK/S0259/plastic_nut_0259_OK_C2_20230930150223.jpg,plastic_nut::plastic_nut_0259_OK,2,source_calibration,OK,1167.84619140625,741.10009765625,1009.166015625,827.338623046875
plastic_nut,plastic_nut/OK/S0259/plastic_nut_0259_OK_C3_20230930150223.jpg,plastic_nut::plastic_nut_0259_OK,3,source_calibration,OK,917.53515625,917.49755859375,1049.04296875,917.49755859375
plastic_nut,plastic_nut/OK/S0259/plastic_nut_0259_OK_C4_20230930150223.jpg,plastic_nut::plastic_nut_0259_OK,4,source_calibration,OK,855.027587890625,794.55859375,999.96484375,818.136474609375
plastic_nut,plastic_nut/OK/S0259/plastic_nut_0259_OK_C5_20230930150223.jpg,plastic_nut::plastic_nut_0259_OK,5,source_calibration,OK,765.94873046875,906.29638671875,918.6572265625,906.29638671875
plastic_nut,plastic_nut/OK/S0260/plastic_nut_0260_OK_C1_20230930150255.jpg,plastic_nut::plastic_nut_0260_OK,1,source_calibration,OK,828.764404296875,806.216796875,883.66943359375,806.216796875
plastic_nut,plastic_nut/OK/S0260/plastic_nut_0260_OK_C2_20230930150255.jpg,plastic_nut::plastic_nut_0260_OK,2,source_calibration,OK,990.5146484375,973.282470703125,995.33935546875,973.282470703125
plastic_nut,plastic_nut/OK/S0260/plastic_nut_0260_OK_C3_20230930150255.jpg,plastic_nut::plastic_nut_0260_OK,3,source_calibration,OK,1229.03955078125,750.22900390625,1040.0986328125,765.6328125
plastic_nut,plastic_nut/OK/S0260/plastic_nut_0260_OK_C4_20230930150255.jpg,plastic_nut::plastic_nut_0260_OK,4,source_calibration,OK,792.95751953125,799.2802734375,1007.06787109375,982.95263671875
plastic_nut,plastic_nut/OK/S0260/plastic_nut_0260_OK_C5_20230930150255.jpg,plastic_nut::plastic_nut_0260_OK,5,source_calibration,OK,832.994140625,865.449951171875,920.37353515625,865.449951171875
plastic_nut,plastic_nut/OK/S0265/plastic_nut_0265_OK_C1_20230930150507.jpg,plastic_nut::plastic_nut_0265_OK,1,source_calibration,OK,982.624755859375,869.46923828125,923.88623046875,869.46923828125
plastic_nut,plastic_nut/OK/S0265/plastic_nut_0265_OK_C2_20230930150507.jpg,plastic_nut::plastic_nut_0265_OK,2,source_calibration,OK,940.90869140625,1111.28857421875,1111.28857421875,1111.28857421875
plastic_nut,plastic_nut/OK/S0265/plastic_nut_0265_OK_C3_20230930150507.jpg,plastic_nut::plastic_nut_0265_OK,3,source_calibration,OK,1145.927490234375,790.454833984375,1052.744140625,790.454833984375
plastic_nut,plastic_nut/OK/S0265/plastic_nut_0265_OK_C4_20230930150507.jpg,plastic_nut::plastic_nut_0265_OK,4,source_calibration,OK,782.703125,826.3212890625,919.50732421875,826.3212890625
plastic_nut,plastic_nut/OK/S0265/plastic_nut_0265_OK_C5_20230930150507.jpg,plastic_nut::plastic_nut_0265_OK,5,source_calibration,OK,1178.052978515625,936.318359375,936.318359375,936.318359375
plastic_nut,plastic_nut/OK/S0275/plastic_nut_0275_OK_C1_20230930150847.jpg,plastic_nut::plastic_nut_0275_OK,1,source_calibration,OK,885.1376953125,788.671630859375,899.25,788.671630859375
plastic_nut,plastic_nut/OK/S0275/plastic_nut_0275_OK_C2_20230930150847.jpg,plastic_nut::plastic_nut_0275_OK,2,source_calibration,OK,921.841796875,816.6494140625,1004.37451171875,816.6494140625
plastic_nut,plastic_nut/OK/S0275/plastic_nut_0275_OK_C3_20230930150847.jpg,plastic_nut::plastic_nut_0275_OK,3,source_calibration,OK,1143.6396484375,875.92578125,1038.033203125,875.92578125
plastic_nut,plastic_nut/OK/S0275/plastic_nut_0275_OK_C4_20230930150847.jpg,plastic_nut::plastic_nut_0275_OK,4,source_calibration,OK,777.404541015625,785.54150390625,882.2109375,785.54150390625
plastic_nut,plastic_nut/OK/S0275/plastic_nut_0275_OK_C5_20230930150847.jpg,plastic_nut::plastic_nut_0275_OK,5,source_calibration,OK,1005.37158203125,951.1025390625,951.1025390625,951.1025390625
plastic_nut,plastic_nut/OK/S0276/plastic_nut_0276_OK_C1_20230930150907.jpg,plastic_nut::plastic_nut_0276_OK,1,source_calibration,OK,880.1650390625,906.7138671875,989.484375,906.7138671875
plastic_nut,plastic_nut/OK/S0276/plastic_nut_0276_OK_C2_20230930150907.jpg,plastic_nut::plastic_nut_0276_OK,2,source_calibration,OK,787.82373046875,750.29931640625,1009.55224609375,750.29931640625
plastic_nut,plastic_nut/OK/S0276/plastic_nut_0276_OK_C3_20230930150907.jpg,plastic_nut::plastic_nut_0276_OK,3,source_calibration,OK,1440.4716796875,1008.93017578125,1047.3291015625,1008.93017578125
plastic_nut,plastic_nut/OK/S0276/plastic_nut_0276_OK_C4_20230930150907.jpg,plastic_nut::plastic_nut_0276_OK,4,source_calibration,OK,785.852294921875,738.480712890625,853.759521484375,800.99609375
plastic_nut,plastic_nut/OK/S0276/plastic_nut_0276_OK_C5_20230930150907.jpg,plastic_nut::plastic_nut_0276_OK,5,source_calibration,OK,877.42822265625,795.096923828125,1057.05810546875,795.096923828125
plastic_nut,plastic_nut/OK/S0278/plastic_nut_0278_OK_C1_20230930150942.jpg,plastic_nut::plastic_nut_0278_OK,1,source_calibration,OK,1018.81396484375,861.892333984375,927.969482421875,861.892333984375
plastic_nut,plastic_nut/OK/S0278/plastic_nut_0278_OK_C2_20230930150942.jpg,plastic_nut::plastic_nut_0278_OK,2,source_calibration,OK,1272.9140625,913.3857421875,1001.2685546875,913.3857421875
plastic_nut,plastic_nut/OK/S0278/plastic_nut_0278_OK_C3_20230930150942.jpg,plastic_nut::plastic_nut_0278_OK,3,source_calibration,OK,1004.20166015625,872.7724609375,1051.994140625,872.7724609375
plastic_nut,plastic_nut/OK/S0278/plastic_nut_0278_OK_C4_20230930150942.jpg,plastic_nut::plastic_nut_0278_OK,4,source_calibration,OK,749.032470703125,825.01123046875,927.994140625,825.01123046875
plastic_nut,plastic_nut/OK/S0278/plastic_nut_0278_OK_C5_20230930150942.jpg,plastic_nut::plastic_nut_0278_OK,5,source_calibration,OK,1074.51953125,964.13525390625,1358.2705078125,964.13525390625
plastic_nut,plastic_nut/OK/S0287/plastic_nut_0287_OK_C1_20230930152021.jpg,plastic_nut::plastic_nut_0287_OK,1,source_calibration,OK,835.87646484375,956.240234375,956.240234375,956.240234375
plastic_nut,plastic_nut/OK/S0287/plastic_nut_0287_OK_C2_20230930152021.jpg,plastic_nut::plastic_nut_0287_OK,2,source_calibration,OK,775.941650390625,940.268310546875,991.0810546875,940.268310546875
plastic_nut,plastic_nut/OK/S0287/plastic_nut_0287_OK_C3_20230930152021.jpg,plastic_nut::plastic_nut_0287_OK,3,source_calibration,OK,1012.5458984375,800.452392578125,1007.72021484375,809.1923828125
plastic_nut,plastic_nut/OK/S0287/plastic_nut_0287_OK_C4_20230930152021.jpg,plastic_nut::plastic_nut_0287_OK,4,source_calibration,OK,854.77587890625,968.314453125,968.314453125,968.314453125
plastic_nut,plastic_nut/OK/S0287/plastic_nut_0287_OK_C5_20230930152021.jpg,plastic_nut::plastic_nut_0287_OK,5,source_calibration,OK,716.6279296875,796.000732421875,908.723876953125,796.000732421875
plastic_nut,plastic_nut/OK/S0316/plastic_nut_0316_OK_C1_20230930152701.jpg,plastic_nut::plastic_nut_0316_OK,1,source_calibration,OK,929.138916015625,860.13720703125,952.71728515625,860.13720703125
plastic_nut,plastic_nut/OK/S0316/plastic_nut_0316_OK_C2_20230930152701.jpg,plastic_nut::plastic_nut_0316_OK,2,source_calibration,OK,1001.4072265625,851.87890625,996.594970703125,887.490234375
plastic_nut,plastic_nut/OK/S0316/plastic_nut_0316_OK_C3_20230930152701.jpg,plastic_nut::plastic_nut_0316_OK,3,source_calibration,OK,754.49609375,794.27001953125,1001.3857421875,794.27001953125
plastic_nut,plastic_nut/OK/S0316/plastic_nut_0316_OK_C4_20230930152701.jpg,plastic_nut::plastic_nut_0316_OK,4,source_calibration,OK,973.104248046875,912.08935546875,912.08935546875,912.08935546875
plastic_nut,plastic_nut/OK/S0316/plastic_nut_0316_OK_C5_20230930152701.jpg,plastic_nut::plastic_nut_0316_OK,5,source_calibration,OK,910.438232421875,851.346923828125,869.29248046875,851.346923828125
plastic_nut,plastic_nut/OK/S0317/plastic_nut_0317_OK_C1_20230930152714.jpg,plastic_nut::plastic_nut_0317_OK,1,source_calibration,OK,992.00634765625,964.49365234375,1025.40478515625,964.49365234375
plastic_nut,plastic_nut/OK/S0317/plastic_nut_0317_OK_C2_20230930152714.jpg,plastic_nut::plastic_nut_0317_OK,2,source_calibration,OK,860.229248046875,808.76123046875,986.252197265625,808.76123046875
plastic_nut,plastic_nut/OK/S0317/plastic_nut_0317_OK_C3_20230930152714.jpg,plastic_nut::plastic_nut_0317_OK,3,source_calibration,OK,800.00048828125,832.07373046875,1018.22509765625,832.07373046875
plastic_nut,plastic_nut/OK/S0317/plastic_nut_0317_OK_C4_20230930152714.jpg,plastic_nut::plastic_nut_0317_OK,4,source_calibration,OK,1044.965576171875,851.19384765625,880.43603515625,947.009521484375
plastic_nut,plastic_nut/OK/S0317/plastic_nut_0317_OK_C5_20230930152714.jpg,plastic_nut::plastic_nut_0317_OK,5,source_calibration,OK,931.4296875,874.509765625,899.8466796875,874.509765625
plastic_nut,plastic_nut/OK/S0319/plastic_nut_0319_OK_C1_20230930152728.jpg,plastic_nut::plastic_nut_0319_OK,1,source_calibration,OK,816.8798828125,800.60693359375,996.461669921875,1067.505615234375
plastic_nut,plastic_nut/OK/S0319/plastic_nut_0319_OK_C2_20230930152728.jpg,plastic_nut::plastic_nut_0319_OK,2,source_calibration,OK,892.80615234375,850.1025390625,984.4580078125,850.1025390625
plastic_nut,plastic_nut/OK/S0319/plastic_nut_0319_OK_C3_20230930152728.jpg,plastic_nut::plastic_nut_0319_OK,3,source_calibration,OK,1009.255859375,918.82470703125,1006.365966796875,918.82470703125
plastic_nut,plastic_nut/OK/S0319/plastic_nut_0319_OK_C4_20230930152728.jpg,plastic_nut::plastic_nut_0319_OK,4,source_calibration,OK,935.748779296875,950.5849609375,950.5849609375,950.5849609375
plastic_nut,plastic_nut/OK/S0319/plastic_nut_0319_OK_C5_20230930152728.jpg,plastic_nut::plastic_nut_0319_OK,5,source_calibration,OK,849.615234375,813.04248046875,857.419921875,813.04248046875
plastic_nut,plastic_nut/OK/S0322/plastic_nut_0322_OK_C1_20230930152758.jpg,plastic_nut::plastic_nut_0322_OK,1,source_calibration,OK,844.301513671875,808.38134765625,1000.32958984375,847.71337890625
plastic_nut,plastic_nut/OK/S0322/plastic_nut_0322_OK_C2_20230930152758.jpg,plastic_nut::plastic_nut_0322_OK,2,source_calibration,OK,870.797119140625,800.73486328125,939.62353515625,800.73486328125
plastic_nut,plastic_nut/OK/S0322/plastic_nut_0322_OK_C3_20230930152758.jpg,plastic_nut::plastic_nut_0322_OK,3,source_calibration,OK,1461.66650390625,1006.376953125,1027.9970703125,1006.376953125
plastic_nut,plastic_nut/OK/S0322/plastic_nut_0322_OK_C4_20230930152758.jpg,plastic_nut::plastic_nut_0322_OK,4,source_calibration,OK,816.52783203125,845.85693359375,860.41064453125,845.85693359375
plastic_nut,plastic_nut/OK/S0322/plastic_nut_0322_OK_C5_20230930152758.jpg,plastic_nut::plastic_nut_0322_OK,5,source_calibration,OK,937.801513671875,998.911865234375,998.911865234375,998.911865234375
plastic_nut,plastic_nut/OK/S0326/plastic_nut_0326_OK_C1_20230930153021.jpg,plastic_nut::plastic_nut_0326_OK,1,source_calibration,OK,1009.162109375,1004.85400390625,1083.64208984375,1004.85400390625
plastic_nut,plastic_nut/OK/S0326/plastic_nut_0326_OK_C2_20230930153021.jpg,plastic_nut::plastic_nut_0326_OK,2,source_calibration,OK,1571.7978515625,759.6123046875,977.42138671875,759.6123046875
plastic_nut,plastic_nut/OK/S0326/plastic_nut_0326_OK_C3_20230930153021.jpg,plastic_nut::plastic_nut_0326_OK,3,source_calibration,OK,867.234130859375,920.1962890625,990.09716796875,920.1962890625
plastic_nut,plastic_nut/OK/S0326/plastic_nut_0326_OK_C4_20230930153021.jpg,plastic_nut::plastic_nut_0326_OK,4,source_calibration,OK,781.86083984375,814.6767578125,948.72119140625,965.79296875
plastic_nut,plastic_nut/OK/S0326/plastic_nut_0326_OK_C5_20230930153021.jpg,plastic_nut::plastic_nut_0326_OK,5,source_calibration,OK,820.19677734375,811.1533203125,932.7060546875,818.94970703125
plastic_nut,plastic_nut/OK/S0329/plastic_nut_0329_OK_C1_20230930153203.jpg,plastic_nut::plastic_nut_0329_OK,1,source_calibration,OK,1003.5849609375,838.6591796875,1090.41357421875,915.90380859375
plastic_nut,plastic_nut/OK/S0329/plastic_nut_0329_OK_C2_20230930153203.jpg,plastic_nut::plastic_nut_0329_OK,2,source_calibration,OK,1297.86474609375,819.88525390625,982.7255859375,819.88525390625
plastic_nut,plastic_nut/OK/S0329/plastic_nut_0329_OK_C3_20230930153203.jpg,plastic_nut::plastic_nut_0329_OK,3,source_calibration,OK,811.91259765625,745.06396484375,1071.19140625,806.645263671875
plastic_nut,plastic_nut/OK/S0329/plastic_nut_0329_OK_C4_20230930153203.jpg,plastic_nut::plastic_nut_0329_OK,4,source_calibration,OK,754.6220703125,802.80078125,951.09423828125,802.80078125
plastic_nut,plastic_nut/OK/S0329/plastic_nut_0329_OK_C5_20230930153203.jpg,plastic_nut::plastic_nut_0329_OK,5,source_calibration,OK,838.031494140625,807.1259765625,927.3681640625,837.64599609375
plastic_nut,plastic_nut/OK/S0331/plastic_nut_0331_OK_C1_20230930153349.jpg,plastic_nut::plastic_nut_0331_OK,1,source_calibration,OK,804.970458984375,737.842041015625,1015.67431640625,754.49755859375
plastic_nut,plastic_nut/OK/S0331/plastic_nut_0331_OK_C2_20230930153349.jpg,plastic_nut::plastic_nut_0331_OK,2,source_calibration,OK,1165.6005859375,738.27099609375,994.6171875,738.27099609375
plastic_nut,plastic_nut/OK/S0331/plastic_nut_0331_OK_C3_20230930153349.jpg,plastic_nut::plastic_nut_0331_OK,3,source_calibration,OK,812.090576171875,850.015625,1046.486328125,850.015625
plastic_nut,plastic_nut/OK/S0331/plastic_nut_0331_OK_C4_20230930153349.jpg,plastic_nut::plastic_nut_0331_OK,4,source_calibration,OK,816.69091796875,848.068115234375,934.03173828125,848.068115234375
plastic_nut,plastic_nut/OK/S0331/plastic_nut_0331_OK_C5_20230930153349.jpg,plastic_nut::plastic_nut_0331_OK,5,source_calibration,OK,1303.2021484375,971.9580078125,1092.52783203125,971.9580078125
plastic_nut,plastic_nut/OK/S0338/plastic_nut_0338_OK_C1_20230930153615.jpg,plastic_nut::plastic_nut_0338_OK,1,source_calibration,OK,894.5048828125,959.4404296875,959.4404296875,959.4404296875
plastic_nut,plastic_nut/OK/S0338/plastic_nut_0338_OK_C2_20230930153615.jpg,plastic_nut::plastic_nut_0338_OK,2,source_calibration,OK,1399.25,794.80908203125,1015.02490234375,794.80908203125
plastic_nut,plastic_nut/OK/S0338/plastic_nut_0338_OK_C3_20230930153615.jpg,plastic_nut::plastic_nut_0338_OK,3,source_calibration,OK,829.31298828125,804.70068359375,1046.6474609375,804.70068359375
plastic_nut,plastic_nut/OK/S0338/plastic_nut_0338_OK_C4_20230930153615.jpg,plastic_nut::plastic_nut_0338_OK,4,source_calibration,OK,764.3076171875,859.673583984375,947.95556640625,859.673583984375
plastic_nut,plastic_nut/OK/S0338/plastic_nut_0338_OK_C5_20230930153615.jpg,plastic_nut::plastic_nut_0338_OK,5,source_calibration,OK,778.50537109375,717.08935546875,907.92041015625,775.84765625
plastic_nut,plastic_nut/OK/S0339/plastic_nut_0339_OK_C1_20230930153627.jpg,plastic_nut::plastic_nut_0339_OK,1,source_calibration,OK,1163.25732421875,1076.284912109375,1076.284912109375,1076.284912109375
plastic_nut,plastic_nut/OK/S0339/plastic_nut_0339_OK_C2_20230930153627.jpg,plastic_nut::plastic_nut_0339_OK,2,source_calibration,OK,1470.3056640625,835.9794921875,1002.9130859375,835.9794921875
plastic_nut,plastic_nut/OK/S0339/plastic_nut_0339_OK_C3_20230930153627.jpg,plastic_nut::plastic_nut_0339_OK,3,source_calibration,OK,920.77197265625,980.9296875,1029.64990234375,980.9296875
plastic_nut,plastic_nut/OK/S0339/plastic_nut_0339_OK_C4_20230930153627.jpg,plastic_nut::plastic_nut_0339_OK,4,source_calibration,OK,785.8515625,1082.0625,1082.0625,1082.0625
plastic_nut,plastic_nut/OK/S0339/plastic_nut_0339_OK_C5_20230930153627.jpg,plastic_nut::plastic_nut_0339_OK,5,source_calibration,OK,815.818115234375,891.5048828125,921.962890625,891.5048828125
plastic_nut,plastic_nut/OK/S0340/plastic_nut_0340_OK_C1_20230930153635.jpg,plastic_nut::plastic_nut_0340_OK,1,source_calibration,OK,995.077392578125,939.0517578125,945.52587890625,939.0517578125
plastic_nut,plastic_nut/OK/S0340/plastic_nut_0340_OK_C2_20230930153635.jpg,plastic_nut::plastic_nut_0340_OK,2,source_calibration,OK,1395.209716796875,777.717041015625,1009.84521484375,777.717041015625
plastic_nut,plastic_nut/OK/S0340/plastic_nut_0340_OK_C3_20230930153635.jpg,plastic_nut::plastic_nut_0340_OK,3,source_calibration,OK,830.54150390625,793.3486328125,1053.90625,803.201171875
plastic_nut,plastic_nut/OK/S0340/plastic_nut_0340_OK_C4_20230930153635.jpg,plastic_nut::plastic_nut_0340_OK,4,source_calibration,OK,999.040283203125,1197.48486328125,1197.48486328125,1197.48486328125
plastic_nut,plastic_nut/OK/S0340/plastic_nut_0340_OK_C5_20230930153635.jpg,plastic_nut::plastic_nut_0340_OK,5,source_calibration,OK,768.84619140625,769.322509765625,909.85986328125,769.322509765625
plastic_nut,plastic_nut/OK/S0346/plastic_nut_0346_OK_C1_20230930153745.jpg,plastic_nut::plastic_nut_0346_OK,1,source_calibration,OK,861.6845703125,817.86181640625,905.610107421875,817.86181640625
plastic_nut,plastic_nut/OK/S0346/plastic_nut_0346_OK_C2_20230930153745.jpg,plastic_nut::plastic_nut_0346_OK,2,source_calibration,OK,1379.48486328125,1209.12890625,1209.12890625,1209.12890625
plastic_nut,plastic_nut/OK/S0346/plastic_nut_0346_OK_C3_20230930153745.jpg,plastic_nut::plastic_nut_0346_OK,3,source_calibration,OK,1418.66455078125,825.400634765625,1081.18505859375,825.400634765625
plastic_nut,plastic_nut/OK/S0346/plastic_nut_0346_OK_C4_20230930153745.jpg,plastic_nut::plastic_nut_0346_OK,4,source_calibration,OK,865.6611328125,1008.154541015625,1008.154541015625,1008.154541015625
plastic_nut,plastic_nut/OK/S0346/plastic_nut_0346_OK_C5_20230930153745.jpg,plastic_nut::plastic_nut_0346_OK,5,source_calibration,OK,795.90625,938.349365234375,938.349365234375,938.349365234375
plastic_nut,plastic_nut/OK/S0357/plastic_nut_0357_OK_C1_20230930154014.jpg,plastic_nut::plastic_nut_0357_OK,1,source_calibration,OK,833.53466796875,889.809814453125,889.809814453125,889.809814453125
plastic_nut,plastic_nut/OK/S0357/plastic_nut_0357_OK_C2_20230930154014.jpg,plastic_nut::plastic_nut_0357_OK,2,source_calibration,OK,987.033203125,1015.8857421875,1015.8857421875,1045.063720703125
plastic_nut,plastic_nut/OK/S0357/plastic_nut_0357_OK_C3_20230930154014.jpg,plastic_nut::plastic_nut_0357_OK,3,source_calibration,OK,1398.651123046875,900.0849609375,1087.58984375,900.0849609375
plastic_nut,plastic_nut/OK/S0357/plastic_nut_0357_OK_C4_20230930154014.jpg,plastic_nut::plastic_nut_0357_OK,4,source_calibration,OK,895.001708984375,797.283203125,880.702880859375,829.609375
plastic_nut,plastic_nut/OK/S0357/plastic_nut_0357_OK_C5_20230930154014.jpg,plastic_nut::plastic_nut_0357_OK,5,source_calibration,OK,905.856689453125,787.475830078125,912.603515625,876.47265625
plastic_nut,plastic_nut/OK/S0358/plastic_nut_0358_OK_C1_20230930154023.jpg,plastic_nut::plastic_nut_0358_OK,1,source_calibration,OK,846.3671875,846.3671875,954.89697265625,849.39599609375
plastic_nut,plastic_nut/OK/S0358/plastic_nut_0358_OK_C2_20230930154023.jpg,plastic_nut::plastic_nut_0358_OK,2,source_calibration,OK,823.571044921875,820.63427734375,1003.6142578125,820.63427734375
plastic_nut,plastic_nut/OK/S0358/plastic_nut_0358_OK_C3_20230930154023.jpg,plastic_nut::plastic_nut_0358_OK,3,source_calibration,OK,1486.83056640625,781.43408203125,1090.33642578125,781.43408203125
plastic_nut,plastic_nut/OK/S0358/plastic_nut_0358_OK_C4_20230930154023.jpg,plastic_nut::plastic_nut_0358_OK,4,source_calibration,OK,767.8720703125,754.710693359375,900.5498046875,754.710693359375
plastic_nut,plastic_nut/OK/S0358/plastic_nut_0358_OK_C5_20230930154023.jpg,plastic_nut::plastic_nut_0358_OK,5,source_calibration,OK,808.29931640625,799.6318359375,914.96142578125,799.6318359375
plastic_nut,plastic_nut/OK/S0360/plastic_nut_0360_OK_C1_20230930154055.jpg,plastic_nut::plastic_nut_0360_OK,1,source_calibration,OK,888.64501953125,890.3056640625,974.44921875,890.3056640625
plastic_nut,plastic_nut/OK/S0360/plastic_nut_0360_OK_C2_20230930154055.jpg,plastic_nut::plastic_nut_0360_OK,2,source_calibration,OK,901.365234375,952.192138671875,990.73828125,952.192138671875
plastic_nut,plastic_nut/OK/S0360/plastic_nut_0360_OK_C3_20230930154055.jpg,plastic_nut::plastic_nut_0360_OK,3,source_calibration,OK,1447.52783203125,847.0,1083.120849609375,847.16015625
plastic_nut,plastic_nut/OK/S0360/plastic_nut_0360_OK_C4_20230930154055.jpg,plastic_nut::plastic_nut_0360_OK,4,source_calibration,OK,751.224609375,775.302978515625,909.69775390625,785.70458984375
plastic_nut,plastic_nut/OK/S0360/plastic_nut_0360_OK_C5_20230930154055.jpg,plastic_nut::plastic_nut_0360_OK,5,source_calibration,OK,992.2275390625,846.84326171875,906.5498046875,846.84326171875
plastic_nut,plastic_nut/OK/S0362/plastic_nut_0362_OK_C1_20230930154112.jpg,plastic_nut::plastic_nut_0362_OK,1,source_calibration,OK,808.81591796875,896.814453125,942.779296875,896.814453125
plastic_nut,plastic_nut/OK/S0362/plastic_nut_0362_OK_C2_20230930154112.jpg,plastic_nut::plastic_nut_0362_OK,2,source_calibration,OK,713.2724609375,744.56201171875,985.005859375,744.56201171875
plastic_nut,plastic_nut/OK/S0362/plastic_nut_0362_OK_C3_20230930154112.jpg,plastic_nut::plastic_nut_0362_OK,3,source_calibration,OK,1403.8232421875,780.78271484375,1094.2451171875,780.78271484375
plastic_nut,plastic_nut/OK/S0362/plastic_nut_0362_OK_C4_20230930154112.jpg,plastic_nut::plastic_nut_0362_OK,4,source_calibration,OK,761.9970703125,762.689453125,861.125,762.689453125
plastic_nut,plastic_nut/OK/S0362/plastic_nut_0362_OK_C5_20230930154112.jpg,plastic_nut::plastic_nut_0362_OK,5,source_calibration,OK,742.66162109375,922.981689453125,922.981689453125,922.981689453125
plastic_nut,plastic_nut/OK/S0373/plastic_nut_0373_OK_C1_20230930154354.jpg,plastic_nut::plastic_nut_0373_OK,1,source_calibration,OK,977.77197265625,913.630126953125,913.630126953125,913.630126953125
plastic_nut,plastic_nut/OK/S0373/plastic_nut_0373_OK_C2_20230930154354.jpg,plastic_nut::plastic_nut_0373_OK,2,source_calibration,OK,977.83154296875,926.587890625,1016.958984375,926.587890625
plastic_nut,plastic_nut/OK/S0373/plastic_nut_0373_OK_C3_20230930154354.jpg,plastic_nut::plastic_nut_0373_OK,3,source_calibration,OK,1426.0078125,1182.26416015625,1182.26416015625,1182.26416015625
plastic_nut,plastic_nut/OK/S0373/plastic_nut_0373_OK_C4_20230930154354.jpg,plastic_nut::plastic_nut_0373_OK,4,source_calibration,OK,903.935546875,945.1337890625,945.1337890625,945.1337890625
plastic_nut,plastic_nut/OK/S0373/plastic_nut_0373_OK_C5_20230930154354.jpg,plastic_nut::plastic_nut_0373_OK,5,source_calibration,OK,916.512451171875,814.230712890625,863.869140625,814.230712890625
plastic_nut,plastic_nut/OK/S0377/plastic_nut_0377_OK_C1_20230930154459.jpg,plastic_nut::plastic_nut_0377_OK,1,source_calibration,OK,833.94091796875,916.755126953125,916.755126953125,1233.965087890625
plastic_nut,plastic_nut/OK/S0377/plastic_nut_0377_OK_C2_20230930154459.jpg,plastic_nut::plastic_nut_0377_OK,2,source_calibration,OK,808.0498046875,1000.38134765625,1005.5224609375,1000.38134765625
plastic_nut,plastic_nut/OK/S0377/plastic_nut_0377_OK_C3_20230930154459.jpg,plastic_nut::plastic_nut_0377_OK,3,source_calibration,OK,1209.2431640625,698.916015625,1076.38134765625,740.368896484375
plastic_nut,plastic_nut/OK/S0377/plastic_nut_0377_OK_C4_20230930154459.jpg,plastic_nut::plastic_nut_0377_OK,4,source_calibration,OK,928.27978515625,796.020263671875,919.4833984375,851.419921875
plastic_nut,plastic_nut/OK/S0377/plastic_nut_0377_OK_C5_20230930154459.jpg,plastic_nut::plastic_nut_0377_OK,5,source_calibration,OK,907.57470703125,840.166748046875,848.9794921875,840.166748046875
plastic_nut,plastic_nut/OK/S0411/plastic_nut_0411_OK_C1_20230930155900.jpg,plastic_nut::plastic_nut_0411_OK,1,source_calibration,OK,1007.047607421875,1002.416015625,1002.416015625,1002.416015625
plastic_nut,plastic_nut/OK/S0411/plastic_nut_0411_OK_C2_20230930155900.jpg,plastic_nut::plastic_nut_0411_OK,2,source_calibration,OK,852.04296875,897.099853515625,970.47705078125,897.099853515625
plastic_nut,plastic_nut/OK/S0411/plastic_nut_0411_OK_C3_20230930155900.jpg,plastic_nut::plastic_nut_0411_OK,3,source_calibration,OK,914.64111328125,839.89111328125,989.46044921875,839.89111328125
plastic_nut,plastic_nut/OK/S0411/plastic_nut_0411_OK_C4_20230930155900.jpg,plastic_nut::plastic_nut_0411_OK,4,source_calibration,OK,880.4609375,800.7275390625,862.099365234375,800.7275390625
plastic_nut,plastic_nut/OK/S0411/plastic_nut_0411_OK_C5_20230930155900.jpg,plastic_nut::plastic_nut_0411_OK,5,source_calibration,OK,842.47607421875,806.755859375,928.23095703125,806.755859375
plastic_nut,plastic_nut/OK/S0412/plastic_nut_0412_OK_C1_20230930155913.jpg,plastic_nut::plastic_nut_0412_OK,1,source_calibration,OK,1120.2275390625,1103.147216796875,1103.147216796875,1103.147216796875
plastic_nut,plastic_nut/OK/S0412/plastic_nut_0412_OK_C2_20230930155913.jpg,plastic_nut::plastic_nut_0412_OK,2,source_calibration,OK,926.87646484375,854.0859375,1001.37841796875,854.0859375
plastic_nut,plastic_nut/OK/S0412/plastic_nut_0412_OK_C3_20230930155913.jpg,plastic_nut::plastic_nut_0412_OK,3,source_calibration,OK,960.505126953125,895.53076171875,1009.119140625,895.53076171875
plastic_nut,plastic_nut/OK/S0412/plastic_nut_0412_OK_C4_20230930155913.jpg,plastic_nut::plastic_nut_0412_OK,4,source_calibration,OK,970.586669921875,1002.179443359375,1002.179443359375,1002.179443359375
plastic_nut,plastic_nut/OK/S0412/plastic_nut_0412_OK_C5_20230930155913.jpg,plastic_nut::plastic_nut_0412_OK,5,source_calibration,OK,1095.2470703125,884.8076171875,931.650390625,884.8076171875
plastic_nut,plastic_nut/OK/S0415/plastic_nut_0415_OK_C1_20230930155950.jpg,plastic_nut::plastic_nut_0415_OK,1,source_calibration,OK,937.31689453125,951.67919921875,1072.59423828125,994.65771484375
plastic_nut,plastic_nut/OK/S0415/plastic_nut_0415_OK_C2_20230930155950.jpg,plastic_nut::plastic_nut_0415_OK,2,source_calibration,OK,772.816162109375,752.218017578125,982.4375,752.218017578125
plastic_nut,plastic_nut/OK/S0415/plastic_nut_0415_OK_C3_20230930155950.jpg,plastic_nut::plastic_nut_0415_OK,3,source_calibration,OK,1210.94873046875,969.42578125,998.34228515625,969.42578125
plastic_nut,plastic_nut/OK/S0415/plastic_nut_0415_OK_C4_20230930155950.jpg,plastic_nut::plastic_nut_0415_OK,4,source_calibration,OK,936.8388671875,856.125,894.88818359375,856.125
plastic_nut,plastic_nut/OK/S0415/plastic_nut_0415_OK_C5_20230930155950.jpg,plastic_nut::plastic_nut_0415_OK,5,source_calibration,OK,829.48046875,755.970703125,907.845703125,787.681640625
plastic_nut,plastic_nut/OK/S0417/plastic_nut_0417_OK_C1_20230930160012.jpg,plastic_nut::plastic_nut_0417_OK,1,source_calibration,OK,1379.5390625,898.16845703125,1098.201171875,898.16845703125
plastic_nut,plastic_nut/OK/S0417/plastic_nut_0417_OK_C2_20230930160012.jpg,plastic_nut::plastic_nut_0417_OK,2,source_calibration,OK,907.5166015625,894.53759765625,971.68603515625,894.53759765625
plastic_nut,plastic_nut/OK/S0417/plastic_nut_0417_OK_C3_20230930160012.jpg,plastic_nut::plastic_nut_0417_OK,3,source_calibration,OK,947.4189453125,899.47412109375,999.2421875,899.47412109375
plastic_nut,plastic_nut/OK/S0417/plastic_nut_0417_OK_C4_20230930160012.jpg,plastic_nut::plastic_nut_0417_OK,4,source_calibration,OK,1075.1953125,1025.10009765625,1025.10009765625,1025.10009765625
plastic_nut,plastic_nut/OK/S0417/plastic_nut_0417_OK_C5_20230930160012.jpg,plastic_nut::plastic_nut_0417_OK,5,source_calibration,OK,1221.64990234375,797.3291015625,932.15185546875,808.90234375
plastic_nut,plastic_nut/OK/S0425/plastic_nut_0425_OK_C1_20230930160213.jpg,plastic_nut::plastic_nut_0425_OK,1,source_calibration,OK,854.751953125,965.046875,999.0078125,965.046875
plastic_nut,plastic_nut/OK/S0425/plastic_nut_0425_OK_C2_20230930160213.jpg,plastic_nut::plastic_nut_0425_OK,2,source_calibration,OK,768.13330078125,778.778564453125,993.13232421875,778.778564453125
plastic_nut,plastic_nut/OK/S0425/plastic_nut_0425_OK_C3_20230930160213.jpg,plastic_nut::plastic_nut_0425_OK,3,source_calibration,OK,969.621337890625,920.525146484375,1025.08935546875,920.525146484375
plastic_nut,plastic_nut/OK/S0425/plastic_nut_0425_OK_C4_20230930160213.jpg,plastic_nut::plastic_nut_0425_OK,4,source_calibration,OK,959.603515625,891.50146484375,1012.6044921875,891.50146484375
plastic_nut,plastic_nut/OK/S0425/plastic_nut_0425_OK_C5_20230930160213.jpg,plastic_nut::plastic_nut_0425_OK,5,source_calibration,OK,730.511962890625,730.25537109375,902.30224609375,731.52099609375
plastic_nut,plastic_nut/OK/S0429/plastic_nut_0429_OK_C1_20230930160516.jpg,plastic_nut::plastic_nut_0429_OK,1,source_calibration,OK,874.055908203125,980.071533203125,1077.59521484375,980.071533203125
plastic_nut,plastic_nut/OK/S0429/plastic_nut_0429_OK_C2_20230930160516.jpg,plastic_nut::plastic_nut_0429_OK,2,source_calibration,OK,1386.04052734375,914.7177734375,1017.5283203125,914.7177734375
plastic_nut,plastic_nut/OK/S0429/plastic_nut_0429_OK_C3_20230930160516.jpg,plastic_nut::plastic_nut_0429_OK,3,source_calibration,OK,815.01806640625,815.78125,1054.49169921875,815.78125
plastic_nut,plastic_nut/OK/S0429/plastic_nut_0429_OK_C4_20230930160516.jpg,plastic_nut::plastic_nut_0429_OK,4,source_calibration,OK,824.739990234375,893.5068359375,967.46826171875,893.5068359375
plastic_nut,plastic_nut/OK/S0429/plastic_nut_0429_OK_C5_20230930160516.jpg,plastic_nut::plastic_nut_0429_OK,5,source_calibration,OK,753.988037109375,749.75830078125,910.8076171875,755.844482421875
plastic_nut,plastic_nut/OK/S0433/plastic_nut_0433_OK_C1_20230930160743.jpg,plastic_nut::plastic_nut_0433_OK,1,source_calibration,OK,960.629150390625,1037.375,1071.1728515625,1037.375
plastic_nut,plastic_nut/OK/S0433/plastic_nut_0433_OK_C2_20230930160743.jpg,plastic_nut::plastic_nut_0433_OK,2,source_calibration,OK,846.92578125,860.04931640625,963.70849609375,860.04931640625
plastic_nut,plastic_nut/OK/S0433/plastic_nut_0433_OK_C3_20230930160743.jpg,plastic_nut::plastic_nut_0433_OK,3,source_calibration,OK,1036.08642578125,902.4267578125,1039.71240234375,902.4267578125
plastic_nut,plastic_nut/OK/S0433/plastic_nut_0433_OK_C4_20230930160743.jpg,plastic_nut::plastic_nut_0433_OK,4,source_calibration,OK,1203.744873046875,885.708251953125,926.00830078125,885.708251953125
plastic_nut,plastic_nut/OK/S0433/plastic_nut_0433_OK_C5_20230930160743.jpg,plastic_nut::plastic_nut_0433_OK,5,source_calibration,OK,852.51513671875,823.9248046875,916.62841796875,823.9248046875
plastic_nut,plastic_nut/OK/S0434/plastic_nut_0434_OK_C1_20230930160824.jpg,plastic_nut::plastic_nut_0434_OK,1,source_calibration,OK,831.251708984375,924.12451171875,1085.86962890625,924.12451171875
plastic_nut,plastic_nut/OK/S0434/plastic_nut_0434_OK_C2_20230930160824.jpg,plastic_nut::plastic_nut_0434_OK,2,source_calibration,OK,880.33740234375,900.573974609375,900.573974609375,900.573974609375
plastic_nut,plastic_nut/OK/S0434/plastic_nut_0434_OK_C3_20230930160824.jpg,plastic_nut::plastic_nut_0434_OK,3,source_calibration,OK,1060.328369140625,933.466552734375,1051.619873046875,933.466552734375
plastic_nut,plastic_nut/OK/S0434/plastic_nut_0434_OK_C4_20230930160824.jpg,plastic_nut::plastic_nut_0434_OK,4,source_calibration,OK,1204.12255859375,868.868408203125,933.267578125,868.868408203125
plastic_nut,plastic_nut/OK/S0434/plastic_nut_0434_OK_C5_20230930160824.jpg,plastic_nut::plastic_nut_0434_OK,5,source_calibration,OK,760.10791015625,877.36669921875,937.6474609375,877.36669921875
plastic_nut,plastic_nut/OK/S0458/plastic_nut_0458_OK_C1_20230930162131.jpg,plastic_nut::plastic_nut_0458_OK,1,source_calibration,OK,1106.28271484375,1027.746826171875,1027.746826171875,1027.746826171875
plastic_nut,plastic_nut/OK/S0458/plastic_nut_0458_OK_C2_20230930162131.jpg,plastic_nut::plastic_nut_0458_OK,2,source_calibration,OK,757.787353515625,893.9580078125,934.5302734375,925.759765625
plastic_nut,plastic_nut/OK/S0458/plastic_nut_0458_OK_C3_20230930162131.jpg,plastic_nut::plastic_nut_0458_OK,3,source_calibration,OK,799.888916015625,741.81982421875,1032.576171875,748.68310546875
plastic_nut,plastic_nut/OK/S0458/plastic_nut_0458_OK_C4_20230930162131.jpg,plastic_nut::plastic_nut_0458_OK,4,source_calibration,OK,1022.39599609375,1017.5029296875,1017.5029296875,1017.5029296875
plastic_nut,plastic_nut/OK/S0458/plastic_nut_0458_OK_C5_20230930162131.jpg,plastic_nut::plastic_nut_0458_OK,5,source_calibration,OK,918.4228515625,806.50732421875,917.189453125,806.50732421875
plastic_nut,plastic_nut/OK/S0464/plastic_nut_0464_OK_C1_20230930162227.jpg,plastic_nut::plastic_nut_0464_OK,1,source_calibration,OK,1195.29248046875,1016.73876953125,1016.73876953125,1016.73876953125
plastic_nut,plastic_nut/OK/S0464/plastic_nut_0464_OK_C2_20230930162227.jpg,plastic_nut::plastic_nut_0464_OK,2,source_calibration,OK,804.802734375,870.00927734375,967.0341796875,870.00927734375
plastic_nut,plastic_nut/OK/S0464/plastic_nut_0464_OK_C3_20230930162227.jpg,plastic_nut::plastic_nut_0464_OK,3,source_calibration,OK,867.05615234375,970.1259765625,1044.064453125,970.1259765625
plastic_nut,plastic_nut/OK/S0464/plastic_nut_0464_OK_C4_20230930162227.jpg,plastic_nut::plastic_nut_0464_OK,4,source_calibration,OK,785.95703125,869.03466796875,924.33642578125,869.03466796875
plastic_nut,plastic_nut/OK/S0464/plastic_nut_0464_OK_C5_20230930162227.jpg,plastic_nut::plastic_nut_0464_OK,5,source_calibration,OK,981.84326171875,981.84326171875,981.84326171875,981.84326171875
plastic_nut,plastic_nut/OK/S0469/plastic_nut_0469_OK_C1_20230930162341.jpg,plastic_nut::plastic_nut_0469_OK,1,source_calibration,OK,968.196533203125,967.065185546875,1028.404052734375,967.065185546875
plastic_nut,plastic_nut/OK/S0469/plastic_nut_0469_OK_C2_20230930162341.jpg,plastic_nut::plastic_nut_0469_OK,2,source_calibration,OK,751.079345703125,817.657470703125,989.0791015625,817.657470703125
plastic_nut,plastic_nut/OK/S0469/plastic_nut_0469_OK_C3_20230930162341.jpg,plastic_nut::plastic_nut_0469_OK,3,source_calibration,OK,979.509765625,856.73583984375,1048.275390625,856.73583984375
plastic_nut,plastic_nut/OK/S0469/plastic_nut_0469_OK_C4_20230930162341.jpg,plastic_nut::plastic_nut_0469_OK,4,source_calibration,OK,817.056396484375,806.55126953125,895.01611328125,806.55126953125
plastic_nut,plastic_nut/OK/S0469/plastic_nut_0469_OK_C5_20230930162341.jpg,plastic_nut::plastic_nut_0469_OK,5,source_calibration,OK,811.96484375,949.9658203125,1007.72900390625,949.9658203125
plastic_nut,plastic_nut/OK/S0471/plastic_nut_0471_OK_C1_20230930162357.jpg,plastic_nut::plastic_nut_0471_OK,1,source_calibration,OK,847.479736328125,914.11669921875,1080.9384765625,914.11669921875
plastic_nut,plastic_nut/OK/S0471/plastic_nut_0471_OK_C2_20230930162357.jpg,plastic_nut::plastic_nut_0471_OK,2,source_calibration,OK,818.739501953125,1027.915283203125,1027.915283203125,1027.915283203125
plastic_nut,plastic_nut/OK/S0471/plastic_nut_0471_OK_C3_20230930162357.jpg,plastic_nut::plastic_nut_0471_OK,3,source_calibration,OK,818.542724609375,876.3388671875,1064.2109375,876.3388671875
plastic_nut,plastic_nut/OK/S0471/plastic_nut_0471_OK_C4_20230930162357.jpg,plastic_nut::plastic_nut_0471_OK,4,source_calibration,OK,838.0537109375,847.6162109375,921.26513671875,847.6162109375
plastic_nut,plastic_nut/OK/S0471/plastic_nut_0471_OK_C5_20230930162357.jpg,plastic_nut::plastic_nut_0471_OK,5,source_calibration,OK,961.399658203125,967.886474609375,1162.052001953125,977.0302734375
plastic_nut,plastic_nut/OK/S0476/plastic_nut_0476_OK_C1_20230930162451.jpg,plastic_nut::plastic_nut_0476_OK,1,source_calibration,OK,924.3525390625,994.98681640625,1020.09326171875,994.98681640625
plastic_nut,plastic_nut/OK/S0476/plastic_nut_0476_OK_C2_20230930162451.jpg,plastic_nut::plastic_nut_0476_OK,2,source_calibration,OK,830.746826171875,942.134765625,1009.7763671875,942.134765625
plastic_nut,plastic_nut/OK/S0476/plastic_nut_0476_OK_C3_20230930162451.jpg,plastic_nut::plastic_nut_0476_OK,3,source_calibration,OK,868.11328125,1037.813232421875,1037.813232421875,1037.813232421875
plastic_nut,plastic_nut/OK/S0476/plastic_nut_0476_OK_C4_20230930162451.jpg,plastic_nut::plastic_nut_0476_OK,4,source_calibration,OK,787.04296875,756.736328125,971.016845703125,769.234130859375
plastic_nut,plastic_nut/OK/S0476/plastic_nut_0476_OK_C5_20230930162451.jpg,plastic_nut::plastic_nut_0476_OK,5,source_calibration,OK,917.679443359375,855.1044921875,927.771484375,855.1044921875
plastic_nut,plastic_nut/OK/S0487/plastic_nut_0487_OK_C1_20230930162648.jpg,plastic_nut::plastic_nut_0487_OK,1,source_calibration,OK,1308.46240234375,1348.899169921875,1348.899169921875,1348.899169921875
plastic_nut,plastic_nut/OK/S0487/plastic_nut_0487_OK_C2_20230930162648.jpg,plastic_nut::plastic_nut_0487_OK,2,source_calibration,OK,950.834716796875,941.05908203125,968.7900390625,941.05908203125
plastic_nut,plastic_nut/OK/S0487/plastic_nut_0487_OK_C3_20230930162648.jpg,plastic_nut::plastic_nut_0487_OK,3,source_calibration,OK,939.58935546875,756.706298828125,1008.8564453125,875.436279296875
plastic_nut,plastic_nut/OK/S0487/plastic_nut_0487_OK_C4_20230930162648.jpg,plastic_nut::plastic_nut_0487_OK,4,source_calibration,OK,812.58740234375,851.502685546875,900.831787109375,851.502685546875
plastic_nut,plastic_nut/OK/S0487/plastic_nut_0487_OK_C5_20230930162648.jpg,plastic_nut::plastic_nut_0487_OK,5,source_calibration,OK,996.728515625,996.728515625,996.728515625,996.728515625
plastic_nut,plastic_nut/OK/S0492/plastic_nut_0492_OK_C1_20230930162755.jpg,plastic_nut::plastic_nut_0492_OK,1,source_calibration,OK,984.5361328125,973.421630859375,1048.75439453125,973.421630859375
plastic_nut,plastic_nut/OK/S0492/plastic_nut_0492_OK_C2_20230930162755.jpg,plastic_nut::plastic_nut_0492_OK,2,source_calibration,OK,1024.40673828125,872.77978515625,917.9111328125,872.77978515625
plastic_nut,plastic_nut/OK/S0492/plastic_nut_0492_OK_C3_20230930162755.jpg,plastic_nut::plastic_nut_0492_OK,3,source_calibration,OK,841.4033203125,881.71533203125,1051.05615234375,881.71533203125
plastic_nut,plastic_nut/OK/S0492/plastic_nut_0492_OK_C4_20230930162755.jpg,plastic_nut::plastic_nut_0492_OK,4,source_calibration,OK,961.47314453125,783.380859375,943.58984375,783.380859375
plastic_nut,plastic_nut/OK/S0492/plastic_nut_0492_OK_C5_20230930162755.jpg,plastic_nut::plastic_nut_0492_OK,5,source_calibration,OK,828.36279296875,974.8408203125,974.8408203125,974.8408203125
plastic_nut,plastic_nut/OK/S0500/plastic_nut_0500_OK_C1_20230930163009.jpg,plastic_nut::plastic_nut_0500_OK,1,source_calibration,OK,1621.97265625,968.13818359375,1096.49462890625,968.13818359375
plastic_nut,plastic_nut/OK/S0500/plastic_nut_0500_OK_C2_20230930163009.jpg,plastic_nut::plastic_nut_0500_OK,2,source_calibration,OK,803.14501953125,925.95458984375,925.95458984375,925.95458984375
plastic_nut,plastic_nut/OK/S0500/plastic_nut_0500_OK_C3_20230930163009.jpg,plastic_nut::plastic_nut_0500_OK,3,source_calibration,OK,1238.6279296875,928.865478515625,1043.91064453125,942.61767578125
plastic_nut,plastic_nut/OK/S0500/plastic_nut_0500_OK_C4_20230930163009.jpg,plastic_nut::plastic_nut_0500_OK,4,source_calibration,OK,814.46875,927.2119140625,927.2119140625,927.2119140625
plastic_nut,plastic_nut/OK/S0500/plastic_nut_0500_OK_C5_20230930163009.jpg,plastic_nut::plastic_nut_0500_OK,5,source_calibration,OK,1133.379150390625,734.30615234375,932.8984375,734.30615234375
plastic_nut,plastic_nut/NG/QS/S0001/plastic_nut_0001_NG_QS_C1_20231004112421.jpg,plastic_nut::plastic_nut_0001_NG_QS,1,development,QS,1192.57763671875,1456.456298828125,1456.456298828125,1456.456298828125
plastic_nut,plastic_nut/NG/QS/S0001/plastic_nut_0001_NG_QS_C2_20231004112421.jpg,plastic_nut::plastic_nut_0001_NG_QS,2,development,QS,1270.598388671875,1339.97216796875,1339.97216796875,1339.97216796875
plastic_nut,plastic_nut/NG/QS/S0001/plastic_nut_0001_NG_QS_C3_20231004112421.jpg,plastic_nut::plastic_nut_0001_NG_QS,3,development,QS,1282.18310546875,1291.365966796875,1291.365966796875,1291.365966796875
plastic_nut,plastic_nut/NG/QS/S0001/plastic_nut_0001_NG_QS_C4_20231004112421.jpg,plastic_nut::plastic_nut_0001_NG_QS,4,development,QS,1478.7587890625,1415.1630859375,1415.1630859375,1415.1630859375
plastic_nut,plastic_nut/NG/QS/S0001/plastic_nut_0001_NG_QS_C5_20231004112421.jpg,plastic_nut::plastic_nut_0001_NG_QS,5,development,QS,1078.48193359375,1198.27490234375,1234.51611328125,1198.27490234375
plastic_nut,plastic_nut/NG/ZW/S0001/plastic_nut_0001_NG_ZW_C1_20231004093218.jpg,plastic_nut::plastic_nut_0001_NG_ZW,1,development,OK,1012.1455078125,1039.2802734375,1063.69189453125,1039.2802734375
plastic_nut,plastic_nut/NG/ZW/S0001/plastic_nut_0001_NG_ZW_C2_20231004093218.jpg,plastic_nut::plastic_nut_0001_NG_ZW,2,development,OK,991.213623046875,772.322998046875,891.38525390625,888.23779296875
plastic_nut,plastic_nut/NG/ZW/S0001/plastic_nut_0001_NG_ZW_C3_20231004093218.jpg,plastic_nut::plastic_nut_0001_NG_ZW,3,development,ZW,1512.916015625,1409.611083984375,1409.611083984375,1409.611083984375
plastic_nut,plastic_nut/NG/ZW/S0001/plastic_nut_0001_NG_ZW_C4_20231004093218.jpg,plastic_nut::plastic_nut_0001_NG_ZW,4,development,OK,1000.00244140625,802.41162109375,984.5791015625,808.470703125
plastic_nut,plastic_nut/NG/ZW/S0001/plastic_nut_0001_NG_ZW_C5_20231004093218.jpg,plastic_nut::plastic_nut_0001_NG_ZW,5,development,OK,882.76708984375,746.45654296875,881.1845703125,746.45654296875
plastic_nut,plastic_nut/NG/HS/S0002/plastic_nut_0002_NG_HS_C1_20231004103236.jpg,plastic_nut::plastic_nut_0002_NG_HS,1,development,OK,1520.426025390625,884.84228515625,1071.15380859375,884.84228515625
plastic_nut,plastic_nut/NG/HS/S0002/plastic_nut_0002_NG_HS_C2_20231004103236.jpg,plastic_nut::plastic_nut_0002_NG_HS,2,development,OK,1145.912353515625,1200.60888671875,1239.25634765625,1200.60888671875
plastic_nut,plastic_nut/NG/HS/S0002/plastic_nut_0002_NG_HS_C3_20231004103236.jpg,plastic_nut::plastic_nut_0002_NG_HS,3,development,HS,1568.942626953125,1143.68896484375,1143.68896484375,1143.68896484375
plastic_nut,plastic_nut/NG/HS/S0002/plastic_nut_0002_NG_HS_C4_20231004103236.jpg,plastic_nut::plastic_nut_0002_NG_HS,4,development,HS,974.62255859375,998.740234375,998.740234375,998.740234375
plastic_nut,plastic_nut/NG/HS/S0002/plastic_nut_0002_NG_HS_C5_20231004103236.jpg,plastic_nut::plastic_nut_0002_NG_HS,5,development,OK,1236.914794921875,1481.055908203125,1481.055908203125,1481.055908203125
plastic_nut,plastic_nut/NG/ZW/S0002/plastic_nut_0002_NG_ZW_C1_20231004093334.jpg,plastic_nut::plastic_nut_0002_NG_ZW,1,development,ZW,1453.566162109375,1528.2108154296875,1528.2108154296875,1528.2108154296875
plastic_nut,plastic_nut/NG/ZW/S0002/plastic_nut_0002_NG_ZW_C2_20231004093334.jpg,plastic_nut::plastic_nut_0002_NG_ZW,2,development,ZW,1608.86328125,1428.8466796875,1428.8466796875,1428.8466796875
plastic_nut,plastic_nut/NG/ZW/S0002/plastic_nut_0002_NG_ZW_C3_20231004093334.jpg,plastic_nut::plastic_nut_0002_NG_ZW,3,development,ZW,1656.379150390625,1656.379150390625,1656.379150390625,1656.379150390625
plastic_nut,plastic_nut/NG/ZW/S0002/plastic_nut_0002_NG_ZW_C4_20231004093334.jpg,plastic_nut::plastic_nut_0002_NG_ZW,4,development,ZW,1363.228515625,1333.25390625,1333.25390625,1333.25390625
plastic_nut,plastic_nut/NG/ZW/S0002/plastic_nut_0002_NG_ZW_C5_20231004093334.jpg,plastic_nut::plastic_nut_0002_NG_ZW,5,development,OK,718.203125,772.4794921875,895.66015625,772.4794921875
plastic_nut,plastic_nut/NG/HS/S0003/plastic_nut_0003_NG_HS_C1_20231004103254.jpg,plastic_nut::plastic_nut_0003_NG_HS,1,development,HS,1642.24072265625,1267.15625,1267.15625,1267.15625
plastic_nut,plastic_nut/NG/HS/S0003/plastic_nut_0003_NG_HS_C2_20231004103254.jpg,plastic_nut::plastic_nut_0003_NG_HS,2,development,OK,1287.602783203125,1426.556884765625,1440.72265625,1426.556884765625
plastic_nut,plastic_nut/NG/HS/S0003/plastic_nut_0003_NG_HS_C3_20231004103254.jpg,plastic_nut::plastic_nut_0003_NG_HS,3,development,OK,1289.9248046875,1222.2900390625,1222.2900390625,1222.2900390625
plastic_nut,plastic_nut/NG/HS/S0003/plastic_nut_0003_NG_HS_C4_20231004103254.jpg,plastic_nut::plastic_nut_0003_NG_HS,4,development,HS,1302.29833984375,1163.21484375,1163.21484375,1163.21484375
plastic_nut,plastic_nut/NG/HS/S0003/plastic_nut_0003_NG_HS_C5_20231004103254.jpg,plastic_nut::plastic_nut_0003_NG_HS,5,development,HS,1205.091552734375,1434.18310546875,1434.18310546875,1434.18310546875
plastic_nut,plastic_nut/NG/AK/S0004/plastic_nut_0004_NG_AK_C1_20231004132235.jpg,plastic_nut::plastic_nut_0004_NG_AK,1,development,AK,1286.70458984375,1254.14208984375,1254.14208984375,1362.79638671875
plastic_nut,plastic_nut/NG/AK/S0004/plastic_nut_0004_NG_AK_C2_20231004132235.jpg,plastic_nut::plastic_nut_0004_NG_AK,2,development,AK,929.577880859375,1102.2451171875,1102.2451171875,1102.2451171875
plastic_nut,plastic_nut/NG/AK/S0004/plastic_nut_0004_NG_AK_C3_20231004132235.jpg,plastic_nut::plastic_nut_0004_NG_AK,3,development,AK,1175.255126953125,1151.60888671875,1151.60888671875,1151.60888671875
plastic_nut,plastic_nut/NG/AK/S0004/plastic_nut_0004_NG_AK_C4_20231004132235.jpg,plastic_nut::plastic_nut_0004_NG_AK,4,development,AK,1226.54833984375,1325.74658203125,1325.74658203125,1325.74658203125
plastic_nut,plastic_nut/NG/AK/S0004/plastic_nut_0004_NG_AK_C5_20231004132235.jpg,plastic_nut::plastic_nut_0004_NG_AK,5,development,AK,1038.293701171875,1198.897705078125,1198.897705078125,1198.897705078125
plastic_nut,plastic_nut/NG/ZW/S0004/plastic_nut_0004_NG_ZW_C1_20231004093357.jpg,plastic_nut::plastic_nut_0004_NG_ZW,1,development,OK,904.75439453125,942.92529296875,1053.32275390625,942.92529296875
plastic_nut,plastic_nut/NG/ZW/S0004/plastic_nut_0004_NG_ZW_C2_20231004093357.jpg,plastic_nut::plastic_nut_0004_NG_ZW,2,development,OK,888.40576171875,806.39794921875,979.0576171875,806.39794921875
plastic_nut,plastic_nut/NG/ZW/S0004/plastic_nut_0004_NG_ZW_C3_20231004093357.jpg,plastic_nut::plastic_nut_0004_NG_ZW,3,development,OK,1306.3994140625,1000.39794921875,1071.4794921875,1000.39794921875
plastic_nut,plastic_nut/NG/ZW/S0004/plastic_nut_0004_NG_ZW_C4_20231004093357.jpg,plastic_nut::plastic_nut_0004_NG_ZW,4,development,ZW,1373.97119140625,1464.161376953125,1464.161376953125,1464.161376953125
plastic_nut,plastic_nut/NG/ZW/S0004/plastic_nut_0004_NG_ZW_C5_20231004093357.jpg,plastic_nut::plastic_nut_0004_NG_ZW,5,development,ZW,1607.00927734375,1577.624267578125,1577.624267578125,1577.624267578125
plastic_nut,plastic_nut/NG/ZW/S0005/plastic_nut_0005_NG_ZW_C1_20231004093406.jpg,plastic_nut::plastic_nut_0005_NG_ZW,1,development,OK,1049.7880859375,997.901123046875,1022.560302734375,1232.762939453125
plastic_nut,plastic_nut/NG/ZW/S0005/plastic_nut_0005_NG_ZW_C2_20231004093406.jpg,plastic_nut::plastic_nut_0005_NG_ZW,2,development,ZW,1678.8916015625,1650.0010986328125,1650.0010986328125,1650.0010986328125
plastic_nut,plastic_nut/NG/ZW/S0005/plastic_nut_0005_NG_ZW_C3_20231004093406.jpg,plastic_nut::plastic_nut_0005_NG_ZW,3,development,ZW,1423.076171875,1238.6083984375,1238.6083984375,1238.6083984375
plastic_nut,plastic_nut/NG/ZW/S0005/plastic_nut_0005_NG_ZW_C4_20231004093406.jpg,plastic_nut::plastic_nut_0005_NG_ZW,4,development,OK,1711.857421875,1856.0810546875,1856.0810546875,1856.0810546875
plastic_nut,plastic_nut/NG/ZW/S0005/plastic_nut_0005_NG_ZW_C5_20231004093406.jpg,plastic_nut::plastic_nut_0005_NG_ZW,5,development,OK,838.6083984375,751.044677734375,896.23046875,799.28955078125
plastic_nut,plastic_nut/NG/ZW/S0007/plastic_nut_0007_NG_ZW_C1_20231004093447.jpg,plastic_nut::plastic_nut_0007_NG_ZW,1,development,ZW,1405.63623046875,1110.2607421875,1110.2607421875,1110.2607421875
plastic_nut,plastic_nut/NG/ZW/S0007/plastic_nut_0007_NG_ZW_C2_20231004093447.jpg,plastic_nut::plastic_nut_0007_NG_ZW,2,development,ZW,1420.683837890625,1538.3056640625,1538.3056640625,1538.3056640625
plastic_nut,plastic_nut/NG/ZW/S0007/plastic_nut_0007_NG_ZW_C3_20231004093447.jpg,plastic_nut::plastic_nut_0007_NG_ZW,3,development,OK,891.68408203125,893.609375,1081.27783203125,893.609375
plastic_nut,plastic_nut/NG/ZW/S0007/plastic_nut_0007_NG_ZW_C4_20231004093447.jpg,plastic_nut::plastic_nut_0007_NG_ZW,4,development,OK,1321.71875,1027.0029296875,1027.0029296875,1027.0029296875
plastic_nut,plastic_nut/NG/ZW/S0007/plastic_nut_0007_NG_ZW_C5_20231004093447.jpg,plastic_nut::plastic_nut_0007_NG_ZW,5,development,ZW,1471.062255859375,1701.8564453125,1701.8564453125,1701.8564453125
plastic_nut,plastic_nut/NG/ZW/S0008/plastic_nut_0008_NG_ZW_C1_20231004093459.jpg,plastic_nut::plastic_nut_0008_NG_ZW,1,development,OK,1165.6572265625,895.861328125,1146.1025390625,895.861328125
plastic_nut,plastic_nut/NG/ZW/S0008/plastic_nut_0008_NG_ZW_C2_20231004093459.jpg,plastic_nut::plastic_nut_0008_NG_ZW,2,development,OK,1111.28466796875,926.271728515625,985.66845703125,926.271728515625
plastic_nut,plastic_nut/NG/ZW/S0008/plastic_nut_0008_NG_ZW_C3_20231004093459.jpg,plastic_nut::plastic_nut_0008_NG_ZW,3,development,ZW,1214.1806640625,1051.83642578125,1079.7197265625,1051.83642578125
plastic_nut,plastic_nut/NG/ZW/S0008/plastic_nut_0008_NG_ZW_C4_20231004093459.jpg,plastic_nut::plastic_nut_0008_NG_ZW,4,development,ZW,1273.8134765625,1073.010498046875,1073.010498046875,1073.010498046875
plastic_nut,plastic_nut/NG/ZW/S0008/plastic_nut_0008_NG_ZW_C5_20231004093459.jpg,plastic_nut::plastic_nut_0008_NG_ZW,5,development,OK,941.37939453125,941.37939453125,941.37939453125,941.37939453125
plastic_nut,plastic_nut/NG/QS/S0010/plastic_nut_0010_NG_QS_C1_20231004112610.jpg,plastic_nut::plastic_nut_0010_NG_QS,1,development,QS,1583.790283203125,1353.39697265625,1353.39697265625,1390.54736328125
plastic_nut,plastic_nut/NG/QS/S0010/plastic_nut_0010_NG_QS_C2_20231004112610.jpg,plastic_nut::plastic_nut_0010_NG_QS,2,development,QS,1653.761474609375,1661.658935546875,1661.658935546875,1661.658935546875
plastic_nut,plastic_nut/NG/QS/S0010/plastic_nut_0010_NG_QS_C3_20231004112610.jpg,plastic_nut::plastic_nut_0010_NG_QS,3,development,QS,1148.650634765625,1134.9560546875,1134.9560546875,1134.9560546875
plastic_nut,plastic_nut/NG/QS/S0010/plastic_nut_0010_NG_QS_C4_20231004112610.jpg,plastic_nut::plastic_nut_0010_NG_QS,4,development,QS,1650.783203125,1369.6630859375,1369.6630859375,1369.6630859375
plastic_nut,plastic_nut/NG/QS/S0010/plastic_nut_0010_NG_QS_C5_20231004112610.jpg,plastic_nut::plastic_nut_0010_NG_QS,5,development,QS,1138.99951171875,1278.4248046875,1285.83154296875,1278.4248046875
plastic_nut,plastic_nut/NG/ZW/S0010/plastic_nut_0010_NG_ZW_C1_20231004093518.jpg,plastic_nut::plastic_nut_0010_NG_ZW,1,development,ZW,1401.2666015625,1401.2666015625,1401.2666015625,1401.2666015625
plastic_nut,plastic_nut/NG/ZW/S0010/plastic_nut_0010_NG_ZW_C2_20231004093518.jpg,plastic_nut::plastic_nut_0010_NG_ZW,2,development,ZW,1473.46044921875,1465.0821533203125,1465.0821533203125,1465.0821533203125
plastic_nut,plastic_nut/NG/ZW/S0010/plastic_nut_0010_NG_ZW_C3_20231004093518.jpg,plastic_nut::plastic_nut_0010_NG_ZW,3,development,ZW,1193.844482421875,1193.844482421875,1193.844482421875,1193.844482421875
plastic_nut,plastic_nut/NG/ZW/S0010/plastic_nut_0010_NG_ZW_C4_20231004093518.jpg,plastic_nut::plastic_nut_0010_NG_ZW,4,development,ZW,1560.9599609375,1210.47998046875,1210.47998046875,1210.47998046875
plastic_nut,plastic_nut/NG/ZW/S0010/plastic_nut_0010_NG_ZW_C5_20231004093518.jpg,plastic_nut::plastic_nut_0010_NG_ZW,5,development,ZW,1306.58935546875,1326.635986328125,1326.635986328125,1326.635986328125
plastic_nut,plastic_nut/NG/HS/S0011/plastic_nut_0011_NG_HS_C1_20231004103610.jpg,plastic_nut::plastic_nut_0011_NG_HS,1,development,OK,1543.328125,1172.37158203125,1172.37158203125,1172.37158203125
plastic_nut,plastic_nut/NG/HS/S0011/plastic_nut_0011_NG_HS_C2_20231004103610.jpg,plastic_nut::plastic_nut_0011_NG_HS,2,development,OK,1033.031982421875,1059.8857421875,1135.65673828125,1059.8857421875
plastic_nut,plastic_nut/NG/HS/S0011/plastic_nut_0011_NG_HS_C3_20231004103610.jpg,plastic_nut::plastic_nut_0011_NG_HS,3,development,OK,1495.51318359375,931.4677734375,1041.166015625,931.4677734375
plastic_nut,plastic_nut/NG/HS/S0011/plastic_nut_0011_NG_HS_C4_20231004103610.jpg,plastic_nut::plastic_nut_0011_NG_HS,4,development,OK,1613.447509765625,969.7080078125,969.7080078125,969.7080078125
plastic_nut,plastic_nut/NG/HS/S0011/plastic_nut_0011_NG_HS_C5_20231004103610.jpg,plastic_nut::plastic_nut_0011_NG_HS,5,development,HS,1490.588134765625,1691.618896484375,1691.618896484375,1691.618896484375
plastic_nut,plastic_nut/NG/ZW/S0011/plastic_nut_0011_NG_ZW_C1_20231004093528.jpg,plastic_nut::plastic_nut_0011_NG_ZW,1,development,OK,958.75341796875,972.594482421875,1071.3681640625,1084.0947265625
plastic_nut,plastic_nut/NG/ZW/S0011/plastic_nut_0011_NG_ZW_C2_20231004093528.jpg,plastic_nut::plastic_nut_0011_NG_ZW,2,development,ZW,1150.237548828125,1150.237548828125,1150.237548828125,1150.237548828125
plastic_nut,plastic_nut/NG/ZW/S0011/plastic_nut_0011_NG_ZW_C3_20231004093528.jpg,plastic_nut::plastic_nut_0011_NG_ZW,3,development,OK,883.9609375,843.344482421875,1076.568359375,843.344482421875
plastic_nut,plastic_nut/NG/ZW/S0011/plastic_nut_0011_NG_ZW_C4_20231004093528.jpg,plastic_nut::plastic_nut_0011_NG_ZW,4,development,ZW,1702.109619140625,1075.788818359375,1075.788818359375,1075.788818359375
plastic_nut,plastic_nut/NG/ZW/S0011/plastic_nut_0011_NG_ZW_C5_20231004093528.jpg,plastic_nut::plastic_nut_0011_NG_ZW,5,development,ZW,1284.62255859375,1096.21826171875,1096.21826171875,1096.21826171875
plastic_nut,plastic_nut/NG/QS/S0012/plastic_nut_0012_NG_QS_C1_20231004112636.jpg,plastic_nut::plastic_nut_0012_NG_QS,1,development,OK,1350.71044921875,979.75537109375,1149.785400390625,979.75537109375
plastic_nut,plastic_nut/NG/QS/S0012/plastic_nut_0012_NG_QS_C2_20231004112636.jpg,plastic_nut::plastic_nut_0012_NG_QS,2,development,OK,1091.892822265625,1162.51708984375,1162.51708984375,1162.51708984375
plastic_nut,plastic_nut/NG/QS/S0012/plastic_nut_0012_NG_QS_C3_20231004112636.jpg,plastic_nut::plastic_nut_0012_NG_QS,3,development,QS,1060.901123046875,1112.37109375,1112.37109375,1112.37109375
plastic_nut,plastic_nut/NG/QS/S0012/plastic_nut_0012_NG_QS_C4_20231004112636.jpg,plastic_nut::plastic_nut_0012_NG_QS,4,development,QS,886.837890625,988.22119140625,1639.505859375,988.22119140625
plastic_nut,plastic_nut/NG/QS/S0012/plastic_nut_0012_NG_QS_C5_20231004112636.jpg,plastic_nut::plastic_nut_0012_NG_QS,5,development,OK,1040.262451171875,1139.50537109375,1139.50537109375,1139.50537109375
plastic_nut,plastic_nut/NG/QS/S0014/plastic_nut_0014_NG_QS_C1_20231004112724.jpg,plastic_nut::plastic_nut_0014_NG_QS,1,development,QS,1386.41748046875,1504.02685546875,1504.02685546875,1504.02685546875
plastic_nut,plastic_nut/NG/QS/S0014/plastic_nut_0014_NG_QS_C2_20231004112724.jpg,plastic_nut::plastic_nut_0014_NG_QS,2,development,QS,1025.021484375,1085.849609375,1085.849609375,1085.849609375
plastic_nut,plastic_nut/NG/QS/S0014/plastic_nut_0014_NG_QS_C3_20231004112724.jpg,plastic_nut::plastic_nut_0014_NG_QS,3,development,QS,1475.8486328125,1519.177978515625,1519.177978515625,1519.177978515625
plastic_nut,plastic_nut/NG/QS/S0014/plastic_nut_0014_NG_QS_C4_20231004112724.jpg,plastic_nut::plastic_nut_0014_NG_QS,4,development,QS,1118.6259765625,1197.72314453125,1197.72314453125,1197.72314453125
plastic_nut,plastic_nut/NG/QS/S0014/plastic_nut_0014_NG_QS_C5_20231004112724.jpg,plastic_nut::plastic_nut_0014_NG_QS,5,development,QS,1558.853515625,1491.550537109375,1491.550537109375,1491.550537109375
plastic_nut,plastic_nut/NG/HS/S0015/plastic_nut_0015_NG_HS_C1_20231004104024.jpg,plastic_nut::plastic_nut_0015_NG_HS,1,development,OK,1090.927734375,1023.77001953125,1112.697509765625,1023.77001953125
plastic_nut,plastic_nut/NG/HS/S0015/plastic_nut_0015_NG_HS_C2_20231004104024.jpg,plastic_nut::plastic_nut_0015_NG_HS,2,development,HS,1309.0595703125,1479.4345703125,1479.4345703125,1479.4345703125
plastic_nut,plastic_nut/NG/HS/S0015/plastic_nut_0015_NG_HS_C3_20231004104024.jpg,plastic_nut::plastic_nut_0015_NG_HS,3,development,HS,1393.38818359375,916.255126953125,1062.8564453125,916.255126953125
plastic_nut,plastic_nut/NG/HS/S0015/plastic_nut_0015_NG_HS_C4_20231004104024.jpg,plastic_nut::plastic_nut_0015_NG_HS,4,development,OK,897.928955078125,929.72412109375,951.029296875,929.72412109375
plastic_nut,plastic_nut/NG/HS/S0015/plastic_nut_0015_NG_HS_C5_20231004104024.jpg,plastic_nut::plastic_nut_0015_NG_HS,5,development,OK,1171.197998046875,1408.86376953125,1408.86376953125,1408.86376953125
plastic_nut,plastic_nut/NG/QS/S0015/plastic_nut_0015_NG_QS_C1_20231004112736.jpg,plastic_nut::plastic_nut_0015_NG_QS,1,development,QS,1531.481201171875,1387.97998046875,1387.97998046875,1387.97998046875
plastic_nut,plastic_nut/NG/QS/S0015/plastic_nut_0015_NG_QS_C2_20231004112736.jpg,plastic_nut::plastic_nut_0015_NG_QS,2,development,QS,1265.329833984375,1327.38232421875,1327.38232421875,1327.38232421875
plastic_nut,plastic_nut/NG/QS/S0015/plastic_nut_0015_NG_QS_C3_20231004112736.jpg,plastic_nut::plastic_nut_0015_NG_QS,3,development,QS,1228.616943359375,1063.271240234375,1063.271240234375,1063.271240234375
plastic_nut,plastic_nut/NG/QS/S0015/plastic_nut_0015_NG_QS_C4_20231004112736.jpg,plastic_nut::plastic_nut_0015_NG_QS,4,development,QS,1592.03125,1618.34423828125,1618.34423828125,1618.34423828125
plastic_nut,plastic_nut/NG/QS/S0015/plastic_nut_0015_NG_QS_C5_20231004112736.jpg,plastic_nut::plastic_nut_0015_NG_QS,5,development,QS,1246.670166015625,1297.259521484375,1297.259521484375,1297.259521484375
plastic_nut,plastic_nut/NG/HS/S0018/plastic_nut_0018_NG_HS_C1_20231004104110.jpg,plastic_nut::plastic_nut_0018_NG_HS,1,development,OK,1765.55078125,1078.861328125,1078.861328125,1078.861328125
plastic_nut,plastic_nut/NG/HS/S0018/plastic_nut_0018_NG_HS_C2_20231004104110.jpg,plastic_nut::plastic_nut_0018_NG_HS,2,development,HS,1285.23046875,1420.76318359375,1420.76318359375,1420.76318359375
plastic_nut,plastic_nut/NG/HS/S0018/plastic_nut_0018_NG_HS_C3_20231004104110.jpg,plastic_nut::plastic_nut_0018_NG_HS,3,development,OK,1314.065185546875,982.969482421875,1054.611328125,982.969482421875
plastic_nut,plastic_nut/NG/HS/S0018/plastic_nut_0018_NG_HS_C4_20231004104110.jpg,plastic_nut::plastic_nut_0018_NG_HS,4,development,OK,1082.37646484375,1058.273193359375,1058.273193359375,1058.273193359375
plastic_nut,plastic_nut/NG/HS/S0018/plastic_nut_0018_NG_HS_C5_20231004104110.jpg,plastic_nut::plastic_nut_0018_NG_HS,5,development,HS,1231.608154296875,1477.9345703125,1477.9345703125,1477.9345703125
plastic_nut,plastic_nut/OK/S0018/plastic_nut_0018_OK_C1_20230930123653.jpg,plastic_nut::plastic_nut_0018_OK,1,development,OK,917.68798828125,930.80029296875,934.9951171875,930.80029296875
plastic_nut,plastic_nut/OK/S0018/plastic_nut_0018_OK_C2_20230930123653.jpg,plastic_nut::plastic_nut_0018_OK,2,development,OK,1421.48291015625,959.442626953125,1007.43115234375,959.442626953125
plastic_nut,plastic_nut/OK/S0018/plastic_nut_0018_OK_C3_20230930123653.jpg,plastic_nut::plastic_nut_0018_OK,3,development,OK,851.843017578125,785.3232421875,985.58544921875,785.3232421875
plastic_nut,plastic_nut/OK/S0018/plastic_nut_0018_OK_C4_20230930123653.jpg,plastic_nut::plastic_nut_0018_OK,4,development,OK,1163.80126953125,841.18505859375,984.49365234375,841.18505859375
plastic_nut,plastic_nut/OK/S0018/plastic_nut_0018_OK_C5_20230930123653.jpg,plastic_nut::plastic_nut_0018_OK,5,development,OK,797.49560546875,848.578125,937.60888671875,848.578125
plastic_nut,plastic_nut/OK/S0019/plastic_nut_0019_OK_C1_20230930122716.jpg,plastic_nut::plastic_nut_0019_OK,1,development,OK,969.839599609375,916.7587890625,916.7587890625,916.7587890625
plastic_nut,plastic_nut/OK/S0019/plastic_nut_0019_OK_C2_20230930122716.jpg,plastic_nut::plastic_nut_0019_OK,2,development,OK,941.4677734375,748.336669921875,996.2626953125,775.60546875
plastic_nut,plastic_nut/OK/S0019/plastic_nut_0019_OK_C3_20230930122716.jpg,plastic_nut::plastic_nut_0019_OK,3,development,OK,823.560546875,814.622314453125,998.1337890625,846.379150390625
plastic_nut,plastic_nut/OK/S0019/plastic_nut_0019_OK_C4_20230930122716.jpg,plastic_nut::plastic_nut_0019_OK,4,development,OK,911.32568359375,778.6396484375,1017.9951171875,868.376953125
plastic_nut,plastic_nut/OK/S0019/plastic_nut_0019_OK_C5_20230930122716.jpg,plastic_nut::plastic_nut_0019_OK,5,development,OK,819.583984375,760.7724609375,958.9794921875,760.7724609375
plastic_nut,plastic_nut/NG/HS/S0020/plastic_nut_0020_NG_HS_C1_20231004104127.jpg,plastic_nut::plastic_nut_0020_NG_HS,1,development,OK,1460.513671875,1118.5869140625,1118.5869140625,1118.5869140625
plastic_nut,plastic_nut/NG/HS/S0020/plastic_nut_0020_NG_HS_C2_20231004104127.jpg,plastic_nut::plastic_nut_0020_NG_HS,2,development,OK,1323.521728515625,1456.97607421875,1462.7998046875,1456.97607421875
plastic_nut,plastic_nut/NG/HS/S0020/plastic_nut_0020_NG_HS_C3_20231004104127.jpg,plastic_nut::plastic_nut_0020_NG_HS,3,development,HS,1163.7470703125,918.783203125,1048.2763671875,918.783203125
plastic_nut,plastic_nut/NG/HS/S0020/plastic_nut_0020_NG_HS_C4_20231004104127.jpg,plastic_nut::plastic_nut_0020_NG_HS,4,development,OK,964.341064453125,906.451904296875,957.2958984375,906.451904296875
plastic_nut,plastic_nut/NG/HS/S0020/plastic_nut_0020_NG_HS_C5_20231004104127.jpg,plastic_nut::plastic_nut_0020_NG_HS,5,development,HS,1261.60400390625,1459.341064453125,1459.341064453125,1459.341064453125
plastic_nut,plastic_nut/NG/HS/S0021/plastic_nut_0021_NG_HS_C1_20231004104140.jpg,plastic_nut::plastic_nut_0021_NG_HS,1,development,OK,1507.912109375,984.746337890625,1035.24609375,984.746337890625
plastic_nut,plastic_nut/NG/HS/S0021/plastic_nut_0021_NG_HS_C2_20231004104140.jpg,plastic_nut::plastic_nut_0021_NG_HS,2,development,OK,1142.818603515625,1296.554931640625,1296.554931640625,1296.554931640625
plastic_nut,plastic_nut/NG/HS/S0021/plastic_nut_0021_NG_HS_C3_20231004104140.jpg,plastic_nut::plastic_nut_0021_NG_HS,3,development,HS,1186.621337890625,1302.015380859375,1302.015380859375,1302.015380859375
plastic_nut,plastic_nut/NG/HS/S0021/plastic_nut_0021_NG_HS_C4_20231004104140.jpg,plastic_nut::plastic_nut_0021_NG_HS,4,development,OK,1183.87353515625,1185.8828125,1185.8828125,1228.681640625
plastic_nut,plastic_nut/NG/HS/S0021/plastic_nut_0021_NG_HS_C5_20231004104140.jpg,plastic_nut::plastic_nut_0021_NG_HS,5,development,OK,1129.845458984375,1365.2607421875,1365.2607421875,1365.2607421875
plastic_nut,plastic_nut/NG/HS/S0023/plastic_nut_0023_NG_HS_C1_20231004104316.jpg,plastic_nut::plastic_nut_0023_NG_HS,1,development,OK,1219.1005859375,949.87451171875,1045.08447265625,949.87451171875
plastic_nut,plastic_nut/NG/HS/S0023/plastic_nut_0023_NG_HS_C2_20231004104316.jpg,plastic_nut::plastic_nut_0023_NG_HS,2,development,OK,1163.55322265625,1242.12451171875,1242.12451171875,1242.12451171875
plastic_nut,plastic_nut/NG/HS/S0023/plastic_nut_0023_NG_HS_C3_20231004104316.jpg,plastic_nut::plastic_nut_0023_NG_HS,3,development,OK,1143.34423828125,1119.159423828125,1119.159423828125,1119.159423828125
plastic_nut,plastic_nut/NG/HS/S0023/plastic_nut_0023_NG_HS_C4_20231004104316.jpg,plastic_nut::plastic_nut_0023_NG_HS,4,development,HS,917.03173828125,863.41064453125,992.23486328125,863.41064453125
plastic_nut,plastic_nut/NG/HS/S0023/plastic_nut_0023_NG_HS_C5_20231004104316.jpg,plastic_nut::plastic_nut_0023_NG_HS,5,development,HS,1255.114013671875,1469.611083984375,1469.611083984375,1469.611083984375
plastic_nut,plastic_nut/NG/QS/S0024/plastic_nut_0024_NG_QS_C1_20231004113017.jpg,plastic_nut::plastic_nut_0024_NG_QS,1,development,OK,1173.5654296875,1022.5283203125,1028.66015625,1022.5283203125
plastic_nut,plastic_nut/NG/QS/S0024/plastic_nut_0024_NG_QS_C2_20231004113017.jpg,plastic_nut::plastic_nut_0024_NG_QS,2,development,OK,1093.1474609375,1147.647216796875,1147.647216796875,1147.647216796875
plastic_nut,plastic_nut/NG/QS/S0024/plastic_nut_0024_NG_QS_C3_20231004113017.jpg,plastic_nut::plastic_nut_0024_NG_QS,3,development,QS,1083.36328125,943.697265625,1032.709228515625,943.697265625
plastic_nut,plastic_nut/NG/QS/S0024/plastic_nut_0024_NG_QS_C4_20231004113017.jpg,plastic_nut::plastic_nut_0024_NG_QS,4,development,OK,933.420166015625,893.26416015625,1041.011474609375,893.26416015625
plastic_nut,plastic_nut/NG/QS/S0024/plastic_nut_0024_NG_QS_C5_20231004113017.jpg,plastic_nut::plastic_nut_0024_NG_QS,5,development,OK,1028.347412109375,1117.275146484375,1136.06201171875,1117.275146484375
plastic_nut,plastic_nut/NG/HS/S0025/plastic_nut_0025_NG_HS_C1_20231004104336.jpg,plastic_nut::plastic_nut_0025_NG_HS,1,development,OK,1093.0498046875,1081.16015625,1081.16015625,1081.16015625
plastic_nut,plastic_nut/NG/HS/S0025/plastic_nut_0025_NG_HS_C2_20231004104336.jpg,plastic_nut::plastic_nut_0025_NG_HS,2,development,HS,1542.6865234375,1761.828857421875,1761.828857421875,1761.828857421875
plastic_nut,plastic_nut/NG/HS/S0025/plastic_nut_0025_NG_HS_C3_20231004104336.jpg,plastic_nut::plastic_nut_0025_NG_HS,3,development,OK,955.43115234375,775.71435546875,1065.09375,790.04345703125
plastic_nut,plastic_nut/NG/HS/S0025/plastic_nut_0025_NG_HS_C4_20231004104336.jpg,plastic_nut::plastic_nut_0025_NG_HS,4,development,OK,1857.166015625,966.0068359375,1017.41015625,966.0068359375
plastic_nut,plastic_nut/NG/HS/S0025/plastic_nut_0025_NG_HS_C5_20231004104336.jpg,plastic_nut::plastic_nut_0025_NG_HS,5,development,HS,1493.97802734375,1548.32470703125,1548.32470703125,1548.32470703125
plastic_nut,plastic_nut/NG/HS/S0026/plastic_nut_0026_NG_HS_C1_20231004104346.jpg,plastic_nut::plastic_nut_0026_NG_HS,1,development,OK,1507.602294921875,1157.138671875,1157.138671875,1157.138671875
plastic_nut,plastic_nut/NG/HS/S0026/plastic_nut_0026_NG_HS_C2_20231004104346.jpg,plastic_nut::plastic_nut_0026_NG_HS,2,development,OK,1096.16015625,1197.0009765625,1245.3681640625,1197.0009765625
plastic_nut,plastic_nut/NG/HS/S0026/plastic_nut_0026_NG_HS_C3_20231004104346.jpg,plastic_nut::plastic_nut_0026_NG_HS,3,development,OK,1014.94140625,821.5439453125,1039.70068359375,880.1728515625
plastic_nut,plastic_nut/NG/HS/S0026/plastic_nut_0026_NG_HS_C4_20231004104346.jpg,plastic_nut::plastic_nut_0026_NG_HS,4,development,OK,1223.041015625,995.6240234375,1020.75390625,995.6240234375
plastic_nut,plastic_nut/NG/HS/S0026/plastic_nut_0026_NG_HS_C5_20231004104346.jpg,plastic_nut::plastic_nut_0026_NG_HS,5,development,HS,1250.38134765625,1509.52294921875,1509.52294921875,1509.52294921875
plastic_nut,plastic_nut/NG/HS/S0028/plastic_nut_0028_NG_HS_C1_20231004104407.jpg,plastic_nut::plastic_nut_0028_NG_HS,1,development,OK,1328.45947265625,1036.2939453125,1036.2939453125,1036.2939453125
plastic_nut,plastic_nut/NG/HS/S0028/plastic_nut_0028_NG_HS_C2_20231004104407.jpg,plastic_nut::plastic_nut_0028_NG_HS,2,development,HS,940.1376953125,981.697021484375,991.399658203125,981.697021484375
plastic_nut,plastic_nut/NG/HS/S0028/plastic_nut_0028_NG_HS_C3_20231004104407.jpg,plastic_nut::plastic_nut_0028_NG_HS,3,development,HS,1437.61328125,913.79052734375,1049.271484375,913.79052734375
plastic_nut,plastic_nut/NG/HS/S0028/plastic_nut_0028_NG_HS_C4_20231004104407.jpg,plastic_nut::plastic_nut_0028_NG_HS,4,development,OK,1246.16943359375,1428.86865234375,1428.86865234375,1428.86865234375
plastic_nut,plastic_nut/NG/HS/S0028/plastic_nut_0028_NG_HS_C5_20231004104407.jpg,plastic_nut::plastic_nut_0028_NG_HS,5,development,OK,1365.006103515625,1541.745849609375,1541.745849609375,1541.745849609375
plastic_nut,plastic_nut/NG/ZW/S0028/plastic_nut_0028_NG_ZW_C1_20231004094025.jpg,plastic_nut::plastic_nut_0028_NG_ZW,1,development,OK,1216.830322265625,1251.4169921875,1251.4169921875,1251.4169921875
plastic_nut,plastic_nut/NG/ZW/S0028/plastic_nut_0028_NG_ZW_C2_20231004094025.jpg,plastic_nut::plastic_nut_0028_NG_ZW,2,development,OK,861.880859375,824.27734375,975.7470703125,824.27734375
plastic_nut,plastic_nut/NG/ZW/S0028/plastic_nut_0028_NG_ZW_C3_20231004094025.jpg,plastic_nut::plastic_nut_0028_NG_ZW,3,development,OK,823.057861328125,814.38232421875,1043.7421875,814.38232421875
plastic_nut,plastic_nut/NG/ZW/S0028/plastic_nut_0028_NG_ZW_C4_20231004094025.jpg,plastic_nut::plastic_nut_0028_NG_ZW,4,development,ZW,1849.804443359375,1740.01123046875,1740.01123046875,1740.01123046875
plastic_nut,plastic_nut/NG/ZW/S0028/plastic_nut_0028_NG_ZW_C5_20231004094025.jpg,plastic_nut::plastic_nut_0028_NG_ZW,5,development,ZW,1582.8046875,1582.8046875,1582.8046875,1582.8046875
plastic_nut,plastic_nut/NG/HS/S0030/plastic_nut_0030_NG_HS_C1_20231004104428.jpg,plastic_nut::plastic_nut_0030_NG_HS,1,development,OK,1149.14990234375,1046.10595703125,1064.9873046875,1046.10595703125
plastic_nut,plastic_nut/NG/HS/S0030/plastic_nut_0030_NG_HS_C2_20231004104428.jpg,plastic_nut::plastic_nut_0030_NG_HS,2,development,HS,1288.4033203125,1435.9013671875,1436.6669921875,1435.9013671875
plastic_nut,plastic_nut/NG/HS/S0030/plastic_nut_0030_NG_HS_C3_20231004104428.jpg,plastic_nut::plastic_nut_0030_NG_HS,3,development,HS,1395.28076171875,1395.28076171875,1395.28076171875,1395.28076171875
plastic_nut,plastic_nut/NG/HS/S0030/plastic_nut_0030_NG_HS_C4_20231004104428.jpg,plastic_nut::plastic_nut_0030_NG_HS,4,development,OK,1080.736328125,945.92041015625,959.52880859375,945.92041015625
plastic_nut,plastic_nut/NG/HS/S0030/plastic_nut_0030_NG_HS_C5_20231004104428.jpg,plastic_nut::plastic_nut_0030_NG_HS,5,development,OK,1120.72509765625,1338.866943359375,1341.763427734375,1338.866943359375
plastic_nut,plastic_nut/NG/HS/S0032/plastic_nut_0032_NG_HS_C1_20231004104453.jpg,plastic_nut::plastic_nut_0032_NG_HS,1,development,OK,1052.156982421875,901.55615234375,1093.42333984375,901.55615234375
plastic_nut,plastic_nut/NG/HS/S0032/plastic_nut_0032_NG_HS_C2_20231004104453.jpg,plastic_nut::plastic_nut_0032_NG_HS,2,development,OK,1082.82861328125,1194.662841796875,1194.662841796875,1194.662841796875
plastic_nut,plastic_nut/NG/HS/S0032/plastic_nut_0032_NG_HS_C3_20231004104453.jpg,plastic_nut::plastic_nut_0032_NG_HS,3,development,OK,1225.56689453125,854.89794921875,1031.25146484375,854.89794921875
plastic_nut,plastic_nut/NG/HS/S0032/plastic_nut_0032_NG_HS_C4_20231004104453.jpg,plastic_nut::plastic_nut_0032_NG_HS,4,development,OK,1011.001953125,1134.462890625,1134.462890625,1134.462890625
plastic_nut,plastic_nut/NG/HS/S0032/plastic_nut_0032_NG_HS_C5_20231004104453.jpg,plastic_nut::plastic_nut_0032_NG_HS,5,development,HS,1260.3837890625,1511.912841796875,1511.912841796875,1511.912841796875
plastic_nut,plastic_nut/OK/S0032/plastic_nut_0032_OK_C1_20230930124439.jpg,plastic_nut::plastic_nut_0032_OK,1,development,OK,856.87841796875,1014.904052734375,1014.904052734375,1014.904052734375
plastic_nut,plastic_nut/OK/S0032/plastic_nut_0032_OK_C2_20230930124439.jpg,plastic_nut::plastic_nut_0032_OK,2,development,OK,1392.05859375,859.465087890625,1008.51806640625,965.425537109375
plastic_nut,plastic_nut/OK/S0032/plastic_nut_0032_OK_C3_20230930124439.jpg,plastic_nut::plastic_nut_0032_OK,3,development,OK,948.453125,836.171875,976.949462890625,1005.08056640625
plastic_nut,plastic_nut/OK/S0032/plastic_nut_0032_OK_C4_20230930124439.jpg,plastic_nut::plastic_nut_0032_OK,4,development,OK,973.174072265625,936.413330078125,988.2265625,936.413330078125
plastic_nut,plastic_nut/OK/S0032/plastic_nut_0032_OK_C5_20230930124439.jpg,plastic_nut::plastic_nut_0032_OK,5,development,OK,931.0302734375,932.688232421875,932.688232421875,932.688232421875
plastic_nut,plastic_nut/NG/QS/S0033/plastic_nut_0033_NG_QS_C1_20231004113158.jpg,plastic_nut::plastic_nut_0033_NG_QS,1,development,OK,1193.172119140625,1025.54150390625,1060.84521484375,1025.54150390625
plastic_nut,plastic_nut/NG/QS/S0033/plastic_nut_0033_NG_QS_C2_20231004113158.jpg,plastic_nut::plastic_nut_0033_NG_QS,2,development,QS,1216.88671875,1343.95947265625,1343.95947265625,1343.95947265625
plastic_nut,plastic_nut/NG/QS/S0033/plastic_nut_0033_NG_QS_C3_20231004113158.jpg,plastic_nut::plastic_nut_0033_NG_QS,3,development,QS,768.0986328125,764.3095703125,1053.5107421875,764.3095703125
plastic_nut,plastic_nut/NG/QS/S0033/plastic_nut_0033_NG_QS_C4_20231004113158.jpg,plastic_nut::plastic_nut_0033_NG_QS,4,development,OK,994.765625,892.087890625,1094.154296875,955.802490234375
plastic_nut,plastic_nut/NG/QS/S0033/plastic_nut_0033_NG_QS_C5_20231004113158.jpg,plastic_nut::plastic_nut_0033_NG_QS,5,development,QS,1082.333740234375,1201.884765625,1201.884765625,1201.884765625
plastic_nut,plastic_nut/NG/ZW/S0033/plastic_nut_0033_NG_ZW_C1_20231004094138.jpg,plastic_nut::plastic_nut_0033_NG_ZW,1,development,OK,1245.38671875,1238.822509765625,1238.822509765625,1238.822509765625
plastic_nut,plastic_nut/NG/ZW/S0033/plastic_nut_0033_NG_ZW_C2_20231004094138.jpg,plastic_nut::plastic_nut_0033_NG_ZW,2,development,OK,820.185546875,767.066650390625,945.0283203125,767.066650390625
plastic_nut,plastic_nut/NG/ZW/S0033/plastic_nut_0033_NG_ZW_C3_20231004094138.jpg,plastic_nut::plastic_nut_0033_NG_ZW,3,development,ZW,1284.697998046875,1291.574951171875,1291.574951171875,1291.574951171875
plastic_nut,plastic_nut/NG/ZW/S0033/plastic_nut_0033_NG_ZW_C4_20231004094138.jpg,plastic_nut::plastic_nut_0033_NG_ZW,4,development,ZW,1331.05224609375,1349.818603515625,1349.818603515625,1349.818603515625
plastic_nut,plastic_nut/NG/ZW/S0033/plastic_nut_0033_NG_ZW_C5_20231004094138.jpg,plastic_nut::plastic_nut_0033_NG_ZW,5,development,OK,922.845458984375,925.89501953125,925.89501953125,925.89501953125
plastic_nut,plastic_nut/OK/S0034/plastic_nut_0034_OK_C1_20230930124600.jpg,plastic_nut::plastic_nut_0034_OK,1,development,OK,1039.230712890625,843.65283203125,950.80078125,843.65283203125
plastic_nut,plastic_nut/OK/S0034/plastic_nut_0034_OK_C2_20230930124600.jpg,plastic_nut::plastic_nut_0034_OK,2,development,OK,1402.7841796875,797.70703125,992.0654296875,797.70703125
plastic_nut,plastic_nut/OK/S0034/plastic_nut_0034_OK_C3_20230930124600.jpg,plastic_nut::plastic_nut_0034_OK,3,development,OK,1021.89306640625,912.8447265625,953.73193359375,912.8447265625
plastic_nut,plastic_nut/OK/S0034/plastic_nut_0034_OK_C4_20230930124600.jpg,plastic_nut::plastic_nut_0034_OK,4,development,OK,1185.25,1185.25,1185.25,1185.25
plastic_nut,plastic_nut/OK/S0034/plastic_nut_0034_OK_C5_20230930124600.jpg,plastic_nut::plastic_nut_0034_OK,5,development,OK,967.96875,803.5146484375,953.36865234375,803.5146484375
plastic_nut,plastic_nut/NG/QS/S0035/plastic_nut_0035_NG_QS_C1_20231004113215.jpg,plastic_nut::plastic_nut_0035_NG_QS,1,development,OK,1404.211669921875,1503.693603515625,1503.693603515625,1503.693603515625
plastic_nut,plastic_nut/NG/QS/S0035/plastic_nut_0035_NG_QS_C2_20231004113215.jpg,plastic_nut::plastic_nut_0035_NG_QS,2,development,OK,1160.18212890625,1216.59375,1216.59375,1216.59375
plastic_nut,plastic_nut/NG/QS/S0035/plastic_nut_0035_NG_QS_C3_20231004113215.jpg,plastic_nut::plastic_nut_0035_NG_QS,3,development,QS,802.447509765625,880.8525390625,1048.1337890625,880.8525390625
plastic_nut,plastic_nut/NG/QS/S0035/plastic_nut_0035_NG_QS_C4_20231004113215.jpg,plastic_nut::plastic_nut_0035_NG_QS,4,development,OK,1143.068115234375,1268.555908203125,1574.8681640625,1268.555908203125
plastic_nut,plastic_nut/NG/QS/S0035/plastic_nut_0035_NG_QS_C5_20231004113215.jpg,plastic_nut::plastic_nut_0035_NG_QS,5,development,OK,1171.05322265625,1296.84423828125,1296.84423828125,1296.84423828125
plastic_nut,plastic_nut/NG/AK/S0037/plastic_nut_0037_NG_AK_C1_20231004133042.jpg,plastic_nut::plastic_nut_0037_NG_AK,1,development,OK,1645.0849609375,1056.533935546875,1056.533935546875,1056.533935546875
plastic_nut,plastic_nut/NG/AK/S0037/plastic_nut_0037_NG_AK_C2_20231004133042.jpg,plastic_nut::plastic_nut_0037_NG_AK,2,development,OK,1102.34716796875,1201.626220703125,1201.626220703125,1201.626220703125
plastic_nut,plastic_nut/NG/AK/S0037/plastic_nut_0037_NG_AK_C3_20231004133042.jpg,plastic_nut::plastic_nut_0037_NG_AK,3,development,AK,1002.955078125,1008.26611328125,1051.20458984375,1008.26611328125
plastic_nut,plastic_nut/NG/AK/S0037/plastic_nut_0037_NG_AK_C4_20231004133042.jpg,plastic_nut::plastic_nut_0037_NG_AK,4,development,AK,1368.181640625,1439.09814453125,1439.09814453125,1439.09814453125
plastic_nut,plastic_nut/NG/AK/S0037/plastic_nut_0037_NG_AK_C5_20231004133042.jpg,plastic_nut::plastic_nut_0037_NG_AK,5,development,OK,853.56103515625,934.781494140625,979.533935546875,934.781494140625
plastic_nut,plastic_nut/NG/QS/S0037/plastic_nut_0037_NG_QS_C1_20231004113645.jpg,plastic_nut::plastic_nut_0037_NG_QS,1,development,QS,1543.523193359375,1592.404052734375,1592.404052734375,1592.404052734375
plastic_nut,plastic_nut/NG/QS/S0037/plastic_nut_0037_NG_QS_C2_20231004113645.jpg,plastic_nut::plastic_nut_0037_NG_QS,2,development,QS,1081.416748046875,1089.056396484375,1089.056396484375,1089.056396484375
plastic_nut,plastic_nut/NG/QS/S0037/plastic_nut_0037_NG_QS_C3_20231004113645.jpg,plastic_nut::plastic_nut_0037_NG_QS,3,development,QS,1605.69580078125,1584.61572265625,1584.61572265625,1584.61572265625
plastic_nut,plastic_nut/NG/QS/S0037/plastic_nut_0037_NG_QS_C4_20231004113645.jpg,plastic_nut::plastic_nut_0037_NG_QS,4,development,QS,965.51953125,1026.9638671875,1155.62939453125,1026.9638671875
plastic_nut,plastic_nut/NG/QS/S0037/plastic_nut_0037_NG_QS_C5_20231004113645.jpg,plastic_nut::plastic_nut_0037_NG_QS,5,development,QS,1372.5126953125,1485.655517578125,1485.655517578125,1485.655517578125
plastic_nut,plastic_nut/NG/HS/S0038/plastic_nut_0038_NG_HS_C1_20231004104549.jpg,plastic_nut::plastic_nut_0038_NG_HS,1,development,OK,1647.1484375,1150.953125,1150.953125,1150.953125
plastic_nut,plastic_nut/NG/HS/S0038/plastic_nut_0038_NG_HS_C2_20231004104549.jpg,plastic_nut::plastic_nut_0038_NG_HS,2,development,OK,1194.28466796875,1266.7060546875,1311.5205078125,1266.7060546875
plastic_nut,plastic_nut/NG/HS/S0038/plastic_nut_0038_NG_HS_C3_20231004104549.jpg,plastic_nut::plastic_nut_0038_NG_HS,3,development,HS,1442.310546875,1386.7998046875,1386.7998046875,1386.7998046875
plastic_nut,plastic_nut/NG/HS/S0038/plastic_nut_0038_NG_HS_C4_20231004104549.jpg,plastic_nut::plastic_nut_0038_NG_HS,4,development,HS,1310.124267578125,1298.228759765625,1298.228759765625,1298.228759765625
plastic_nut,plastic_nut/NG/HS/S0038/plastic_nut_0038_NG_HS_C5_20231004104549.jpg,plastic_nut::plastic_nut_0038_NG_HS,5,development,OK,1123.10986328125,1414.34228515625,1414.34228515625,1414.34228515625
plastic_nut,plastic_nut/NG/QS/S0039/plastic_nut_0039_NG_QS_C1_20231004113707.jpg,plastic_nut::plastic_nut_0039_NG_QS,1,development,QS,1579.630859375,1112.280517578125,1128.603515625,1112.280517578125
plastic_nut,plastic_nut/NG/QS/S0039/plastic_nut_0039_NG_QS_C2_20231004113707.jpg,plastic_nut::plastic_nut_0039_NG_QS,2,development,QS,1348.041015625,1166.4326171875,1166.4326171875,1166.4326171875
plastic_nut,plastic_nut/NG/QS/S0039/plastic_nut_0039_NG_QS_C3_20231004113707.jpg,plastic_nut::plastic_nut_0039_NG_QS,3,development,QS,780.070556640625,795.232666015625,1040.3291015625,795.232666015625
plastic_nut,plastic_nut/NG/QS/S0039/plastic_nut_0039_NG_QS_C4_20231004113707.jpg,plastic_nut::plastic_nut_0039_NG_QS,4,development,QS,1043.787353515625,1201.863037109375,1201.863037109375,1201.863037109375
plastic_nut,plastic_nut/NG/QS/S0039/plastic_nut_0039_NG_QS_C5_20231004113707.jpg,plastic_nut::plastic_nut_0039_NG_QS,5,development,OK,1206.968505859375,1331.075439453125,1331.075439453125,1331.075439453125
plastic_nut,plastic_nut/NG/AK/S0040/plastic_nut_0040_NG_AK_C1_20231004133110.jpg,plastic_nut::plastic_nut_0040_NG_AK,1,development,AK,1379.0810546875,1250.610107421875,1250.610107421875,1292.06103515625
plastic_nut,plastic_nut/NG/AK/S0040/plastic_nut_0040_NG_AK_C2_20231004133110.jpg,plastic_nut::plastic_nut_0040_NG_AK,2,development,AK,1179.41650390625,1320.77392578125,1320.77392578125,1320.77392578125
plastic_nut,plastic_nut/NG/AK/S0040/plastic_nut_0040_NG_AK_C3_20231004133110.jpg,plastic_nut::plastic_nut_0040_NG_AK,3,development,AK,1220.60400390625,1242.93994140625,1242.93994140625,1242.93994140625
plastic_nut,plastic_nut/NG/AK/S0040/plastic_nut_0040_NG_AK_C4_20231004133110.jpg,plastic_nut::plastic_nut_0040_NG_AK,4,development,AK,1075.042724609375,967.19970703125,1059.21240234375,1120.77880859375
plastic_nut,plastic_nut/NG/AK/S0040/plastic_nut_0040_NG_AK_C5_20231004133110.jpg,plastic_nut::plastic_nut_0040_NG_AK,5,development,AK,1349.891357421875,1349.891357421875,1349.891357421875,1349.891357421875
plastic_nut,plastic_nut/NG/HS/S0041/plastic_nut_0041_NG_HS_C1_20231004104737.jpg,plastic_nut::plastic_nut_0041_NG_HS,1,development,OK,1173.95654296875,957.879638671875,1111.497802734375,1228.22119140625
plastic_nut,plastic_nut/NG/HS/S0041/plastic_nut_0041_NG_HS_C2_20231004104737.jpg,plastic_nut::plastic_nut_0041_NG_HS,2,development,OK,1320.5830078125,1463.43408203125,1487.2509765625,1463.43408203125
plastic_nut,plastic_nut/NG/HS/S0041/plastic_nut_0041_NG_HS_C3_20231004104737.jpg,plastic_nut::plastic_nut_0041_NG_HS,3,development,HS,1123.8173828125,874.623779296875,1050.74462890625,874.623779296875
plastic_nut,plastic_nut/NG/HS/S0041/plastic_nut_0041_NG_HS_C4_20231004104737.jpg,plastic_nut::plastic_nut_0041_NG_HS,4,development,OK,955.481201171875,957.8486328125,957.8486328125,957.8486328125
plastic_nut,plastic_nut/NG/HS/S0041/plastic_nut_0041_NG_HS_C5_20231004104737.jpg,plastic_nut::plastic_nut_0041_NG_HS,5,development,OK,1031.169921875,1236.855712890625,1236.855712890625,1236.855712890625
plastic_nut,plastic_nut/NG/ZW/S0041/plastic_nut_0041_NG_ZW_C1_20231004094525.jpg,plastic_nut::plastic_nut_0041_NG_ZW,1,development,OK,1051.006591796875,1026.36181640625,1056.225830078125,1026.36181640625
plastic_nut,plastic_nut/NG/ZW/S0041/plastic_nut_0041_NG_ZW_C2_20231004094525.jpg,plastic_nut::plastic_nut_0041_NG_ZW,2,development,ZW,1788.10791015625,1804.14453125,1804.14453125,1804.14453125
plastic_nut,plastic_nut/NG/ZW/S0041/plastic_nut_0041_NG_ZW_C3_20231004094525.jpg,plastic_nut::plastic_nut_0041_NG_ZW,3,development,ZW,2002.18212890625,2067.114501953125,2067.114501953125,2091.8505859375
plastic_nut,plastic_nut/NG/ZW/S0041/plastic_nut_0041_NG_ZW_C4_20231004094525.jpg,plastic_nut::plastic_nut_0041_NG_ZW,4,development,OK,1889.30419921875,791.654296875,960.07568359375,888.0986328125
plastic_nut,plastic_nut/NG/ZW/S0041/plastic_nut_0041_NG_ZW_C5_20231004094525.jpg,plastic_nut::plastic_nut_0041_NG_ZW,5,development,OK,845.66796875,951.74951171875,951.74951171875,951.74951171875
plastic_nut,plastic_nut/NG/AK/S0042/plastic_nut_0042_NG_AK_C1_20231004133127.jpg,plastic_nut::plastic_nut_0042_NG_AK,1,development,OK,1485.80078125,1262.5908203125,1262.5908203125,1262.5908203125
plastic_nut,plastic_nut/NG/AK/S0042/plastic_nut_0042_NG_AK_C2_20231004133127.jpg,plastic_nut::plastic_nut_0042_NG_AK,2,development,AK,1230.7783203125,1358.2626953125,1358.2626953125,1358.2626953125
plastic_nut,plastic_nut/NG/AK/S0042/plastic_nut_0042_NG_AK_C3_20231004133127.jpg,plastic_nut::plastic_nut_0042_NG_AK,3,development,AK,973.454833984375,1040.758056640625,1059.11572265625,1040.758056640625
plastic_nut,plastic_nut/NG/AK/S0042/plastic_nut_0042_NG_AK_C4_20231004133127.jpg,plastic_nut::plastic_nut_0042_NG_AK,4,development,OK,1348.362060546875,1372.7529296875,1372.7529296875,1372.7529296875
plastic_nut,plastic_nut/NG/AK/S0042/plastic_nut_0042_NG_AK_C5_20231004133127.jpg,plastic_nut::plastic_nut_0042_NG_AK,5,development,OK,980.078369140625,1046.2021484375,1046.2021484375,1046.2021484375
plastic_nut,plastic_nut/NG/QS/S0042/plastic_nut_0042_NG_QS_C1_20231004113737.jpg,plastic_nut::plastic_nut_0042_NG_QS,1,development,OK,1049.57470703125,1031.3935546875,1031.3935546875,1031.3935546875
plastic_nut,plastic_nut/NG/QS/S0042/plastic_nut_0042_NG_QS_C2_20231004113737.jpg,plastic_nut::plastic_nut_0042_NG_QS,2,development,OK,1146.893798828125,1223.217041015625,1223.217041015625,1223.217041015625
plastic_nut,plastic_nut/NG/QS/S0042/plastic_nut_0042_NG_QS_C3_20231004113737.jpg,plastic_nut::plastic_nut_0042_NG_QS,3,development,QS,957.53369140625,885.292724609375,1051.311279296875,885.292724609375
plastic_nut,plastic_nut/NG/QS/S0042/plastic_nut_0042_NG_QS_C4_20231004113737.jpg,plastic_nut::plastic_nut_0042_NG_QS,4,development,OK,803.5205078125,858.0322265625,1086.1865234375,858.0322265625
plastic_nut,plastic_nut/NG/QS/S0042/plastic_nut_0042_NG_QS_C5_20231004113737.jpg,plastic_nut::plastic_nut_0042_NG_QS,5,development,OK,998.7275390625,1101.478271484375,1101.478271484375,1101.478271484375
plastic_nut,plastic_nut/NG/ZW/S0044/plastic_nut_0044_NG_ZW_C1_20231004094606.jpg,plastic_nut::plastic_nut_0044_NG_ZW,1,development,ZW,1589.146484375,1329.601318359375,1329.601318359375,1329.601318359375
plastic_nut,plastic_nut/NG/ZW/S0044/plastic_nut_0044_NG_ZW_C2_20231004094606.jpg,plastic_nut::plastic_nut_0044_NG_ZW,2,development,ZW,1526.802001953125,1578.019775390625,1578.019775390625,1578.019775390625
plastic_nut,plastic_nut/NG/ZW/S0044/plastic_nut_0044_NG_ZW_C3_20231004094606.jpg,plastic_nut::plastic_nut_0044_NG_ZW,3,development,ZW,1857.13232421875,1852.9591064453125,1852.9591064453125,1852.9591064453125
plastic_nut,plastic_nut/NG/ZW/S0044/plastic_nut_0044_NG_ZW_C4_20231004094606.jpg,plastic_nut::plastic_nut_0044_NG_ZW,4,development,ZW,1664.0341796875,1151.154541015625,1151.154541015625,1151.154541015625
plastic_nut,plastic_nut/NG/ZW/S0044/plastic_nut_0044_NG_ZW_C5_20231004094606.jpg,plastic_nut::plastic_nut_0044_NG_ZW,5,development,OK,1388.1298828125,1352.08984375,1352.08984375,1352.08984375
plastic_nut,plastic_nut/NG/QS/S0046/plastic_nut_0046_NG_QS_C1_20231004113907.jpg,plastic_nut::plastic_nut_0046_NG_QS,1,development,OK,1004.489013671875,902.6123046875,935.88427734375,902.6123046875
plastic_nut,plastic_nut/NG/QS/S0046/plastic_nut_0046_NG_QS_C2_20231004113907.jpg,plastic_nut::plastic_nut_0046_NG_QS,2,development,QS,1237.01318359375,1409.3017578125,1409.3017578125,1409.3017578125
plastic_nut,plastic_nut/NG/QS/S0046/plastic_nut_0046_NG_QS_C3_20231004113907.jpg,plastic_nut::plastic_nut_0046_NG_QS,3,development,OK,1153.64892578125,876.39599609375,1056.2099609375,876.39599609375
plastic_nut,plastic_nut/NG/QS/S0046/plastic_nut_0046_NG_QS_C4_20231004113907.jpg,plastic_nut::plastic_nut_0046_NG_QS,4,development,OK,898.15625,840.233154296875,1124.31103515625,840.233154296875
plastic_nut,plastic_nut/NG/QS/S0046/plastic_nut_0046_NG_QS_C5_20231004113907.jpg,plastic_nut::plastic_nut_0046_NG_QS,5,development,QS,1152.357666015625,1263.33154296875,1263.33154296875,1263.33154296875
plastic_nut,plastic_nut/NG/ZW/S0048/plastic_nut_0048_NG_ZW_C1_20231004094717.jpg,plastic_nut::plastic_nut_0048_NG_ZW,1,development,OK,1706.119140625,1405.09912109375,1405.09912109375,1405.09912109375
plastic_nut,plastic_nut/NG/ZW/S0048/plastic_nut_0048_NG_ZW_C2_20231004094717.jpg,plastic_nut::plastic_nut_0048_NG_ZW,2,development,OK,787.05419921875,789.75537109375,970.03515625,789.75537109375
plastic_nut,plastic_nut/NG/ZW/S0048/plastic_nut_0048_NG_ZW_C3_20231004094717.jpg,plastic_nut::plastic_nut_0048_NG_ZW,3,development,ZW,1612.665283203125,1595.70849609375,1595.70849609375,1595.70849609375
plastic_nut,plastic_nut/NG/ZW/S0048/plastic_nut_0048_NG_ZW_C4_20231004094717.jpg,plastic_nut::plastic_nut_0048_NG_ZW,4,development,ZW,1555.683837890625,1590.48974609375,1590.48974609375,1590.48974609375
plastic_nut,plastic_nut/NG/ZW/S0048/plastic_nut_0048_NG_ZW_C5_20231004094717.jpg,plastic_nut::plastic_nut_0048_NG_ZW,5,development,OK,984.33984375,946.654296875,946.654296875,946.654296875
plastic_nut,plastic_nut/OK/S0049/plastic_nut_0049_OK_C1_20230930125838.jpg,plastic_nut::plastic_nut_0049_OK,1,development,OK,838.054443359375,944.0146484375,961.114013671875,944.0146484375
plastic_nut,plastic_nut/OK/S0049/plastic_nut_0049_OK_C2_20230930125838.jpg,plastic_nut::plastic_nut_0049_OK,2,development,OK,1409.318359375,844.657958984375,995.4296875,844.657958984375
plastic_nut,plastic_nut/OK/S0049/plastic_nut_0049_OK_C3_20230930125838.jpg,plastic_nut::plastic_nut_0049_OK,3,development,OK,910.8359375,795.61474609375,980.125,795.61474609375
plastic_nut,plastic_nut/OK/S0049/plastic_nut_0049_OK_C4_20230930125838.jpg,plastic_nut::plastic_nut_0049_OK,4,development,OK,869.2509765625,905.927978515625,976.0078125,916.75634765625
plastic_nut,plastic_nut/OK/S0049/plastic_nut_0049_OK_C5_20230930125838.jpg,plastic_nut::plastic_nut_0049_OK,5,development,OK,802.513671875,819.15673828125,935.51953125,819.15673828125
plastic_nut,plastic_nut/NG/HS/S0050/plastic_nut_0050_NG_HS_C1_20231004104926.jpg,plastic_nut::plastic_nut_0050_NG_HS,1,development,OK,1113.583984375,930.521240234375,1080.85546875,930.521240234375
plastic_nut,plastic_nut/NG/HS/S0050/plastic_nut_0050_NG_HS_C2_20231004104926.jpg,plastic_nut::plastic_nut_0050_NG_HS,2,development,HS,1483.68408203125,1372.59521484375,1372.59521484375,1401.79541015625
plastic_nut,plastic_nut/NG/HS/S0050/plastic_nut_0050_NG_HS_C3_20231004104926.jpg,plastic_nut::plastic_nut_0050_NG_HS,3,development,HS,1057.12158203125,1220.10107421875,1220.10107421875,1220.10107421875
plastic_nut,plastic_nut/NG/HS/S0050/plastic_nut_0050_NG_HS_C4_20231004104926.jpg,plastic_nut::plastic_nut_0050_NG_HS,4,development,OK,1594.0341796875,1126.65283203125,1126.65283203125,1137.359375
plastic_nut,plastic_nut/NG/HS/S0050/plastic_nut_0050_NG_HS_C5_20231004104926.jpg,plastic_nut::plastic_nut_0050_NG_HS,5,development,OK,1665.623779296875,1350.492919921875,1350.492919921875,1350.492919921875
plastic_nut,plastic_nut/NG/ZW/S0050/plastic_nut_0050_NG_ZW_C1_20231004094808.jpg,plastic_nut::plastic_nut_0050_NG_ZW,1,development,ZW,1498.39990234375,1370.40771484375,1370.40771484375,1370.40771484375
plastic_nut,plastic_nut/NG/ZW/S0050/plastic_nut_0050_NG_ZW_C2_20231004094808.jpg,plastic_nut::plastic_nut_0050_NG_ZW,2,development,ZW,1071.9853515625,1050.74365234375,1050.74365234375,1050.74365234375
plastic_nut,plastic_nut/NG/ZW/S0050/plastic_nut_0050_NG_ZW_C3_20231004094808.jpg,plastic_nut::plastic_nut_0050_NG_ZW,3,development,ZW,1513.3623046875,1189.74462890625,1189.74462890625,1189.74462890625
plastic_nut,plastic_nut/NG/ZW/S0050/plastic_nut_0050_NG_ZW_C4_20231004094808.jpg,plastic_nut::plastic_nut_0050_NG_ZW,4,development,ZW,1571.452880859375,1194.66796875,1194.66796875,1194.66796875
plastic_nut,plastic_nut/NG/ZW/S0050/plastic_nut_0050_NG_ZW_C5_20231004094808.jpg,plastic_nut::plastic_nut_0050_NG_ZW,5,development,ZW,1440.00341796875,1084.335205078125,1084.335205078125,1084.335205078125
plastic_nut,plastic_nut/OK/S0051/plastic_nut_0051_OK_C1_20230930130124.jpg,plastic_nut::plastic_nut_0051_OK,1,development,OK,873.8193359375,917.405517578125,1043.69287109375,917.405517578125
plastic_nut,plastic_nut/OK/S0051/plastic_nut_0051_OK_C2_20230930130124.jpg,plastic_nut::plastic_nut_0051_OK,2,development,OK,1568.82275390625,812.4560546875,1010.8310546875,812.4560546875
plastic_nut,plastic_nut/OK/S0051/plastic_nut_0051_OK_C3_20230930130124.jpg,plastic_nut::plastic_nut_0051_OK,3,development,OK,920.07470703125,881.825927734375,977.2529296875,881.825927734375
plastic_nut,plastic_nut/OK/S0051/plastic_nut_0051_OK_C4_20230930130124.jpg,plastic_nut::plastic_nut_0051_OK,4,development,OK,893.62158203125,933.143310546875,1135.3323974609375,933.143310546875
plastic_nut,plastic_nut/OK/S0051/plastic_nut_0051_OK_C5_20230930130124.jpg,plastic_nut::plastic_nut_0051_OK,5,development,OK,767.859619140625,726.2978515625,948.18115234375,740.5146484375
plastic_nut,plastic_nut/NG/QS/S0052/plastic_nut_0052_NG_QS_C1_20231004114319.jpg,plastic_nut::plastic_nut_0052_NG_QS,1,development,OK,1166.9013671875,1124.255859375,1124.255859375,1124.255859375
plastic_nut,plastic_nut/NG/QS/S0052/plastic_nut_0052_NG_QS_C2_20231004114319.jpg,plastic_nut::plastic_nut_0052_NG_QS,2,development,QS,1396.678955078125,1384.184326171875,1384.184326171875,1384.184326171875
plastic_nut,plastic_nut/NG/QS/S0052/plastic_nut_0052_NG_QS_C3_20231004114319.jpg,plastic_nut::plastic_nut_0052_NG_QS,3,development,QS,1275.4169921875,1316.645751953125,1316.645751953125,1316.645751953125
plastic_nut,plastic_nut/NG/QS/S0052/plastic_nut_0052_NG_QS_C4_20231004114319.jpg,plastic_nut::plastic_nut_0052_NG_QS,4,development,OK,1504.179931640625,1342.416015625,1636.34326171875,1342.416015625
plastic_nut,plastic_nut/NG/QS/S0052/plastic_nut_0052_NG_QS_C5_20231004114319.jpg,plastic_nut::plastic_nut_0052_NG_QS,5,development,QS,1428.49658203125,1432.767578125,1432.767578125,1518.515869140625
plastic_nut,plastic_nut/NG/AK/S0055/plastic_nut_0055_NG_AK_C1_20231004141122.jpg,plastic_nut::plastic_nut_0055_NG_AK,1,development,OK,1588.8037109375,1221.5419921875,1221.5419921875,1221.5419921875
plastic_nut,plastic_nut/NG/AK/S0055/plastic_nut_0055_NG_AK_C2_20231004141122.jpg,plastic_nut::plastic_nut_0055_NG_AK,2,development,AK,1109.363037109375,1222.63330078125,1222.63330078125,1222.63330078125
plastic_nut,plastic_nut/NG/AK/S0055/plastic_nut_0055_NG_AK_C3_20231004141122.jpg,plastic_nut::plastic_nut_0055_NG_AK,3,development,AK,941.391357421875,914.847900390625,1046.0673828125,914.847900390625
plastic_nut,plastic_nut/NG/AK/S0055/plastic_nut_0055_NG_AK_C4_20231004141122.jpg,plastic_nut::plastic_nut_0055_NG_AK,4,development,OK,1434.90087890625,1521.009765625,1521.009765625,1521.009765625
plastic_nut,plastic_nut/NG/AK/S0055/plastic_nut_0055_NG_AK_C5_20231004141122.jpg,plastic_nut::plastic_nut_0055_NG_AK,5,development,OK,935.544677734375,932.21240234375,932.21240234375,932.21240234375
plastic_nut,plastic_nut/NG/HS/S0055/plastic_nut_0055_NG_HS_C1_20231004105022.jpg,plastic_nut::plastic_nut_0055_NG_HS,1,development,OK,950.6689453125,934.16015625,1029.17529296875,934.16015625
plastic_nut,plastic_nut/NG/HS/S0055/plastic_nut_0055_NG_HS_C2_20231004105022.jpg,plastic_nut::plastic_nut_0055_NG_HS,2,development,OK,1095.927490234375,1165.03369140625,1165.03369140625,1165.03369140625
plastic_nut,plastic_nut/NG/HS/S0055/plastic_nut_0055_NG_HS_C3_20231004105022.jpg,plastic_nut::plastic_nut_0055_NG_HS,3,development,OK,947.11083984375,835.3828125,1045.16552734375,835.3828125
plastic_nut,plastic_nut/NG/HS/S0055/plastic_nut_0055_NG_HS_C4_20231004105022.jpg,plastic_nut::plastic_nut_0055_NG_HS,4,development,OK,1204.020751953125,1204.020751953125,1204.020751953125,1204.020751953125
plastic_nut,plastic_nut/NG/HS/S0055/plastic_nut_0055_NG_HS_C5_20231004105022.jpg,plastic_nut::plastic_nut_0055_NG_HS,5,development,HS,1272.669677734375,1187.09619140625,1187.09619140625,1187.09619140625
plastic_nut,plastic_nut/NG/QS/S0056/plastic_nut_0056_NG_QS_C1_20231004114403.jpg,plastic_nut::plastic_nut_0056_NG_QS,1,development,OK,1017.441650390625,938.784423828125,1031.789794921875,938.784423828125
plastic_nut,plastic_nut/NG/QS/S0056/plastic_nut_0056_NG_QS_C2_20231004114403.jpg,plastic_nut::plastic_nut_0056_NG_QS,2,development,OK,1069.6474609375,1153.210205078125,1153.210205078125,1153.210205078125
plastic_nut,plastic_nut/NG/QS/S0056/plastic_nut_0056_NG_QS_C3_20231004114403.jpg,plastic_nut::plastic_nut_0056_NG_QS,3,development,OK,858.3505859375,837.7666015625,1045.8056640625,837.7666015625
plastic_nut,plastic_nut/NG/QS/S0056/plastic_nut_0056_NG_QS_C4_20231004114403.jpg,plastic_nut::plastic_nut_0056_NG_QS,4,development,QS,944.765869140625,1240.257080078125,1240.257080078125,1240.257080078125
plastic_nut,plastic_nut/NG/QS/S0056/plastic_nut_0056_NG_QS_C5_20231004114403.jpg,plastic_nut::plastic_nut_0056_NG_QS,5,development,QS,1162.66455078125,1244.534423828125,1280.949462890625,1244.534423828125
plastic_nut,plastic_nut/NG/ZW/S0056/plastic_nut_0056_NG_ZW_C1_20231004095133.jpg,plastic_nut::plastic_nut_0056_NG_ZW,1,development,OK,1729.1435546875,1519.978271484375,1519.978271484375,1519.978271484375
plastic_nut,plastic_nut/NG/ZW/S0056/plastic_nut_0056_NG_ZW_C2_20231004095133.jpg,plastic_nut::plastic_nut_0056_NG_ZW,2,development,OK,809.0966796875,855.4541015625,945.4580078125,855.4541015625
plastic_nut,plastic_nut/NG/ZW/S0056/plastic_nut_0056_NG_ZW_C3_20231004095133.jpg,plastic_nut::plastic_nut_0056_NG_ZW,3,development,ZW,1960.02734375,2051.612060546875,2051.612060546875,2051.612060546875
plastic_nut,plastic_nut/NG/ZW/S0056/plastic_nut_0056_NG_ZW_C4_20231004095133.jpg,plastic_nut::plastic_nut_0056_NG_ZW,4,development,ZW,1939.1513671875,1919.6802978515625,1919.6802978515625,1919.6802978515625
plastic_nut,plastic_nut/NG/ZW/S0056/plastic_nut_0056_NG_ZW_C5_20231004095133.jpg,plastic_nut::plastic_nut_0056_NG_ZW,5,development,OK,1278.4658203125,1192.97021484375,1192.97021484375,1192.97021484375
plastic_nut,plastic_nut/NG/QS/S0057/plastic_nut_0057_NG_QS_C1_20231004114417.jpg,plastic_nut::plastic_nut_0057_NG_QS,1,development,QS,1308.63671875,1115.34228515625,1115.34228515625,1115.34228515625
plastic_nut,plastic_nut/NG/QS/S0057/plastic_nut_0057_NG_QS_C2_20231004114417.jpg,plastic_nut::plastic_nut_0057_NG_QS,2,development,QS,1126.8154296875,1134.469970703125,1134.469970703125,1134.469970703125
plastic_nut,plastic_nut/NG/QS/S0057/plastic_nut_0057_NG_QS_C3_20231004114417.jpg,plastic_nut::plastic_nut_0057_NG_QS,3,development,QS,907.86865234375,942.466552734375,1034.5771484375,942.466552734375
plastic_nut,plastic_nut/NG/QS/S0057/plastic_nut_0057_NG_QS_C4_20231004114417.jpg,plastic_nut::plastic_nut_0057_NG_QS,4,development,QS,1178.5751953125,1064.530517578125,1140.08203125,1064.530517578125
plastic_nut,plastic_nut/NG/QS/S0057/plastic_nut_0057_NG_QS_C5_20231004114417.jpg,plastic_nut::plastic_nut_0057_NG_QS,5,development,QS,1241.15576171875,1332.09814453125,1332.09814453125,1332.09814453125
plastic_nut,plastic_nut/NG/AK/S0058/plastic_nut_0058_NG_AK_C1_20231004141147.jpg,plastic_nut::plastic_nut_0058_NG_AK,1,development,OK,1650.68359375,1140.297607421875,1140.297607421875,1140.297607421875
plastic_nut,plastic_nut/NG/AK/S0058/plastic_nut_0058_NG_AK_C2_20231004141147.jpg,plastic_nut::plastic_nut_0058_NG_AK,2,development,OK,1193.420654296875,1308.165283203125,1308.165283203125,1308.165283203125
plastic_nut,plastic_nut/NG/AK/S0058/plastic_nut_0058_NG_AK_C3_20231004141147.jpg,plastic_nut::plastic_nut_0058_NG_AK,3,development,OK,853.6748046875,718.547607421875,1042.1328125,808.669677734375
plastic_nut,plastic_nut/NG/AK/S0058/plastic_nut_0058_NG_AK_C4_20231004141147.jpg,plastic_nut::plastic_nut_0058_NG_AK,4,development,AK,1469.7919921875,1417.7109375,1417.7109375,1417.7109375
plastic_nut,plastic_nut/NG/AK/S0058/plastic_nut_0058_NG_AK_C5_20231004141147.jpg,plastic_nut::plastic_nut_0058_NG_AK,5,development,AK,1188.222900390625,1267.83349609375,1267.83349609375,1267.83349609375
plastic_nut,plastic_nut/NG/QS/S0058/plastic_nut_0058_NG_QS_C1_20231004114434.jpg,plastic_nut::plastic_nut_0058_NG_QS,1,development,OK,1300.427001953125,1248.706298828125,1248.706298828125,1345.746337890625
plastic_nut,plastic_nut/NG/QS/S0058/plastic_nut_0058_NG_QS_C2_20231004114434.jpg,plastic_nut::plastic_nut_0058_NG_QS,2,development,OK,1212.219970703125,1275.49609375,1275.49609375,1280.040283203125
plastic_nut,plastic_nut/NG/QS/S0058/plastic_nut_0058_NG_QS_C3_20231004114434.jpg,plastic_nut::plastic_nut_0058_NG_QS,3,development,QS,1198.603515625,996.025146484375,1058.0322265625,996.025146484375
plastic_nut,plastic_nut/NG/QS/S0058/plastic_nut_0058_NG_QS_C4_20231004114434.jpg,plastic_nut::plastic_nut_0058_NG_QS,4,development,OK,866.94921875,1023.113037109375,1460.48583984375,1023.113037109375
plastic_nut,plastic_nut/NG/QS/S0058/plastic_nut_0058_NG_QS_C5_20231004114434.jpg,plastic_nut::plastic_nut_0058_NG_QS,5,development,QS,1482.031982421875,1471.1572265625,1471.1572265625,1471.1572265625
plastic_nut,plastic_nut/NG/AK/S0059/plastic_nut_0059_NG_AK_C1_20231004141154.jpg,plastic_nut::plastic_nut_0059_NG_AK,1,development,OK,1572.84814453125,1216.12548828125,1216.12548828125,1216.12548828125
plastic_nut,plastic_nut/NG/AK/S0059/plastic_nut_0059_NG_AK_C2_20231004141154.jpg,plastic_nut::plastic_nut_0059_NG_AK,2,development,AK,1339.49658203125,1443.78125,1443.78125,1443.78125
plastic_nut,plastic_nut/NG/AK/S0059/plastic_nut_0059_NG_AK_C3_20231004141154.jpg,plastic_nut::plastic_nut_0059_NG_AK,3,development,OK,786.57568359375,781.233642578125,1049.13720703125,781.233642578125
plastic_nut,plastic_nut/NG/AK/S0059/plastic_nut_0059_NG_AK_C4_20231004141154.jpg,plastic_nut::plastic_nut_0059_NG_AK,4,development,OK,1362.85302734375,1460.039794921875,1460.039794921875,1460.039794921875
plastic_nut,plastic_nut/NG/AK/S0059/plastic_nut_0059_NG_AK_C5_20231004141154.jpg,plastic_nut::plastic_nut_0059_NG_AK,5,development,AK,1180.343994140625,1220.488037109375,1220.488037109375,1220.488037109375
plastic_nut,plastic_nut/NG/ZW/S0059/plastic_nut_0059_NG_ZW_C1_20231004095222.jpg,plastic_nut::plastic_nut_0059_NG_ZW,1,development,OK,1422.99609375,1116.220947265625,1140.525390625,1116.220947265625
plastic_nut,plastic_nut/NG/ZW/S0059/plastic_nut_0059_NG_ZW_C2_20231004095222.jpg,plastic_nut::plastic_nut_0059_NG_ZW,2,development,OK,1339.236328125,1404.2353515625,1404.2353515625,1404.2353515625
plastic_nut,plastic_nut/NG/ZW/S0059/plastic_nut_0059_NG_ZW_C3_20231004095222.jpg,plastic_nut::plastic_nut_0059_NG_ZW,3,development,ZW,1456.196533203125,1580.15234375,1580.15234375,1580.15234375
plastic_nut,plastic_nut/NG/ZW/S0059/plastic_nut_0059_NG_ZW_C4_20231004095222.jpg,plastic_nut::plastic_nut_0059_NG_ZW,4,development,ZW,810.35888671875,913.13525390625,946.9072265625,913.13525390625
plastic_nut,plastic_nut/NG/ZW/S0059/plastic_nut_0059_NG_ZW_C5_20231004095222.jpg,plastic_nut::plastic_nut_0059_NG_ZW,5,development,OK,1833.44873046875,918.892578125,918.892578125,918.892578125
plastic_nut,plastic_nut/OK/S0060/plastic_nut_0060_OK_C1_20230930130459.jpg,plastic_nut::plastic_nut_0060_OK,1,development,OK,872.2900390625,754.76611328125,901.478515625,810.27001953125
plastic_nut,plastic_nut/OK/S0060/plastic_nut_0060_OK_C2_20230930130459.jpg,plastic_nut::plastic_nut_0060_OK,2,development,OK,1227.84423828125,722.85009765625,997.24365234375,816.156982421875
plastic_nut,plastic_nut/OK/S0060/plastic_nut_0060_OK_C3_20230930130459.jpg,plastic_nut::plastic_nut_0060_OK,3,development,OK,748.05615234375,871.9287109375,973.4755859375,871.9287109375
plastic_nut,plastic_nut/OK/S0060/plastic_nut_0060_OK_C4_20230930130459.jpg,plastic_nut::plastic_nut_0060_OK,4,development,OK,953.568115234375,988.230224609375,988.230224609375,988.230224609375
plastic_nut,plastic_nut/OK/S0060/plastic_nut_0060_OK_C5_20230930130459.jpg,plastic_nut::plastic_nut_0060_OK,5,development,OK,825.34033203125,744.22412109375,915.96240234375,744.22412109375
plastic_nut,plastic_nut/NG/QS/S0061/plastic_nut_0061_NG_QS_C1_20231004114541.jpg,plastic_nut::plastic_nut_0061_NG_QS,1,development,QS,1377.56396484375,1498.13330078125,1498.13330078125,1498.13330078125
plastic_nut,plastic_nut/NG/QS/S0061/plastic_nut_0061_NG_QS_C2_20231004114541.jpg,plastic_nut::plastic_nut_0061_NG_QS,2,development,QS,1157.18310546875,1288.21826171875,1288.21826171875,1288.21826171875
plastic_nut,plastic_nut/NG/QS/S0061/plastic_nut_0061_NG_QS_C3_20231004114541.jpg,plastic_nut::plastic_nut_0061_NG_QS,3,development,QS,1068.36474609375,973.864990234375,1033.40625,973.864990234375
plastic_nut,plastic_nut/NG/QS/S0061/plastic_nut_0061_NG_QS_C4_20231004114541.jpg,plastic_nut::plastic_nut_0061_NG_QS,4,development,QS,1139.14990234375,1149.7392578125,1149.7392578125,1149.7392578125
plastic_nut,plastic_nut/NG/QS/S0061/plastic_nut_0061_NG_QS_C5_20231004114541.jpg,plastic_nut::plastic_nut_0061_NG_QS,5,development,QS,1019.01806640625,1092.4189453125,1092.4189453125,1092.4189453125
plastic_nut,plastic_nut/NG/HS/S0062/plastic_nut_0062_NG_HS_C1_20231004105327.jpg,plastic_nut::plastic_nut_0062_NG_HS,1,development,OK,1326.722900390625,1142.83935546875,1142.83935546875,1142.83935546875
plastic_nut,plastic_nut/NG/HS/S0062/plastic_nut_0062_NG_HS_C2_20231004105327.jpg,plastic_nut::plastic_nut_0062_NG_HS,2,development,HS,1389.302001953125,1389.302001953125,1389.302001953125,1389.302001953125
plastic_nut,plastic_nut/NG/HS/S0062/plastic_nut_0062_NG_HS_C3_20231004105327.jpg,plastic_nut::plastic_nut_0062_NG_HS,3,development,OK,888.7626953125,831.074951171875,1035.26953125,831.074951171875
plastic_nut,plastic_nut/NG/HS/S0062/plastic_nut_0062_NG_HS_C4_20231004105327.jpg,plastic_nut::plastic_nut_0062_NG_HS,4,development,OK,880.9833984375,737.978271484375,986.2392578125,827.05224609375
plastic_nut,plastic_nut/NG/HS/S0062/plastic_nut_0062_NG_HS_C5_20231004105327.jpg,plastic_nut::plastic_nut_0062_NG_HS,5,development,HS,1520.62890625,1561.23095703125,1561.23095703125,1561.23095703125
plastic_nut,plastic_nut/OK/S0062/plastic_nut_0062_OK_C1_20230930130611.jpg,plastic_nut::plastic_nut_0062_OK,1,development,OK,829.97021484375,821.837890625,981.840087890625,919.33740234375
plastic_nut,plastic_nut/OK/S0062/plastic_nut_0062_OK_C2_20230930130611.jpg,plastic_nut::plastic_nut_0062_OK,2,development,OK,1387.4375,721.076171875,965.857421875,721.076171875
plastic_nut,plastic_nut/OK/S0062/plastic_nut_0062_OK_C3_20230930130611.jpg,plastic_nut::plastic_nut_0062_OK,3,development,OK,909.55908203125,849.097412109375,980.87353515625,849.097412109375
plastic_nut,plastic_nut/OK/S0062/plastic_nut_0062_OK_C4_20230930130611.jpg,plastic_nut::plastic_nut_0062_OK,4,development,OK,962.0712890625,1003.5888671875,1003.5888671875,1003.5888671875
plastic_nut,plastic_nut/OK/S0062/plastic_nut_0062_OK_C5_20230930130611.jpg,plastic_nut::plastic_nut_0062_OK,5,development,OK,719.09033203125,778.1005859375,946.29833984375,778.1005859375
plastic_nut,plastic_nut/NG/AK/S0064/plastic_nut_0064_NG_AK_C1_20231004141231.jpg,plastic_nut::plastic_nut_0064_NG_AK,1,development,OK,1477.7314453125,1263.9677734375,1263.9677734375,1263.9677734375
plastic_nut,plastic_nut/NG/AK/S0064/plastic_nut_0064_NG_AK_C2_20231004141231.jpg,plastic_nut::plastic_nut_0064_NG_AK,2,development,OK,1074.228515625,1184.51611328125,1184.51611328125,1184.51611328125
plastic_nut,plastic_nut/NG/AK/S0064/plastic_nut_0064_NG_AK_C3_20231004141231.jpg,plastic_nut::plastic_nut_0064_NG_AK,3,development,AK,864.90576171875,830.780517578125,1044.03515625,830.780517578125
plastic_nut,plastic_nut/NG/AK/S0064/plastic_nut_0064_NG_AK_C4_20231004141231.jpg,plastic_nut::plastic_nut_0064_NG_AK,4,development,AK,951.064453125,972.18505859375,1212.8525390625,972.18505859375
plastic_nut,plastic_nut/NG/AK/S0064/plastic_nut_0064_NG_AK_C5_20231004141231.jpg,plastic_nut::plastic_nut_0064_NG_AK,5,development,OK,1299.245849609375,1552.81787109375,1552.81787109375,1552.81787109375
plastic_nut,plastic_nut/NG/HS/S0066/plastic_nut_0066_NG_HS_C1_20231004105401.jpg,plastic_nut::plastic_nut_0066_NG_HS,1,development,OK,1364.7255859375,1030.84716796875,1030.84716796875,1030.84716796875
plastic_nut,plastic_nut/NG/HS/S0066/plastic_nut_0066_NG_HS_C2_20231004105401.jpg,plastic_nut::plastic_nut_0066_NG_HS,2,development,HS,1365.27734375,1398.2353515625,1398.2353515625,1398.2353515625
plastic_nut,plastic_nut/NG/HS/S0066/plastic_nut_0066_NG_HS_C3_20231004105401.jpg,plastic_nut::plastic_nut_0066_NG_HS,3,development,OK,982.8486328125,781.294677734375,1055.87353515625,781.294677734375
plastic_nut,plastic_nut/NG/HS/S0066/plastic_nut_0066_NG_HS_C4_20231004105401.jpg,plastic_nut::plastic_nut_0066_NG_HS,4,development,OK,877.081298828125,818.803466796875,979.1396484375,818.803466796875
plastic_nut,plastic_nut/NG/HS/S0066/plastic_nut_0066_NG_HS_C5_20231004105401.jpg,plastic_nut::plastic_nut_0066_NG_HS,5,development,HS,1514.971435546875,1397.585205078125,1397.585205078125,1397.585205078125
plastic_nut,plastic_nut/NG/AK/S0067/plastic_nut_0067_NG_AK_C1_20231004141306.jpg,plastic_nut::plastic_nut_0067_NG_AK,1,development,OK,1357.7353515625,1249.98193359375,1249.98193359375,1249.98193359375
plastic_nut,plastic_nut/NG/AK/S0067/plastic_nut_0067_NG_AK_C2_20231004141306.jpg,plastic_nut::plastic_nut_0067_NG_AK,2,development,OK,1251.191650390625,1364.03369140625,1364.03369140625,1364.03369140625
plastic_nut,plastic_nut/NG/AK/S0067/plastic_nut_0067_NG_AK_C3_20231004141306.jpg,plastic_nut::plastic_nut_0067_NG_AK,3,development,OK,838.185302734375,929.81884765625,1030.2275390625,1018.966796875
plastic_nut,plastic_nut/NG/AK/S0067/plastic_nut_0067_NG_AK_C4_20231004141306.jpg,plastic_nut::plastic_nut_0067_NG_AK,4,development,AK,1173.302978515625,1273.731201171875,1273.731201171875,1273.731201171875
plastic_nut,plastic_nut/NG/AK/S0067/plastic_nut_0067_NG_AK_C5_20231004141306.jpg,plastic_nut::plastic_nut_0067_NG_AK,5,development,AK,990.48193359375,1087.88232421875,1087.88232421875,1087.88232421875
plastic_nut,plastic_nut/NG/AK/S0068/plastic_nut_0068_NG_AK_C1_20231004141317.jpg,plastic_nut::plastic_nut_0068_NG_AK,1,development,OK,1561.685546875,1196.931640625,1196.931640625,1196.931640625
plastic_nut,plastic_nut/NG/AK/S0068/plastic_nut_0068_NG_AK_C2_20231004141317.jpg,plastic_nut::plastic_nut_0068_NG_AK,2,development,OK,1114.199951171875,1230.756591796875,1230.756591796875,1230.756591796875
plastic_nut,plastic_nut/NG/AK/S0068/plastic_nut_0068_NG_AK_C3_20231004141317.jpg,plastic_nut::plastic_nut_0068_NG_AK,3,development,AK,872.05224609375,957.572998046875,1046.107177734375,957.572998046875
plastic_nut,plastic_nut/NG/AK/S0068/plastic_nut_0068_NG_AK_C4_20231004141317.jpg,plastic_nut::plastic_nut_0068_NG_AK,4,development,AK,1025.075927734375,1117.458984375,1117.458984375,1117.458984375
plastic_nut,plastic_nut/NG/AK/S0068/plastic_nut_0068_NG_AK_C5_20231004141317.jpg,plastic_nut::plastic_nut_0068_NG_AK,5,development,OK,933.64208984375,979.036376953125,979.036376953125,979.036376953125
plastic_nut,plastic_nut/NG/ZW/S0069/plastic_nut_0069_NG_ZW_C1_20231004100126.jpg,plastic_nut::plastic_nut_0069_NG_ZW,1,development,ZW,1577.90673828125,1274.4287109375,1274.4287109375,1274.4287109375
plastic_nut,plastic_nut/NG/ZW/S0069/plastic_nut_0069_NG_ZW_C2_20231004100126.jpg,plastic_nut::plastic_nut_0069_NG_ZW,2,development,ZW,1283.90478515625,1339.60498046875,1339.60498046875,1339.60498046875
plastic_nut,plastic_nut/NG/ZW/S0069/plastic_nut_0069_NG_ZW_C3_20231004100126.jpg,plastic_nut::plastic_nut_0069_NG_ZW,3,development,ZW,1408.60205078125,1243.19482421875,1243.19482421875,1243.19482421875
plastic_nut,plastic_nut/NG/ZW/S0069/plastic_nut_0069_NG_ZW_C4_20231004100126.jpg,plastic_nut::plastic_nut_0069_NG_ZW,4,development,ZW,1009.3291015625,1124.68310546875,1124.68310546875,1124.68310546875
plastic_nut,plastic_nut/NG/ZW/S0069/plastic_nut_0069_NG_ZW_C5_20231004100126.jpg,plastic_nut::plastic_nut_0069_NG_ZW,5,development,ZW,1230.718994140625,1255.426513671875,1255.426513671875,1255.426513671875
plastic_nut,plastic_nut/NG/QS/S0072/plastic_nut_0072_NG_QS_C1_20231004130732.jpg,plastic_nut::plastic_nut_0072_NG_QS,1,development,OK,1261.4365234375,1347.8974609375,1347.8974609375,1347.8974609375
plastic_nut,plastic_nut/NG/QS/S0072/plastic_nut_0072_NG_QS_C2_20231004130732.jpg,plastic_nut::plastic_nut_0072_NG_QS,2,development,OK,1177.068603515625,1288.6025390625,1288.6025390625,1288.6025390625
plastic_nut,plastic_nut/NG/QS/S0072/plastic_nut_0072_NG_QS_C3_20231004130732.jpg,plastic_nut::plastic_nut_0072_NG_QS,3,development,OK,881.926513671875,913.00390625,1034.90234375,913.00390625
plastic_nut,plastic_nut/NG/QS/S0072/plastic_nut_0072_NG_QS_C4_20231004130732.jpg,plastic_nut::plastic_nut_0072_NG_QS,4,development,QS,1212.13818359375,1241.517578125,1241.517578125,1241.517578125
plastic_nut,plastic_nut/NG/QS/S0072/plastic_nut_0072_NG_QS_C5_20231004130732.jpg,plastic_nut::plastic_nut_0072_NG_QS,5,development,QS,1531.874267578125,1170.572021484375,1170.572021484375,1263.210693359375
plastic_nut,plastic_nut/NG/QS/S0073/plastic_nut_0073_NG_QS_C1_20231004130740.jpg,plastic_nut::plastic_nut_0073_NG_QS,1,development,QS,1216.0556640625,1149.010986328125,1149.010986328125,1149.010986328125
plastic_nut,plastic_nut/NG/QS/S0073/plastic_nut_0073_NG_QS_C2_20231004130740.jpg,plastic_nut::plastic_nut_0073_NG_QS,2,development,QS,1009.337890625,1222.041259765625,1222.041259765625,1222.041259765625
plastic_nut,plastic_nut/NG/QS/S0073/plastic_nut_0073_NG_QS_C3_20231004130740.jpg,plastic_nut::plastic_nut_0073_NG_QS,3,development,QS,925.49365234375,899.78515625,1056.546875,899.78515625
plastic_nut,plastic_nut/NG/QS/S0073/plastic_nut_0073_NG_QS_C4_20231004130740.jpg,plastic_nut::plastic_nut_0073_NG_QS,4,development,QS,1306.303466796875,1334.9775390625,1334.9775390625,1334.9775390625
plastic_nut,plastic_nut/NG/QS/S0073/plastic_nut_0073_NG_QS_C5_20231004130740.jpg,plastic_nut::plastic_nut_0073_NG_QS,5,development,QS,1073.26025390625,1026.940185546875,1026.940185546875,1026.940185546875
plastic_nut,plastic_nut/NG/ZW/S0073/plastic_nut_0073_NG_ZW_C1_20231004100208.jpg,plastic_nut::plastic_nut_0073_NG_ZW,1,development,OK,1366.943603515625,1418.7001953125,1418.7001953125,1418.7001953125
plastic_nut,plastic_nut/NG/ZW/S0073/plastic_nut_0073_NG_ZW_C2_20231004100208.jpg,plastic_nut::plastic_nut_0073_NG_ZW,2,development,OK,782.647705078125,797.8173828125,891.728515625,797.8173828125
plastic_nut,plastic_nut/NG/ZW/S0073/plastic_nut_0073_NG_ZW_C3_20231004100208.jpg,plastic_nut::plastic_nut_0073_NG_ZW,3,development,ZW,1484.2880859375,1490.394287109375,1490.394287109375,1490.394287109375
plastic_nut,plastic_nut/NG/ZW/S0073/plastic_nut_0073_NG_ZW_C4_20231004100208.jpg,plastic_nut::plastic_nut_0073_NG_ZW,4,development,ZW,1784.2528076171875,1718.9921875,1718.9921875,1718.9921875
plastic_nut,plastic_nut/NG/ZW/S0073/plastic_nut_0073_NG_ZW_C5_20231004100208.jpg,plastic_nut::plastic_nut_0073_NG_ZW,5,development,ZW,1691.185546875,1507.6168212890625,1507.6168212890625,1507.6168212890625
plastic_nut,plastic_nut/NG/AK/S0074/plastic_nut_0074_NG_AK_C1_20231004141402.jpg,plastic_nut::plastic_nut_0074_NG_AK,1,development,OK,1474.92431640625,1241.9580078125,1241.9580078125,1241.9580078125
plastic_nut,plastic_nut/NG/AK/S0074/plastic_nut_0074_NG_AK_C2_20231004141402.jpg,plastic_nut::plastic_nut_0074_NG_AK,2,development,OK,950.8291015625,1104.75927734375,1104.75927734375,1104.75927734375
plastic_nut,plastic_nut/NG/AK/S0074/plastic_nut_0074_NG_AK_C3_20231004141402.jpg,plastic_nut::plastic_nut_0074_NG_AK,3,development,OK,935.11669921875,887.75,1052.114013671875,887.75
plastic_nut,plastic_nut/NG/AK/S0074/plastic_nut_0074_NG_AK_C4_20231004141402.jpg,plastic_nut::plastic_nut_0074_NG_AK,4,development,OK,1242.014892578125,1300.866943359375,1300.866943359375,1300.866943359375
plastic_nut,plastic_nut/NG/AK/S0074/plastic_nut_0074_NG_AK_C5_20231004141402.jpg,plastic_nut::plastic_nut_0074_NG_AK,5,development,AK,1241.5517578125,1269.160400390625,1269.160400390625,1269.160400390625
plastic_nut,plastic_nut/NG/ZW/S0074/plastic_nut_0074_NG_ZW_C1_20231004100220.jpg,plastic_nut::plastic_nut_0074_NG_ZW,1,development,OK,1341.91943359375,1356.789306640625,1356.789306640625,1356.789306640625
plastic_nut,plastic_nut/NG/ZW/S0074/plastic_nut_0074_NG_ZW_C2_20231004100220.jpg,plastic_nut::plastic_nut_0074_NG_ZW,2,development,OK,1123.92626953125,887.31005859375,902.2509765625,892.638671875
plastic_nut,plastic_nut/NG/ZW/S0074/plastic_nut_0074_NG_ZW_C3_20231004100220.jpg,plastic_nut::plastic_nut_0074_NG_ZW,3,development,ZW,1554.652099609375,1513.772705078125,1513.772705078125,1513.772705078125
plastic_nut,plastic_nut/NG/ZW/S0074/plastic_nut_0074_NG_ZW_C4_20231004100220.jpg,plastic_nut::plastic_nut_0074_NG_ZW,4,development,OK,790.913330078125,949.052734375,949.052734375,1147.15673828125
plastic_nut,plastic_nut/NG/ZW/S0074/plastic_nut_0074_NG_ZW_C5_20231004100220.jpg,plastic_nut::plastic_nut_0074_NG_ZW,5,development,OK,832.467041015625,884.12353515625,884.12353515625,884.12353515625
plastic_nut,plastic_nut/NG/ZW/S0076/plastic_nut_0076_NG_ZW_C1_20231004100302.jpg,plastic_nut::plastic_nut_0076_NG_ZW,1,development,OK,1078.0078125,1097.814208984375,1097.814208984375,1097.814208984375
plastic_nut,plastic_nut/NG/ZW/S0076/plastic_nut_0076_NG_ZW_C2_20231004100302.jpg,plastic_nut::plastic_nut_0076_NG_ZW,2,development,ZW,1279.901123046875,1438.3214111328125,1438.3214111328125,1438.3214111328125
plastic_nut,plastic_nut/NG/ZW/S0076/plastic_nut_0076_NG_ZW_C3_20231004100302.jpg,plastic_nut::plastic_nut_0076_NG_ZW,3,development,OK,1319.3369140625,798.818359375,1051.820068359375,798.818359375
plastic_nut,plastic_nut/NG/ZW/S0076/plastic_nut_0076_NG_ZW_C4_20231004100302.jpg,plastic_nut::plastic_nut_0076_NG_ZW,4,development,ZW,940.6005859375,1009.65478515625,1009.65478515625,1009.65478515625
plastic_nut,plastic_nut/NG/ZW/S0076/plastic_nut_0076_NG_ZW_C5_20231004100302.jpg,plastic_nut::plastic_nut_0076_NG_ZW,5,development,ZW,1264.59228515625,1620.637939453125,1620.637939453125,1620.637939453125
plastic_nut,plastic_nut/NG/HS/S0077/plastic_nut_0077_NG_HS_C1_20231004110134.jpg,plastic_nut::plastic_nut_0077_NG_HS,1,development,OK,1116.076416015625,1073.15185546875,1112.587158203125,1073.15185546875
plastic_nut,plastic_nut/NG/HS/S0077/plastic_nut_0077_NG_HS_C2_20231004110134.jpg,plastic_nut::plastic_nut_0077_NG_HS,2,development,HS,1327.9345703125,1336.55126953125,1336.55126953125,1336.55126953125
plastic_nut,plastic_nut/NG/HS/S0077/plastic_nut_0077_NG_HS_C3_20231004110134.jpg,plastic_nut::plastic_nut_0077_NG_HS,3,development,OK,782.3916015625,722.186279296875,1050.244140625,779.697265625
plastic_nut,plastic_nut/NG/HS/S0077/plastic_nut_0077_NG_HS_C4_20231004110134.jpg,plastic_nut::plastic_nut_0077_NG_HS,4,development,OK,928.564453125,980.373046875,980.373046875,980.373046875
plastic_nut,plastic_nut/NG/HS/S0077/plastic_nut_0077_NG_HS_C5_20231004110134.jpg,plastic_nut::plastic_nut_0077_NG_HS,5,development,HS,1084.686279296875,1132.0009765625,1132.0009765625,1132.0009765625
plastic_nut,plastic_nut/NG/ZW/S0077/plastic_nut_0077_NG_ZW_C1_20231004100313.jpg,plastic_nut::plastic_nut_0077_NG_ZW,1,development,OK,1623.15283203125,1255.21728515625,1255.21728515625,1255.21728515625
plastic_nut,plastic_nut/NG/ZW/S0077/plastic_nut_0077_NG_ZW_C2_20231004100313.jpg,plastic_nut::plastic_nut_0077_NG_ZW,2,development,OK,883.5146484375,833.1865234375,972.527587890625,833.1865234375
plastic_nut,plastic_nut/NG/ZW/S0077/plastic_nut_0077_NG_ZW_C3_20231004100313.jpg,plastic_nut::plastic_nut_0077_NG_ZW,3,development,OK,1624.9208984375,845.487548828125,1062.875,845.487548828125
plastic_nut,plastic_nut/NG/ZW/S0077/plastic_nut_0077_NG_ZW_C4_20231004100313.jpg,plastic_nut::plastic_nut_0077_NG_ZW,4,development,ZW,1470.901611328125,1277.834228515625,1277.834228515625,1277.834228515625
plastic_nut,plastic_nut/NG/ZW/S0077/plastic_nut_0077_NG_ZW_C5_20231004100313.jpg,plastic_nut::plastic_nut_0077_NG_ZW,5,development,ZW,1654.3048095703125,1583.7796630859375,1583.7796630859375,1583.7796630859375
plastic_nut,plastic_nut/NG/AK/S0080/plastic_nut_0080_NG_AK_C1_20231004141524.jpg,plastic_nut::plastic_nut_0080_NG_AK,1,development,OK,1396.88671875,1223.3974609375,1223.3974609375,1223.3974609375
plastic_nut,plastic_nut/NG/AK/S0080/plastic_nut_0080_NG_AK_C2_20231004141524.jpg,plastic_nut::plastic_nut_0080_NG_AK,2,development,OK,1413.46142578125,1459.506591796875,1459.506591796875,1459.506591796875
plastic_nut,plastic_nut/NG/AK/S0080/plastic_nut_0080_NG_AK_C3_20231004141524.jpg,plastic_nut::plastic_nut_0080_NG_AK,3,development,OK,1382.985107421875,1382.985107421875,1382.985107421875,1382.985107421875
plastic_nut,plastic_nut/NG/AK/S0080/plastic_nut_0080_NG_AK_C4_20231004141524.jpg,plastic_nut::plastic_nut_0080_NG_AK,4,development,OK,1380.793701171875,1448.0810546875,1448.0810546875,1448.0810546875
plastic_nut,plastic_nut/NG/AK/S0080/plastic_nut_0080_NG_AK_C5_20231004141524.jpg,plastic_nut::plastic_nut_0080_NG_AK,5,development,AK,1072.162841796875,1143.724365234375,1143.724365234375,1143.724365234375
plastic_nut,plastic_nut/NG/ZW/S0080/plastic_nut_0080_NG_ZW_C1_20231004100341.jpg,plastic_nut::plastic_nut_0080_NG_ZW,1,development,OK,1668.5068359375,1192.73095703125,1192.73095703125,1192.73095703125
plastic_nut,plastic_nut/NG/ZW/S0080/plastic_nut_0080_NG_ZW_C2_20231004100341.jpg,plastic_nut::plastic_nut_0080_NG_ZW,2,development,OK,867.376953125,819.0537109375,886.736328125,819.0537109375
plastic_nut,plastic_nut/NG/ZW/S0080/plastic_nut_0080_NG_ZW_C3_20231004100341.jpg,plastic_nut::plastic_nut_0080_NG_ZW,3,development,OK,1464.15234375,1367.0703125,1367.0703125,1367.0703125
plastic_nut,plastic_nut/NG/ZW/S0080/plastic_nut_0080_NG_ZW_C4_20231004100341.jpg,plastic_nut::plastic_nut_0080_NG_ZW,4,development,OK,862.064208984375,1004.863525390625,1004.863525390625,1004.863525390625
plastic_nut,plastic_nut/NG/ZW/S0080/plastic_nut_0080_NG_ZW_C5_20231004100341.jpg,plastic_nut::plastic_nut_0080_NG_ZW,5,development,ZW,1885.4788818359375,1853.96142578125,1853.96142578125,1853.96142578125
plastic_nut,plastic_nut/NG/AK/S0081/plastic_nut_0081_NG_AK_C1_20231004141540.jpg,plastic_nut::plastic_nut_0081_NG_AK,1,development,OK,1404.2705078125,1311.374755859375,1311.374755859375,1311.374755859375
plastic_nut,plastic_nut/NG/AK/S0081/plastic_nut_0081_NG_AK_C2_20231004141540.jpg,plastic_nut::plastic_nut_0081_NG_AK,2,development,OK,1095.562744140625,1223.700927734375,1223.700927734375,1223.700927734375
plastic_nut,plastic_nut/NG/AK/S0081/plastic_nut_0081_NG_AK_C3_20231004141540.jpg,plastic_nut::plastic_nut_0081_NG_AK,3,development,OK,910.25,881.3662109375,1042.8203125,881.3662109375
plastic_nut,plastic_nut/NG/AK/S0081/plastic_nut_0081_NG_AK_C4_20231004141540.jpg,plastic_nut::plastic_nut_0081_NG_AK,4,development,AK,1064.09423828125,1166.30859375,1166.30859375,1166.30859375
plastic_nut,plastic_nut/NG/AK/S0081/plastic_nut_0081_NG_AK_C5_20231004141540.jpg,plastic_nut::plastic_nut_0081_NG_AK,5,development,AK,1056.85107421875,1007.207763671875,1007.207763671875,1007.207763671875
plastic_nut,plastic_nut/NG/AK/S0082/plastic_nut_0082_NG_AK_C1_20231004141651.jpg,plastic_nut::plastic_nut_0082_NG_AK,1,development,OK,1373.07080078125,1245.42919921875,1245.42919921875,1245.42919921875
plastic_nut,plastic_nut/NG/AK/S0082/plastic_nut_0082_NG_AK_C2_20231004141651.jpg,plastic_nut::plastic_nut_0082_NG_AK,2,development,OK,1149.52880859375,1281.3603515625,1281.3603515625,1281.3603515625
plastic_nut,plastic_nut/NG/AK/S0082/plastic_nut_0082_NG_AK_C3_20231004141651.jpg,plastic_nut::plastic_nut_0082_NG_AK,3,development,AK,792.073486328125,810.374755859375,1036.83056640625,810.374755859375
plastic_nut,plastic_nut/NG/AK/S0082/plastic_nut_0082_NG_AK_C4_20231004141651.jpg,plastic_nut::plastic_nut_0082_NG_AK,4,development,AK,1082.15869140625,938.428466796875,1110.453125,938.428466796875
plastic_nut,plastic_nut/NG/AK/S0082/plastic_nut_0082_NG_AK_C5_20231004141651.jpg,plastic_nut::plastic_nut_0082_NG_AK,5,development,AK,1091.9873046875,1190.554931640625,1190.554931640625,1190.554931640625
plastic_nut,plastic_nut/NG/HS/S0083/plastic_nut_0083_NG_HS_C1_20231004110247.jpg,plastic_nut::plastic_nut_0083_NG_HS,1,development,HS,1798.414306640625,1793.189697265625,1793.189697265625,1851.087646484375
plastic_nut,plastic_nut/NG/HS/S0083/plastic_nut_0083_NG_HS_C2_20231004110247.jpg,plastic_nut::plastic_nut_0083_NG_HS,2,development,HS,1378.3408203125,1338.21435546875,1338.21435546875,1338.21435546875
plastic_nut,plastic_nut/NG/HS/S0083/plastic_nut_0083_NG_HS_C3_20231004110247.jpg,plastic_nut::plastic_nut_0083_NG_HS,3,development,HS,1007.636962890625,1032.254638671875,1055.3447265625,1032.254638671875
plastic_nut,plastic_nut/NG/HS/S0083/plastic_nut_0083_NG_HS_C4_20231004110247.jpg,plastic_nut::plastic_nut_0083_NG_HS,4,development,HS,1391.9189453125,1501.611083984375,1501.611083984375,1501.611083984375
plastic_nut,plastic_nut/NG/HS/S0083/plastic_nut_0083_NG_HS_C5_20231004110247.jpg,plastic_nut::plastic_nut_0083_NG_HS,5,development,HS,1451.861328125,1202.43994140625,1207.165283203125,1202.43994140625
plastic_nut,plastic_nut/NG/QS/S0083/plastic_nut_0083_NG_QS_C1_20231004130951.jpg,plastic_nut::plastic_nut_0083_NG_QS,1,development,QS,1447.66796875,1416.122314453125,1416.122314453125,1416.122314453125
plastic_nut,plastic_nut/NG/QS/S0083/plastic_nut_0083_NG_QS_C2_20231004130951.jpg,plastic_nut::plastic_nut_0083_NG_QS,2,development,OK,1034.4521484375,1198.45703125,1198.45703125,1198.45703125
plastic_nut,plastic_nut/NG/QS/S0083/plastic_nut_0083_NG_QS_C3_20231004130951.jpg,plastic_nut::plastic_nut_0083_NG_QS,3,development,QS,1432.274169921875,1422.476318359375,1422.476318359375,1422.476318359375
plastic_nut,plastic_nut/NG/QS/S0083/plastic_nut_0083_NG_QS_C4_20231004130951.jpg,plastic_nut::plastic_nut_0083_NG_QS,4,development,QS,1498.7880859375,1505.298583984375,1505.298583984375,1505.298583984375
plastic_nut,plastic_nut/NG/QS/S0083/plastic_nut_0083_NG_QS_C5_20231004130951.jpg,plastic_nut::plastic_nut_0083_NG_QS,5,development,OK,929.62109375,962.015869140625,1166.53125,962.015869140625
plastic_nut,plastic_nut/NG/AK/S0084/plastic_nut_0084_NG_AK_C1_20231004141752.jpg,plastic_nut::plastic_nut_0084_NG_AK,1,development,OK,1389.876953125,1238.25439453125,1238.25439453125,1238.25439453125
plastic_nut,plastic_nut/NG/AK/S0084/plastic_nut_0084_NG_AK_C2_20231004141752.jpg,plastic_nut::plastic_nut_0084_NG_AK,2,development,AK,1358.51220703125,1477.965087890625,1477.965087890625,1477.965087890625
plastic_nut,plastic_nut/NG/AK/S0084/plastic_nut_0084_NG_AK_C3_20231004141752.jpg,plastic_nut::plastic_nut_0084_NG_AK,3,development,OK,782.91796875,905.62548828125,1050.71142578125,905.62548828125
plastic_nut,plastic_nut/NG/AK/S0084/plastic_nut_0084_NG_AK_C4_20231004141752.jpg,plastic_nut::plastic_nut_0084_NG_AK,4,development,OK,888.212890625,836.374755859375,1114.905517578125,836.374755859375
plastic_nut,plastic_nut/NG/AK/S0084/plastic_nut_0084_NG_AK_C5_20231004141752.jpg,plastic_nut::plastic_nut_0084_NG_AK,5,development,AK,1287.061279296875,1406.62255859375,1406.62255859375,1406.62255859375
plastic_nut,plastic_nut/NG/ZW/S0087/plastic_nut_0087_NG_ZW_C1_20231004100823.jpg,plastic_nut::plastic_nut_0087_NG_ZW,1,development,ZW,1361.5947265625,1448.40380859375,1448.40380859375,1448.40380859375
plastic_nut,plastic_nut/NG/ZW/S0087/plastic_nut_0087_NG_ZW_C2_20231004100823.jpg,plastic_nut::plastic_nut_0087_NG_ZW,2,development,ZW,1398.283203125,1372.751953125,1372.751953125,1372.751953125
plastic_nut,plastic_nut/NG/ZW/S0087/plastic_nut_0087_NG_ZW_C3_20231004100823.jpg,plastic_nut::plastic_nut_0087_NG_ZW,3,development,ZW,1148.952392578125,1273.734130859375,1273.734130859375,1273.734130859375
plastic_nut,plastic_nut/NG/ZW/S0087/plastic_nut_0087_NG_ZW_C4_20231004100823.jpg,plastic_nut::plastic_nut_0087_NG_ZW,4,development,ZW,1337.4384765625,1410.253662109375,1410.253662109375,1410.253662109375
plastic_nut,plastic_nut/NG/ZW/S0087/plastic_nut_0087_NG_ZW_C5_20231004100823.jpg,plastic_nut::plastic_nut_0087_NG_ZW,5,development,ZW,1482.9111328125,1340.51513671875,1340.51513671875,1340.51513671875
plastic_nut,plastic_nut/NG/ZW/S0088/plastic_nut_0088_NG_ZW_C1_20231004100855.jpg,plastic_nut::plastic_nut_0088_NG_ZW,1,development,OK,1084.87109375,1101.49853515625,1101.49853515625,1101.49853515625
plastic_nut,plastic_nut/NG/ZW/S0088/plastic_nut_0088_NG_ZW_C2_20231004100855.jpg,plastic_nut::plastic_nut_0088_NG_ZW,2,development,ZW,1217.794677734375,1263.8603515625,1263.8603515625,1263.8603515625
plastic_nut,plastic_nut/NG/ZW/S0088/plastic_nut_0088_NG_ZW_C3_20231004100855.jpg,plastic_nut::plastic_nut_0088_NG_ZW,3,development,ZW,1484.79345703125,1088.16259765625,1088.16259765625,1088.16259765625
plastic_nut,plastic_nut/NG/ZW/S0088/plastic_nut_0088_NG_ZW_C4_20231004100855.jpg,plastic_nut::plastic_nut_0088_NG_ZW,4,development,OK,986.54638671875,935.90234375,935.90234375,935.90234375
plastic_nut,plastic_nut/NG/ZW/S0088/plastic_nut_0088_NG_ZW_C5_20231004100855.jpg,plastic_nut::plastic_nut_0088_NG_ZW,5,development,OK,938.088623046875,831.96142578125,903.06982421875,919.41650390625
plastic_nut,plastic_nut/OK/S0088/plastic_nut_0088_OK_C1_20230930132016.jpg,plastic_nut::plastic_nut_0088_OK,1,development,OK,1018.20654296875,965.960205078125,993.44287109375,965.960205078125
plastic_nut,plastic_nut/OK/S0088/plastic_nut_0088_OK_C2_20230930132016.jpg,plastic_nut::plastic_nut_0088_OK,2,development,OK,1101.83056640625,816.2880859375,996.76123046875,816.2880859375
plastic_nut,plastic_nut/OK/S0088/plastic_nut_0088_OK_C3_20230930132016.jpg,plastic_nut::plastic_nut_0088_OK,3,development,OK,799.3779296875,811.81103515625,1033.419921875,811.81103515625
plastic_nut,plastic_nut/OK/S0088/plastic_nut_0088_OK_C4_20230930132016.jpg,plastic_nut::plastic_nut_0088_OK,4,development,OK,765.98681640625,739.9150390625,855.79736328125,842.83056640625
plastic_nut,plastic_nut/OK/S0088/plastic_nut_0088_OK_C5_20230930132016.jpg,plastic_nut::plastic_nut_0088_OK,5,development,OK,1565.87841796875,830.6474609375,885.095703125,830.6474609375
plastic_nut,plastic_nut/NG/ZW/S0089/plastic_nut_0089_NG_ZW_C1_20231004101057.jpg,plastic_nut::plastic_nut_0089_NG_ZW,1,development,OK,1169.2275390625,1161.692138671875,1161.692138671875,1161.692138671875
plastic_nut,plastic_nut/NG/ZW/S0089/plastic_nut_0089_NG_ZW_C2_20231004101057.jpg,plastic_nut::plastic_nut_0089_NG_ZW,2,development,OK,784.04052734375,844.27197265625,916.453125,844.27197265625
plastic_nut,plastic_nut/NG/ZW/S0089/plastic_nut_0089_NG_ZW_C3_20231004101057.jpg,plastic_nut::plastic_nut_0089_NG_ZW,3,development,OK,1114.326171875,718.7470703125,1051.9755859375,828.463623046875
plastic_nut,plastic_nut/NG/ZW/S0089/plastic_nut_0089_NG_ZW_C4_20231004101057.jpg,plastic_nut::plastic_nut_0089_NG_ZW,4,development,ZW,1635.8785400390625,1578.2340087890625,1578.2340087890625,1578.2340087890625
plastic_nut,plastic_nut/NG/ZW/S0089/plastic_nut_0089_NG_ZW_C5_20231004101057.jpg,plastic_nut::plastic_nut_0089_NG_ZW,5,development,ZW,1664.4658203125,1669.599853515625,1669.599853515625,1669.599853515625
plastic_nut,plastic_nut/NG/AK/S0091/plastic_nut_0091_NG_AK_C1_20231004142003.jpg,plastic_nut::plastic_nut_0091_NG_AK,1,development,OK,1236.236083984375,1118.110107421875,1118.110107421875,1118.110107421875
plastic_nut,plastic_nut/NG/AK/S0091/plastic_nut_0091_NG_AK_C2_20231004142003.jpg,plastic_nut::plastic_nut_0091_NG_AK,2,development,AK,1081.150634765625,1213.1630859375,1213.1630859375,1213.1630859375
plastic_nut,plastic_nut/NG/AK/S0091/plastic_nut_0091_NG_AK_C3_20231004142003.jpg,plastic_nut::plastic_nut_0091_NG_AK,3,development,OK,739.22021484375,979.388671875,1045.2958984375,979.388671875
plastic_nut,plastic_nut/NG/AK/S0091/plastic_nut_0091_NG_AK_C4_20231004142003.jpg,plastic_nut::plastic_nut_0091_NG_AK,4,development,OK,1338.5810546875,1425.31884765625,1425.31884765625,1425.31884765625
plastic_nut,plastic_nut/NG/AK/S0091/plastic_nut_0091_NG_AK_C5_20231004142003.jpg,plastic_nut::plastic_nut_0091_NG_AK,5,development,AK,1143.1845703125,1143.1845703125,1143.1845703125,1143.1845703125
plastic_nut,plastic_nut/NG/HS/S0092/plastic_nut_0092_NG_HS_C1_20231004110500.jpg,plastic_nut::plastic_nut_0092_NG_HS,1,development,HS,1670.7041015625,1632.31591796875,1632.31591796875,1632.31591796875
plastic_nut,plastic_nut/NG/HS/S0092/plastic_nut_0092_NG_HS_C2_20231004110500.jpg,plastic_nut::plastic_nut_0092_NG_HS,2,development,HS,1128.247314453125,1186.71142578125,1186.71142578125,1186.71142578125
plastic_nut,plastic_nut/NG/HS/S0092/plastic_nut_0092_NG_HS_C3_20231004110500.jpg,plastic_nut::plastic_nut_0092_NG_HS,3,development,OK,1121.865234375,1090.85546875,1090.85546875,1090.85546875
plastic_nut,plastic_nut/NG/HS/S0092/plastic_nut_0092_NG_HS_C4_20231004110500.jpg,plastic_nut::plastic_nut_0092_NG_HS,4,development,HS,950.8603515625,1108.12841796875,1232.6220703125,1108.12841796875
plastic_nut,plastic_nut/NG/HS/S0092/plastic_nut_0092_NG_HS_C5_20231004110500.jpg,plastic_nut::plastic_nut_0092_NG_HS,5,development,HS,1252.94873046875,1325.62451171875,1325.62451171875,1325.62451171875
plastic_nut,plastic_nut/NG/AK/S0093/plastic_nut_0093_NG_AK_C1_20231004142024.jpg,plastic_nut::plastic_nut_0093_NG_AK,1,development,OK,1246.142578125,1102.2021484375,1102.2021484375,1102.2021484375
plastic_nut,plastic_nut/NG/AK/S0093/plastic_nut_0093_NG_AK_C2_20231004142024.jpg,plastic_nut::plastic_nut_0093_NG_AK,2,development,OK,1298.127685546875,1271.43896484375,1271.43896484375,1271.43896484375
plastic_nut,plastic_nut/NG/AK/S0093/plastic_nut_0093_NG_AK_C3_20231004142024.jpg,plastic_nut::plastic_nut_0093_NG_AK,3,development,OK,1029.206787109375,833.97900390625,1043.0595703125,833.97900390625
plastic_nut,plastic_nut/NG/AK/S0093/plastic_nut_0093_NG_AK_C4_20231004142024.jpg,plastic_nut::plastic_nut_0093_NG_AK,4,development,AK,1462.7197265625,1551.052734375,1551.052734375,1551.052734375
plastic_nut,plastic_nut/NG/AK/S0093/plastic_nut_0093_NG_AK_C5_20231004142024.jpg,plastic_nut::plastic_nut_0093_NG_AK,5,development,AK,1046.694580078125,1093.747314453125,1093.747314453125,1093.747314453125
plastic_nut,plastic_nut/NG/HS/S0094/plastic_nut_0094_NG_HS_C1_20231004110525.jpg,plastic_nut::plastic_nut_0094_NG_HS,1,development,OK,1719.17041015625,1197.912841796875,1197.912841796875,1197.912841796875
plastic_nut,plastic_nut/NG/HS/S0094/plastic_nut_0094_NG_HS_C2_20231004110525.jpg,plastic_nut::plastic_nut_0094_NG_HS,2,development,OK,1195.838134765625,1287.335693359375,1287.335693359375,1287.335693359375
plastic_nut,plastic_nut/NG/HS/S0094/plastic_nut_0094_NG_HS_C3_20231004110525.jpg,plastic_nut::plastic_nut_0094_NG_HS,3,development,OK,874.225830078125,823.12841796875,1048.74951171875,823.12841796875
plastic_nut,plastic_nut/NG/HS/S0094/plastic_nut_0094_NG_HS_C4_20231004110525.jpg,plastic_nut::plastic_nut_0094_NG_HS,4,development,HS,1086.529541015625,1129.84765625,1165.389892578125,1129.84765625
plastic_nut,plastic_nut/NG/HS/S0094/plastic_nut_0094_NG_HS_C5_20231004110525.jpg,plastic_nut::plastic_nut_0094_NG_HS,5,development,HS,1259.02197265625,1236.21337890625,1236.21337890625,1236.21337890625
plastic_nut,plastic_nut/NG/QS/S0094/plastic_nut_0094_NG_QS_C1_20231004131153.jpg,plastic_nut::plastic_nut_0094_NG_QS,1,development,OK,1297.543701171875,1253.36572265625,1253.36572265625,1253.36572265625
plastic_nut,plastic_nut/NG/QS/S0094/plastic_nut_0094_NG_QS_C2_20231004131153.jpg,plastic_nut::plastic_nut_0094_NG_QS,2,development,OK,1010.30078125,1075.390380859375,1075.390380859375,1075.390380859375
plastic_nut,plastic_nut/NG/QS/S0094/plastic_nut_0094_NG_QS_C3_20231004131153.jpg,plastic_nut::plastic_nut_0094_NG_QS,3,development,OK,1008.6982421875,871.67041015625,1061.7099609375,871.67041015625
plastic_nut,plastic_nut/NG/QS/S0094/plastic_nut_0094_NG_QS_C4_20231004131153.jpg,plastic_nut::plastic_nut_0094_NG_QS,4,development,QS,1422.5751953125,1473.05126953125,1473.05126953125,1473.05126953125
plastic_nut,plastic_nut/NG/QS/S0094/plastic_nut_0094_NG_QS_C5_20231004131153.jpg,plastic_nut::plastic_nut_0094_NG_QS,5,development,OK,1080.035888671875,1222.47607421875,1230.06640625,1222.47607421875
plastic_nut,plastic_nut/NG/HS/S0095/plastic_nut_0095_NG_HS_C1_20231004110533.jpg,plastic_nut::plastic_nut_0095_NG_HS,1,development,OK,1840.95458984375,995.82568359375,1151.19140625,995.82568359375
plastic_nut,plastic_nut/NG/HS/S0095/plastic_nut_0095_NG_HS_C2_20231004110533.jpg,plastic_nut::plastic_nut_0095_NG_HS,2,development,OK,1111.08837890625,1221.705322265625,1221.705322265625,1221.705322265625
plastic_nut,plastic_nut/NG/HS/S0095/plastic_nut_0095_NG_HS_C3_20231004110533.jpg,plastic_nut::plastic_nut_0095_NG_HS,3,development,HS,1648.01806640625,1513.69140625,1513.69140625,1513.69140625
plastic_nut,plastic_nut/NG/HS/S0095/plastic_nut_0095_NG_HS_C4_20231004110533.jpg,plastic_nut::plastic_nut_0095_NG_HS,4,development,OK,1289.736328125,974.858154296875,1289.736328125,974.858154296875
plastic_nut,plastic_nut/NG/HS/S0095/plastic_nut_0095_NG_HS_C5_20231004110533.jpg,plastic_nut::plastic_nut_0095_NG_HS,5,development,OK,1313.059326171875,1052.8720703125,1053.168212890625,1052.8720703125
plastic_nut,plastic_nut/OK/S0095/plastic_nut_0095_OK_C1_20230930132328.jpg,plastic_nut::plastic_nut_0095_OK,1,development,OK,911.81787109375,1020.55419921875,1020.55419921875,1020.55419921875
plastic_nut,plastic_nut/OK/S0095/plastic_nut_0095_OK_C2_20230930132328.jpg,plastic_nut::plastic_nut_0095_OK,2,development,OK,1094.1455078125,829.243896484375,993.841796875,829.243896484375
plastic_nut,plastic_nut/OK/S0095/plastic_nut_0095_OK_C3_20230930132328.jpg,plastic_nut::plastic_nut_0095_OK,3,development,OK,854.53759765625,776.791748046875,1011.107421875,975.42578125
plastic_nut,plastic_nut/OK/S0095/plastic_nut_0095_OK_C4_20230930132328.jpg,plastic_nut::plastic_nut_0095_OK,4,development,OK,875.76611328125,857.642333984375,857.642333984375,870.53759765625
plastic_nut,plastic_nut/OK/S0095/plastic_nut_0095_OK_C5_20230930132328.jpg,plastic_nut::plastic_nut_0095_OK,5,development,OK,836.432861328125,794.2802734375,958.70458984375,797.124267578125
plastic_nut,plastic_nut/OK/S0096/plastic_nut_0096_OK_C1_20230930132414.jpg,plastic_nut::plastic_nut_0096_OK,1,development,OK,989.463623046875,828.761474609375,907.3271484375,828.761474609375
plastic_nut,plastic_nut/OK/S0096/plastic_nut_0096_OK_C2_20230930132414.jpg,plastic_nut::plastic_nut_0096_OK,2,development,OK,944.593017578125,833.76123046875,997.32666015625,833.76123046875
plastic_nut,plastic_nut/OK/S0096/plastic_nut_0096_OK_C3_20230930132414.jpg,plastic_nut::plastic_nut_0096_OK,3,development,OK,1088.7099609375,846.3896484375,1033.77587890625,846.3896484375
plastic_nut,plastic_nut/OK/S0096/plastic_nut_0096_OK_C4_20230930132414.jpg,plastic_nut::plastic_nut_0096_OK,4,development,OK,805.255859375,775.56787109375,863.5859375,817.261962890625
plastic_nut,plastic_nut/OK/S0096/plastic_nut_0096_OK_C5_20230930132414.jpg,plastic_nut::plastic_nut_0096_OK,5,development,OK,1062.130859375,797.30908203125,935.7373046875,797.30908203125
plastic_nut,plastic_nut/NG/QS/S0097/plastic_nut_0097_NG_QS_C1_20231004131224.jpg,plastic_nut::plastic_nut_0097_NG_QS,1,development,OK,1269.566162109375,1213.6005859375,1213.6005859375,1213.6005859375
plastic_nut,plastic_nut/NG/QS/S0097/plastic_nut_0097_NG_QS_C2_20231004131224.jpg,plastic_nut::plastic_nut_0097_NG_QS,2,development,OK,1022.42431640625,1117.9072265625,1117.9072265625,1117.9072265625
plastic_nut,plastic_nut/NG/QS/S0097/plastic_nut_0097_NG_QS_C3_20231004131224.jpg,plastic_nut::plastic_nut_0097_NG_QS,3,development,QS,895.961181640625,953.93798828125,1070.04150390625,953.93798828125
plastic_nut,plastic_nut/NG/QS/S0097/plastic_nut_0097_NG_QS_C4_20231004131224.jpg,plastic_nut::plastic_nut_0097_NG_QS,4,development,QS,1414.719482421875,1488.787109375,1488.787109375,1488.787109375
plastic_nut,plastic_nut/NG/QS/S0097/plastic_nut_0097_NG_QS_C5_20231004131224.jpg,plastic_nut::plastic_nut_0097_NG_QS,5,development,OK,950.739013671875,1055.106689453125,1065.75537109375,1055.106689453125
plastic_nut,plastic_nut/NG/ZW/S0097/plastic_nut_0097_NG_ZW_C1_20231004101231.jpg,plastic_nut::plastic_nut_0097_NG_ZW,1,development,OK,1229.426025390625,1207.61865234375,1207.61865234375,1207.61865234375
plastic_nut,plastic_nut/NG/ZW/S0097/plastic_nut_0097_NG_ZW_C2_20231004101231.jpg,plastic_nut::plastic_nut_0097_NG_ZW,2,development,OK,783.272216796875,889.983154296875,968.4345703125,889.983154296875
plastic_nut,plastic_nut/NG/ZW/S0097/plastic_nut_0097_NG_ZW_C3_20231004101231.jpg,plastic_nut::plastic_nut_0097_NG_ZW,3,development,OK,841.48876953125,879.1484375,1055.89111328125,879.1484375
plastic_nut,plastic_nut/NG/ZW/S0097/plastic_nut_0097_NG_ZW_C4_20231004101231.jpg,plastic_nut::plastic_nut_0097_NG_ZW,4,development,ZW,1355.698486328125,1630.9080810546875,1630.9080810546875,1630.9080810546875
plastic_nut,plastic_nut/NG/ZW/S0097/plastic_nut_0097_NG_ZW_C5_20231004101231.jpg,plastic_nut::plastic_nut_0097_NG_ZW,5,development,ZW,1277.169921875,1261.37255859375,1261.37255859375,1261.37255859375
plastic_nut,plastic_nut/NG/QS/S0098/plastic_nut_0098_NG_QS_C1_20231004131240.jpg,plastic_nut::plastic_nut_0098_NG_QS,1,development,OK,1312.600341796875,1201.239013671875,1201.239013671875,1201.239013671875
plastic_nut,plastic_nut/NG/QS/S0098/plastic_nut_0098_NG_QS_C2_20231004131240.jpg,plastic_nut::plastic_nut_0098_NG_QS,2,development,QS,953.255615234375,1027.92236328125,1027.92236328125,1027.92236328125
plastic_nut,plastic_nut/NG/QS/S0098/plastic_nut_0098_NG_QS_C3_20231004131240.jpg,plastic_nut::plastic_nut_0098_NG_QS,3,development,QS,1077.992431640625,1003.3115234375,1062.318359375,1003.3115234375
plastic_nut,plastic_nut/NG/QS/S0098/plastic_nut_0098_NG_QS_C4_20231004131240.jpg,plastic_nut::plastic_nut_0098_NG_QS,4,development,OK,1351.949462890625,1429.3994140625,1429.3994140625,1429.3994140625
plastic_nut,plastic_nut/NG/QS/S0098/plastic_nut_0098_NG_QS_C5_20231004131240.jpg,plastic_nut::plastic_nut_0098_NG_QS,5,development,OK,1195.6337890625,1340.994873046875,1340.994873046875,1340.994873046875
plastic_nut,plastic_nut/NG/HS/S0099/plastic_nut_0099_NG_HS_C1_20231004110614.jpg,plastic_nut::plastic_nut_0099_NG_HS,1,development,OK,1484.7216796875,1078.6884765625,1131.5185546875,1078.6884765625
plastic_nut,plastic_nut/NG/HS/S0099/plastic_nut_0099_NG_HS_C2_20231004110614.jpg,plastic_nut::plastic_nut_0099_NG_HS,2,development,HS,869.2080078125,1000.23046875,1000.23046875,1000.23046875
plastic_nut,plastic_nut/NG/HS/S0099/plastic_nut_0099_NG_HS_C3_20231004110614.jpg,plastic_nut::plastic_nut_0099_NG_HS,3,development,OK,1290.22119140625,844.4716796875,1040.80322265625,844.4716796875
plastic_nut,plastic_nut/NG/HS/S0099/plastic_nut_0099_NG_HS_C4_20231004110614.jpg,plastic_nut::plastic_nut_0099_NG_HS,4,development,OK,1157.73388671875,1120.43408203125,1120.43408203125,1120.43408203125
plastic_nut,plastic_nut/NG/HS/S0099/plastic_nut_0099_NG_HS_C5_20231004110614.jpg,plastic_nut::plastic_nut_0099_NG_HS,5,development,HS,1255.41259765625,1347.76611328125,1349.0927734375,1347.76611328125
plastic_nut,plastic_nut/NG/HS/S0101/plastic_nut_0101_NG_HS_C1_20231004110914.jpg,plastic_nut::plastic_nut_0101_NG_HS,1,development,OK,1115.48291015625,1051.62646484375,1051.62646484375,1051.62646484375
plastic_nut,plastic_nut/NG/HS/S0101/plastic_nut_0101_NG_HS_C2_20231004110914.jpg,plastic_nut::plastic_nut_0101_NG_HS,2,development,OK,1016.0595703125,1035.4970703125,1035.4970703125,1208.035400390625
plastic_nut,plastic_nut/NG/HS/S0101/plastic_nut_0101_NG_HS_C3_20231004110914.jpg,plastic_nut::plastic_nut_0101_NG_HS,3,development,HS,1465.6064453125,1524.132080078125,1524.132080078125,1524.132080078125
plastic_nut,plastic_nut/NG/HS/S0101/plastic_nut_0101_NG_HS_C4_20231004110914.jpg,plastic_nut::plastic_nut_0101_NG_HS,4,development,HS,1585.66552734375,1718.988037109375,1718.988037109375,1718.988037109375
plastic_nut,plastic_nut/NG/HS/S0101/plastic_nut_0101_NG_HS_C5_20231004110914.jpg,plastic_nut::plastic_nut_0101_NG_HS,5,development,OK,1083.30322265625,1153.64404296875,1208.19384765625,1153.64404296875
plastic_nut,plastic_nut/NG/ZW/S0101/plastic_nut_0101_NG_ZW_C1_20231004101304.jpg,plastic_nut::plastic_nut_0101_NG_ZW,1,development,OK,1305.599853515625,1226.1708984375,1226.1708984375,1226.1708984375
plastic_nut,plastic_nut/NG/ZW/S0101/plastic_nut_0101_NG_ZW_C2_20231004101304.jpg,plastic_nut::plastic_nut_0101_NG_ZW,2,development,OK,801.44287109375,1013.927734375,1013.927734375,1013.927734375
plastic_nut,plastic_nut/NG/ZW/S0101/plastic_nut_0101_NG_ZW_C3_20231004101304.jpg,plastic_nut::plastic_nut_0101_NG_ZW,3,development,OK,854.08154296875,868.45458984375,1046.0244140625,868.45458984375
plastic_nut,plastic_nut/NG/ZW/S0101/plastic_nut_0101_NG_ZW_C4_20231004101304.jpg,plastic_nut::plastic_nut_0101_NG_ZW,4,development,ZW,1581.59375,1596.2099609375,1596.2099609375,1596.2099609375
plastic_nut,plastic_nut/NG/ZW/S0101/plastic_nut_0101_NG_ZW_C5_20231004101304.jpg,plastic_nut::plastic_nut_0101_NG_ZW,5,development,ZW,1594.793701171875,1594.793701171875,1594.793701171875,1594.793701171875
plastic_nut,plastic_nut/NG/AK/S0102/plastic_nut_0102_NG_AK_C1_20231004142225.jpg,plastic_nut::plastic_nut_0102_NG_AK,1,development,OK,1196.9326171875,1090.522705078125,1090.522705078125,1090.522705078125
plastic_nut,plastic_nut/NG/AK/S0102/plastic_nut_0102_NG_AK_C2_20231004142225.jpg,plastic_nut::plastic_nut_0102_NG_AK,2,development,OK,990.287353515625,1184.505615234375,1184.505615234375,1184.505615234375
plastic_nut,plastic_nut/NG/AK/S0102/plastic_nut_0102_NG_AK_C3_20231004142225.jpg,plastic_nut::plastic_nut_0102_NG_AK,3,development,OK,774.03369140625,740.246826171875,1041.900390625,816.8369140625
plastic_nut,plastic_nut/NG/AK/S0102/plastic_nut_0102_NG_AK_C4_20231004142225.jpg,plastic_nut::plastic_nut_0102_NG_AK,4,development,OK,1266.02734375,1355.384765625,1479.64697265625,1355.384765625
plastic_nut,plastic_nut/NG/AK/S0102/plastic_nut_0102_NG_AK_C5_20231004142225.jpg,plastic_nut::plastic_nut_0102_NG_AK,5,development,AK,1004.16015625,1148.76220703125,1148.76220703125,1148.76220703125
plastic_nut,plastic_nut/NG/HS/S0102/plastic_nut_0102_NG_HS_C1_20231004110923.jpg,plastic_nut::plastic_nut_0102_NG_HS,1,development,OK,1105.9013671875,865.12353515625,968.55615234375,865.12353515625
plastic_nut,plastic_nut/NG/HS/S0102/plastic_nut_0102_NG_HS_C2_20231004110923.jpg,plastic_nut::plastic_nut_0102_NG_HS,2,development,HS,1459.62841796875,1436.51220703125,1436.51220703125,1436.51220703125
plastic_nut,plastic_nut/NG/HS/S0102/plastic_nut_0102_NG_HS_C3_20231004110923.jpg,plastic_nut::plastic_nut_0102_NG_HS,3,development,HS,1212.74365234375,804.620849609375,1050.10302734375,804.620849609375
plastic_nut,plastic_nut/NG/HS/S0102/plastic_nut_0102_NG_HS_C4_20231004110923.jpg,plastic_nut::plastic_nut_0102_NG_HS,4,development,OK,899.18408203125,935.64892578125,1139.12939453125,935.64892578125
plastic_nut,plastic_nut/NG/HS/S0102/plastic_nut_0102_NG_HS_C5_20231004110923.jpg,plastic_nut::plastic_nut_0102_NG_HS,5,development,OK,1048.5673828125,1147.76904296875,1155.07177734375,1147.76904296875
plastic_nut,plastic_nut/NG/AK/S0103/plastic_nut_0103_NG_AK_C1_20231004142235.jpg,plastic_nut::plastic_nut_0103_NG_AK,1,development,OK,1295.7353515625,1137.908203125,1137.908203125,1137.908203125
plastic_nut,plastic_nut/NG/AK/S0103/plastic_nut_0103_NG_AK_C2_20231004142235.jpg,plastic_nut::plastic_nut_0103_NG_AK,2,development,OK,827.48388671875,957.434326171875,957.434326171875,957.434326171875
plastic_nut,plastic_nut/NG/AK/S0103/plastic_nut_0103_NG_AK_C3_20231004142235.jpg,plastic_nut::plastic_nut_0103_NG_AK,3,development,OK,801.30517578125,846.3427734375,1034.40869140625,846.3427734375
plastic_nut,plastic_nut/NG/AK/S0103/plastic_nut_0103_NG_AK_C4_20231004142235.jpg,plastic_nut::plastic_nut_0103_NG_AK,4,development,AK,1288.36865234375,1377.6533203125,1377.6533203125,1377.6533203125
plastic_nut,plastic_nut/NG/AK/S0103/plastic_nut_0103_NG_AK_C5_20231004142235.jpg,plastic_nut::plastic_nut_0103_NG_AK,5,development,AK,1775.65673828125,1736.94189453125,1928.7943115234375,1736.94189453125
plastic_nut,plastic_nut/NG/HS/S0104/plastic_nut_0104_NG_HS_C1_20231004110941.jpg,plastic_nut::plastic_nut_0104_NG_HS,1,development,OK,962.659912109375,989.09765625,1105.01904296875,989.09765625
plastic_nut,plastic_nut/NG/HS/S0104/plastic_nut_0104_NG_HS_C2_20231004110941.jpg,plastic_nut::plastic_nut_0104_NG_HS,2,development,OK,1156.951171875,1236.475830078125,1236.475830078125,1236.475830078125
plastic_nut,plastic_nut/NG/HS/S0104/plastic_nut_0104_NG_HS_C3_20231004110941.jpg,plastic_nut::plastic_nut_0104_NG_HS,3,development,OK,807.384765625,900.369384765625,1051.53125,900.369384765625
plastic_nut,plastic_nut/NG/HS/S0104/plastic_nut_0104_NG_HS_C4_20231004110941.jpg,plastic_nut::plastic_nut_0104_NG_HS,4,development,OK,921.087890625,920.77587890625,1038.923828125,920.77587890625
plastic_nut,plastic_nut/NG/HS/S0104/plastic_nut_0104_NG_HS_C5_20231004110941.jpg,plastic_nut::plastic_nut_0104_NG_HS,5,development,HS,1372.107177734375,1253.484619140625,1253.484619140625,1253.484619140625
plastic_nut,plastic_nut/NG/HS/S0105/plastic_nut_0105_NG_HS_C1_20231004110951.jpg,plastic_nut::plastic_nut_0105_NG_HS,1,development,OK,1036.4091796875,1126.8544921875,1126.8544921875,1126.8544921875
plastic_nut,plastic_nut/NG/HS/S0105/plastic_nut_0105_NG_HS_C2_20231004110951.jpg,plastic_nut::plastic_nut_0105_NG_HS,2,development,OK,1128.183837890625,1176.555419921875,1176.555419921875,1176.555419921875
plastic_nut,plastic_nut/NG/HS/S0105/plastic_nut_0105_NG_HS_C3_20231004110951.jpg,plastic_nut::plastic_nut_0105_NG_HS,3,development,HS,900.22119140625,982.114501953125,1046.396240234375,982.114501953125
plastic_nut,plastic_nut/NG/HS/S0105/plastic_nut_0105_NG_HS_C4_20231004110951.jpg,plastic_nut::plastic_nut_0105_NG_HS,4,development,HS,1205.738037109375,1178.920166015625,1178.920166015625,1178.920166015625
plastic_nut,plastic_nut/NG/HS/S0105/plastic_nut_0105_NG_HS_C5_20231004110951.jpg,plastic_nut::plastic_nut_0105_NG_HS,5,development,OK,1072.671630859375,1170.1328125,1215.05810546875,1170.1328125
plastic_nut,plastic_nut/NG/QS/S0111/plastic_nut_0111_NG_QS_C1_20231004131505.jpg,plastic_nut::plastic_nut_0111_NG_QS,1,development,OK,1111.92236328125,946.240966796875,1048.0771484375,946.240966796875
plastic_nut,plastic_nut/NG/QS/S0111/plastic_nut_0111_NG_QS_C2_20231004131505.jpg,plastic_nut::plastic_nut_0111_NG_QS,2,development,QS,1268.033935546875,1290.341796875,1290.341796875,1290.341796875
plastic_nut,plastic_nut/NG/QS/S0111/plastic_nut_0111_NG_QS_C3_20231004131505.jpg,plastic_nut::plastic_nut_0111_NG_QS,3,development,OK,1457.65966796875,787.80615234375,1069.388671875,874.070068359375
plastic_nut,plastic_nut/NG/QS/S0111/plastic_nut_0111_NG_QS_C4_20231004131505.jpg,plastic_nut::plastic_nut_0111_NG_QS,4,development,OK,1480.378662109375,1511.8056640625,1511.8056640625,1511.8056640625
plastic_nut,plastic_nut/NG/QS/S0111/plastic_nut_0111_NG_QS_C5_20231004131505.jpg,plastic_nut::plastic_nut_0111_NG_QS,5,development,QS,1121.520751953125,1190.67138671875,1190.67138671875,1190.67138671875
plastic_nut,plastic_nut/NG/ZW/S0114/plastic_nut_0114_NG_ZW_C1_20231004102005.jpg,plastic_nut::plastic_nut_0114_NG_ZW,1,development,OK,1210.140625,1048.236572265625,1048.236572265625,1048.236572265625
plastic_nut,plastic_nut/NG/ZW/S0114/plastic_nut_0114_NG_ZW_C2_20231004102005.jpg,plastic_nut::plastic_nut_0114_NG_ZW,2,development,OK,1312.14892578125,1448.949462890625,1452.611083984375,1448.949462890625
plastic_nut,plastic_nut/NG/ZW/S0114/plastic_nut_0114_NG_ZW_C3_20231004102005.jpg,plastic_nut::plastic_nut_0114_NG_ZW,3,development,OK,1201.013427734375,957.012451171875,1050.35888671875,981.478515625
plastic_nut,plastic_nut/NG/ZW/S0114/plastic_nut_0114_NG_ZW_C4_20231004102005.jpg,plastic_nut::plastic_nut_0114_NG_ZW,4,development,OK,935.44384765625,1227.563232421875,1227.563232421875,1227.563232421875
plastic_nut,plastic_nut/NG/ZW/S0114/plastic_nut_0114_NG_ZW_C5_20231004102005.jpg,plastic_nut::plastic_nut_0114_NG_ZW,5,development,ZW,1779.003662109375,1452.61181640625,1452.61181640625,1452.61181640625
plastic_nut,plastic_nut/OK/S0116/plastic_nut_0116_OK_C1_20230930133422.jpg,plastic_nut::plastic_nut_0116_OK,1,development,OK,881.060546875,881.060546875,948.68408203125,881.060546875
plastic_nut,plastic_nut/OK/S0116/plastic_nut_0116_OK_C2_20230930133422.jpg,plastic_nut::plastic_nut_0116_OK,2,development,OK,902.23486328125,732.2529296875,1006.95166015625,732.2529296875
plastic_nut,plastic_nut/OK/S0116/plastic_nut_0116_OK_C3_20230930133422.jpg,plastic_nut::plastic_nut_0116_OK,3,development,OK,1317.97802734375,867.921630859375,1031.56494140625,867.921630859375
plastic_nut,plastic_nut/OK/S0116/plastic_nut_0116_OK_C4_20230930133422.jpg,plastic_nut::plastic_nut_0116_OK,4,development,OK,835.7158203125,808.70361328125,884.20751953125,808.70361328125
plastic_nut,plastic_nut/OK/S0116/plastic_nut_0116_OK_C5_20230930133422.jpg,plastic_nut::plastic_nut_0116_OK,5,development,OK,1002.7548828125,760.603515625,946.1669921875,816.0009765625
plastic_nut,plastic_nut/NG/QS/S0117/plastic_nut_0117_NG_QS_C1_20231004131615.jpg,plastic_nut::plastic_nut_0117_NG_QS,1,development,OK,1231.52783203125,1126.79931640625,1126.79931640625,1126.79931640625
plastic_nut,plastic_nut/NG/QS/S0117/plastic_nut_0117_NG_QS_C2_20231004131615.jpg,plastic_nut::plastic_nut_0117_NG_QS,2,development,OK,973.73779296875,1141.57177734375,1141.57177734375,1141.57177734375
plastic_nut,plastic_nut/NG/QS/S0117/plastic_nut_0117_NG_QS_C3_20231004131615.jpg,plastic_nut::plastic_nut_0117_NG_QS,3,development,OK,1017.1416015625,790.125,1046.919921875,790.125
plastic_nut,plastic_nut/NG/QS/S0117/plastic_nut_0117_NG_QS_C4_20231004131615.jpg,plastic_nut::plastic_nut_0117_NG_QS,4,development,QS,1458.860595703125,1573.53759765625,1573.53759765625,1573.53759765625
plastic_nut,plastic_nut/NG/QS/S0117/plastic_nut_0117_NG_QS_C5_20231004131615.jpg,plastic_nut::plastic_nut_0117_NG_QS,5,development,QS,1232.9697265625,1073.461181640625,1073.461181640625,1073.461181640625
plastic_nut,plastic_nut/NG/ZW/S0117/plastic_nut_0117_NG_ZW_C1_20231004102048.jpg,plastic_nut::plastic_nut_0117_NG_ZW,1,development,OK,1603.716796875,1297.418701171875,1297.418701171875,1297.418701171875
plastic_nut,plastic_nut/NG/ZW/S0117/plastic_nut_0117_NG_ZW_C2_20231004102048.jpg,plastic_nut::plastic_nut_0117_NG_ZW,2,development,OK,1367.81005859375,1454.40673828125,1454.40673828125,1454.40673828125
plastic_nut,plastic_nut/NG/ZW/S0117/plastic_nut_0117_NG_ZW_C3_20231004102048.jpg,plastic_nut::plastic_nut_0117_NG_ZW,3,development,OK,940.3427734375,874.920654296875,1054.1806640625,874.920654296875
plastic_nut,plastic_nut/NG/ZW/S0117/plastic_nut_0117_NG_ZW_C4_20231004102048.jpg,plastic_nut::plastic_nut_0117_NG_ZW,4,development,ZW,1652.02099609375,1394.2646484375,1394.2646484375,1394.2646484375
plastic_nut,plastic_nut/NG/ZW/S0117/plastic_nut_0117_NG_ZW_C5_20231004102048.jpg,plastic_nut::plastic_nut_0117_NG_ZW,5,development,ZW,1733.423095703125,1537.1090087890625,1537.1090087890625,1537.1090087890625
plastic_nut,plastic_nut/NG/QS/S0125/plastic_nut_0125_NG_QS_C1_20231004131916.jpg,plastic_nut::plastic_nut_0125_NG_QS,1,development,OK,1301.34375,1421.77294921875,1421.77294921875,1421.77294921875
plastic_nut,plastic_nut/NG/QS/S0125/plastic_nut_0125_NG_QS_C2_20231004131916.jpg,plastic_nut::plastic_nut_0125_NG_QS,2,development,QS,1260.944091796875,1377.182373046875,1377.182373046875,1377.182373046875
plastic_nut,plastic_nut/NG/QS/S0125/plastic_nut_0125_NG_QS_C3_20231004131916.jpg,plastic_nut::plastic_nut_0125_NG_QS,3,development,QS,1068.427490234375,1176.30029296875,1176.30029296875,1176.30029296875
plastic_nut,plastic_nut/NG/QS/S0125/plastic_nut_0125_NG_QS_C4_20231004131916.jpg,plastic_nut::plastic_nut_0125_NG_QS,4,development,QS,1295.92919921875,948.240234375,1295.92919921875,948.240234375
plastic_nut,plastic_nut/NG/QS/S0125/plastic_nut_0125_NG_QS_C5_20231004131916.jpg,plastic_nut::plastic_nut_0125_NG_QS,5,development,QS,1137.232666015625,1226.77490234375,1226.77490234375,1226.77490234375
plastic_nut,plastic_nut/NG/ZW/S0125/plastic_nut_0125_NG_ZW_C1_20231004102417.jpg,plastic_nut::plastic_nut_0125_NG_ZW,1,development,OK,1089.103515625,1435.272216796875,1435.272216796875,1435.272216796875
plastic_nut,plastic_nut/NG/ZW/S0125/plastic_nut_0125_NG_ZW_C2_20231004102417.jpg,plastic_nut::plastic_nut_0125_NG_ZW,2,development,OK,1278.39990234375,1391.516845703125,1437.3095703125,1391.516845703125
plastic_nut,plastic_nut/NG/ZW/S0125/plastic_nut_0125_NG_ZW_C3_20231004102417.jpg,plastic_nut::plastic_nut_0125_NG_ZW,3,development,OK,1402.9404296875,862.202880859375,1051.1904296875,862.202880859375
plastic_nut,plastic_nut/NG/ZW/S0125/plastic_nut_0125_NG_ZW_C4_20231004102417.jpg,plastic_nut::plastic_nut_0125_NG_ZW,4,development,OK,1484.1630859375,822.168701171875,1016.70556640625,822.168701171875
plastic_nut,plastic_nut/NG/ZW/S0125/plastic_nut_0125_NG_ZW_C5_20231004102417.jpg,plastic_nut::plastic_nut_0125_NG_ZW,5,development,ZW,1731.0494384765625,1525.889404296875,1525.889404296875,1525.889404296875
plastic_nut,plastic_nut/NG/HS/S0127/plastic_nut_0127_NG_HS_C1_20231004111833.jpg,plastic_nut::plastic_nut_0127_NG_HS,1,development,OK,1049.09814453125,798.4013671875,939.03271484375,798.66748046875
plastic_nut,plastic_nut/NG/HS/S0127/plastic_nut_0127_NG_HS_C2_20231004111833.jpg,plastic_nut::plastic_nut_0127_NG_HS,2,development,OK,980.13427734375,1035.653564453125,1035.653564453125,1035.653564453125
plastic_nut,plastic_nut/NG/HS/S0127/plastic_nut_0127_NG_HS_C3_20231004111833.jpg,plastic_nut::plastic_nut_0127_NG_HS,3,development,OK,930.03466796875,811.88525390625,1054.9912109375,811.88525390625
plastic_nut,plastic_nut/NG/HS/S0127/plastic_nut_0127_NG_HS_C4_20231004111833.jpg,plastic_nut::plastic_nut_0127_NG_HS,4,development,HS,974.60595703125,866.25634765625,1035.490234375,982.728271484375
plastic_nut,plastic_nut/NG/HS/S0127/plastic_nut_0127_NG_HS_C5_20231004111833.jpg,plastic_nut::plastic_nut_0127_NG_HS,5,development,HS,1112.227783203125,1152.083251953125,1152.083251953125,1152.083251953125
plastic_nut,plastic_nut/NG/ZW/S0128/plastic_nut_0128_NG_ZW_C1_20231004102700.jpg,plastic_nut::plastic_nut_0128_NG_ZW,1,development,OK,1179.92626953125,976.270751953125,1085.40673828125,976.270751953125
plastic_nut,plastic_nut/NG/ZW/S0128/plastic_nut_0128_NG_ZW_C2_20231004102700.jpg,plastic_nut::plastic_nut_0128_NG_ZW,2,development,OK,1172.98974609375,1335.60791015625,1335.60791015625,1335.60791015625
plastic_nut,plastic_nut/NG/ZW/S0128/plastic_nut_0128_NG_ZW_C3_20231004102700.jpg,plastic_nut::plastic_nut_0128_NG_ZW,3,development,OK,795.90771484375,803.433837890625,1061.90869140625,804.05126953125
plastic_nut,plastic_nut/NG/ZW/S0128/plastic_nut_0128_NG_ZW_C4_20231004102700.jpg,plastic_nut::plastic_nut_0128_NG_ZW,4,development,ZW,1314.1318359375,1217.49951171875,1217.49951171875,1217.49951171875
plastic_nut,plastic_nut/NG/ZW/S0128/plastic_nut_0128_NG_ZW_C5_20231004102700.jpg,plastic_nut::plastic_nut_0128_NG_ZW,5,development,ZW,1626.4013671875,1194.051025390625,1194.051025390625,1194.051025390625
plastic_nut,plastic_nut/NG/HS/S0132/plastic_nut_0132_NG_HS_C1_20231004111926.jpg,plastic_nut::plastic_nut_0132_NG_HS,1,development,OK,1196.949951171875,995.5634765625,1021.140625,995.5634765625
plastic_nut,plastic_nut/NG/HS/S0132/plastic_nut_0132_NG_HS_C2_20231004111926.jpg,plastic_nut::plastic_nut_0132_NG_HS,2,development,HS,1184.42919921875,1320.89404296875,1320.89404296875,1320.89404296875
plastic_nut,plastic_nut/NG/HS/S0132/plastic_nut_0132_NG_HS_C3_20231004111926.jpg,plastic_nut::plastic_nut_0132_NG_HS,3,development,HS,1064.348388671875,844.143310546875,1061.93212890625,844.143310546875
plastic_nut,plastic_nut/NG/HS/S0132/plastic_nut_0132_NG_HS_C4_20231004111926.jpg,plastic_nut::plastic_nut_0132_NG_HS,4,development,OK,1292.2177734375,966.012939453125,1292.2177734375,966.012939453125
plastic_nut,plastic_nut/NG/HS/S0132/plastic_nut_0132_NG_HS_C5_20231004111926.jpg,plastic_nut::plastic_nut_0132_NG_HS,5,development,OK,974.556884765625,1070.169677734375,1125.26806640625,1070.169677734375
plastic_nut,plastic_nut/OK/S0140/plastic_nut_0140_OK_C1_20230930134417.jpg,plastic_nut::plastic_nut_0140_OK,1,development,OK,749.0400390625,803.754150390625,928.97314453125,803.754150390625
plastic_nut,plastic_nut/OK/S0140/plastic_nut_0140_OK_C2_20230930134417.jpg,plastic_nut::plastic_nut_0140_OK,2,development,OK,1365.0224609375,874.166748046875,996.736572265625,874.166748046875
plastic_nut,plastic_nut/OK/S0140/plastic_nut_0140_OK_C3_20230930134417.jpg,plastic_nut::plastic_nut_0140_OK,3,development,OK,819.555908203125,876.22802734375,1009.87841796875,876.22802734375
plastic_nut,plastic_nut/OK/S0140/plastic_nut_0140_OK_C4_20230930134417.jpg,plastic_nut::plastic_nut_0140_OK,4,development,OK,801.97021484375,776.649169921875,861.02587890625,776.649169921875
plastic_nut,plastic_nut/OK/S0140/plastic_nut_0140_OK_C5_20230930134417.jpg,plastic_nut::plastic_nut_0140_OK,5,development,OK,797.7587890625,887.5087890625,948.318359375,887.5087890625
plastic_nut,plastic_nut/OK/S0169/plastic_nut_0169_OK_C1_20230930135925.jpg,plastic_nut::plastic_nut_0169_OK,1,development,OK,913.33251953125,1040.7861328125,1040.7861328125,1040.7861328125
plastic_nut,plastic_nut/OK/S0169/plastic_nut_0169_OK_C2_20230930135925.jpg,plastic_nut::plastic_nut_0169_OK,2,development,OK,1176.7998046875,861.235107421875,1004.0732421875,861.235107421875
plastic_nut,plastic_nut/OK/S0169/plastic_nut_0169_OK_C3_20230930135925.jpg,plastic_nut::plastic_nut_0169_OK,3,development,OK,963.75927734375,772.19189453125,977.53125,817.53125
plastic_nut,plastic_nut/OK/S0169/plastic_nut_0169_OK_C4_20230930135925.jpg,plastic_nut::plastic_nut_0169_OK,4,development,OK,950.29833984375,951.2265625,1023.62890625,951.2265625
plastic_nut,plastic_nut/OK/S0169/plastic_nut_0169_OK_C5_20230930135925.jpg,plastic_nut::plastic_nut_0169_OK,5,development,OK,887.777099609375,865.19921875,937.15966796875,868.97119140625
plastic_nut,plastic_nut/OK/S0182/plastic_nut_0182_OK_C1_20230930140415.jpg,plastic_nut::plastic_nut_0182_OK,1,development,OK,854.69091796875,904.515869140625,914.77734375,904.515869140625
plastic_nut,plastic_nut/OK/S0182/plastic_nut_0182_OK_C2_20230930140415.jpg,plastic_nut::plastic_nut_0182_OK,2,development,OK,828.526123046875,896.9404296875,984.1455078125,896.9404296875
plastic_nut,plastic_nut/OK/S0182/plastic_nut_0182_OK_C3_20230930140415.jpg,plastic_nut::plastic_nut_0182_OK,3,development,OK,841.6884765625,807.4443359375,1015.4814453125,807.4443359375
plastic_nut,plastic_nut/OK/S0182/plastic_nut_0182_OK_C4_20230930140415.jpg,plastic_nut::plastic_nut_0182_OK,4,development,OK,840.751953125,906.06396484375,943.16455078125,906.06396484375
plastic_nut,plastic_nut/OK/S0182/plastic_nut_0182_OK_C5_20230930140415.jpg,plastic_nut::plastic_nut_0182_OK,5,development,OK,791.6162109375,909.5009765625,940.4951171875,909.5009765625
plastic_nut,plastic_nut/OK/S0185/plastic_nut_0185_OK_C1_20230930140513.jpg,plastic_nut::plastic_nut_0185_OK,1,development,OK,838.88330078125,880.32861328125,898.63818359375,880.32861328125
plastic_nut,plastic_nut/OK/S0185/plastic_nut_0185_OK_C2_20230930140513.jpg,plastic_nut::plastic_nut_0185_OK,2,development,OK,975.24609375,726.0712890625,1017.5341796875,738.1826171875
plastic_nut,plastic_nut/OK/S0185/plastic_nut_0185_OK_C3_20230930140513.jpg,plastic_nut::plastic_nut_0185_OK,3,development,OK,815.83154296875,798.783203125,1029.400634765625,798.783203125
plastic_nut,plastic_nut/OK/S0185/plastic_nut_0185_OK_C4_20230930140513.jpg,plastic_nut::plastic_nut_0185_OK,4,development,OK,782.37744140625,828.619873046875,1048.87158203125,828.619873046875
plastic_nut,plastic_nut/OK/S0185/plastic_nut_0185_OK_C5_20230930140513.jpg,plastic_nut::plastic_nut_0185_OK,5,development,OK,762.852783203125,726.247314453125,938.8095703125,750.71728515625
plastic_nut,plastic_nut/OK/S0212/plastic_nut_0212_OK_C1_20230930143907.jpg,plastic_nut::plastic_nut_0212_OK,1,development,OK,985.37158203125,929.40185546875,929.40185546875,929.40185546875
plastic_nut,plastic_nut/OK/S0212/plastic_nut_0212_OK_C2_20230930143907.jpg,plastic_nut::plastic_nut_0212_OK,2,development,OK,962.6484375,906.304931640625,981.1328125,906.304931640625
plastic_nut,plastic_nut/OK/S0212/plastic_nut_0212_OK_C3_20230930143907.jpg,plastic_nut::plastic_nut_0212_OK,3,development,OK,984.736328125,734.79150390625,1040.1611328125,734.79150390625
plastic_nut,plastic_nut/OK/S0212/plastic_nut_0212_OK_C4_20230930143907.jpg,plastic_nut::plastic_nut_0212_OK,4,development,OK,800.35498046875,779.412109375,869.00341796875,792.1728515625
plastic_nut,plastic_nut/OK/S0212/plastic_nut_0212_OK_C5_20230930143907.jpg,plastic_nut::plastic_nut_0212_OK,5,development,OK,1060.75634765625,723.704833984375,942.36865234375,727.68994140625
plastic_nut,plastic_nut/OK/S0220/plastic_nut_0220_OK_C1_20230930144109.jpg,plastic_nut::plastic_nut_0220_OK,1,development,OK,912.83203125,847.50732421875,899.099609375,847.50732421875
plastic_nut,plastic_nut/OK/S0220/plastic_nut_0220_OK_C2_20230930144109.jpg,plastic_nut::plastic_nut_0220_OK,2,development,OK,1076.4404296875,861.08447265625,980.7763671875,861.08447265625
plastic_nut,plastic_nut/OK/S0220/plastic_nut_0220_OK_C3_20230930144109.jpg,plastic_nut::plastic_nut_0220_OK,3,development,OK,1051.78076171875,830.3994140625,1025.228271484375,830.3994140625
plastic_nut,plastic_nut/OK/S0220/plastic_nut_0220_OK_C4_20230930144109.jpg,plastic_nut::plastic_nut_0220_OK,4,development,OK,869.187744140625,942.77734375,985.63623046875,942.77734375
plastic_nut,plastic_nut/OK/S0220/plastic_nut_0220_OK_C5_20230930144109.jpg,plastic_nut::plastic_nut_0220_OK,5,development,OK,761.77978515625,721.44775390625,928.96630859375,721.44775390625
plastic_nut,plastic_nut/OK/S0224/plastic_nut_0224_OK_C1_20230930144303.jpg,plastic_nut::plastic_nut_0224_OK,1,development,OK,1011.096435546875,896.8759765625,919.8984375,896.8759765625
plastic_nut,plastic_nut/OK/S0224/plastic_nut_0224_OK_C2_20230930144303.jpg,plastic_nut::plastic_nut_0224_OK,2,development,OK,1045.33935546875,731.34765625,990.0595703125,731.34765625
plastic_nut,plastic_nut/OK/S0224/plastic_nut_0224_OK_C3_20230930144303.jpg,plastic_nut::plastic_nut_0224_OK,3,development,OK,1232.867431640625,831.012939453125,1006.654296875,831.012939453125
plastic_nut,plastic_nut/OK/S0224/plastic_nut_0224_OK_C4_20230930144303.jpg,plastic_nut::plastic_nut_0224_OK,4,development,OK,754.1552734375,715.3095703125,983.2255859375,727.145263671875
plastic_nut,plastic_nut/OK/S0224/plastic_nut_0224_OK_C5_20230930144303.jpg,plastic_nut::plastic_nut_0224_OK,5,development,OK,1244.52099609375,1199.93603515625,1199.93603515625,1199.93603515625
plastic_nut,plastic_nut/OK/S0231/plastic_nut_0231_OK_C1_20230930144616.jpg,plastic_nut::plastic_nut_0231_OK,1,development,OK,790.92041015625,981.45849609375,981.45849609375,1121.14990234375
plastic_nut,plastic_nut/OK/S0231/plastic_nut_0231_OK_C2_20230930144616.jpg,plastic_nut::plastic_nut_0231_OK,2,development,OK,804.781005859375,732.32177734375,997.2177734375,732.32177734375
plastic_nut,plastic_nut/OK/S0231/plastic_nut_0231_OK_C3_20230930144616.jpg,plastic_nut::plastic_nut_0231_OK,3,development,OK,1199.03076171875,732.8203125,1038.44873046875,761.6923828125
plastic_nut,plastic_nut/OK/S0231/plastic_nut_0231_OK_C4_20230930144616.jpg,plastic_nut::plastic_nut_0231_OK,4,development,OK,805.28515625,740.688232421875,971.13330078125,746.142822265625
plastic_nut,plastic_nut/OK/S0231/plastic_nut_0231_OK_C5_20230930144616.jpg,plastic_nut::plastic_nut_0231_OK,5,development,OK,948.33642578125,844.078369140625,910.71875,844.078369140625
plastic_nut,plastic_nut/OK/S0233/plastic_nut_0233_OK_C1_20230930144650.jpg,plastic_nut::plastic_nut_0233_OK,1,development,OK,893.434814453125,839.1904296875,910.57080078125,945.52294921875
plastic_nut,plastic_nut/OK/S0233/plastic_nut_0233_OK_C2_20230930144650.jpg,plastic_nut::plastic_nut_0233_OK,2,development,OK,1151.9892578125,772.04248046875,997.50341796875,772.04248046875
plastic_nut,plastic_nut/OK/S0233/plastic_nut_0233_OK_C3_20230930144650.jpg,plastic_nut::plastic_nut_0233_OK,3,development,OK,931.96484375,898.286376953125,1018.683837890625,898.286376953125
plastic_nut,plastic_nut/OK/S0233/plastic_nut_0233_OK_C4_20230930144650.jpg,plastic_nut::plastic_nut_0233_OK,4,development,OK,869.26513671875,745.704345703125,975.2021484375,799.4267578125
plastic_nut,plastic_nut/OK/S0233/plastic_nut_0233_OK_C5_20230930144650.jpg,plastic_nut::plastic_nut_0233_OK,5,development,OK,947.49560546875,795.77392578125,914.84228515625,795.77392578125
plastic_nut,plastic_nut/OK/S0239/plastic_nut_0239_OK_C1_20230930145350.jpg,plastic_nut::plastic_nut_0239_OK,1,development,OK,1382.955078125,778.328125,999.478271484375,909.106201171875
plastic_nut,plastic_nut/OK/S0239/plastic_nut_0239_OK_C2_20230930145350.jpg,plastic_nut::plastic_nut_0239_OK,2,development,OK,836.22900390625,906.476318359375,906.476318359375,906.476318359375
plastic_nut,plastic_nut/OK/S0239/plastic_nut_0239_OK_C3_20230930145350.jpg,plastic_nut::plastic_nut_0239_OK,3,development,OK,926.135986328125,867.568603515625,1031.18408203125,867.568603515625
plastic_nut,plastic_nut/OK/S0239/plastic_nut_0239_OK_C4_20230930145350.jpg,plastic_nut::plastic_nut_0239_OK,4,development,OK,755.974609375,875.76806640625,1035.4912109375,875.76806640625
plastic_nut,plastic_nut/OK/S0239/plastic_nut_0239_OK_C5_20230930145350.jpg,plastic_nut::plastic_nut_0239_OK,5,development,OK,839.51953125,877.84814453125,916.3037109375,877.84814453125
plastic_nut,plastic_nut/OK/S0243/plastic_nut_0243_OK_C1_20230930145544.jpg,plastic_nut::plastic_nut_0243_OK,1,development,OK,1426.802734375,988.923095703125,988.923095703125,988.923095703125
plastic_nut,plastic_nut/OK/S0243/plastic_nut_0243_OK_C2_20230930145544.jpg,plastic_nut::plastic_nut_0243_OK,2,development,OK,759.0322265625,872.92431640625,917.07373046875,872.92431640625
plastic_nut,plastic_nut/OK/S0243/plastic_nut_0243_OK_C3_20230930145544.jpg,plastic_nut::plastic_nut_0243_OK,3,development,OK,804.68115234375,746.02490234375,1039.5009765625,790.37646484375
plastic_nut,plastic_nut/OK/S0243/plastic_nut_0243_OK_C4_20230930145544.jpg,plastic_nut::plastic_nut_0243_OK,4,development,OK,776.560546875,884.9072265625,917.5107421875,884.9072265625
plastic_nut,plastic_nut/OK/S0243/plastic_nut_0243_OK_C5_20230930145544.jpg,plastic_nut::plastic_nut_0243_OK,5,development,OK,725.0771484375,717.20166015625,922.68212890625,775.22119140625
plastic_nut,plastic_nut/OK/S0252/plastic_nut_0252_OK_C1_20230930145853.jpg,plastic_nut::plastic_nut_0252_OK,1,development,OK,1514.84130859375,933.0595703125,970.6630859375,933.0595703125
plastic_nut,plastic_nut/OK/S0252/plastic_nut_0252_OK_C2_20230930145853.jpg,plastic_nut::plastic_nut_0252_OK,2,development,OK,854.82421875,912.3427734375,912.3427734375,912.3427734375
plastic_nut,plastic_nut/OK/S0252/plastic_nut_0252_OK_C3_20230930145853.jpg,plastic_nut::plastic_nut_0252_OK,3,development,OK,1253.44970703125,963.747802734375,1054.84375,963.747802734375
plastic_nut,plastic_nut/OK/S0252/plastic_nut_0252_OK_C4_20230930145853.jpg,plastic_nut::plastic_nut_0252_OK,4,development,OK,852.07421875,791.796875,893.2841796875,844.837646484375
plastic_nut,plastic_nut/OK/S0252/plastic_nut_0252_OK_C5_20230930145853.jpg,plastic_nut::plastic_nut_0252_OK,5,development,OK,1187.1953125,841.7216796875,936.2568359375,841.7216796875
plastic_nut,plastic_nut/OK/S0264/plastic_nut_0264_OK_C1_20230930150454.jpg,plastic_nut::plastic_nut_0264_OK,1,development,OK,885.32421875,738.34423828125,926.0576171875,830.925537109375
plastic_nut,plastic_nut/OK/S0264/plastic_nut_0264_OK_C2_20230930150454.jpg,plastic_nut::plastic_nut_0264_OK,2,development,OK,762.124267578125,816.8466796875,1020.150390625,816.8466796875
plastic_nut,plastic_nut/OK/S0264/plastic_nut_0264_OK_C3_20230930150454.jpg,plastic_nut::plastic_nut_0264_OK,3,development,OK,1114.40771484375,774.2568359375,1034.16943359375,774.2568359375
plastic_nut,plastic_nut/OK/S0264/plastic_nut_0264_OK_C4_20230930150454.jpg,plastic_nut::plastic_nut_0264_OK,4,development,OK,802.2587890625,723.9609375,850.457763671875,750.0390625
plastic_nut,plastic_nut/OK/S0264/plastic_nut_0264_OK_C5_20230930150454.jpg,plastic_nut::plastic_nut_0264_OK,5,development,OK,938.45947265625,754.3076171875,932.71826171875,754.3076171875
plastic_nut,plastic_nut/OK/S0270/plastic_nut_0270_OK_C1_20230930150738.jpg,plastic_nut::plastic_nut_0270_OK,1,development,OK,889.044677734375,1086.43017578125,1086.43017578125,1086.43017578125
plastic_nut,plastic_nut/OK/S0270/plastic_nut_0270_OK_C2_20230930150738.jpg,plastic_nut::plastic_nut_0270_OK,2,development,OK,1022.48974609375,1022.48974609375,1022.48974609375,1022.48974609375
plastic_nut,plastic_nut/OK/S0270/plastic_nut_0270_OK_C3_20230930150738.jpg,plastic_nut::plastic_nut_0270_OK,3,development,OK,1107.28515625,844.42626953125,1048.23388671875,844.42626953125
plastic_nut,plastic_nut/OK/S0270/plastic_nut_0270_OK_C4_20230930150738.jpg,plastic_nut::plastic_nut_0270_OK,4,development,OK,1018.005859375,787.329833984375,890.17236328125,787.329833984375
plastic_nut,plastic_nut/OK/S0270/plastic_nut_0270_OK_C5_20230930150738.jpg,plastic_nut::plastic_nut_0270_OK,5,development,OK,938.46875,838.69580078125,944.3310546875,855.6875
plastic_nut,plastic_nut/OK/S0290/plastic_nut_0290_OK_C1_20230930152100.jpg,plastic_nut::plastic_nut_0290_OK,1,development,OK,1389.365234375,848.386962890625,1127.147216796875,913.552734375
plastic_nut,plastic_nut/OK/S0290/plastic_nut_0290_OK_C2_20230930152100.jpg,plastic_nut::plastic_nut_0290_OK,2,development,OK,883.205322265625,980.725341796875,986.876953125,980.725341796875
plastic_nut,plastic_nut/OK/S0290/plastic_nut_0290_OK_C3_20230930152100.jpg,plastic_nut::plastic_nut_0290_OK,3,development,OK,978.32763671875,881.173583984375,1035.1025390625,881.173583984375
plastic_nut,plastic_nut/OK/S0290/plastic_nut_0290_OK_C4_20230930152100.jpg,plastic_nut::plastic_nut_0290_OK,4,development,OK,850.469482421875,901.572998046875,901.572998046875,901.572998046875
plastic_nut,plastic_nut/OK/S0290/plastic_nut_0290_OK_C5_20230930152100.jpg,plastic_nut::plastic_nut_0290_OK,5,development,OK,951.828369140625,1007.251953125,1007.251953125,1007.251953125
plastic_nut,plastic_nut/OK/S0292/plastic_nut_0292_OK_C1_20230930152135.jpg,plastic_nut::plastic_nut_0292_OK,1,development,OK,1291.048828125,851.505859375,1071.411865234375,851.505859375
plastic_nut,plastic_nut/OK/S0292/plastic_nut_0292_OK_C2_20230930152135.jpg,plastic_nut::plastic_nut_0292_OK,2,development,OK,773.7080078125,756.83837890625,984.91845703125,756.83837890625
plastic_nut,plastic_nut/OK/S0292/plastic_nut_0292_OK_C3_20230930152135.jpg,plastic_nut::plastic_nut_0292_OK,3,development,OK,1237.98974609375,737.783203125,1029.638916015625,889.91015625
plastic_nut,plastic_nut/OK/S0292/plastic_nut_0292_OK_C4_20230930152135.jpg,plastic_nut::plastic_nut_0292_OK,4,development,OK,821.342041015625,716.9443359375,870.67626953125,752.266845703125
plastic_nut,plastic_nut/OK/S0292/plastic_nut_0292_OK_C5_20230930152135.jpg,plastic_nut::plastic_nut_0292_OK,5,development,OK,1216.12158203125,965.45654296875,965.45654296875,965.45654296875
plastic_nut,plastic_nut/OK/S0304/plastic_nut_0304_OK_C1_20230930152400.jpg,plastic_nut::plastic_nut_0304_OK,1,development,OK,796.910400390625,934.79443359375,1039.64990234375,934.79443359375
plastic_nut,plastic_nut/OK/S0304/plastic_nut_0304_OK_C2_20230930152400.jpg,plastic_nut::plastic_nut_0304_OK,2,development,OK,735.53515625,721.37646484375,989.5869140625,735.3837890625
plastic_nut,plastic_nut/OK/S0304/plastic_nut_0304_OK_C3_20230930152400.jpg,plastic_nut::plastic_nut_0304_OK,3,development,OK,1175.80908203125,783.24169921875,1021.333984375,783.24169921875
plastic_nut,plastic_nut/OK/S0304/plastic_nut_0304_OK_C4_20230930152400.jpg,plastic_nut::plastic_nut_0304_OK,4,development,OK,837.60205078125,875.30029296875,893.1611328125,875.30029296875
plastic_nut,plastic_nut/OK/S0304/plastic_nut_0304_OK_C5_20230930152400.jpg,plastic_nut::plastic_nut_0304_OK,5,development,OK,766.220703125,810.2509765625,869.86669921875,810.2509765625
plastic_nut,plastic_nut/OK/S0337/plastic_nut_0337_OK_C1_20230930153546.jpg,plastic_nut::plastic_nut_0337_OK,1,development,OK,840.81640625,870.705078125,996.16015625,870.705078125
plastic_nut,plastic_nut/OK/S0337/plastic_nut_0337_OK_C2_20230930153546.jpg,plastic_nut::plastic_nut_0337_OK,2,development,OK,1817.37109375,1048.142578125,1048.142578125,1048.142578125
plastic_nut,plastic_nut/OK/S0337/plastic_nut_0337_OK_C3_20230930153546.jpg,plastic_nut::plastic_nut_0337_OK,3,development,OK,921.99560546875,839.5068359375,1029.8876953125,839.5068359375
plastic_nut,plastic_nut/OK/S0337/plastic_nut_0337_OK_C4_20230930153546.jpg,plastic_nut::plastic_nut_0337_OK,4,development,OK,818.841064453125,863.36474609375,911.063720703125,863.36474609375
plastic_nut,plastic_nut/OK/S0337/plastic_nut_0337_OK_C5_20230930153546.jpg,plastic_nut::plastic_nut_0337_OK,5,development,OK,827.2333984375,859.625,930.5439453125,859.625
plastic_nut,plastic_nut/OK/S0348/plastic_nut_0348_OK_C1_20230930153812.jpg,plastic_nut::plastic_nut_0348_OK,1,development,OK,867.731689453125,1004.5185546875,1004.5185546875,1033.249755859375
plastic_nut,plastic_nut/OK/S0348/plastic_nut_0348_OK_C2_20230930153812.jpg,plastic_nut::plastic_nut_0348_OK,2,development,OK,1415.6962890625,808.423828125,1015.193359375,808.423828125
plastic_nut,plastic_nut/OK/S0348/plastic_nut_0348_OK_C3_20230930153812.jpg,plastic_nut::plastic_nut_0348_OK,3,development,OK,899.30810546875,786.232666015625,1065.173828125,870.463134765625
plastic_nut,plastic_nut/OK/S0348/plastic_nut_0348_OK_C4_20230930153812.jpg,plastic_nut::plastic_nut_0348_OK,4,development,OK,1134.7001953125,1315.97216796875,1315.97216796875,1315.97216796875
plastic_nut,plastic_nut/OK/S0348/plastic_nut_0348_OK_C5_20230930153812.jpg,plastic_nut::plastic_nut_0348_OK,5,development,OK,820.884033203125,850.46533203125,928.40478515625,850.46533203125
plastic_nut,plastic_nut/OK/S0353/plastic_nut_0353_OK_C1_20230930153919.jpg,plastic_nut::plastic_nut_0353_OK,1,development,OK,1085.471435546875,1078.351318359375,1078.351318359375,1078.351318359375
plastic_nut,plastic_nut/OK/S0353/plastic_nut_0353_OK_C2_20230930153919.jpg,plastic_nut::plastic_nut_0353_OK,2,development,OK,1390.87353515625,898.275390625,1000.9453125,898.275390625
plastic_nut,plastic_nut/OK/S0353/plastic_nut_0353_OK_C3_20230930153919.jpg,plastic_nut::plastic_nut_0353_OK,3,development,OK,1164.9736328125,871.10986328125,1065.236328125,871.10986328125
plastic_nut,plastic_nut/OK/S0353/plastic_nut_0353_OK_C4_20230930153919.jpg,plastic_nut::plastic_nut_0353_OK,4,development,OK,899.018798828125,888.741943359375,975.80322265625,888.741943359375
plastic_nut,plastic_nut/OK/S0353/plastic_nut_0353_OK_C5_20230930153919.jpg,plastic_nut::plastic_nut_0353_OK,5,development,OK,909.8828125,885.939208984375,930.08642578125,885.939208984375
plastic_nut,plastic_nut/OK/S0389/plastic_nut_0389_OK_C1_20230930154837.jpg,plastic_nut::plastic_nut_0389_OK,1,development,OK,878.3330078125,863.732421875,1154.085693359375,863.732421875
plastic_nut,plastic_nut/OK/S0389/plastic_nut_0389_OK_C2_20230930154837.jpg,plastic_nut::plastic_nut_0389_OK,2,development,OK,768.1904296875,823.03955078125,1002.38818359375,823.03955078125
plastic_nut,plastic_nut/OK/S0389/plastic_nut_0389_OK_C3_20230930154837.jpg,plastic_nut::plastic_nut_0389_OK,3,development,OK,1326.54443359375,1002.60791015625,1084.716796875,1002.60791015625
plastic_nut,plastic_nut/OK/S0389/plastic_nut_0389_OK_C4_20230930154837.jpg,plastic_nut::plastic_nut_0389_OK,4,development,OK,765.1201171875,780.1904296875,861.9599609375,826.3681640625
plastic_nut,plastic_nut/OK/S0389/plastic_nut_0389_OK_C5_20230930154837.jpg,plastic_nut::plastic_nut_0389_OK,5,development,OK,1139.4384765625,1046.259765625,1046.259765625,1046.259765625
plastic_nut,plastic_nut/OK/S0395/plastic_nut_0395_OK_C1_20230930155001.jpg,plastic_nut::plastic_nut_0395_OK,1,development,OK,946.0478515625,854.000732421875,1042.74609375,854.000732421875
plastic_nut,plastic_nut/OK/S0395/plastic_nut_0395_OK_C2_20230930155001.jpg,plastic_nut::plastic_nut_0395_OK,2,development,OK,1307.416259765625,801.8134765625,1010.61962890625,801.8134765625
plastic_nut,plastic_nut/OK/S0395/plastic_nut_0395_OK_C3_20230930155001.jpg,plastic_nut::plastic_nut_0395_OK,3,development,OK,1329.68896484375,795.32275390625,1075.494140625,795.32275390625
plastic_nut,plastic_nut/OK/S0395/plastic_nut_0395_OK_C4_20230930155001.jpg,plastic_nut::plastic_nut_0395_OK,4,development,OK,1025.57470703125,1006.623291015625,1006.623291015625,1006.623291015625
plastic_nut,plastic_nut/OK/S0395/plastic_nut_0395_OK_C5_20230930155001.jpg,plastic_nut::plastic_nut_0395_OK,5,development,OK,976.346435546875,993.55859375,993.55859375,993.55859375
plastic_nut,plastic_nut/OK/S0414/plastic_nut_0414_OK_C1_20230930155939.jpg,plastic_nut::plastic_nut_0414_OK,1,development,OK,832.343017578125,836.583984375,940.26513671875,1122.2685546875
plastic_nut,plastic_nut/OK/S0414/plastic_nut_0414_OK_C2_20230930155939.jpg,plastic_nut::plastic_nut_0414_OK,2,development,OK,848.51171875,963.15087890625,976.3154296875,963.15087890625
plastic_nut,plastic_nut/OK/S0414/plastic_nut_0414_OK_C3_20230930155939.jpg,plastic_nut::plastic_nut_0414_OK,3,development,OK,935.978515625,859.93115234375,1007.548828125,859.93115234375
plastic_nut,plastic_nut/OK/S0414/plastic_nut_0414_OK_C4_20230930155939.jpg,plastic_nut::plastic_nut_0414_OK,4,development,OK,900.8232421875,902.270263671875,902.270263671875,902.270263671875
plastic_nut,plastic_nut/OK/S0414/plastic_nut_0414_OK_C5_20230930155939.jpg,plastic_nut::plastic_nut_0414_OK,5,development,OK,850.5849609375,852.70068359375,930.5791015625,852.70068359375
plastic_nut,plastic_nut/OK/S0444/plastic_nut_0444_OK_C1_20230930161057.jpg,plastic_nut::plastic_nut_0444_OK,1,development,OK,890.242431640625,1089.45556640625,1089.45556640625,1089.45556640625
plastic_nut,plastic_nut/OK/S0444/plastic_nut_0444_OK_C2_20230930161057.jpg,plastic_nut::plastic_nut_0444_OK,2,development,OK,787.40478515625,870.6328125,947.24169921875,870.6328125
plastic_nut,plastic_nut/OK/S0444/plastic_nut_0444_OK_C3_20230930161057.jpg,plastic_nut::plastic_nut_0444_OK,3,development,OK,1077.132080078125,1065.5322265625,1065.5322265625,1065.5322265625
plastic_nut,plastic_nut/OK/S0444/plastic_nut_0444_OK_C4_20230930161057.jpg,plastic_nut::plastic_nut_0444_OK,4,development,OK,996.685546875,921.512451171875,921.512451171875,921.512451171875
plastic_nut,plastic_nut/OK/S0444/plastic_nut_0444_OK_C5_20230930161057.jpg,plastic_nut::plastic_nut_0444_OK,5,development,OK,877.66796875,816.75390625,909.95703125,816.75390625
plastic_nut,plastic_nut/OK/S0450/plastic_nut_0450_OK_C1_20230930161409.jpg,plastic_nut::plastic_nut_0450_OK,1,development,OK,842.00048828125,967.634765625,1055.59326171875,967.634765625
plastic_nut,plastic_nut/OK/S0450/plastic_nut_0450_OK_C2_20230930161409.jpg,plastic_nut::plastic_nut_0450_OK,2,development,OK,749.032958984375,817.86572265625,980.49951171875,817.86572265625
plastic_nut,plastic_nut/OK/S0450/plastic_nut_0450_OK_C3_20230930161409.jpg,plastic_nut::plastic_nut_0450_OK,3,development,OK,847.665771484375,774.766357421875,1048.2431640625,867.2587890625
plastic_nut,plastic_nut/OK/S0450/plastic_nut_0450_OK_C4_20230930161409.jpg,plastic_nut::plastic_nut_0450_OK,4,development,OK,804.656982421875,960.144287109375,960.144287109375,960.144287109375
plastic_nut,plastic_nut/OK/S0450/plastic_nut_0450_OK_C5_20230930161409.jpg,plastic_nut::plastic_nut_0450_OK,5,development,OK,1001.267333984375,915.100830078125,939.53173828125,940.5703125
plastic_nut,plastic_nut/OK/S0451/plastic_nut_0451_OK_C1_20230930161417.jpg,plastic_nut::plastic_nut_0451_OK,1,development,OK,1014.537353515625,1013.404052734375,1051.751708984375,1013.404052734375
plastic_nut,plastic_nut/OK/S0451/plastic_nut_0451_OK_C2_20230930161417.jpg,plastic_nut::plastic_nut_0451_OK,2,development,OK,853.189208984375,898.49560546875,964.44140625,898.49560546875
plastic_nut,plastic_nut/OK/S0451/plastic_nut_0451_OK_C3_20230930161417.jpg,plastic_nut::plastic_nut_0451_OK,3,development,OK,949.95166015625,858.526611328125,1043.0546875,1020.7607421875
plastic_nut,plastic_nut/OK/S0451/plastic_nut_0451_OK_C4_20230930161417.jpg,plastic_nut::plastic_nut_0451_OK,4,development,OK,853.091796875,859.185791015625,993.3408203125,859.185791015625
plastic_nut,plastic_nut/OK/S0451/plastic_nut_0451_OK_C5_20230930161417.jpg,plastic_nut::plastic_nut_0451_OK,5,development,OK,1029.8994140625,955.43505859375,955.43505859375,955.43505859375
plastic_nut,plastic_nut/OK/S0457/plastic_nut_0457_OK_C1_20230930162118.jpg,plastic_nut::plastic_nut_0457_OK,1,development,OK,1019.7197265625,939.21484375,941.924560546875,939.21484375
plastic_nut,plastic_nut/OK/S0457/plastic_nut_0457_OK_C2_20230930162118.jpg,plastic_nut::plastic_nut_0457_OK,2,development,OK,793.7255859375,892.44873046875,915.6962890625,892.44873046875
plastic_nut,plastic_nut/OK/S0457/plastic_nut_0457_OK_C3_20230930162118.jpg,plastic_nut::plastic_nut_0457_OK,3,development,OK,830.155517578125,738.834228515625,1074.70458984375,799.42724609375
plastic_nut,plastic_nut/OK/S0457/plastic_nut_0457_OK_C4_20230930162118.jpg,plastic_nut::plastic_nut_0457_OK,4,development,OK,864.320556640625,769.723388671875,953.895263671875,914.31005859375
plastic_nut,plastic_nut/OK/S0457/plastic_nut_0457_OK_C5_20230930162118.jpg,plastic_nut::plastic_nut_0457_OK,5,development,OK,927.568115234375,845.065185546875,916.5908203125,845.065185546875
plastic_nut,plastic_nut/OK/S0473/plastic_nut_0473_OK_C1_20230930162415.jpg,plastic_nut::plastic_nut_0473_OK,1,development,OK,1032.8583984375,887.875732421875,1034.0458984375,899.601318359375
plastic_nut,plastic_nut/OK/S0473/plastic_nut_0473_OK_C2_20230930162415.jpg,plastic_nut::plastic_nut_0473_OK,2,development,OK,750.88427734375,739.540771484375,954.20703125,739.540771484375
plastic_nut,plastic_nut/OK/S0473/plastic_nut_0473_OK_C3_20230930162415.jpg,plastic_nut::plastic_nut_0473_OK,3,development,OK,816.46533203125,845.5966796875,1050.36865234375,845.5966796875
plastic_nut,plastic_nut/OK/S0473/plastic_nut_0473_OK_C4_20230930162415.jpg,plastic_nut::plastic_nut_0473_OK,4,development,OK,785.369140625,759.79931640625,946.42626953125,759.79931640625
plastic_nut,plastic_nut/OK/S0473/plastic_nut_0473_OK_C5_20230930162415.jpg,plastic_nut::plastic_nut_0473_OK,5,development,OK,830.943359375,837.074951171875,925.8232421875,865.86865234375
plastic_nut,plastic_nut/OK/S0481/plastic_nut_0481_OK_C1_20230930162549.jpg,plastic_nut::plastic_nut_0481_OK,1,development,OK,893.0908203125,882.7568359375,1086.0830078125,882.7568359375
plastic_nut,plastic_nut/OK/S0481/plastic_nut_0481_OK_C2_20230930162549.jpg,plastic_nut::plastic_nut_0481_OK,2,development,OK,855.142578125,936.96630859375,976.740234375,936.96630859375
plastic_nut,plastic_nut/OK/S0481/plastic_nut_0481_OK_C3_20230930162549.jpg,plastic_nut::plastic_nut_0481_OK,3,development,OK,856.2744140625,813.72607421875,1062.515625,863.2001953125
plastic_nut,plastic_nut/OK/S0481/plastic_nut_0481_OK_C4_20230930162549.jpg,plastic_nut::plastic_nut_0481_OK,4,development,OK,876.486328125,847.570068359375,881.28955078125,847.570068359375
plastic_nut,plastic_nut/OK/S0481/plastic_nut_0481_OK_C5_20230930162549.jpg,plastic_nut::plastic_nut_0481_OK,5,development,OK,842.8486328125,836.356201171875,924.32470703125,836.356201171875
plastic_nut,plastic_nut/OK/S0482/plastic_nut_0482_OK_C1_20230930162559.jpg,plastic_nut::plastic_nut_0482_OK,1,development,OK,879.40966796875,846.64892578125,1056.26220703125,846.64892578125
plastic_nut,plastic_nut/OK/S0482/plastic_nut_0482_OK_C2_20230930162559.jpg,plastic_nut::plastic_nut_0482_OK,2,development,OK,981.884765625,800.285888671875,981.583984375,800.285888671875
plastic_nut,plastic_nut/OK/S0482/plastic_nut_0482_OK_C3_20230930162559.jpg,plastic_nut::plastic_nut_0482_OK,3,development,OK,958.713134765625,1082.16552734375,1082.16552734375,1082.16552734375
plastic_nut,plastic_nut/OK/S0482/plastic_nut_0482_OK_C4_20230930162559.jpg,plastic_nut::plastic_nut_0482_OK,4,development,OK,819.838623046875,1015.116455078125,1015.116455078125,1015.116455078125
plastic_nut,plastic_nut/OK/S0482/plastic_nut_0482_OK_C5_20230930162559.jpg,plastic_nut::plastic_nut_0482_OK,5,development,OK,968.46875,921.895263671875,921.895263671875,921.895263671875
plastic_nut,plastic_nut/OK/S0483/plastic_nut_0483_OK_C1_20230930162605.jpg,plastic_nut::plastic_nut_0483_OK,1,development,OK,928.230712890625,948.86181640625,1057.09228515625,948.86181640625
plastic_nut,plastic_nut/OK/S0483/plastic_nut_0483_OK_C2_20230930162605.jpg,plastic_nut::plastic_nut_0483_OK,2,development,OK,780.405029296875,865.985107421875,974.380859375,865.985107421875
plastic_nut,plastic_nut/OK/S0483/plastic_nut_0483_OK_C3_20230930162605.jpg,plastic_nut::plastic_nut_0483_OK,3,development,OK,1077.52001953125,1104.428466796875,1104.428466796875,1104.428466796875
plastic_nut,plastic_nut/OK/S0483/plastic_nut_0483_OK_C4_20230930162605.jpg,plastic_nut::plastic_nut_0483_OK,4,development,OK,784.88818359375,819.07373046875,960.537353515625,819.07373046875
plastic_nut,plastic_nut/OK/S0483/plastic_nut_0483_OK_C5_20230930162605.jpg,plastic_nut::plastic_nut_0483_OK,5,development,OK,845.6416015625,768.533935546875,913.701171875,768.533935546875
plastic_nut,plastic_nut/OK/S0493/plastic_nut_0493_OK_C1_20230930162808.jpg,plastic_nut::plastic_nut_0493_OK,1,development,OK,1342.369140625,878.205078125,1024.90869140625,878.205078125
plastic_nut,plastic_nut/OK/S0493/plastic_nut_0493_OK_C2_20230930162808.jpg,plastic_nut::plastic_nut_0493_OK,2,development,OK,841.206298828125,889.6513671875,889.6513671875,889.6513671875
plastic_nut,plastic_nut/OK/S0493/plastic_nut_0493_OK_C3_20230930162808.jpg,plastic_nut::plastic_nut_0493_OK,3,development,OK,919.2578125,826.412841796875,1068.8564453125,826.412841796875
plastic_nut,plastic_nut/OK/S0493/plastic_nut_0493_OK_C4_20230930162808.jpg,plastic_nut::plastic_nut_0493_OK,4,development,OK,777.91455078125,739.95654296875,910.05029296875,925.85498046875
plastic_nut,plastic_nut/OK/S0493/plastic_nut_0493_OK_C5_20230930162808.jpg,plastic_nut::plastic_nut_0493_OK,5,development,OK,870.99853515625,869.75048828125,925.16552734375,869.75048828125
