category,path,group_key,camera,research_role,anomaly_class
plastic_nut,plastic_nut/OK/S0005/plastic_nut_0005_OK_C1_20230930121644.jpg,plastic_nut::plastic_nut_0005_OK,1,source_fit,OK
plastic_nut,plastic_nut/OK/S0005/plastic_nut_0005_OK_C2_20230930121644.jpg,plastic_nut::plastic_nut_0005_OK,2,source_fit,OK
plastic_nut,plastic_nut/OK/S0005/plastic_nut_0005_OK_C3_20230930121644.jpg,plastic_nut::plastic_nut_0005_OK,3,source_fit,OK
plastic_nut,plastic_nut/OK/S0005/plastic_nut_0005_OK_C4_20230930121644.jpg,plastic_nut::plastic_nut_0005_OK,4,source_fit,OK
plastic_nut,plastic_nut/OK/S0005/plastic_nut_0005_OK_C5_20230930121644.jpg,plastic_nut::plastic_nut_0005_OK,5,source_fit,OK
plastic_nut,plastic_nut/OK/S0006/plastic_nut_0006_OK_C1_20230930121700.jpg,plastic_nut::plastic_nut_0006_OK,1,source_fit,OK
plastic_nut,plastic_nut/OK/S0006/plastic_nut_0006_OK_C2_20230930121700.jpg,plastic_nut::plastic_nut_0006_OK,2,source_fit,OK
plastic_nut,plastic_nut/OK/S0006/plastic_nut_0006_OK_C3_20230930121700.jpg,plastic_nut::plastic_nut_0006_OK,3,source_fit,OK
plastic_nut,plastic_nut/OK/S0006/plastic_nut_0006_OK_C4_20230930121700.jpg,plastic_nut::plastic_nut_0006_OK,4,source_fit,OK
plastic_nut,plastic_nut/OK/S0006/plastic_nut_0006_OK_C5_20230930121700.jpg,plastic_nut::plastic_nut_0006_OK,5,source_fit,OK
plastic_nut,plastic_nut/OK/S0007/plastic_nut_0007_OK_C1_20230930121722.jpg,plastic_nut::plastic_nut_0007_OK,1,source_fit,OK
plastic_nut,plastic_nut/OK/S0007/plastic_nut_0007_OK_C2_20230930121722.jpg,plastic_nut::plastic_nut_0007_OK,2,source_fit,OK
plastic_nut,plastic_nut/OK/S0007/plastic_nut_0007_OK_C3_20230930121722.jpg,plastic_nut::plastic_nut_0007_OK,3,source_fit,OK
plastic_nut,plastic_nut/OK/S0007/plastic_nut_0007_OK_C4_20230930121722.jpg,plastic_nut::plastic_nut_0007_OK,4,source_fit,OK
plastic_nut,plastic_nut/OK/S0007/plastic_nut_0007_OK_C5_20230930121722.jpg,plastic_nut::plastic_nut_0007_OK,5,source_fit,OK
plastic_nut,plastic_nut/OK/S0008/plastic_nut_0008_OK_C1_20230930121942.jpg,plastic_nut::plastic_nut_0008_OK,1,source_fit,OK
plastic_nut,plastic_nut/OK/S0008/plastic_nut_0008_OK_C2_20230930121942.jpg,plastic_nut::plastic_nut_0008_OK,2,source_fit,OK
plastic_nut,plastic_nut/OK/S0008/plastic_nut_0008_OK_C3_20230930121942.jpg,plastic_nut::plastic_nut_0008_OK,3,source_fit,OK
plastic_nut,plastic_nut/OK/S0008/plastic_nut_0008_OK_C4_20230930121942.jpg,plastic_nut::plastic_nut_0008_OK,4,source_fit,OK
plastic_nut,plastic_nut/OK/S0008/plastic_nut_0008_OK_C5_20230930121942.jpg,plastic_nut::plastic_nut_0008_OK,5,source_fit,OK
plastic_nut,plastic_nut/OK/S0023/plastic_nut_0023_OK_C1_20230930124214.jpg,plastic_nut::plastic_nut_0023_OK,1,source_fit,OK
plastic_nut,plastic_nut/OK/S0023/plastic_nut_0023_OK_C2_20230930124214.jpg,plastic_nut::plastic_nut_0023_OK,2,source_fit,OK
plastic_nut,plastic_nut/OK/S0023/plastic_nut_0023_OK_C3_20230930124214.jpg,plastic_nut::plastic_nut_0023_OK,3,source_fit,OK
plastic_nut,plastic_nut/OK/S0023/plastic_nut_0023_OK_C4_20230930124214.jpg,plastic_nut::plastic_nut_0023_OK,4,source_fit,OK
plastic_nut,plastic_nut/OK/S0023/plastic_nut_0023_OK_C5_20230930124214.jpg,plastic_nut::plastic_nut_0023_OK,5,source_fit,OK
plastic_nut,plastic_nut/OK/S0024/plastic_nut_0024_OK_C1_20230930124238.jpg,plastic_nut::plastic_nut_0024_OK,1,source_fit,OK
plastic_nut,plastic_nut/OK/S0024/plastic_nut_0024_OK_C2_20230930124238.jpg,plastic_nut::plastic_nut_0024_OK,2,source_fit,OK
plastic_nut,plastic_nut/OK/S0024/plastic_nut_0024_OK_C3_20230930124238.jpg,plastic_nut::plastic_nut_0024_OK,3,source_fit,OK
plastic_nut,plastic_nut/OK/S0024/plastic_nut_0024_OK_C4_20230930124238.jpg,plastic_nut::plastic_nut_0024_OK,4,source_fit,OK
plastic_nut,plastic_nut/OK/S0024/plastic_nut_0024_OK_C5_20230930124238.jpg,plastic_nut::plastic_nut_0024_OK,5,source_fit,OK
plastic_nut,plastic_nut/OK/S0026/plastic_nut_0026_OK_C1_20230930124311.jpg,plastic_nut::plastic_nut_0026_OK,1,source_fit,OK
plastic_nut,plastic_nut/OK/S0026/plastic_nut_0026_OK_C2_20230930124311.jpg,plastic_nut::plastic_nut_0026_OK,2,source_fit,OK
plastic_nut,plastic_nut/OK/S0026/plastic_nut_0026_OK_C3_20230930124311.jpg,plastic_nut::plastic_nut_0026_OK,3,source_fit,OK
plastic_nut,plastic_nut/OK/S0026/plastic_nut_0026_OK_C4_20230930124311.jpg,plastic_nut::plastic_nut_0026_OK,4,source_fit,OK
plastic_nut,plastic_nut/OK/S0026/plastic_nut_0026_OK_C5_20230930124311.jpg,plastic_nut::plastic_nut_0026_OK,5,source_fit,OK
plastic_nut,plastic_nut/OK/S0029/plastic_nut_0029_OK_C1_20230930124349.jpg,plastic_nut::plastic_nut_0029_OK,1,source_fit,OK
plastic_nut,plastic_nut/OK/S0029/plastic_nut_0029_OK_C2_20230930124349.jpg,plastic_nut::plastic_nut_0029_OK,2,source_fit,OK
plastic_nut,plastic_nut/OK/S0029/plastic_nut_0029_OK_C3_20230930124349.jpg,plastic_nut::plastic_nut_0029_OK,3,source_fit,OK
plastic_nut,plastic_nut/OK/S0029/plastic_nut_0029_OK_C4_20230930124349.jpg,plastic_nut::plastic_nut_0029_OK,4,source_fit,OK
plastic_nut,plastic_nut/OK/S0029/plastic_nut_0029_OK_C5_20230930124349.jpg,plastic_nut::plastic_nut_0029_OK,5,source_fit,OK
plastic_nut,plastic_nut/OK/S0033/plastic_nut_0033_OK_C1_20230930124530.jpg,plastic_nut::plastic_nut_0033_OK,1,source_fit,OK
plastic_nut,plastic_nut/OK/S0033/plastic_nut_0033_OK_C2_20230930124530.jpg,plastic_nut::plastic_nut_0033_OK,2,source_fit,OK
plastic_nut,plastic_nut/OK/S0033/plastic_nut_0033_OK_C3_20230930124530.jpg,plastic_nut::plastic_nut_0033_OK,3,source_fit,OK
plastic_nut,plastic_nut/OK/S0033/plastic_nut_0033_OK_C4_20230930124530.jpg,plastic_nut::plastic_nut_0033_OK,4,source_fit,OK
plastic_nut,plastic_nut/OK/S0033/plastic_nut_0033_OK_C5_20230930124530.jpg,plastic_nut::plastic_nut_0033_OK,5,source_fit,OK
plastic_nut,plastic_nut/OK/S0035/plastic_nut_0035_OK_C1_20230930124720.jpg,plastic_nut::plastic_nut_0035_OK,1,source_fit,OK
plastic_nut,plastic_nut/OK/S0035/plastic_nut_0035_OK_C2_20230930124720.jpg,plastic_nut::plastic_nut_0035_OK,2,source_fit,OK
plastic_nut,plastic_nut/OK/S0035/plastic_nut_0035_OK_C3_20230930124720.jpg,plastic_nut::plastic_nut_0035_OK,3,source_fit,OK
plastic_nut,plastic_nut/OK/S0035/plastic_nut_0035_OK_C4_20230930124720.jpg,plastic_nut::plastic_nut_0035_OK,4,source_fit,OK
plastic_nut,plastic_nut/OK/S0035/plastic_nut_0035_OK_C5_20230930124720.jpg,plastic_nut::plastic_nut_0035_OK,5,source_fit,OK
plastic_nut,plastic_nut/OK/S0036/plastic_nut_0036_OK_C1_20230930124755.jpg,plastic_nut::plastic_nut_0036_OK,1,source_fit,OK
plastic_nut,plastic_nut/OK/S0036/plastic_nut_0036_OK_C2_20230930124755.jpg,plastic_nut::plastic_nut_0036_OK,2,source_fit,OK
plastic_nut,plastic_nut/OK/S0036/plastic_nut_0036_OK_C3_20230930124755.jpg,plastic_nut::plastic_nut_0036_OK,3,source_fit,OK
plastic_nut,plastic_nut/OK/S0036/plastic_nut_0036_OK_C4_20230930124755.jpg,plastic_nut::plastic_nut_0036_OK,4,source_fit,OK
plastic_nut,plastic_nut/OK/S0036/plastic_nut_0036_OK_C5_20230930124755.jpg,plastic_nut::plastic_nut_0036_OK,5,source_fit,OK
plastic_nut,plastic_nut/OK/S0042/plastic_nut_0042_OK_C1_20230930125314.jpg,plastic_nut::plastic_nut_0042_OK,1,source_fit,OK
plastic_nut,plastic_nut/OK/S0042/plastic_nut_0042_OK_C2_20230930125314.jpg,plastic_nut::plastic_nut_0042_OK,2,source_fit,OK
plastic_nut,plastic_nut/OK/S0042/plastic_nut_0042_OK_C3_20230930125314.jpg,plastic_nut::plastic_nut_0042_OK,3,source_fit,OK
plastic_nut,plastic_nut/OK/S0042/plastic_nut_0042_OK_C4_20230930125314.jpg,plastic_nut::plastic_nut_0042_OK,4,source_fit,OK
plastic_nut,plastic_nut/OK/S0042/plastic_nut_0042_OK_C5_20230930125314.jpg,plastic_nut::plastic_nut_0042_OK,5,source_fit,OK
plastic_nut,plastic_nut/OK/S0044/plastic_nut_0044_OK_C1_20230930125403.jpg,plastic_nut::plastic_nut_0044_OK,1,source_fit,OK
plastic_nut,plastic_nut/OK/S0044/plastic_nut_0044_OK_C2_20230930125403.jpg,plastic_nut::plastic_nut_0044_OK,2,source_fit,OK
plastic_nut,plastic_nut/OK/S0044/plastic_nut_0044_OK_C3_20230930125403.jpg,plastic_nut::plastic_nut_0044_OK,3,source_fit,OK
plastic_nut,plastic_nut/OK/S0044/plastic_nut_0044_OK_C4_20230930125403.jpg,plastic_nut::plastic_nut_0044_OK,4,source_fit,OK
plastic_nut,plastic_nut/OK/S0044/plastic_nut_0044_OK_C5_20230930125403.jpg,plastic_nut::plastic_nut_0044_OK,5,source_fit,OK
plastic_nut,plastic_nut/OK/S0047/plastic_nut_0047_OK_C1_20230930125625.jpg,plastic_nut::plastic_nut_0047_OK,1,source_fit,OK
plastic_nut,plastic_nut/OK/S0047/plastic_nut_0047_OK_C2_20230930125625.jpg,plastic_nut::plastic_nut_0047_OK,2,source_fit,OK
plastic_nut,plastic_nut/OK/S0047/plastic_nut_0047_OK_C3_20230930125625.jpg,plastic_nut::plastic_nut_0047_OK,3,source_fit,OK
plastic_nut,plastic_nut/OK/S0047/plastic_nut_0047_OK_C4_20230930125625.jpg,plastic_nut::plastic_nut_0047_OK,4,source_fit,OK
plastic_nut,plastic_nut/OK/S0047/plastic_nut_0047_OK_C5_20230930125625.jpg,plastic_nut::plastic_nut_0047_OK,5,source_fit,OK
plastic_nut,plastic_nut/OK/S0048/plastic_nut_0048_OK_C1_20230930125756.jpg,plastic_nut::plastic_nut_0048_OK,1,source_fit,OK
plastic_nut,plastic_nut/OK/S0048/plastic_nut_0048_OK_C2_20230930125756.jpg,plastic_nut::plastic_nut_0048_OK,2,source_fit,OK
plastic_nut,plastic_nut/OK/S0048/plastic_nut_0048_OK_C3_20230930125756.jpg,plastic_nut::plastic_nut_0048_OK,3,source_fit,OK
plastic_nut,plastic_nut/OK/S0048/plastic_nut_0048_OK_C4_20230930125756.jpg,plastic_nut::plastic_nut_0048_OK,4,source_fit,OK
plastic_nut,plastic_nut/OK/S0048/plastic_nut_0048_OK_C5_20230930125756.jpg,plastic_nut::plastic_nut_0048_OK,5,source_fit,OK
plastic_nut,plastic_nut/OK/S0053/plastic_nut_0053_OK_C1_20230930130206.jpg,plastic_nut::plastic_nut_0053_OK,1,source_fit,OK
plastic_nut,plastic_nut/OK/S0053/plastic_nut_0053_OK_C2_20230930130206.jpg,plastic_nut::plastic_nut_0053_OK,2,source_fit,OK
plastic_nut,plastic_nut/OK/S0053/plastic_nut_0053_OK_C3_20230930130206.jpg,plastic_nut::plastic_nut_0053_OK,3,source_fit,OK
plastic_nut,plastic_nut/OK/S0053/plastic_nut_0053_OK_C4_20230930130206.jpg,plastic_nut::plastic_nut_0053_OK,4,source_fit,OK
plastic_nut,plastic_nut/OK/S0053/plastic_nut_0053_OK_C5_20230930130206.jpg,plastic_nut::plastic_nut_0053_OK,5,source_fit,OK
plastic_nut,plastic_nut/OK/S0054/plastic_nut_0054_OK_C1_20230930130233.jpg,plastic_nut::plastic_nut_0054_OK,1,source_fit,OK
plastic_nut,plastic_nut/OK/S0054/plastic_nut_0054_OK_C2_20230930130233.jpg,plastic_nut::plastic_nut_0054_OK,2,source_fit,OK
plastic_nut,plastic_nut/OK/S0054/plastic_nut_0054_OK_C3_20230930130233.jpg,plastic_nut::plastic_nut_0054_OK,3,source_fit,OK
plastic_nut,plastic_nut/OK/S0054/plastic_nut_0054_OK_C4_20230930130233.jpg,plastic_nut::plastic_nut_0054_OK,4,source_fit,OK
plastic_nut,plastic_nut/OK/S0054/plastic_nut_0054_OK_C5_20230930130233.jpg,plastic_nut::plastic_nut_0054_OK,5,source_fit,OK
plastic_nut,plastic_nut/OK/S0055/plastic_nut_0055_OK_C1_20230930130341.jpg,plastic_nut::plastic_nut_0055_OK,1,source_fit,OK
plastic_nut,plastic_nut/OK/S0055/plastic_nut_0055_OK_C2_20230930130341.jpg,plastic_nut::plastic_nut_0055_OK,2,source_fit,OK
plastic_nut,plastic_nut/OK/S0055/plastic_nut_0055_OK_C3_20230930130341.jpg,plastic_nut::plastic_nut_0055_OK,3,source_fit,OK
plastic_nut,plastic_nut/OK/S0055/plastic_nut_0055_OK_C4_20230930130341.jpg,plastic_nut::plastic_nut_0055_OK,4,source_fit,OK
plastic_nut,plastic_nut/OK/S0055/plastic_nut_0055_OK_C5_20230930130341.jpg,plastic_nut::plastic_nut_0055_OK,5,source_fit,OK
plastic_nut,plastic_nut/OK/S0058/plastic_nut_0058_OK_C1_20230930130416.jpg,plastic_nut::plastic_nut_0058_OK,1,source_fit,OK
plastic_nut,plastic_nut/OK/S0058/plastic_nut_0058_OK_C2_20230930130416.jpg,plastic_nut::plastic_nut_0058_OK,2,source_fit,OK
plastic_nut,plastic_nut/OK/S0058/plastic_nut_0058_OK_C3_20230930130416.jpg,plastic_nut::plastic_nut_0058_OK,3,source_fit,OK
plastic_nut,plastic_nut/OK/S0058/plastic_nut_0058_OK_C4_20230930130416.jpg,plastic_nut::plastic_nut_0058_OK,4,source_fit,OK
plastic_nut,plastic_nut/OK/S0058/plastic_nut_0058_OK_C5_20230930130416.jpg,plastic_nut::plastic_nut_0058_OK,5,source_fit,OK
plastic_nut,plastic_nut/OK/S0061/plastic_nut_0061_OK_C1_20230930130524.jpg,plastic_nut::plastic_nut_0061_OK,1,source_fit,OK
plastic_nut,plastic_nut/OK/S0061/plastic_nut_0061_OK_C2_20230930130524.jpg,plastic_nut::plastic_nut_0061_OK,2,source_fit,OK
plastic_nut,plastic_nut/OK/S0061/plastic_nut_0061_OK_C3_20230930130524.jpg,plastic_nut::plastic_nut_0061_OK,3,source_fit,OK
plastic_nut,plastic_nut/OK/S0061/plastic_nut_0061_OK_C4_20230930130524.jpg,plastic_nut::plastic_nut_0061_OK,4,source_fit,OK
plastic_nut,plastic_nut/OK/S0061/plastic_nut_0061_OK_C5_20230930130524.jpg,plastic_nut::plastic_nut_0061_OK,5,source_fit,OK
plastic_nut,plastic_nut/OK/S0069/plastic_nut_0069_OK_C1_20230930131115.jpg,plastic_nut::plastic_nut_0069_OK,1,source_fit,OK
plastic_nut,plastic_nut/OK/S0069/plastic_nut_0069_OK_C2_20230930131115.jpg,plastic_nut::plastic_nut_0069_OK,2,source_fit,OK
plastic_nut,plastic_nut/OK/S0069/plastic_nut_0069_OK_C3_20230930131115.jpg,plastic_nut::plastic_nut_0069_OK,3,source_fit,OK
plastic_nut,plastic_nut/OK/S0069/plastic_nut_0069_OK_C4_20230930131115.jpg,plastic_nut::plastic_nut_0069_OK,4,source_fit,OK
plastic_nut,plastic_nut/OK/S0069/plastic_nut_0069_OK_C5_20230930131115.jpg,plastic_nut::plastic_nut_0069_OK,5,source_fit,OK
plastic_nut,plastic_nut/OK/S0077/plastic_nut_0077_OK_C1_20230930131355.jpg,plastic_nut::plastic_nut_0077_OK,1,source_fit,OK
plastic_nut,plastic_nut/OK/S0077/plastic_nut_0077_OK_C2_20230930131355.jpg,plastic_nut::plastic_nut_0077_OK,2,source_fit,OK
plastic_nut,plastic_nut/OK/S0077/plastic_nut_0077_OK_C3_20230930131355.jpg,plastic_nut::plastic_nut_0077_OK,3,source_fit,OK
plastic_nut,plastic_nut/OK/S0077/plastic_nut_0077_OK_C4_20230930131355.jpg,plastic_nut::plastic_nut_0077_OK,4,source_fit,OK
plastic_nut,plastic_nut/OK/S0077/plastic_nut_0077_OK_C5_20230930131355.jpg,plastic_nut::plastic_nut_0077_OK,5,source_fit,OK
plastic_nut,plastic_nut/OK/S0078/plastic_nut_0078_OK_C1_20230930131416.jpg,plastic_nut::plastic_nut_0078_OK,1,source_fit,OK
plastic_nut,plastic_nut/OK/S0078/plastic_nut_0078_OK_C2_20230930131416.jpg,plastic_nut::plastic_nut_0078_OK,2,source_fit,OK
plastic_nut,plastic_nut/OK/S0078/plastic_nut_0078_OK_C3_20230930131416.jpg,plastic_nut::plastic_nut_0078_OK,3,source_fit,OK
plastic_nut,plastic_nut/OK/S0078/plastic_nut_0078_OK_C4_20230930131416.jpg,plastic_nut::plastic_nut_0078_OK,4,source_fit,OK
plastic_nut,plastic_nut/OK/S0078/plastic_nut_0078_OK_C5_20230930131416.jpg,plastic_nut::plastic_nut_0078_OK,5,source_fit,OK
plastic_nut,plastic_nut/OK/S0080/plastic_nut_0080_OK_C1_20230930131605.jpg,plastic_nut::plastic_nut_0080_OK,1,source_fit,OK
plastic_nut,plastic_nut/OK/S0080/plastic_nut_0080_OK_C2_20230930131605.jpg,plastic_nut::plastic_nut_0080_OK,2,source_fit,OK
plastic_nut,plastic_nut/OK/S0080/plastic_nut_0080_OK_C3_20230930131605.jpg,plastic_nut::plastic_nut_0080_OK,3,source_fit,OK
plastic_nut,plastic_nut/OK/S0080/plastic_nut_0080_OK_C4_20230930131605.jpg,plastic_nut::plastic_nut_0080_OK,4,source_fit,OK
plastic_nut,plastic_nut/OK/S0080/plastic_nut_0080_OK_C5_20230930131605.jpg,plastic_nut::plastic_nut_0080_OK,5,source_fit,OK
plastic_nut,plastic_nut/OK/S0082/plastic_nut_0082_OK_C1_20230930131701.jpg,plastic_nut::plastic_nut_0082_OK,1,source_fit,OK
plastic_nut,plastic_nut/OK/S0082/plastic_nut_0082_OK_C2_20230930131701.jpg,plastic_nut::plastic_nut_0082_OK,2,source_fit,OK
plastic_nut,plastic_nut/OK/S0082/plastic_nut_0082_OK_C3_20230930131701.jpg,plastic_nut::plastic_nut_0082_OK,3,source_fit,OK
plastic_nut,plastic_nut/OK/S0082/plastic_nut_0082_OK_C4_20230930131701.jpg,plastic_nut::plastic_nut_0082_OK,4,source_fit,OK
plastic_nut,plastic_nut/OK/S0082/plastic_nut_0082_OK_C5_20230930131701.jpg,plastic_nut::plastic_nut_0082_OK,5,source_fit,OK
plastic_nut,plastic_nut/OK/S0083/plastic_nut_0083_OK_C1_20230930131723.jpg,plastic_nut::plastic_nut_0083_OK,1,source_fit,OK
plastic_nut,plastic_nut/OK/S0083/plastic_nut_0083_OK_C2_20230930131723.jpg,plastic_nut::plastic_nut_0083_OK,2,source_fit,OK
plastic_nut,plastic_nut/OK/S0083/plastic_nut_0083_OK_C3_20230930131723.jpg,plastic_nut::plastic_nut_0083_OK,3,source_fit,OK
plastic_nut,plastic_nut/OK/S0083/plastic_nut_0083_OK_C4_20230930131723.jpg,plastic_nut::plastic_nut_0083_OK,4,source_fit,OK
plastic_nut,plastic_nut/OK/S0083/plastic_nut_0083_OK_C5_20230930131723.jpg,plastic_nut::plastic_nut_0083_OK,5,source_fit,OK
plastic_nut,plastic_nut/OK/S0084/plastic_nut_0084_OK_C1_20230930131753.jpg,plastic_nut::plastic_nut_0084_OK,1,source_fit,OK
plastic_nut,plastic_nut/OK/S0084/plastic_nut_0084_OK_C2_20230930131753.jpg,plastic_nut::plastic_nut_0084_OK,2,source_fit,OK
plastic_nut,plastic_nut/OK/S0084/plastic_nut_0084_OK_C3_20230930131753.jpg,plastic_nut::plastic_nut_0084_OK,3,source_fit,OK
plastic_nut,plastic_nut/OK/S0084/plastic_nut_0084_OK_C4_20230930131753.jpg,plastic_nut::plastic_nut_0084_OK,4,source_fit,OK
plastic_nut,plastic_nut/OK/S0084/plastic_nut_0084_OK_C5_20230930131753.jpg,plastic_nut::plastic_nut_0084_OK,5,source_fit,OK
plastic_nut,plastic_nut/OK/S0085/plastic_nut_0085_OK_C1_20230930131823.jpg,plastic_nut::plastic_nut_0085_OK,1,source_fit,OK
plastic_nut,plastic_nut/OK/S0085/plastic_nut_0085_OK_C2_20230930131823.jpg,plastic_nut::plastic_nut_0085_OK,2,source_fit,OK
plastic_nut,plastic_nut/OK/S0085/plastic_nut_0085_OK_C3_20230930131823.jpg,plastic_nut::plastic_nut_0085_OK,3,source_fit,OK
plastic_nut,plastic_nut/OK/S0085/plastic_nut_0085_OK_C4_20230930131823.jpg,plastic_nut::plastic_nut_0085_OK,4,source_fit,OK
plastic_nut,plastic_nut/OK/S0085/plastic_nut_0085_OK_C5_20230930131823.jpg,plastic_nut::plastic_nut_0085_OK,5,source_fit,OK
plastic_nut,plastic_nut/OK/S0087/plastic_nut_0087_OK_C1_20230930132004.jpg,plastic_nut::plastic_nut_0087_OK,1,source_fit,OK
plastic_nut,plastic_nut/OK/S0087/plastic_nut_0087_OK_C2_20230930132004.jpg,plastic_nut::plastic_nut_0087_OK,2,source_fit,OK
plastic_nut,plastic_nut/OK/S0087/plastic_nut_0087_OK_C3_20230930132004.jpg,plastic_nut::plastic_nut_0087_OK,3,source_fit,OK
plastic_nut,plastic_nut/OK/S0087/plastic_nut_0087_OK_C4_20230930132004.jpg,plastic_nut::plastic_nut_0087_OK,4,source_fit,OK
plastic_nut,plastic_nut/OK/S0087/plastic_nut_0087_OK_C5_20230930132004.jpg,plastic_nut::plastic_nut_0087_OK,5,source_fit,OK
plastic_nut,plastic_nut/OK/S0090/plastic_nut_0090_OK_C1_20230930132057.jpg,plastic_nut::plastic_nut_0090_OK,1,source_fit,OK
plastic_nut,plastic_nut/OK/S0090/plastic_nut_0090_OK_C2_20230930132057.jpg,plastic_nut::plastic_nut_0090_OK,2,source_fit,OK
plastic_nut,plastic_nut/OK/S0090/plastic_nut_0090_OK_C3_20230930132057.jpg,plastic_nut::plastic_nut_0090_OK,3,source_fit,OK
plastic_nut,plastic_nut/OK/S0090/plastic_nut_0090_OK_C4_20230930132057.jpg,plastic_nut::plastic_nut_0090_OK,4,source_fit,OK
plastic_nut,plastic_nut/OK/S0090/plastic_nut_0090_OK_C5_20230930132057.jpg,plastic_nut::plastic_nut_0090_OK,5,source_fit,OK
plastic_nut,plastic_nut/OK/S0092/plastic_nut_0092_OK_C1_20230930132137.jpg,plastic_nut::plastic_nut_0092_OK,1,source_fit,OK
plastic_nut,plastic_nut/OK/S0092/plastic_nut_0092_OK_C2_20230930132137.jpg,plastic_nut::plastic_nut_0092_OK,2,source_fit,OK
plastic_nut,plastic_nut/OK/S0092/plastic_nut_0092_OK_C3_20230930132137.jpg,plastic_nut::plastic_nut_0092_OK,3,source_fit,OK
plastic_nut,plastic_nut/OK/S0092/plastic_nut_0092_OK_C4_20230930132137.jpg,plastic_nut::plastic_nut_0092_OK,4,source_fit,OK
plastic_nut,plastic_nut/OK/S0092/plastic_nut_0092_OK_C5_20230930132137.jpg,plastic_nut::plastic_nut_0092_OK,5,source_fit,OK
plastic_nut,plastic_nut/OK/S0093/plastic_nut_0093_OK_C1_20230930132202.jpg,plastic_nut::plastic_nut_0093_OK,1,source_fit,OK
plastic_nut,plastic_nut/OK/S0093/plastic_nut_0093_OK_C2_20230930132202.jpg,plastic_nut::plastic_nut_0093_OK,2,source_fit,OK
plastic_nut,plastic_nut/OK/S0093/plastic_nut_0093_OK_C3_20230930132202.jpg,plastic_nut::plastic_nut_0093_OK,3,source_fit,OK
plastic_nut,plastic_nut/OK/S0093/plastic_nut_0093_OK_C4_20230930132202.jpg,plastic_nut::plastic_nut_0093_OK,4,source_fit,OK
plastic_nut,plastic_nut/OK/S0093/plastic_nut_0093_OK_C5_20230930132202.jpg,plastic_nut::plastic_nut_0093_OK,5,source_fit,OK
plastic_nut,plastic_nut/OK/S0097/plastic_nut_0097_OK_C1_20230930132438.jpg,plastic_nut::plastic_nut_0097_OK,1,source_fit,OK
plastic_nut,plastic_nut/OK/S0097/plastic_nut_0097_OK_C2_20230930132438.jpg,plastic_nut::plastic_nut_0097_OK,2,source_fit,OK
plastic_nut,plastic_nut/OK/S0097/plastic_nut_0097_OK_C3_20230930132438.jpg,plastic_nut::plastic_nut_0097_OK,3,source_fit,OK
plastic_nut,plastic_nut/OK/S0097/plastic_nut_0097_OK_C4_20230930132438.jpg,plastic_nut::plastic_nut_0097_OK,4,source_fit,OK
plastic_nut,plastic_nut/OK/S0097/plastic_nut_0097_OK_C5_20230930132438.jpg,plastic_nut::plastic_nut_0097_OK,5,source_fit,OK
plastic_nut,plastic_nut/OK/S0098/plastic_nut_0098_OK_C1_20230930132459.jpg,plastic_nut::plastic_nut_0098_OK,1,source_fit,OK
plastic_nut,plastic_nut/OK/S0098/plastic_nut_0098_OK_C2_20230930132459.jpg,plastic_nut::plastic_nut_0098_OK,2,source_fit,OK
plastic_nut,plastic_nut/OK/S0098/plastic_nut_0098_OK_C3_20230930132459.jpg,plastic_nut::plastic_nut_0098_OK,3,source_fit,OK
plastic_nut,plastic_nut/OK/S0098/plastic_nut_0098_OK_C4_20230930132459.jpg,plastic_nut::plastic_nut_0098_OK,4,source_fit,OK
plastic_nut,plastic_nut/OK/S0098/plastic_nut_0098_OK_C5_20230930132459.jpg,plastic_nut::plastic_nut_0098_OK,5,source_fit,OK
plastic_nut,plastic_nut/OK/S0100/plastic_nut_0100_OK_C1_20230930132609.jpg,plastic_nut::plastic_nut_0100_OK,1,source_fit,OK
plastic_nut,plastic_nut/OK/S0100/plastic_nut_0100_OK_C2_20230930132609.jpg,plastic_nut::plastic_nut_0100_OK,2,source_fit,OK
plastic_nut,plastic_nut/OK/S0100/plastic_nut_0100_OK_C3_20230930132609.jpg,plastic_nut::plastic_nut_0100_OK,3,source_fit,OK
plastic_nut,plastic_nut/OK/S0100/plastic_nut_0100_OK_C4_20230930132609.jpg,plastic_nut::plastic_nut_0100_OK,4,source_fit,OK
plastic_nut,plastic_nut/OK/S0100/plastic_nut_0100_OK_C5_20230930132609.jpg,plastic_nut::plastic_nut_0100_OK,5,source_fit,OK
plastic_nut,plastic_nut/OK/S0102/plastic_nut_0102_OK_C1_20230930132716.jpg,plastic_nut::plastic_nut_0102_OK,1,source_fit,OK
plastic_nut,plastic_nut/OK/S0102/plastic_nut_0102_OK_C2_20230930132716.jpg,plastic_nut::plastic_nut_0102_OK,2,source_fit,OK
plastic_nut,plastic_nut/OK/S0102/plastic_nut_0102_OK_C3_20230930132716.jpg,plastic_nut::plastic_nut_0102_OK,3,source_fit,OK
plastic_nut,plastic_nut/OK/S0102/plastic_nut_0102_OK_C4_20230930132716.jpg,plastic_nut::plastic_nut_0102_OK,4,source_fit,OK
plastic_nut,plastic_nut/OK/S0102/plastic_nut_0102_OK_C5_20230930132716.jpg,plastic_nut::plastic_nut_0102_OK,5,source_fit,OK
plastic_nut,plastic_nut/OK/S0113/plastic_nut_0113_OK_C1_20230930133220.jpg,plastic_nut::plastic_nut_0113_OK,1,source_fit,OK
plastic_nut,plastic_nut/OK/S0113/plastic_nut_0113_OK_C2_20230930133220.jpg,plastic_nut::plastic_nut_0113_OK,2,source_fit,OK
plastic_nut,plastic_nut/OK/S0113/plastic_nut_0113_OK_C3_20230930133220.jpg,plastic_nut::plastic_nut_0113_OK,3,source_fit,OK
plastic_nut,plastic_nut/OK/S0113/plastic_nut_0113_OK_C4_20230930133220.jpg,plastic_nut::plastic_nut_0113_OK,4,source_fit,OK
plastic_nut,plastic_nut/OK/S0113/plastic_nut_0113_OK_C5_20230930133220.jpg,plastic_nut::plastic_nut_0113_OK,5,source_fit,OK
plastic_nut,plastic_nut/OK/S0117/plastic_nut_0117_OK_C1_20230930133456.jpg,plastic_nut::plastic_nut_0117_OK,1,source_fit,OK
plastic_nut,plastic_nut/OK/S0117/plastic_nut_0117_OK_C2_20230930133456.jpg,plastic_nut::plastic_nut_0117_OK,2,source_fit,OK
plastic_nut,plastic_nut/OK/S0117/plastic_nut_0117_OK_C3_20230930133456.jpg,plastic_nut::plastic_nut_0117_OK,3,source_fit,OK
plastic_nut,plastic_nut/OK/S0117/plastic_nut_0117_OK_C4_20230930133456.jpg,plastic_nut::plastic_nut_0117_OK,4,source_fit,OK
plastic_nut,plastic_nut/OK/S0117/plastic_nut_0117_OK_C5_20230930133456.jpg,plastic_nut::plastic_nut_0117_OK,5,source_fit,OK
plastic_nut,plastic_nut/OK/S0119/plastic_nut_0119_OK_C1_20230930133536.jpg,plastic_nut::plastic_nut_0119_OK,1,source_fit,OK
plastic_nut,plastic_nut/OK/S0119/plastic_nut_0119_OK_C2_20230930133536.jpg,plastic_nut::plastic_nut_0119_OK,2,source_fit,OK
plastic_nut,plastic_nut/OK/S0119/plastic_nut_0119_OK_C3_20230930133536.jpg,plastic_nut::plastic_nut_0119_OK,3,source_fit,OK
plastic_nut,plastic_nut/OK/S0119/plastic_nut_0119_OK_C4_20230930133536.jpg,plastic_nut::plastic_nut_0119_OK,4,source_fit,OK
plastic_nut,plastic_nut/OK/S0119/plastic_nut_0119_OK_C5_20230930133536.jpg,plastic_nut::plastic_nut_0119_OK,5,source_fit,OK
plastic_nut,plastic_nut/OK/S0123/plastic_nut_0123_OK_C1_20230930133746.jpg,plastic_nut::plastic_nut_0123_OK,1,source_fit,OK
plastic_nut,plastic_nut/OK/S0123/plastic_nut_0123_OK_C2_20230930133746.jpg,plastic_nut::plastic_nut_0123_OK,2,source_fit,OK
plastic_nut,plastic_nut/OK/S0123/plastic_nut_0123_OK_C3_20230930133746.jpg,plastic_nut::plastic_nut_0123_OK,3,source_fit,OK
plastic_nut,plastic_nut/OK/S0123/plastic_nut_0123_OK_C4_20230930133746.jpg,plastic_nut::plastic_nut_0123_OK,4,source_fit,OK
plastic_nut,plastic_nut/OK/S0123/plastic_nut_0123_OK_C5_20230930133746.jpg,plastic_nut::plastic_nut_0123_OK,5,source_fit,OK
plastic_nut,plastic_nut/OK/S0134/plastic_nut_0134_OK_C1_20230930134129.jpg,plastic_nut::plastic_nut_0134_OK,1,source_fit,OK
plastic_nut,plastic_nut/OK/S0134/plastic_nut_0134_OK_C2_20230930134129.jpg,plastic_nut::plastic_nut_0134_OK,2,source_fit,OK
plastic_nut,plastic_nut/OK/S0134/plastic_nut_0134_OK_C3_20230930134129.jpg,plastic_nut::plastic_nut_0134_OK,3,source_fit,OK
plastic_nut,plastic_nut/OK/S0134/plastic_nut_0134_OK_C4_20230930134129.jpg,plastic_nut::plastic_nut_0134_OK,4,source_fit,OK
plastic_nut,plastic_nut/OK/S0134/plastic_nut_0134_OK_C5_20230930134129.jpg,plastic_nut::plastic_nut_0134_OK,5,source_fit,OK
plastic_nut,plastic_nut/OK/S0136/plastic_nut_0136_OK_C1_20230930134207.jpg,plastic_nut::plastic_nut_0136_OK,1,source_fit,OK
plastic_nut,plastic_nut/OK/S0136/plastic_nut_0136_OK_C2_20230930134207.jpg,plastic_nut::plastic_nut_0136_OK,2,source_fit,OK
plastic_nut,plastic_nut/OK/S0136/plastic_nut_0136_OK_C3_20230930134207.jpg,plastic_nut::plastic_nut_0136_OK,3,source_fit,OK
plastic_nut,plastic_nut/OK/S0136/plastic_nut_0136_OK_C4_20230930134207.jpg,plastic_nut::plastic_nut_0136_OK,4,source_fit,OK
plastic_nut,plastic_nut/OK/S0136/plastic_nut_0136_OK_C5_20230930134207.jpg,plastic_nut::plastic_nut_0136_OK,5,source_fit,OK
plastic_nut,plastic_nut/OK/S0137/plastic_nut_0137_OK_C1_20230930134305.jpg,plastic_nut::plastic_nut_0137_OK,1,source_fit,OK
plastic_nut,plastic_nut/OK/S0137/plastic_nut_0137_OK_C2_20230930134305.jpg,plastic_nut::plastic_nut_0137_OK,2,source_fit,OK
plastic_nut,plastic_nut/OK/S0137/plastic_nut_0137_OK_C3_20230930134305.jpg,plastic_nut::plastic_nut_0137_OK,3,source_fit,OK
plastic_nut,plastic_nut/OK/S0137/plastic_nut_0137_OK_C4_20230930134305.jpg,plastic_nut::plastic_nut_0137_OK,4,source_fit,OK
plastic_nut,plastic_nut/OK/S0137/plastic_nut_0137_OK_C5_20230930134305.jpg,plastic_nut::plastic_nut_0137_OK,5,source_fit,OK
plastic_nut,plastic_nut/OK/S0142/plastic_nut_0142_OK_C1_20230930134503.jpg,plastic_nut::plastic_nut_0142_OK,1,source_fit,OK
plastic_nut,plastic_nut/OK/S0142/plastic_nut_0142_OK_C2_20230930134503.jpg,plastic_nut::plastic_nut_0142_OK,2,source_fit,OK
plastic_nut,plastic_nut/OK/S0142/plastic_nut_0142_OK_C3_20230930134503.jpg,plastic_nut::plastic_nut_0142_OK,3,source_fit,OK
plastic_nut,plastic_nut/OK/S0142/plastic_nut_0142_OK_C4_20230930134503.jpg,plastic_nut::plastic_nut_0142_OK,4,source_fit,OK
plastic_nut,plastic_nut/OK/S0142/plastic_nut_0142_OK_C5_20230930134503.jpg,plastic_nut::plastic_nut_0142_OK,5,source_fit,OK
plastic_nut,plastic_nut/OK/S0145/plastic_nut_0145_OK_C1_20230930134641.jpg,plastic_nut::plastic_nut_0145_OK,1,source_fit,OK
plastic_nut,plastic_nut/OK/S0145/plastic_nut_0145_OK_C2_20230930134641.jpg,plastic_nut::plastic_nut_0145_OK,2,source_fit,OK
plastic_nut,plastic_nut/OK/S0145/plastic_nut_0145_OK_C3_20230930134641.jpg,plastic_nut::plastic_nut_0145_OK,3,source_fit,OK
plastic_nut,plastic_nut/OK/S0145/plastic_nut_0145_OK_C4_20230930134641.jpg,plastic_nut::plastic_nut_0145_OK,4,source_fit,OK
plastic_nut,plastic_nut/OK/S0145/plastic_nut_0145_OK_C5_20230930134641.jpg,plastic_nut::plastic_nut_0145_OK,5,source_fit,OK
plastic_nut,plastic_nut/OK/S0150/plastic_nut_0150_OK_C1_20230930134853.jpg,plastic_nut::plastic_nut_0150_OK,1,source_fit,OK
plastic_nut,plastic_nut/OK/S0150/plastic_nut_0150_OK_C2_20230930134853.jpg,plastic_nut::plastic_nut_0150_OK,2,source_fit,OK
plastic_nut,plastic_nut/OK/S0150/plastic_nut_0150_OK_C3_20230930134853.jpg,plastic_nut::plastic_nut_0150_OK,3,source_fit,OK
plastic_nut,plastic_nut/OK/S0150/plastic_nut_0150_OK_C4_20230930134853.jpg,plastic_nut::plastic_nut_0150_OK,4,source_fit,OK
plastic_nut,plastic_nut/OK/S0150/plastic_nut_0150_OK_C5_20230930134853.jpg,plastic_nut::plastic_nut_0150_OK,5,source_fit,OK
plastic_nut,plastic_nut/OK/S0152/plastic_nut_0152_OK_C1_20230930135047.jpg,plastic_nut::plastic_nut_0152_OK,1,source_fit,OK
plastic_nut,plastic_nut/OK/S0152/plastic_nut_0152_OK_C2_20230930135047.jpg,plastic_nut::plastic_nut_0152_OK,2,source_fit,OK
plastic_nut,plastic_nut/OK/S0152/plastic_nut_0152_OK_C3_20230930135047.jpg,plastic_nut::plastic_nut_0152_OK,3,source_fit,OK
plastic_nut,plastic_nut/OK/S0152/plastic_nut_0152_OK_C4_20230930135047.jpg,plastic_nut::plastic_nut_0152_OK,4,source_fit,OK
plastic_nut,plastic_nut/OK/S0152/plastic_nut_0152_OK_C5_20230930135047.jpg,plastic_nut::plastic_nut_0152_OK,5,source_fit,OK
plastic_nut,plastic_nut/OK/S0153/plastic_nut_0153_OK_C1_20230930135112.jpg,plastic_nut::plastic_nut_0153_OK,1,source_fit,OK
plastic_nut,plastic_nut/OK/S0153/plastic_nut_0153_OK_C2_20230930135112.jpg,plastic_nut::plastic_nut_0153_OK,2,source_fit,OK
plastic_nut,plastic_nut/OK/S0153/plastic_nut_0153_OK_C3_20230930135112.jpg,plastic_nut::plastic_nut_0153_OK,3,source_fit,OK
plastic_nut,plastic_nut/OK/S0153/plastic_nut_0153_OK_C4_20230930135112.jpg,plastic_nut::plastic_nut_0153_OK,4,source_fit,OK
plastic_nut,plastic_nut/OK/S0153/plastic_nut_0153_OK_C5_20230930135112.jpg,plastic_nut::plastic_nut_0153_OK,5,source_fit,OK
plastic_nut,plastic_nut/OK/S0154/plastic_nut_0154_OK_C1_20230930135150.jpg,plastic_nut::plastic_nut_0154_OK,1,source_fit,OK
plastic_nut,plastic_nut/OK/S0154/plastic_nut_0154_OK_C2_20230930135150.jpg,plastic_nut::plastic_nut_0154_OK,2,source_fit,OK
plastic_nut,plastic_nut/OK/S0154/plastic_nut_0154_OK_C3_20230930135150.jpg,plastic_nut::plastic_nut_0154_OK,3,source_fit,OK
plastic_nut,plastic_nut/OK/S0154/plastic_nut_0154_OK_C4_20230930135150.jpg,plastic_nut::plastic_nut_0154_OK,4,source_fit,OK
plastic_nut,plastic_nut/OK/S0154/plastic_nut_0154_OK_C5_20230930135150.jpg,plastic_nut::plastic_nut_0154_OK,5,source_fit,OK
plastic_nut,plastic_nut/OK/S0156/plastic_nut_0156_OK_C1_20230930135303.jpg,plastic_nut::plastic_nut_0156_OK,1,source_fit,OK
plastic_nut,plastic_nut/OK/S0156/plastic_nut_0156_OK_C2_20230930135303.jpg,plastic_nut::plastic_nut_0156_OK,2,source_fit,OK
plastic_nut,plastic_nut/OK/S0156/plastic_nut_0156_OK_C3_20230930135303.jpg,plastic_nut::plastic_nut_0156_OK,3,source_fit,OK
plastic_nut,plastic_nut/OK/S0156/plastic_nut_0156_OK_C4_20230930135303.jpg,plastic_nut::plastic_nut_0156_OK,4,source_fit,OK
plastic_nut,plastic_nut/OK/S0156/plastic_nut_0156_OK_C5_20230930135303.jpg,plastic_nut::plastic_nut_0156_OK,5,source_fit,OK
plastic_nut,plastic_nut/OK/S0157/plastic_nut_0157_OK_C1_20230930135403.jpg,plastic_nut::plastic_nut_0157_OK,1,source_fit,OK
plastic_nut,plastic_nut/OK/S0157/plastic_nut_0157_OK_C2_20230930135403.jpg,plastic_nut::plastic_nut_0157_OK,2,source_fit,OK
plastic_nut,plastic_nut/OK/S0157/plastic_nut_0157_OK_C3_20230930135403.jpg,plastic_nut::plastic_nut_0157_OK,3,source_fit,OK
plastic_nut,plastic_nut/OK/S0157/plastic_nut_0157_OK_C4_20230930135403.jpg,plastic_nut::plastic_nut_0157_OK,4,source_fit,OK
plastic_nut,plastic_nut/OK/S0157/plastic_nut_0157_OK_C5_20230930135403.jpg,plastic_nut::plastic_nut_0157_OK,5,source_fit,OK
plastic_nut,plastic_nut/OK/S0160/plastic_nut_0160_OK_C1_20230930135440.jpg,plastic_nut::plastic_nut_0160_OK,1,source_fit,OK
plastic_nut,plastic_nut/OK/S0160/plastic_nut_0160_OK_C2_20230930135440.jpg,plastic_nut::plastic_nut_0160_OK,2,source_fit,OK
plastic_nut,plastic_nut/OK/S0160/plastic_nut_0160_OK_C3_20230930135440.jpg,plastic_nut::plastic_nut_0160_OK,3,source_fit,OK
plastic_nut,plastic_nut/OK/S0160/plastic_nut_0160_OK_C4_20230930135440.jpg,plastic_nut::plastic_nut_0160_OK,4,source_fit,OK
plastic_nut,plastic_nut/OK/S0160/plastic_nut_0160_OK_C5_20230930135440.jpg,plastic_nut::plastic_nut_0160_OK,5,source_fit,OK
plastic_nut,plastic_nut/OK/S0162/plastic_nut_0162_OK_C1_20230930135627.jpg,plastic_nut::plastic_nut_0162_OK,1,source_fit,OK
plastic_nut,plastic_nut/OK/S0162/plastic_nut_0162_OK_C2_20230930135627.jpg,plastic_nut::plastic_nut_0162_OK,2,source_fit,OK
plastic_nut,plastic_nut/OK/S0162/plastic_nut_0162_OK_C3_20230930135627.jpg,plastic_nut::plastic_nut_0162_OK,3,source_fit,OK
plastic_nut,plastic_nut/OK/S0162/plastic_nut_0162_OK_C4_20230930135627.jpg,plastic_nut::plastic_nut_0162_OK,4,source_fit,OK
plastic_nut,plastic_nut/OK/S0162/plastic_nut_0162_OK_C5_20230930135627.jpg,plastic_nut::plastic_nut_0162_OK,5,source_fit,OK
plastic_nut,plastic_nut/OK/S0163/plastic_nut_0163_OK_C1_20230930135712.jpg,plastic_nut::plastic_nut_0163_OK,1,source_fit,OK
plastic_nut,plastic_nut/OK/S0163/plastic_nut_0163_OK_C2_20230930135712.jpg,plastic_nut::plastic_nut_0163_OK,2,source_fit,OK
plastic_nut,plastic_nut/OK/S0163/plastic_nut_0163_OK_C3_20230930135712.jpg,plastic_nut::plastic_nut_0163_OK,3,source_fit,OK
plastic_nut,plastic_nut/OK/S0163/plastic_nut_0163_OK_C4_20230930135712.jpg,plastic_nut::plastic_nut_0163_OK,4,source_fit,OK
plastic_nut,plastic_nut/OK/S0163/plastic_nut_0163_OK_C5_20230930135712.jpg,plastic_nut::plastic_nut_0163_OK,5,source_fit,OK
plastic_nut,plastic_nut/OK/S0167/plastic_nut_0167_OK_C1_20230930135849.jpg,plastic_nut::plastic_nut_0167_OK,1,source_fit,OK
plastic_nut,plastic_nut/OK/S0167/plastic_nut_0167_OK_C2_20230930135849.jpg,plastic_nut::plastic_nut_0167_OK,2,source_fit,OK
plastic_nut,plastic_nut/OK/S0167/plastic_nut_0167_OK_C3_20230930135849.jpg,plastic_nut::plastic_nut_0167_OK,3,source_fit,OK
plastic_nut,plastic_nut/OK/S0167/plastic_nut_0167_OK_C4_20230930135849.jpg,plastic_nut::plastic_nut_0167_OK,4,source_fit,OK
plastic_nut,plastic_nut/OK/S0167/plastic_nut_0167_OK_C5_20230930135849.jpg,plastic_nut::plastic_nut_0167_OK,5,source_fit,OK
plastic_nut,plastic_nut/OK/S0168/plastic_nut_0168_OK_C1_20230930135900.jpg,plastic_nut::plastic_nut_0168_OK,1,source_fit,OK
plastic_nut,plastic_nut/OK/S0168/plastic_nut_0168_OK_C2_20230930135900.jpg,plastic_nut::plastic_nut_0168_OK,2,source_fit,OK
plastic_nut,plastic_nut/OK/S0168/plastic_nut_0168_OK_C3_20230930135900.jpg,plastic_nut::plastic_nut_0168_OK,3,source_fit,OK
plastic_nut,plastic_nut/OK/S0168/plastic_nut_0168_OK_C4_20230930135900.jpg,plastic_nut::plastic_nut_0168_OK,4,source_fit,OK
plastic_nut,plastic_nut/OK/S0168/plastic_nut_0168_OK_C5_20230930135900.jpg,plastic_nut::plastic_nut_0168_OK,5,source_fit,OK
plastic_nut,plastic_nut/OK/S0174/plastic_nut_0174_OK_C1_20230930140102.jpg,plastic_nut::plastic_nut_0174_OK,1,source_fit,OK
plastic_nut,plastic_nut/OK/S0174/plastic_nut_0174_OK_C2_20230930140102.jpg,plastic_nut::plastic_nut_0174_OK,2,source_fit,OK
plastic_nut,plastic_nut/OK/S0174/plastic_nut_0174_OK_C3_20230930140102.jpg,plastic_nut::plastic_nut_0174_OK,3,source_fit,OK
plastic_nut,plastic_nut/OK/S0174/plastic_nut_0174_OK_C4_20230930140102.jpg,plastic_nut::plastic_nut_0174_OK,4,source_fit,OK
plastic_nut,plastic_nut/OK/S0174/plastic_nut_0174_OK_C5_20230930140102.jpg,plastic_nut::plastic_nut_0174_OK,5,source_fit,OK
plastic_nut,plastic_nut/OK/S0175/plastic_nut_0175_OK_C1_20230930140113.jpg,plastic_nut::plastic_nut_0175_OK,1,source_fit,OK
plastic_nut,plastic_nut/OK/S0175/plastic_nut_0175_OK_C2_20230930140113.jpg,plastic_nut::plastic_nut_0175_OK,2,source_fit,OK
plastic_nut,plastic_nut/OK/S0175/plastic_nut_0175_OK_C3_20230930140113.jpg,plastic_nut::plastic_nut_0175_OK,3,source_fit,OK
plastic_nut,plastic_nut/OK/S0175/plastic_nut_0175_OK_C4_20230930140113.jpg,plastic_nut::plastic_nut_0175_OK,4,source_fit,OK
plastic_nut,plastic_nut/OK/S0175/plastic_nut_0175_OK_C5_20230930140113.jpg,plastic_nut::plastic_nut_0175_OK,5,source_fit,OK
plastic_nut,plastic_nut/OK/S0177/plastic_nut_0177_OK_C1_20230930140139.jpg,plastic_nut::plastic_nut_0177_OK,1,source_fit,OK
plastic_nut,plastic_nut/OK/S0177/plastic_nut_0177_OK_C2_20230930140139.jpg,plastic_nut::plastic_nut_0177_OK,2,source_fit,OK
plastic_nut,plastic_nut/OK/S0177/plastic_nut_0177_OK_C3_20230930140139.jpg,plastic_nut::plastic_nut_0177_OK,3,source_fit,OK
plastic_nut,plastic_nut/OK/S0177/plastic_nut_0177_OK_C4_20230930140139.jpg,plastic_nut::plastic_nut_0177_OK,4,source_fit,OK
plastic_nut,plastic_nut/OK/S0177/plastic_nut_0177_OK_C5_20230930140139.jpg,plastic_nut::plastic_nut_0177_OK,5,source_fit,OK
plastic_nut,plastic_nut/OK/S0179/plastic_nut_0179_OK_C1_20230930140241.jpg,plastic_nut::plastic_nut_0179_OK,1,source_fit,OK
plastic_nut,plastic_nut/OK/S0179/plastic_nut_0179_OK_C2_20230930140241.jpg,plastic_nut::plastic_nut_0179_OK,2,source_fit,OK
plastic_nut,plastic_nut/OK/S0179/plastic_nut_0179_OK_C3_20230930140241.jpg,plastic_nut::plastic_nut_0179_OK,3,source_fit,OK
plastic_nut,plastic_nut/OK/S0179/plastic_nut_0179_OK_C4_20230930140241.jpg,plastic_nut::plastic_nut_0179_OK,4,source_fit,OK
plastic_nut,plastic_nut/OK/S0179/plastic_nut_0179_OK_C5_20230930140241.jpg,plastic_nut::plastic_nut_0179_OK,5,source_fit,OK
plastic_nut,plastic_nut/OK/S0181/plastic_nut_0181_OK_C1_20230930140346.jpg,plastic_nut::plastic_nut_0181_OK,1,source_fit,OK
plastic_nut,plastic_nut/OK/S0181/plastic_nut_0181_OK_C2_20230930140346.jpg,plastic_nut::plastic_nut_0181_OK,2,source_fit,OK
plastic_nut,plastic_nut/OK/S0181/plastic_nut_0181_OK_C3_20230930140346.jpg,plastic_nut::plastic_nut_0181_OK,3,source_fit,OK
plastic_nut,plastic_nut/OK/S0181/plastic_nut_0181_OK_C4_20230930140346.jpg,plastic_nut::plastic_nut_0181_OK,4,source_fit,OK
plastic_nut,plastic_nut/OK/S0181/plastic_nut_0181_OK_C5_20230930140346.jpg,plastic_nut::plastic_nut_0181_OK,5,source_fit,OK
plastic_nut,plastic_nut/OK/S0186/plastic_nut_0186_OK_C1_20230930140535.jpg,plastic_nut::plastic_nut_0186_OK,1,source_fit,OK
plastic_nut,plastic_nut/OK/S0186/plastic_nut_0186_OK_C2_20230930140535.jpg,plastic_nut::plastic_nut_0186_OK,2,source_fit,OK
plastic_nut,plastic_nut/OK/S0186/plastic_nut_0186_OK_C3_20230930140535.jpg,plastic_nut::plastic_nut_0186_OK,3,source_fit,OK
plastic_nut,plastic_nut/OK/S0186/plastic_nut_0186_OK_C4_20230930140535.jpg,plastic_nut::plastic_nut_0186_OK,4,source_fit,OK
plastic_nut,plastic_nut/OK/S0186/plastic_nut_0186_OK_C5_20230930140535.jpg,plastic_nut::plastic_nut_0186_OK,5,source_fit,OK
plastic_nut,plastic_nut/OK/S0188/plastic_nut_0188_OK_C1_20230930141428.jpg,plastic_nut::plastic_nut_0188_OK,1,source_fit,OK
plastic_nut,plastic_nut/OK/S0188/plastic_nut_0188_OK_C2_20230930141428.jpg,plastic_nut::plastic_nut_0188_OK,2,source_fit,OK
plastic_nut,plastic_nut/OK/S0188/plastic_nut_0188_OK_C3_20230930141428.jpg,plastic_nut::plastic_nut_0188_OK,3,source_fit,OK
plastic_nut,plastic_nut/OK/S0188/plastic_nut_0188_OK_C4_20230930141428.jpg,plastic_nut::plastic_nut_0188_OK,4,source_fit,OK
plastic_nut,plastic_nut/OK/S0188/plastic_nut_0188_OK_C5_20230930141428.jpg,plastic_nut::plastic_nut_0188_OK,5,source_fit,OK
plastic_nut,plastic_nut/OK/S0190/plastic_nut_0190_OK_C1_20230930141457.jpg,plastic_nut::plastic_nut_0190_OK,1,source_fit,OK
plastic_nut,plastic_nut/OK/S0190/plastic_nut_0190_OK_C2_20230930141457.jpg,plastic_nut::plastic_nut_0190_OK,2,source_fit,OK
plastic_nut,plastic_nut/OK/S0190/plastic_nut_0190_OK_C3_20230930141457.jpg,plastic_nut::plastic_nut_0190_OK,3,source_fit,OK
plastic_nut,plastic_nut/OK/S0190/plastic_nut_0190_OK_C4_20230930141457.jpg,plastic_nut::plastic_nut_0190_OK,4,source_fit,OK
plastic_nut,plastic_nut/OK/S0190/plastic_nut_0190_OK_C5_20230930141457.jpg,plastic_nut::plastic_nut_0190_OK,5,source_fit,OK
plastic_nut,plastic_nut/OK/S0191/plastic_nut_0191_OK_C1_20230930141508.jpg,plastic_nut::plastic_nut_0191_OK,1,source_fit,OK
plastic_nut,plastic_nut/OK/S0191/plastic_nut_0191_OK_C2_20230930141508.jpg,plastic_nut::plastic_nut_0191_OK,2,source_fit,OK
plastic_nut,plastic_nut/OK/S0191/plastic_nut_0191_OK_C3_20230930141508.jpg,plastic_nut::plastic_nut_0191_OK,3,source_fit,OK
plastic_nut,plastic_nut/OK/S0191/plastic_nut_0191_OK_C4_20230930141508.jpg,plastic_nut::plastic_nut_0191_OK,4,source_fit,OK
plastic_nut,plastic_nut/OK/S0191/plastic_nut_0191_OK_C5_20230930141508.jpg,plastic_nut::plastic_nut_0191_OK,5,source_fit,OK
plastic_nut,plastic_nut/OK/S0192/plastic_nut_0192_OK_C1_20230930141520.jpg,plastic_nut::plastic_nut_0192_OK,1,source_fit,OK
plastic_nut,plastic_nut/OK/S0192/plastic_nut_0192_OK_C2_20230930141520.jpg,plastic_nut::plastic_nut_0192_OK,2,source_fit,OK
plastic_nut,plastic_nut/OK/S0192/plastic_nut_0192_OK_C3_20230930141520.jpg,plastic_nut::plastic_nut_0192_OK,3,source_fit,OK
plastic_nut,plastic_nut/OK/S0192/plastic_nut_0192_OK_C4_20230930141520.jpg,plastic_nut::plastic_nut_0192_OK,4,source_fit,OK
plastic_nut,plastic_nut/OK/S0192/plastic_nut_0192_OK_C5_20230930141520.jpg,plastic_nut::plastic_nut_0192_OK,5,source_fit,OK
plastic_nut,plastic_nut/OK/S0199/plastic_nut_0199_OK_C1_20230930142914.jpg,plastic_nut::plastic_nut_0199_OK,1,source_fit,OK
plastic_nut,plastic_nut/OK/S0199/plastic_nut_0199_OK_C2_20230930142914.jpg,plastic_nut::plastic_nut_0199_OK,2,source_fit,OK
plastic_nut,plastic_nut/OK/S0199/plastic_nut_0199_OK_C3_20230930142914.jpg,plastic_nut::plastic_nut_0199_OK,3,source_fit,OK
plastic_nut,plastic_nut/OK/S0199/plastic_nut_0199_OK_C4_20230930142914.jpg,plastic_nut::plastic_nut_0199_OK,4,source_fit,OK
plastic_nut,plastic_nut/OK/S0199/plastic_nut_0199_OK_C5_20230930142914.jpg,plastic_nut::plastic_nut_0199_OK,5,source_fit,OK
plastic_nut,plastic_nut/OK/S0206/plastic_nut_0206_OK_C1_20230930143313.jpg,plastic_nut::plastic_nut_0206_OK,1,source_fit,OK
plastic_nut,plastic_nut/OK/S0206/plastic_nut_0206_OK_C2_20230930143313.jpg,plastic_nut::plastic_nut_0206_OK,2,source_fit,OK
plastic_nut,plastic_nut/OK/S0206/plastic_nut_0206_OK_C3_20230930143313.jpg,plastic_nut::plastic_nut_0206_OK,3,source_fit,OK
plastic_nut,plastic_nut/OK/S0206/plastic_nut_0206_OK_C4_20230930143313.jpg,plastic_nut::plastic_nut_0206_OK,4,source_fit,OK
plastic_nut,plastic_nut/OK/S0206/plastic_nut_0206_OK_C5_20230930143313.jpg,plastic_nut::plastic_nut_0206_OK,5,source_fit,OK
plastic_nut,plastic_nut/OK/S0209/plastic_nut_0209_OK_C1_20230930143442.jpg,plastic_nut::plastic_nut_0209_OK,1,source_fit,OK
plastic_nut,plastic_nut/OK/S0209/plastic_nut_0209_OK_C2_20230930143442.jpg,plastic_nut::plastic_nut_0209_OK,2,source_fit,OK
plastic_nut,plastic_nut/OK/S0209/plastic_nut_0209_OK_C3_20230930143442.jpg,plastic_nut::plastic_nut_0209_OK,3,source_fit,OK
plastic_nut,plastic_nut/OK/S0209/plastic_nut_0209_OK_C4_20230930143442.jpg,plastic_nut::plastic_nut_0209_OK,4,source_fit,OK
plastic_nut,plastic_nut/OK/S0209/plastic_nut_0209_OK_C5_20230930143442.jpg,plastic_nut::plastic_nut_0209_OK,5,source_fit,OK
plastic_nut,plastic_nut/OK/S0214/plastic_nut_0214_OK_C1_20230930143932.jpg,plastic_nut::plastic_nut_0214_OK,1,source_fit,OK
plastic_nut,plastic_nut/OK/S0214/plastic_nut_0214_OK_C2_20230930143932.jpg,plastic_nut::plastic_nut_0214_OK,2,source_fit,OK
plastic_nut,plastic_nut/OK/S0214/plastic_nut_0214_OK_C3_20230930143932.jpg,plastic_nut::plastic_nut_0214_OK,3,source_fit,OK
plastic_nut,plastic_nut/OK/S0214/plastic_nut_0214_OK_C4_20230930143932.jpg,plastic_nut::plastic_nut_0214_OK,4,source_fit,OK
plastic_nut,plastic_nut/OK/S0214/plastic_nut_0214_OK_C5_20230930143932.jpg,plastic_nut::plastic_nut_0214_OK,5,source_fit,OK
plastic_nut,plastic_nut/OK/S0216/plastic_nut_0216_OK_C1_20230930144007.jpg,plastic_nut::plastic_nut_0216_OK,1,source_fit,OK
plastic_nut,plastic_nut/OK/S0216/plastic_nut_0216_OK_C2_20230930144007.jpg,plastic_nut::plastic_nut_0216_OK,2,source_fit,OK
plastic_nut,plastic_nut/OK/S0216/plastic_nut_0216_OK_C3_20230930144007.jpg,plastic_nut::plastic_nut_0216_OK,3,source_fit,OK
plastic_nut,plastic_nut/OK/S0216/plastic_nut_0216_OK_C4_20230930144007.jpg,plastic_nut::plastic_nut_0216_OK,4,source_fit,OK
plastic_nut,plastic_nut/OK/S0216/plastic_nut_0216_OK_C5_20230930144007.jpg,plastic_nut::plastic_nut_0216_OK,5,source_fit,OK
plastic_nut,plastic_nut/OK/S0219/plastic_nut_0219_OK_C1_20230930144048.jpg,plastic_nut::plastic_nut_0219_OK,1,source_fit,OK
plastic_nut,plastic_nut/OK/S0219/plastic_nut_0219_OK_C2_20230930144048.jpg,plastic_nut::plastic_nut_0219_OK,2,source_fit,OK
plastic_nut,plastic_nut/OK/S0219/plastic_nut_0219_OK_C3_20230930144048.jpg,plastic_nut::plastic_nut_0219_OK,3,source_fit,OK
plastic_nut,plastic_nut/OK/S0219/plastic_nut_0219_OK_C4_20230930144048.jpg,plastic_nut::plastic_nut_0219_OK,4,source_fit,OK
plastic_nut,plastic_nut/OK/S0219/plastic_nut_0219_OK_C5_20230930144048.jpg,plastic_nut::plastic_nut_0219_OK,5,source_fit,OK
plastic_nut,plastic_nut/OK/S0225/plastic_nut_0225_OK_C1_20230930144321.jpg,plastic_nut::plastic_nut_0225_OK,1,source_fit,OK
plastic_nut,plastic_nut/OK/S0225/plastic_nut_0225_OK_C2_20230930144321.jpg,plastic_nut::plastic_nut_0225_OK,2,source_fit,OK
plastic_nut,plastic_nut/OK/S0225/plastic_nut_0225_OK_C3_20230930144321.jpg,plastic_nut::plastic_nut_0225_OK,3,source_fit,OK
plastic_nut,plastic_nut/OK/S0225/plastic_nut_0225_OK_C4_20230930144321.jpg,plastic_nut::plastic_nut_0225_OK,4,source_fit,OK
plastic_nut,plastic_nut/OK/S0225/plastic_nut_0225_OK_C5_20230930144321.jpg,plastic_nut::plastic_nut_0225_OK,5,source_fit,OK
plastic_nut,plastic_nut/OK/S0226/plastic_nut_0226_OK_C1_20230930144337.jpg,plastic_nut::plastic_nut_0226_OK,1,source_fit,OK
plastic_nut,plastic_nut/OK/S0226/plastic_nut_0226_OK_C2_20230930144337.jpg,plastic_nut::plastic_nut_0226_OK,2,source_fit,OK
plastic_nut,plastic_nut/OK/S0226/plastic_nut_0226_OK_C3_20230930144337.jpg,plastic_nut::plastic_nut_0226_OK,3,source_fit,OK
plastic_nut,plastic_nut/OK/S0226/plastic_nut_0226_OK_C4_20230930144337.jpg,plastic_nut::plastic_nut_0226_OK,4,source_fit,OK
plastic_nut,plastic_nut/OK/S0226/plastic_nut_0226_OK_C5_20230930144337.jpg,plastic_nut::plastic_nut_0226_OK,5,source_fit,OK
plastic_nut,plastic_nut/OK/S0229/plastic_nut_0229_OK_C1_20230930144533.jpg,plastic_nut::plastic_nut_0229_OK,1,source_fit,OK
plastic_nut,plastic_nut/OK/S0229/plastic_nut_0229_OK_C2_20230930144533.jpg,plastic_nut::plastic_nut_0229_OK,2,source_fit,OK
plastic_nut,plastic_nut/OK/S0229/plastic_nut_0229_OK_C3_20230930144533.jpg,plastic_nut::plastic_nut_0229_OK,3,source_fit,OK
plastic_nut,plastic_nut/OK/S0229/plastic_nut_0229_OK_C4_20230930144533.jpg,plastic_nut::plastic_nut_0229_OK,4,source_fit,OK
plastic_nut,plastic_nut/OK/S0229/plastic_nut_0229_OK_C5_20230930144533.jpg,plastic_nut::plastic_nut_0229_OK,5,source_fit,OK
plastic_nut,plastic_nut/OK/S0230/plastic_nut_0230_OK_C1_20230930144559.jpg,plastic_nut::plastic_nut_0230_OK,1,source_fit,OK
plastic_nut,plastic_nut/OK/S0230/plastic_nut_0230_OK_C2_20230930144559.jpg,plastic_nut::plastic_nut_0230_OK,2,source_fit,OK
plastic_nut,plastic_nut/OK/S0230/plastic_nut_0230_OK_C3_20230930144559.jpg,plastic_nut::plastic_nut_0230_OK,3,source_fit,OK
plastic_nut,plastic_nut/OK/S0230/plastic_nut_0230_OK_C4_20230930144559.jpg,plastic_nut::plastic_nut_0230_OK,4,source_fit,OK
plastic_nut,plastic_nut/OK/S0230/plastic_nut_0230_OK_C5_20230930144559.jpg,plastic_nut::plastic_nut_0230_OK,5,source_fit,OK
plastic_nut,plastic_nut/OK/S0234/plastic_nut_0234_OK_C1_20230930145001.jpg,plastic_nut::plastic_nut_0234_OK,1,source_fit,OK
plastic_nut,plastic_nut/OK/S0234/plastic_nut_0234_OK_C2_20230930145001.jpg,plastic_nut::plastic_nut_0234_OK,2,source_fit,OK
plastic_nut,plastic_nut/OK/S0234/plastic_nut_0234_OK_C3_20230930145001.jpg,plastic_nut::plastic_nut_0234_OK,3,source_fit,OK
plastic_nut,plastic_nut/OK/S0234/plastic_nut_0234_OK_C4_20230930145001.jpg,plastic_nut::plastic_nut_0234_OK,4,source_fit,OK
plastic_nut,plastic_nut/OK/S0234/plastic_nut_0234_OK_C5_20230930145001.jpg,plastic_nut::plastic_nut_0234_OK,5,source_fit,OK
plastic_nut,plastic_nut/OK/S0235/plastic_nut_0235_OK_C1_20230930144846.jpg,plastic_nut::plastic_nut_0235_OK,1,source_fit,OK
plastic_nut,plastic_nut/OK/S0235/plastic_nut_0235_OK_C2_20230930144846.jpg,plastic_nut::plastic_nut_0235_OK,2,source_fit,OK
plastic_nut,plastic_nut/OK/S0235/plastic_nut_0235_OK_C3_20230930144846.jpg,plastic_nut::plastic_nut_0235_OK,3,source_fit,OK
plastic_nut,plastic_nut/OK/S0235/plastic_nut_0235_OK_C4_20230930144846.jpg,plastic_nut::plastic_nut_0235_OK,4,source_fit,OK
plastic_nut,plastic_nut/OK/S0235/plastic_nut_0235_OK_C5_20230930144846.jpg,plastic_nut::plastic_nut_0235_OK,5,source_fit,OK
plastic_nut,plastic_nut/OK/S0240/plastic_nut_0240_OK_C1_20230930145423.jpg,plastic_nut::plastic_nut_0240_OK,1,source_fit,OK
plastic_nut,plastic_nut/OK/S0240/plastic_nut_0240_OK_C2_20230930145423.jpg,plastic_nut::plastic_nut_0240_OK,2,source_fit,OK
plastic_nut,plastic_nut/OK/S0240/plastic_nut_0240_OK_C3_20230930145423.jpg,plastic_nut::plastic_nut_0240_OK,3,source_fit,OK
plastic_nut,plastic_nut/OK/S0240/plastic_nut_0240_OK_C4_20230930145423.jpg,plastic_nut::plastic_nut_0240_OK,4,source_fit,OK
plastic_nut,plastic_nut/OK/S0240/plastic_nut_0240_OK_C5_20230930145423.jpg,plastic_nut::plastic_nut_0240_OK,5,source_fit,OK
plastic_nut,plastic_nut/OK/S0244/plastic_nut_0244_OK_C1_20230930145619.jpg,plastic_nut::plastic_nut_0244_OK,1,source_fit,OK
plastic_nut,plastic_nut/OK/S0244/plastic_nut_0244_OK_C2_20230930145619.jpg,plastic_nut::plastic_nut_0244_OK,2,source_fit,OK
plastic_nut,plastic_nut/OK/S0244/plastic_nut_0244_OK_C3_20230930145619.jpg,plastic_nut::plastic_nut_0244_OK,3,source_fit,OK
plastic_nut,plastic_nut/OK/S0244/plastic_nut_0244_OK_C4_20230930145619.jpg,plastic_nut::plastic_nut_0244_OK,4,source_fit,OK
plastic_nut,plastic_nut/OK/S0244/plastic_nut_0244_OK_C5_20230930145619.jpg,plastic_nut::plastic_nut_0244_OK,5,source_fit,OK
plastic_nut,plastic_nut/OK/S0245/plastic_nut_0245_OK_C1_20230930145632.jpg,plastic_nut::plastic_nut_0245_OK,1,source_fit,OK
plastic_nut,plastic_nut/OK/S0245/plastic_nut_0245_OK_C2_20230930145632.jpg,plastic_nut::plastic_nut_0245_OK,2,source_fit,OK
plastic_nut,plastic_nut/OK/S0245/plastic_nut_0245_OK_C3_20230930145632.jpg,plastic_nut::plastic_nut_0245_OK,3,source_fit,OK
plastic_nut,plastic_nut/OK/S0245/plastic_nut_0245_OK_C4_20230930145632.jpg,plastic_nut::plastic_nut_0245_OK,4,source_fit,OK
plastic_nut,plastic_nut/OK/S0245/plastic_nut_0245_OK_C5_20230930145632.jpg,plastic_nut::plastic_nut_0245_OK,5,source_fit,OK
plastic_nut,plastic_nut/OK/S0246/plastic_nut_0246_OK_C1_20230930145712.jpg,plastic_nut::plastic_nut_0246_OK,1,source_fit,OK
plastic_nut,plastic_nut/OK/S0246/plastic_nut_0246_OK_C2_20230930145712.jpg,plastic_nut::plastic_nut_0246_OK,2,source_fit,OK
plastic_nut,plastic_nut/OK/S0246/plastic_nut_0246_OK_C3_20230930145712.jpg,plastic_nut::plastic_nut_0246_OK,3,source_fit,OK
plastic_nut,plastic_nut/OK/S0246/plastic_nut_0246_OK_C4_20230930145712.jpg,plastic_nut::plastic_nut_0246_OK,4,source_fit,OK
plastic_nut,plastic_nut/OK/S0246/plastic_nut_0246_OK_C5_20230930145712.jpg,plastic_nut::plastic_nut_0246_OK,5,source_fit,OK
plastic_nut,plastic_nut/OK/S0248/plastic_nut_0248_OK_C1_20230930145747.jpg,plastic_nut::plastic_nut_0248_OK,1,source_fit,OK
plastic_nut,plastic_nut/OK/S0248/plastic_nut_0248_OK_C2_20230930145747.jpg,plastic_nut::plastic_nut_0248_OK,2,source_fit,OK
plastic_nut,plastic_nut/OK/S0248/plastic_nut_0248_OK_C3_20230930145747.jpg,plastic_nut::plastic_nut_0248_OK,3,source_fit,OK
plastic_nut,plastic_nut/OK/S0248/plastic_nut_0248_OK_C4_20230930145747.jpg,plastic_nut::plastic_nut_0248_OK,4,source_fit,OK
plastic_nut,plastic_nut/OK/S0248/plastic_nut_0248_OK_C5_20230930145747.jpg,plastic_nut::plastic_nut_0248_OK,5,source_fit,OK
plastic_nut,plastic_nut/OK/S0250/plastic_nut_0250_OK_C1_20230930145817.jpg,plastic_nut::plastic_nut_0250_OK,1,source_fit,OK
plastic_nut,plastic_nut/OK/S0250/plastic_nut_0250_OK_C2_20230930145817.jpg,plastic_nut::plastic_nut_0250_OK,2,source_fit,OK
plastic_nut,plastic_nut/OK/S0250/plastic_nut_0250_OK_C3_20230930145817.jpg,plastic_nut::plastic_nut_0250_OK,3,source_fit,OK
plastic_nut,plastic_nut/OK/S0250/plastic_nut_0250_OK_C4_20230930145817.jpg,plastic_nut::plastic_nut_0250_OK,4,source_fit,OK
plastic_nut,plastic_nut/OK/S0250/plastic_nut_0250_OK_C5_20230930145817.jpg,plastic_nut::plastic_nut_0250_OK,5,source_fit,OK
plastic_nut,plastic_nut/OK/S0253/plastic_nut_0253_OK_C1_20230930145916.jpg,plastic_nut::plastic_nut_0253_OK,1,source_fit,OK
plastic_nut,plastic_nut/OK/S0253/plastic_nut_0253_OK_C2_20230930145916.jpg,plastic_nut::plastic_nut_0253_OK,2,source_fit,OK
plastic_nut,plastic_nut/OK/S0253/plastic_nut_0253_OK_C3_20230930145916.jpg,plastic_nut::plastic_nut_0253_OK,3,source_fit,OK
plastic_nut,plastic_nut/OK/S0253/plastic_nut_0253_OK_C4_20230930145916.jpg,plastic_nut::plastic_nut_0253_OK,4,source_fit,OK
plastic_nut,plastic_nut/OK/S0253/plastic_nut_0253_OK_C5_20230930145916.jpg,plastic_nut::plastic_nut_0253_OK,5,source_fit,OK
plastic_nut,plastic_nut/OK/S0256/plastic_nut_0256_OK_C1_20230930150025.jpg,plastic_nut::plastic_nut_0256_OK,1,source_fit,OK
plastic_nut,plastic_nut/OK/S0256/plastic_nut_0256_OK_C2_20230930150025.jpg,plastic_nut::plastic_nut_0256_OK,2,source_fit,OK
plastic_nut,plastic_nut/OK/S0256/plastic_nut_0256_OK_C3_20230930150025.jpg,plastic_nut::plastic_nut_0256_OK,3,source_fit,OK
plastic_nut,plastic_nut/OK/S0256/plastic_nut_0256_OK_C4_20230930150025.jpg,plastic_nut::plastic_nut_0256_OK,4,source_fit,OK
plastic_nut,plastic_nut/OK/S0256/plastic_nut_0256_OK_C5_20230930150025.jpg,plastic_nut::plastic_nut_0256_OK,5,source_fit,OK
plastic_nut,plastic_nut/OK/S0258/plastic_nut_0258_OK_C1_20230930150209.jpg,plastic_nut::plastic_nut_0258_OK,1,source_fit,OK
plastic_nut,plastic_nut/OK/S0258/plastic_nut_0258_OK_C2_20230930150209.jpg,plastic_nut::plastic_nut_0258_OK,2,source_fit,OK
plastic_nut,plastic_nut/OK/S0258/plastic_nut_0258_OK_C3_20230930150209.jpg,plastic_nut::plastic_nut_0258_OK,3,source_fit,OK
plastic_nut,plastic_nut/OK/S0258/plastic_nut_0258_OK_C4_20230930150209.jpg,plastic_nut::plastic_nut_0258_OK,4,source_fit,OK
plastic_nut,plastic_nut/OK/S0258/plastic_nut_0258_OK_C5_20230930150209.jpg,plastic_nut::plastic_nut_0258_OK,5,source_fit,OK
plastic_nut,plastic_nut/OK/S0262/plastic_nut_0262_OK_C1_20230930150413.jpg,plastic_nut::plastic_nut_0262_OK,1,source_fit,OK
plastic_nut,plastic_nut/OK/S0262/plastic_nut_0262_OK_C2_20230930150413.jpg,plastic_nut::plastic_nut_0262_OK,2,source_fit,OK
plastic_nut,plastic_nut/OK/S0262/plastic_nut_0262_OK_C3_20230930150413.jpg,plastic_nut::plastic_nut_0262_OK,3,source_fit,OK
plastic_nut,plastic_nut/OK/S0262/plastic_nut_0262_OK_C4_20230930150413.jpg,plastic_nut::plastic_nut_0262_OK,4,source_fit,OK
plastic_nut,plastic_nut/OK/S0262/plastic_nut_0262_OK_C5_20230930150413.jpg,plastic_nut::plastic_nut_0262_OK,5,source_fit,OK
plastic_nut,plastic_nut/OK/S0263/plastic_nut_0263_OK_C1_20230930150425.jpg,plastic_nut::plastic_nut_0263_OK,1,source_fit,OK
plastic_nut,plastic_nut/OK/S0263/plastic_nut_0263_OK_C2_20230930150425.jpg,plastic_nut::plastic_nut_0263_OK,2,source_fit,OK
plastic_nut,plastic_nut/OK/S0263/plastic_nut_0263_OK_C3_20230930150425.jpg,plastic_nut::plastic_nut_0263_OK,3,source_fit,OK
plastic_nut,plastic_nut/OK/S0263/plastic_nut_0263_OK_C4_20230930150425.jpg,plastic_nut::plastic_nut_0263_OK,4,source_fit,OK
plastic_nut,plastic_nut/OK/S0263/plastic_nut_0263_OK_C5_20230930150425.jpg,plastic_nut::plastic_nut_0263_OK,5,source_fit,OK
plastic_nut,plastic_nut/OK/S0268/plastic_nut_0268_OK_C1_20230930150712.jpg,plastic_nut::plastic_nut_0268_OK,1,source_fit,OK
plastic_nut,plastic_nut/OK/S0268/plastic_nut_0268_OK_C2_20230930150712.jpg,plastic_nut::plastic_nut_0268_OK,2,source_fit,OK
plastic_nut,plastic_nut/OK/S0268/plastic_nut_0268_OK_C3_20230930150712.jpg,plastic_nut::plastic_nut_0268_OK,3,source_fit,OK
plastic_nut,plastic_nut/OK/S0268/plastic_nut_0268_OK_C4_20230930150712.jpg,plastic_nut::plastic_nut_0268_OK,4,source_fit,OK
plastic_nut,plastic_nut/OK/S0268/plastic_nut_0268_OK_C5_20230930150712.jpg,plastic_nut::plastic_nut_0268_OK,5,source_fit,OK
plastic_nut,plastic_nut/OK/S0269/plastic_nut_0269_OK_C1_20230930150726.jpg,plastic_nut::plastic_nut_0269_OK,1,source_fit,OK
plastic_nut,plastic_nut/OK/S0269/plastic_nut_0269_OK_C2_20230930150726.jpg,plastic_nut::plastic_nut_0269_OK,2,source_fit,OK
plastic_nut,plastic_nut/OK/S0269/plastic_nut_0269_OK_C3_20230930150726.jpg,plastic_nut::plastic_nut_0269_OK,3,source_fit,OK
plastic_nut,plastic_nut/OK/S0269/plastic_nut_0269_OK_C4_20230930150726.jpg,plastic_nut::plastic_nut_0269_OK,4,source_fit,OK
plastic_nut,plastic_nut/OK/S0269/plastic_nut_0269_OK_C5_20230930150726.jpg,plastic_nut::plastic_nut_0269_OK,5,source_fit,OK
plastic_nut,plastic_nut/OK/S0272/plastic_nut_0272_OK_C1_20230930150805.jpg,plastic_nut::plastic_nut_0272_OK,1,source_fit,OK
plastic_nut,plastic_nut/OK/S0272/plastic_nut_0272_OK_C2_20230930150805.jpg,plastic_nut::plastic_nut_0272_OK,2,source_fit,OK
plastic_nut,plastic_nut/OK/S0272/plastic_nut_0272_OK_C3_20230930150805.jpg,plastic_nut::plastic_nut_0272_OK,3,source_fit,OK
plastic_nut,plastic_nut/OK/S0272/plastic_nut_0272_OK_C4_20230930150805.jpg,plastic_nut::plastic_nut_0272_OK,4,source_fit,OK
plastic_nut,plastic_nut/OK/S0272/plastic_nut_0272_OK_C5_20230930150805.jpg,plastic_nut::plastic_nut_0272_OK,5,source_fit,OK
plastic_nut,plastic_nut/OK/S0273/plastic_nut_0273_OK_C1_20230930150816.jpg,plastic_nut::plastic_nut_0273_OK,1,source_fit,OK
plastic_nut,plastic_nut/OK/S0273/plastic_nut_0273_OK_C2_20230930150816.jpg,plastic_nut::plastic_nut_0273_OK,2,source_fit,OK
plastic_nut,plastic_nut/OK/S0273/plastic_nut_0273_OK_C3_20230930150816.jpg,plastic_nut::plastic_nut_0273_OK,3,source_fit,OK
plastic_nut,plastic_nut/OK/S0273/plastic_nut_0273_OK_C4_20230930150816.jpg,plastic_nut::plastic_nut_0273_OK,4,source_fit,OK
plastic_nut,plastic_nut/OK/S0273/plastic_nut_0273_OK_C5_20230930150816.jpg,plastic_nut::plastic_nut_0273_OK,5,source_fit,OK
plastic_nut,plastic_nut/OK/S0277/plastic_nut_0277_OK_C1_20230930150935.jpg,plastic_nut::plastic_nut_0277_OK,1,source_fit,OK
plastic_nut,plastic_nut/OK/S0277/plastic_nut_0277_OK_C2_20230930150935.jpg,plastic_nut::plastic_nut_0277_OK,2,source_fit,OK
plastic_nut,plastic_nut/OK/S0277/plastic_nut_0277_OK_C3_20230930150935.jpg,plastic_nut::plastic_nut_0277_OK,3,source_fit,OK
plastic_nut,plastic_nut/OK/S0277/plastic_nut_0277_OK_C4_20230930150935.jpg,plastic_nut::plastic_nut_0277_OK,4,source_fit,OK
plastic_nut,plastic_nut/OK/S0277/plastic_nut_0277_OK_C5_20230930150935.jpg,plastic_nut::plastic_nut_0277_OK,5,source_fit,OK
plastic_nut,plastic_nut/OK/S0281/plastic_nut_0281_OK_C1_20230930151842.jpg,plastic_nut::plastic_nut_0281_OK,1,source_fit,OK
plastic_nut,plastic_nut/OK/S0281/plastic_nut_0281_OK_C2_20230930151842.jpg,plastic_nut::plastic_nut_0281_OK,2,source_fit,OK
plastic_nut,plastic_nut/OK/S0281/plastic_nut_0281_OK_C3_20230930151842.jpg,plastic_nut::plastic_nut_0281_OK,3,source_fit,OK
plastic_nut,plastic_nut/OK/S0281/plastic_nut_0281_OK_C4_20230930151842.jpg,plastic_nut::plastic_nut_0281_OK,4,source_fit,OK
plastic_nut,plastic_nut/OK/S0281/plastic_nut_0281_OK_C5_20230930151842.jpg,plastic_nut::plastic_nut_0281_OK,5,source_fit,OK
plastic_nut,plastic_nut/OK/S0282/plastic_nut_0282_OK_C1_20230930151850.jpg,plastic_nut::plastic_nut_0282_OK,1,source_fit,OK
plastic_nut,plastic_nut/OK/S0282/plastic_nut_0282_OK_C2_20230930151850.jpg,plastic_nut::plastic_nut_0282_OK,2,source_fit,OK
plastic_nut,plastic_nut/OK/S0282/plastic_nut_0282_OK_C3_20230930151850.jpg,plastic_nut::plastic_nut_0282_OK,3,source_fit,OK
plastic_nut,plastic_nut/OK/S0282/plastic_nut_0282_OK_C4_20230930151850.jpg,plastic_nut::plastic_nut_0282_OK,4,source_fit,OK
plastic_nut,plastic_nut/OK/S0282/plastic_nut_0282_OK_C5_20230930151850.jpg,plastic_nut::plastic_nut_0282_OK,5,source_fit,OK
plastic_nut,plastic_nut/OK/S0284/plastic_nut_0284_OK_C1_20230930151910.jpg,plastic_nut::plastic_nut_0284_OK,1,source_fit,OK
plastic_nut,plastic_nut/OK/S0284/plastic_nut_0284_OK_C2_20230930151910.jpg,plastic_nut::plastic_nut_0284_OK,2,source_fit,OK
plastic_nut,plastic_nut/OK/S0284/plastic_nut_0284_OK_C3_20230930151910.jpg,plastic_nut::plastic_nut_0284_OK,3,source_fit,OK
plastic_nut,plastic_nut/OK/S0284/plastic_nut_0284_OK_C4_20230930151910.jpg,plastic_nut::plastic_nut_0284_OK,4,source_fit,OK
plastic_nut,plastic_nut/OK/S0284/plastic_nut_0284_OK_C5_20230930151910.jpg,plastic_nut::plastic_nut_0284_OK,5,source_fit,OK
plastic_nut,plastic_nut/OK/S0285/plastic_nut_0285_OK_C1_20230930151943.jpg,plastic_nut::plastic_nut_0285_OK,1,source_fit,OK
plastic_nut,plastic_nut/OK/S0285/plastic_nut_0285_OK_C2_20230930151943.jpg,plastic_nut::plastic_nut_0285_OK,2,source_fit,OK
plastic_nut,plastic_nut/OK/S0285/plastic_nut_0285_OK_C3_20230930151943.jpg,plastic_nut::plastic_nut_0285_OK,3,source_fit,OK
plastic_nut,plastic_nut/OK/S0285/plastic_nut_0285_OK_C4_20230930151943.jpg,plastic_nut::plastic_nut_0285_OK,4,source_fit,OK
plastic_nut,plastic_nut/OK/S0285/plastic_nut_0285_OK_C5_20230930151943.jpg,plastic_nut::plastic_nut_0285_OK,5,source_fit,OK
plastic_nut,plastic_nut/OK/S0286/plastic_nut_0286_OK_C1_20230930152011.jpg,plastic_nut::plastic_nut_0286_OK,1,source_fit,OK
plastic_nut,plastic_nut/OK/S0286/plastic_nut_0286_OK_C2_20230930152011.jpg,plastic_nut::plastic_nut_0286_OK,2,source_fit,OK
plastic_nut,plastic_nut/OK/S0286/plastic_nut_0286_OK_C3_20230930152011.jpg,plastic_nut::plastic_nut_0286_OK,3,source_fit,OK
plastic_nut,plastic_nut/OK/S0286/plastic_nut_0286_OK_C4_20230930152011.jpg,plastic_nut::plastic_nut_0286_OK,4,source_fit,OK
plastic_nut,plastic_nut/OK/S0286/plastic_nut_0286_OK_C5_20230930152011.jpg,plastic_nut::plastic_nut_0286_OK,5,source_fit,OK
plastic_nut,plastic_nut/OK/S0289/plastic_nut_0289_OK_C1_20230930152039.jpg,plastic_nut::plastic_nut_0289_OK,1,source_fit,OK
plastic_nut,plastic_nut/OK/S0289/plastic_nut_0289_OK_C2_20230930152039.jpg,plastic_nut::plastic_nut_0289_OK,2,source_fit,OK
plastic_nut,plastic_nut/OK/S0289/plastic_nut_0289_OK_C3_20230930152039.jpg,plastic_nut::plastic_nut_0289_OK,3,source_fit,OK
plastic_nut,plastic_nut/OK/S0289/plastic_nut_0289_OK_C4_20230930152039.jpg,plastic_nut::plastic_nut_0289_OK,4,source_fit,OK
plastic_nut,plastic_nut/OK/S0289/plastic_nut_0289_OK_C5_20230930152039.jpg,plastic_nut::plastic_nut_0289_OK,5,source_fit,OK
plastic_nut,plastic_nut/OK/S0293/plastic_nut_0293_OK_C1_20230930152143.jpg,plastic_nut::plastic_nut_0293_OK,1,source_fit,OK
plastic_nut,plastic_nut/OK/S0293/plastic_nut_0293_OK_C2_20230930152143.jpg,plastic_nut::plastic_nut_0293_OK,2,source_fit,OK
plastic_nut,plastic_nut/OK/S0293/plastic_nut_0293_OK_C3_20230930152143.jpg,plastic_nut::plastic_nut_0293_OK,3,source_fit,OK
plastic_nut,plastic_nut/OK/S0293/plastic_nut_0293_OK_C4_20230930152143.jpg,plastic_nut::plastic_nut_0293_OK,4,source_fit,OK
plastic_nut,plastic_nut/OK/S0293/plastic_nut_0293_OK_C5_20230930152143.jpg,plastic_nut::plastic_nut_0293_OK,5,source_fit,OK
plastic_nut,plastic_nut/OK/S0295/plastic_nut_0295_OK_C1_20230930152205.jpg,plastic_nut::plastic_nut_0295_OK,1,source_fit,OK
plastic_nut,plastic_nut/OK/S0295/plastic_nut_0295_OK_C2_20230930152205.jpg,plastic_nut::plastic_nut_0295_OK,2,source_fit,OK
plastic_nut,plastic_nut/OK/S0295/plastic_nut_0295_OK_C3_20230930152205.jpg,plastic_nut::plastic_nut_0295_OK,3,source_fit,OK
plastic_nut,plastic_nut/OK/S0295/plastic_nut_0295_OK_C4_20230930152205.jpg,plastic_nut::plastic_nut_0295_OK,4,source_fit,OK
plastic_nut,plastic_nut/OK/S0295/plastic_nut_0295_OK_C5_20230930152205.jpg,plastic_nut::plastic_nut_0295_OK,5,source_fit,OK
plastic_nut,plastic_nut/OK/S0296/plastic_nut_0296_OK_C1_20230930152222.jpg,plastic_nut::plastic_nut_0296_OK,1,source_fit,OK
plastic_nut,plastic_nut/OK/S0296/plastic_nut_0296_OK_C2_20230930152222.jpg,plastic_nut::plastic_nut_0296_OK,2,source_fit,OK
plastic_nut,plastic_nut/OK/S0296/plastic_nut_0296_OK_C3_20230930152222.jpg,plastic_nut::plastic_nut_0296_OK,3,source_fit,OK
plastic_nut,plastic_nut/OK/S0296/plastic_nut_0296_OK_C4_20230930152222.jpg,plastic_nut::plastic_nut_0296_OK,4,source_fit,OK
plastic_nut,plastic_nut/OK/S0296/plastic_nut_0296_OK_C5_20230930152222.jpg,plastic_nut::plastic_nut_0296_OK,5,source_fit,OK
plastic_nut,plastic_nut/OK/S0297/plastic_nut_0297_OK_C1_20230930152230.jpg,plastic_nut::plastic_nut_0297_OK,1,source_fit,OK
plastic_nut,plastic_nut/OK/S0297/plastic_nut_0297_OK_C2_20230930152230.jpg,plastic_nut::plastic_nut_0297_OK,2,source_fit,OK
plastic_nut,plastic_nut/OK/S0297/plastic_nut_0297_OK_C3_20230930152230.jpg,plastic_nut::plastic_nut_0297_OK,3,source_fit,OK
plastic_nut,plastic_nut/OK/S0297/plastic_nut_0297_OK_C4_20230930152230.jpg,plastic_nut::plastic_nut_0297_OK,4,source_fit,OK
plastic_nut,plastic_nut/OK/S0297/plastic_nut_0297_OK_C5_20230930152230.jpg,plastic_nut::plastic_nut_0297_OK,5,source_fit,OK
plastic_nut,plastic_nut/OK/S0298/plastic_nut_0298_OK_C1_20230930152253.jpg,plastic_nut::plastic_nut_0298_OK,1,source_fit,OK
plastic_nut,plastic_nut/OK/S0298/plastic_nut_0298_OK_C2_20230930152253.jpg,plastic_nut::plastic_nut_0298_OK,2,source_fit,OK
plastic_nut,plastic_nut/OK/S0298/plastic_nut_0298_OK_C3_20230930152253.jpg,plastic_nut::plastic_nut_0298_OK,3,source_fit,OK
plastic_nut,plastic_nut/OK/S0298/plastic_nut_0298_OK_C4_20230930152253.jpg,plastic_nut::plastic_nut_0298_OK,4,source_fit,OK
plastic_nut,plastic_nut/OK/S0298/plastic_nut_0298_OK_C5_20230930152253.jpg,plastic_nut::plastic_nut_0298_OK,5,source_fit,OK
plastic_nut,plastic_nut/OK/S0301/plastic_nut_0301_OK_C1_20230930152324.jpg,plastic_nut::plastic_nut_0301_OK,1,source_fit,OK
plastic_nut,plastic_nut/OK/S0301/plastic_nut_0301_OK_C2_20230930152324.jpg,plastic_nut::plastic_nut_0301_OK,2,source_fit,OK
plastic_nut,plastic_nut/OK/S0301/plastic_nut_0301_OK_C3_20230930152324.jpg,plastic_nut::plastic_nut_0301_OK,3,source_fit,OK
plastic_nut,plastic_nut/OK/S0301/plastic_nut_0301_OK_C4_20230930152324.jpg,plastic_nut::plastic_nut_0301_OK,4,source_fit,OK
plastic_nut,plastic_nut/OK/S0301/plastic_nut_0301_OK_C5_20230930152324.jpg,plastic_nut::plastic_nut_0301_OK,5,source_fit,OK
plastic_nut,plastic_nut/OK/S0305/plastic_nut_0305_OK_C1_20230930152410.jpg,plastic_nut::plastic_nut_0305_OK,1,source_fit,OK
plastic_nut,plastic_nut/OK/S0305/plastic_nut_0305_OK_C2_20230930152410.jpg,plastic_nut::plastic_nut_0305_OK,2,source_fit,OK
plastic_nut,plastic_nut/OK/S0305/plastic_nut_0305_OK_C3_20230930152410.jpg,plastic_nut::plastic_nut_0305_OK,3,source_fit,OK
plastic_nut,plastic_nut/OK/S0305/plastic_nut_0305_OK_C4_20230930152410.jpg,plastic_nut::plastic_nut_0305_OK,4,source_fit,OK
plastic_nut,plastic_nut/OK/S0305/plastic_nut_0305_OK_C5_20230930152410.jpg,plastic_nut::plastic_nut_0305_OK,5,source_fit,OK
plastic_nut,plastic_nut/OK/S0307/plastic_nut_0307_OK_C1_20230930152429.jpg,plastic_nut::plastic_nut_0307_OK,1,source_fit,OK
plastic_nut,plastic_nut/OK/S0307/plastic_nut_0307_OK_C2_20230930152429.jpg,plastic_nut::plastic_nut_0307_OK,2,source_fit,OK
plastic_nut,plastic_nut/OK/S0307/plastic_nut_0307_OK_C3_20230930152429.jpg,plastic_nut::plastic_nut_0307_OK,3,source_fit,OK
plastic_nut,plastic_nut/OK/S0307/plastic_nut_0307_OK_C4_20230930152429.jpg,plastic_nut::plastic_nut_0307_OK,4,source_fit,OK
plastic_nut,plastic_nut/OK/S0307/plastic_nut_0307_OK_C5_20230930152429.jpg,plastic_nut::plastic_nut_0307_OK,5,source_fit,OK
plastic_nut,plastic_nut/OK/S0308/plastic_nut_0308_OK_C1_20230930152439.jpg,plastic_nut::plastic_nut_0308_OK,1,source_fit,OK
plastic_nut,plastic_nut/OK/S0308/plastic_nut_0308_OK_C2_20230930152439.jpg,plastic_nut::plastic_nut_0308_OK,2,source_fit,OK
plastic_nut,plastic_nut/OK/S0308/plastic_nut_0308_OK_C3_20230930152439.jpg,plastic_nut::plastic_nut_0308_OK,3,source_fit,OK
plastic_nut,plastic_nut/OK/S0308/plastic_nut_0308_OK_C4_20230930152439.jpg,plastic_nut::plastic_nut_0308_OK,4,source_fit,OK
plastic_nut,plastic_nut/OK/S0308/plastic_nut_0308_OK_C5_20230930152439.jpg,plastic_nut::plastic_nut_0308_OK,5,source_fit,OK
plastic_nut,plastic_nut/OK/S0310/plastic_nut_0310_OK_C1_20230930152543.jpg,plastic_nut::plastic_nut_0310_OK,1,source_fit,OK
plastic_nut,plastic_nut/OK/S0310/plastic_nut_0310_OK_C2_20230930152543.jpg,plastic_nut::plastic_nut_0310_OK,2,source_fit,OK
plastic_nut,plastic_nut/OK/S0310/plastic_nut_0310_OK_C3_20230930152543.jpg,plastic_nut::plastic_nut_0310_OK,3,source_fit,OK
plastic_nut,plastic_nut/OK/S0310/plastic_nut_0310_OK_C4_20230930152543.jpg,plastic_nut::plastic_nut_0310_OK,4,source_fit,OK
plastic_nut,plastic_nut/OK/S0310/plastic_nut_0310_OK_C5_20230930152543.jpg,plastic_nut::plastic_nut_0310_OK,5,source_fit,OK
plastic_nut,plastic_nut/OK/S0312/plastic_nut_0312_OK_C1_20230930152602.jpg,plastic_nut::plastic_nut_0312_OK,1,source_fit,OK
plastic_nut,plastic_nut/OK/S0312/plastic_nut_0312_OK_C2_20230930152602.jpg,plastic_nut::plastic_nut_0312_OK,2,source_fit,OK
plastic_nut,plastic_nut/OK/S0312/plastic_nut_0312_OK_C3_20230930152602.jpg,plastic_nut::plastic_nut_0312_OK,3,source_fit,OK
plastic_nut,plastic_nut/OK/S0312/plastic_nut_0312_OK_C4_20230930152602.jpg,plastic_nut::plastic_nut_0312_OK,4,source_fit,OK
plastic_nut,plastic_nut/OK/S0312/plastic_nut_0312_OK_C5_20230930152602.jpg,plastic_nut::plastic_nut_0312_OK,5,source_fit,OK
plastic_nut,plastic_nut/OK/S0313/plastic_nut_0313_OK_C1_20230930152621.jpg,plastic_nut::plastic_nut_0313_OK,1,source_fit,OK
plastic_nut,plastic_nut/OK/S0313/plastic_nut_0313_OK_C2_20230930152621.jpg,plastic_nut::plastic_nut_0313_OK,2,source_fit,OK
plastic_nut,plastic_nut/OK/S0313/plastic_nut_0313_OK_C3_20230930152621.jpg,plastic_nut::plastic_nut_0313_OK,3,source_fit,OK
plastic_nut,plastic_nut/OK/S0313/plastic_nut_0313_OK_C4_20230930152621.jpg,plastic_nut::plastic_nut_0313_OK,4,source_fit,OK
plastic_nut,plastic_nut/OK/S0313/plastic_nut_0313_OK_C5_20230930152621.jpg,plastic_nut::plastic_nut_0313_OK,5,source_fit,OK
plastic_nut,plastic_nut/OK/S0315/plastic_nut_0315_OK_C1_20230930152644.jpg,plastic_nut::plastic_nut_0315_OK,1,source_fit,OK
plastic_nut,plastic_nut/OK/S0315/plastic_nut_0315_OK_C2_20230930152644.jpg,plastic_nut::plastic_nut_0315_OK,2,source_fit,OK
plastic_nut,plastic_nut/OK/S0315/plastic_nut_0315_OK_C3_20230930152644.jpg,plastic_nut::plastic_nut_0315_OK,3,source_fit,OK
plastic_nut,plastic_nut/OK/S0315/plastic_nut_0315_OK_C4_20230930152644.jpg,plastic_nut::plastic_nut_0315_OK,4,source_fit,OK
plastic_nut,plastic_nut/OK/S0315/plastic_nut_0315_OK_C5_20230930152644.jpg,plastic_nut::plastic_nut_0315_OK,5,source_fit,OK
plastic_nut,plastic_nut/OK/S0327/plastic_nut_0327_OK_C1_20230930153037.jpg,plastic_nut::plastic_nut_0327_OK,1,source_fit,OK
plastic_nut,plastic_nut/OK/S0327/plastic_nut_0327_OK_C2_20230930153037.jpg,plastic_nut::plastic_nut_0327_OK,2,source_fit,OK
plastic_nut,plastic_nut/OK/S0327/plastic_nut_0327_OK_C3_20230930153037.jpg,plastic_nut::plastic_nut_0327_OK,3,source_fit,OK
plastic_nut,plastic_nut/OK/S0327/plastic_nut_0327_OK_C4_20230930153037.jpg,plastic_nut::plastic_nut_0327_OK,4,source_fit,OK
plastic_nut,plastic_nut/OK/S0327/plastic_nut_0327_OK_C5_20230930153037.jpg,plastic_nut::plastic_nut_0327_OK,5,source_fit,OK
plastic_nut,plastic_nut/OK/S0332/plastic_nut_0332_OK_C1_20230930153425.jpg,plastic_nut::plastic_nut_0332_OK,1,source_fit,OK
plastic_nut,plastic_nut/OK/S0332/plastic_nut_0332_OK_C2_20230930153425.jpg,plastic_nut::plastic_nut_0332_OK,2,source_fit,OK
plastic_nut,plastic_nut/OK/S0332/plastic_nut_0332_OK_C3_20230930153425.jpg,plastic_nut::plastic_nut_0332_OK,3,source_fit,OK
plastic_nut,plastic_nut/OK/S0332/plastic_nut_0332_OK_C4_20230930153425.jpg,plastic_nut::plastic_nut_0332_OK,4,source_fit,OK
plastic_nut,plastic_nut/OK/S0332/plastic_nut_0332_OK_C5_20230930153425.jpg,plastic_nut::plastic_nut_0332_OK,5,source_fit,OK
plastic_nut,plastic_nut/OK/S0333/plastic_nut_0333_OK_C1_20230930153435.jpg,plastic_nut::plastic_nut_0333_OK,1,source_fit,OK
plastic_nut,plastic_nut/OK/S0333/plastic_nut_0333_OK_C2_20230930153435.jpg,plastic_nut::plastic_nut_0333_OK,2,source_fit,OK
plastic_nut,plastic_nut/OK/S0333/plastic_nut_0333_OK_C3_20230930153435.jpg,plastic_nut::plastic_nut_0333_OK,3,source_fit,OK
plastic_nut,plastic_nut/OK/S0333/plastic_nut_0333_OK_C4_20230930153435.jpg,plastic_nut::plastic_nut_0333_OK,4,source_fit,OK
plastic_nut,plastic_nut/OK/S0333/plastic_nut_0333_OK_C5_20230930153435.jpg,plastic_nut::plastic_nut_0333_OK,5,source_fit,OK
plastic_nut,plastic_nut/OK/S0334/plastic_nut_0334_OK_C1_20230930153512.jpg,plastic_nut::plastic_nut_0334_OK,1,source_fit,OK
plastic_nut,plastic_nut/OK/S0334/plastic_nut_0334_OK_C2_20230930153512.jpg,plastic_nut::plastic_nut_0334_OK,2,source_fit,OK
plastic_nut,plastic_nut/OK/S0334/plastic_nut_0334_OK_C3_20230930153512.jpg,plastic_nut::plastic_nut_0334_OK,3,source_fit,OK
plastic_nut,plastic_nut/OK/S0334/plastic_nut_0334_OK_C4_20230930153512.jpg,plastic_nut::plastic_nut_0334_OK,4,source_fit,OK
plastic_nut,plastic_nut/OK/S0334/plastic_nut_0334_OK_C5_20230930153512.jpg,plastic_nut::plastic_nut_0334_OK,5,source_fit,OK
plastic_nut,plastic_nut/OK/S0335/plastic_nut_0335_OK_C1_20230930153531.jpg,plastic_nut::plastic_nut_0335_OK,1,source_fit,OK
plastic_nut,plastic_nut/OK/S0335/plastic_nut_0335_OK_C2_20230930153531.jpg,plastic_nut::plastic_nut_0335_OK,2,source_fit,OK
plastic_nut,plastic_nut/OK/S0335/plastic_nut_0335_OK_C3_20230930153531.jpg,plastic_nut::plastic_nut_0335_OK,3,source_fit,OK
plastic_nut,plastic_nut/OK/S0335/plastic_nut_0335_OK_C4_20230930153531.jpg,plastic_nut::plastic_nut_0335_OK,4,source_fit,OK
plastic_nut,plastic_nut/OK/S0335/plastic_nut_0335_OK_C5_20230930153531.jpg,plastic_nut::plastic_nut_0335_OK,5,source_fit,OK
plastic_nut,plastic_nut/OK/S0336/plastic_nut_0336_OK_C1_20230930153538.jpg,plastic_nut::plastic_nut_0336_OK,1,source_fit,OK
plastic_nut,plastic_nut/OK/S0336/plastic_nut_0336_OK_C2_20230930153538.jpg,plastic_nut::plastic_nut_0336_OK,2,source_fit,OK
plastic_nut,plastic_nut/OK/S0336/plastic_nut_0336_OK_C3_20230930153538.jpg,plastic_nut::plastic_nut_0336_OK,3,source_fit,OK
plastic_nut,plastic_nut/OK/S0336/plastic_nut_0336_OK_C4_20230930153538.jpg,plastic_nut::plastic_nut_0336_OK,4,source_fit,OK
plastic_nut,plastic_nut/OK/S0336/plastic_nut_0336_OK_C5_20230930153538.jpg,plastic_nut::plastic_nut_0336_OK,5,source_fit,OK
plastic_nut,plastic_nut/OK/S0342/plastic_nut_0342_OK_C1_20230930153701.jpg,plastic_nut::plastic_nut_0342_OK,1,source_fit,OK
plastic_nut,plastic_nut/OK/S0342/plastic_nut_0342_OK_C2_20230930153701.jpg,plastic_nut::plastic_nut_0342_OK,2,source_fit,OK
plastic_nut,plastic_nut/OK/S0342/plastic_nut_0342_OK_C3_20230930153701.jpg,plastic_nut::plastic_nut_0342_OK,3,source_fit,OK
plastic_nut,plastic_nut/OK/S0342/plastic_nut_0342_OK_C4_20230930153701.jpg,plastic_nut::plastic_nut_0342_OK,4,source_fit,OK
plastic_nut,plastic_nut/OK/S0342/plastic_nut_0342_OK_C5_20230930153701.jpg,plastic_nut::plastic_nut_0342_OK,5,source_fit,OK
plastic_nut,plastic_nut/OK/S0347/plastic_nut_0347_OK_C1_20230930153805.jpg,plastic_nut::plastic_nut_0347_OK,1,source_fit,OK
plastic_nut,plastic_nut/OK/S0347/plastic_nut_0347_OK_C2_20230930153805.jpg,plastic_nut::plastic_nut_0347_OK,2,source_fit,OK
plastic_nut,plastic_nut/OK/S0347/plastic_nut_0347_OK_C3_20230930153805.jpg,plastic_nut::plastic_nut_0347_OK,3,source_fit,OK
plastic_nut,plastic_nut/OK/S0347/plastic_nut_0347_OK_C4_20230930153805.jpg,plastic_nut::plastic_nut_0347_OK,4,source_fit,OK
plastic_nut,plastic_nut/OK/S0347/plastic_nut_0347_OK_C5_20230930153805.jpg,plastic_nut::plastic_nut_0347_OK,5,source_fit,OK
plastic_nut,plastic_nut/OK/S0349/plastic_nut_0349_OK_C1_20230930153822.jpg,plastic_nut::plastic_nut_0349_OK,1,source_fit,OK
plastic_nut,plastic_nut/OK/S0349/plastic_nut_0349_OK_C2_20230930153822.jpg,plastic_nut::plastic_nut_0349_OK,2,source_fit,OK
plastic_nut,plastic_nut/OK/S0349/plastic_nut_0349_OK_C3_20230930153822.jpg,plastic_nut::plastic_nut_0349_OK,3,source_fit,OK
plastic_nut,plastic_nut/OK/S0349/plastic_nut_0349_OK_C4_20230930153822.jpg,plastic_nut::plastic_nut_0349_OK,4,source_fit,OK
plastic_nut,plastic_nut/OK/S0349/plastic_nut_0349_OK_C5_20230930153822.jpg,plastic_nut::plastic_nut_0349_OK,5,source_fit,OK
plastic_nut,plastic_nut/OK/S0352/plastic_nut_0352_OK_C1_20230930153902.jpg,plastic_nut::plastic_nut_0352_OK,1,source_fit,OK
plastic_nut,plastic_nut/OK/S0352/plastic_nut_0352_OK_C2_20230930153902.jpg,plastic_nut::plastic_nut_0352_OK,2,source_fit,OK
plastic_nut,plastic_nut/OK/S0352/plastic_nut_0352_OK_C3_20230930153902.jpg,plastic_nut::plastic_nut_0352_OK,3,source_fit,OK
plastic_nut,plastic_nut/OK/S0352/plastic_nut_0352_OK_C4_20230930153902.jpg,plastic_nut::plastic_nut_0352_OK,4,source_fit,OK
plastic_nut,plastic_nut/OK/S0352/plastic_nut_0352_OK_C5_20230930153902.jpg,plastic_nut::plastic_nut_0352_OK,5,source_fit,OK
plastic_nut,plastic_nut/OK/S0361/plastic_nut_0361_OK_C1_20230930154105.jpg,plastic_nut::plastic_nut_0361_OK,1,source_fit,OK
plastic_nut,plastic_nut/OK/S0361/plastic_nut_0361_OK_C2_20230930154105.jpg,plastic_nut::plastic_nut_0361_OK,2,source_fit,OK
plastic_nut,plastic_nut/OK/S0361/plastic_nut_0361_OK_C3_20230930154105.jpg,plastic_nut::plastic_nut_0361_OK,3,source_fit,OK
plastic_nut,plastic_nut/OK/S0361/plastic_nut_0361_OK_C4_20230930154105.jpg,plastic_nut::plastic_nut_0361_OK,4,source_fit,OK
plastic_nut,plastic_nut/OK/S0361/plastic_nut_0361_OK_C5_20230930154105.jpg,plastic_nut::plastic_nut_0361_OK,5,source_fit,OK
plastic_nut,plastic_nut/OK/S0364/plastic_nut_0364_OK_C1_20230930154158.jpg,plastic_nut::plastic_nut_0364_OK,1,source_fit,OK
plastic_nut,plastic_nut/OK/S0364/plastic_nut_0364_OK_C2_20230930154158.jpg,plastic_nut::plastic_nut_0364_OK,2,source_fit,OK
plastic_nut,plastic_nut/OK/S0364/plastic_nut_0364_OK_C3_20230930154158.jpg,plastic_nut::plastic_nut_0364_OK,3,source_fit,OK
plastic_nut,plastic_nut/OK/S0364/plastic_nut_0364_OK_C4_20230930154158.jpg,plastic_nut::plastic_nut_0364_OK,4,source_fit,OK
plastic_nut,plastic_nut/OK/S0364/plastic_nut_0364_OK_C5_20230930154158.jpg,plastic_nut::plastic_nut_0364_OK,5,source_fit,OK
plastic_nut,plastic_nut/OK/S0369/plastic_nut_0369_OK_C1_20230930154310.jpg,plastic_nut::plastic_nut_0369_OK,1,source_fit,OK
plastic_nut,plastic_nut/OK/S0369/plastic_nut_0369_OK_C2_20230930154310.jpg,plastic_nut::plastic_nut_0369_OK,2,source_fit,OK
plastic_nut,plastic_nut/OK/S0369/plastic_nut_0369_OK_C3_20230930154310.jpg,plastic_nut::plastic_nut_0369_OK,3,source_fit,OK
plastic_nut,plastic_nut/OK/S0369/plastic_nut_0369_OK_C4_20230930154310.jpg,plastic_nut::plastic_nut_0369_OK,4,source_fit,OK
plastic_nut,plastic_nut/OK/S0369/plastic_nut_0369_OK_C5_20230930154310.jpg,plastic_nut::plastic_nut_0369_OK,5,source_fit,OK
plastic_nut,plastic_nut/OK/S0376/plastic_nut_0376_OK_C1_20230930154438.jpg,plastic_nut::plastic_nut_0376_OK,1,source_fit,OK
plastic_nut,plastic_nut/OK/S0376/plastic_nut_0376_OK_C2_20230930154438.jpg,plastic_nut::plastic_nut_0376_OK,2,source_fit,OK
plastic_nut,plastic_nut/OK/S0376/plastic_nut_0376_OK_C3_20230930154438.jpg,plastic_nut::plastic_nut_0376_OK,3,source_fit,OK
plastic_nut,plastic_nut/OK/S0376/plastic_nut_0376_OK_C4_20230930154438.jpg,plastic_nut::plastic_nut_0376_OK,4,source_fit,OK
plastic_nut,plastic_nut/OK/S0376/plastic_nut_0376_OK_C5_20230930154438.jpg,plastic_nut::plastic_nut_0376_OK,5,source_fit,OK
plastic_nut,plastic_nut/OK/S0380/plastic_nut_0380_OK_C1_20230930154535.jpg,plastic_nut::plastic_nut_0380_OK,1,source_fit,OK
plastic_nut,plastic_nut/OK/S0380/plastic_nut_0380_OK_C2_20230930154535.jpg,plastic_nut::plastic_nut_0380_OK,2,source_fit,OK
plastic_nut,plastic_nut/OK/S0380/plastic_nut_0380_OK_C3_20230930154535.jpg,plastic_nut::plastic_nut_0380_OK,3,source_fit,OK
plastic_nut,plastic_nut/OK/S0380/plastic_nut_0380_OK_C4_20230930154535.jpg,plastic_nut::plastic_nut_0380_OK,4,source_fit,OK
plastic_nut,plastic_nut/OK/S0380/plastic_nut_0380_OK_C5_20230930154535.jpg,plastic_nut::plastic_nut_0380_OK,5,source_fit,OK
plastic_nut,plastic_nut/OK/S0381/plastic_nut_0381_OK_C1_20230930154544.jpg,plastic_nut::plastic_nut_0381_OK,1,source_fit,OK
plastic_nut,plastic_nut/OK/S0381/plastic_nut_0381_OK_C2_20230930154544.jpg,plastic_nut::plastic_nut_0381_OK,2,source_fit,OK
plastic_nut,plastic_nut/OK/S0381/plastic_nut_0381_OK_C3_20230930154544.jpg,plastic_nut::plastic_nut_0381_OK,3,source_fit,OK
plastic_nut,plastic_nut/OK/S0381/plastic_nut_0381_OK_C4_20230930154544.jpg,plastic_nut::plastic_nut_0381_OK,4,source_fit,OK
plastic_nut,plastic_nut/OK/S0381/plastic_nut_0381_OK_C5_20230930154544.jpg,plastic_nut::plastic_nut_0381_OK,5,source_fit,OK
plastic_nut,plastic_nut/OK/S0382/plastic_nut_0382_OK_C1_20230930154556.jpg,plastic_nut::plastic_nut_0382_OK,1,source_fit,OK
plastic_nut,plastic_nut/OK/S0382/plastic_nut_0382_OK_C2_20230930154556.jpg,plastic_nut::plastic_nut_0382_OK,2,source_fit,OK
plastic_nut,plastic_nut/OK/S0382/plastic_nut_0382_OK_C3_20230930154556.jpg,plastic_nut::plastic_nut_0382_OK,3,source_fit,OK
plastic_nut,plastic_nut/OK/S0382/plastic_nut_0382_OK_C4_20230930154556.jpg,plastic_nut::plastic_nut_0382_OK,4,source_fit,OK
plastic_nut,plastic_nut/OK/S0382/plastic_nut_0382_OK_C5_20230930154556.jpg,plastic_nut::plastic_nut_0382_OK,5,source_fit,OK
plastic_nut,plastic_nut/OK/S0383/plastic_nut_0383_OK_C1_20230930154623.jpg,plastic_nut::plastic_nut_0383_OK,1,source_fit,OK
plastic_nut,plastic_nut/OK/S0383/plastic_nut_0383_OK_C2_20230930154623.jpg,plastic_nut::plastic_nut_0383_OK,2,source_fit,OK
plastic_nut,plastic_nut/OK/S0383/plastic_nut_0383_OK_C3_20230930154623.jpg,plastic_nut::plastic_nut_0383_OK,3,source_fit,OK
plastic_nut,plastic_nut/OK/S0383/plastic_nut_0383_OK_C4_20230930154623.jpg,plastic_nut::plastic_nut_0383_OK,4,source_fit,OK
plastic_nut,plastic_nut/OK/S0383/plastic_nut_0383_OK_C5_20230930154623.jpg,plastic_nut::plastic_nut_0383_OK,5,source_fit,OK
plastic_nut,plastic_nut/OK/S0384/plastic_nut_0384_OK_C1_20230930154637.jpg,plastic_nut::plastic_nut_0384_OK,1,source_fit,OK
plastic_nut,plastic_nut/OK/S0384/plastic_nut_0384_OK_C2_20230930154637.jpg,plastic_nut::plastic_nut_0384_OK,2,source_fit,OK
plastic_nut,plastic_nut/OK/S0384/plastic_nut_0384_OK_C3_20230930154637.jpg,plastic_nut::plastic_nut_0384_OK,3,source_fit,OK
plastic_nut,plastic_nut/OK/S0384/plastic_nut_0384_OK_C4_20230930154637.jpg,plastic_nut::plastic_nut_0384_OK,4,source_fit,OK
plastic_nut,plastic_nut/OK/S0384/plastic_nut_0384_OK_C5_20230930154637.jpg,plastic_nut::plastic_nut_0384_OK,5,source_fit,OK
plastic_nut,plastic_nut/OK/S0386/plastic_nut_0386_OK_C1_20230930154754.jpg,plastic_nut::plastic_nut_0386_OK,1,source_fit,OK
plastic_nut,plastic_nut/OK/S0386/plastic_nut_0386_OK_C2_20230930154754.jpg,plastic_nut::plastic_nut_0386_OK,2,source_fit,OK
plastic_nut,plastic_nut/OK/S0386/plastic_nut_0386_OK_C3_20230930154754.jpg,plastic_nut::plastic_nut_0386_OK,3,source_fit,OK
plastic_nut,plastic_nut/OK/S0386/plastic_nut_0386_OK_C4_20230930154754.jpg,plastic_nut::plastic_nut_0386_OK,4,source_fit,OK
plastic_nut,plastic_nut/OK/S0386/plastic_nut_0386_OK_C5_20230930154754.jpg,plastic_nut::plastic_nut_0386_OK,5,source_fit,OK
plastic_nut,plastic_nut/OK/S0388/plastic_nut_0388_OK_C1_20230930154821.jpg,plastic_nut::plastic_nut_0388_OK,1,source_fit,OK
plastic_nut,plastic_nut/OK/S0388/plastic_nut_0388_OK_C2_20230930154821.jpg,plastic_nut::plastic_nut_0388_OK,2,source_fit,OK
plastic_nut,plastic_nut/OK/S0388/plastic_nut_0388_OK_C3_20230930154821.jpg,plastic_nut::plastic_nut_0388_OK,3,source_fit,OK
plastic_nut,plastic_nut/OK/S0388/plastic_nut_0388_OK_C4_20230930154821.jpg,plastic_nut::plastic_nut_0388_OK,4,source_fit,OK
plastic_nut,plastic_nut/OK/S0388/plastic_nut_0388_OK_C5_20230930154821.jpg,plastic_nut::plastic_nut_0388_OK,5,source_fit,OK
plastic_nut,plastic_nut/OK/S0390/plastic_nut_0390_OK_C1_20230930154848.jpg,plastic_nut::plastic_nut_0390_OK,1,source_fit,OK
plastic_nut,plastic_nut/OK/S0390/plastic_nut_0390_OK_C2_20230930154848.jpg,plastic_nut::plastic_nut_0390_OK,2,source_fit,OK
plastic_nut,plastic_nut/OK/S0390/plastic_nut_0390_OK_C3_20230930154848.jpg,plastic_nut::plastic_nut_0390_OK,3,source_fit,OK
plastic_nut,plastic_nut/OK/S0390/plastic_nut_0390_OK_C4_20230930154848.jpg,plastic_nut::plastic_nut_0390_OK,4,source_fit,OK
plastic_nut,plastic_nut/OK/S0390/plastic_nut_0390_OK_C5_20230930154848.jpg,plastic_nut::plastic_nut_0390_OK,5,source_fit,OK
plastic_nut,plastic_nut/OK/S0391/plastic_nut_0391_OK_C1_20230930154856.jpg,plastic_nut::plastic_nut_0391_OK,1,source_fit,OK
plastic_nut,plastic_nut/OK/S0391/plastic_nut_0391_OK_C2_20230930154856.jpg,plastic_nut::plastic_nut_0391_OK,2,source_fit,OK
plastic_nut,plastic_nut/OK/S0391/plastic_nut_0391_OK_C3_20230930154856.jpg,plastic_nut::plastic_nut_0391_OK,3,source_fit,OK
plastic_nut,plastic_nut/OK/S0391/plastic_nut_0391_OK_C4_20230930154856.jpg,plastic_nut::plastic_nut_0391_OK,4,source_fit,OK
plastic_nut,plastic_nut/OK/S0391/plastic_nut_0391_OK_C5_20230930154856.jpg,plastic_nut::plastic_nut_0391_OK,5,source_fit,OK
plastic_nut,plastic_nut/OK/S0392/plastic_nut_0392_OK_C1_20230930154918.jpg,plastic_nut::plastic_nut_0392_OK,1,source_fit,OK
plastic_nut,plastic_nut/OK/S0392/plastic_nut_0392_OK_C2_20230930154918.jpg,plastic_nut::plastic_nut_0392_OK,2,source_fit,OK
plastic_nut,plastic_nut/OK/S0392/plastic_nut_0392_OK_C3_20230930154918.jpg,plastic_nut::plastic_nut_0392_OK,3,source_fit,OK
plastic_nut,plastic_nut/OK/S0392/plastic_nut_0392_OK_C4_20230930154918.jpg,plastic_nut::plastic_nut_0392_OK,4,source_fit,OK
plastic_nut,plastic_nut/OK/S0392/plastic_nut_0392_OK_C5_20230930154918.jpg,plastic_nut::plastic_nut_0392_OK,5,source_fit,OK
plastic_nut,plastic_nut/OK/S0394/plastic_nut_0394_OK_C1_20230930154951.jpg,plastic_nut::plastic_nut_0394_OK,1,source_fit,OK
plastic_nut,plastic_nut/OK/S0394/plastic_nut_0394_OK_C2_20230930154951.jpg,plastic_nut::plastic_nut_0394_OK,2,source_fit,OK
plastic_nut,plastic_nut/OK/S0394/plastic_nut_0394_OK_C3_20230930154951.jpg,plastic_nut::plastic_nut_0394_OK,3,source_fit,OK
plastic_nut,plastic_nut/OK/S0394/plastic_nut_0394_OK_C4_20230930154951.jpg,plastic_nut::plastic_nut_0394_OK,4,source_fit,OK
plastic_nut,plastic_nut/OK/S0394/plastic_nut_0394_OK_C5_20230930154951.jpg,plastic_nut::plastic_nut_0394_OK,5,source_fit,OK
plastic_nut,plastic_nut/OK/S0400/plastic_nut_0400_OK_C1_20230930155159.jpg,plastic_nut::plastic_nut_0400_OK,1,source_fit,OK
plastic_nut,plastic_nut/OK/S0400/plastic_nut_0400_OK_C2_20230930155159.jpg,plastic_nut::plastic_nut_0400_OK,2,source_fit,OK
plastic_nut,plastic_nut/OK/S0400/plastic_nut_0400_OK_C3_20230930155159.jpg,plastic_nut::plastic_nut_0400_OK,3,source_fit,OK
plastic_nut,plastic_nut/OK/S0400/plastic_nut_0400_OK_C4_20230930155159.jpg,plastic_nut::plastic_nut_0400_OK,4,source_fit,OK
plastic_nut,plastic_nut/OK/S0400/plastic_nut_0400_OK_C5_20230930155159.jpg,plastic_nut::plastic_nut_0400_OK,5,source_fit,OK
plastic_nut,plastic_nut/OK/S0403/plastic_nut_0403_OK_C1_20230930155303.jpg,plastic_nut::plastic_nut_0403_OK,1,source_fit,OK
plastic_nut,plastic_nut/OK/S0403/plastic_nut_0403_OK_C2_20230930155303.jpg,plastic_nut::plastic_nut_0403_OK,2,source_fit,OK
plastic_nut,plastic_nut/OK/S0403/plastic_nut_0403_OK_C3_20230930155303.jpg,plastic_nut::plastic_nut_0403_OK,3,source_fit,OK
plastic_nut,plastic_nut/OK/S0403/plastic_nut_0403_OK_C4_20230930155303.jpg,plastic_nut::plastic_nut_0403_OK,4,source_fit,OK
plastic_nut,plastic_nut/OK/S0403/plastic_nut_0403_OK_C5_20230930155303.jpg,plastic_nut::plastic_nut_0403_OK,5,source_fit,OK
plastic_nut,plastic_nut/OK/S0405/plastic_nut_0405_OK_C1_20230930155327.jpg,plastic_nut::plastic_nut_0405_OK,1,source_fit,OK
plastic_nut,plastic_nut/OK/S0405/plastic_nut_0405_OK_C2_20230930155327.jpg,plastic_nut::plastic_nut_0405_OK,2,source_fit,OK
plastic_nut,plastic_nut/OK/S0405/plastic_nut_0405_OK_C3_20230930155327.jpg,plastic_nut::plastic_nut_0405_OK,3,source_fit,OK
plastic_nut,plastic_nut/OK/S0405/plastic_nut_0405_OK_C4_20230930155327.jpg,plastic_nut::plastic_nut_0405_OK,4,source_fit,OK
plastic_nut,plastic_nut/OK/S0405/plastic_nut_0405_OK_C5_20230930155327.jpg,plastic_nut::plastic_nut_0405_OK,5,source_fit,OK
plastic_nut,plastic_nut/OK/S0406/plastic_nut_0406_OK_C1_20230930161349.jpg,plastic_nut::plastic_nut_0406_OK,1,source_fit,OK
plastic_nut,plastic_nut/OK/S0406/plastic_nut_0406_OK_C2_20230930161349.jpg,plastic_nut::plastic_nut_0406_OK,2,source_fit,OK
plastic_nut,plastic_nut/OK/S0406/plastic_nut_0406_OK_C3_20230930161349.jpg,plastic_nut::plastic_nut_0406_OK,3,source_fit,OK
plastic_nut,plastic_nut/OK/S0406/plastic_nut_0406_OK_C4_20230930161349.jpg,plastic_nut::plastic_nut_0406_OK,4,source_fit,OK
plastic_nut,plastic_nut/OK/S0406/plastic_nut_0406_OK_C5_20230930161349.jpg,plastic_nut::plastic_nut_0406_OK,5,source_fit,OK
plastic_nut,plastic_nut/OK/S0407/plastic_nut_0407_OK_C1_20230930155522.jpg,plastic_nut::plastic_nut_0407_OK,1,source_fit,OK
plastic_nut,plastic_nut/OK/S0407/plastic_nut_0407_OK_C2_20230930155522.jpg,plastic_nut::plastic_nut_0407_OK,2,source_fit,OK
plastic_nut,plastic_nut/OK/S0407/plastic_nut_0407_OK_C3_20230930155522.jpg,plastic_nut::plastic_nut_0407_OK,3,source_fit,OK
plastic_nut,plastic_nut/OK/S0407/plastic_nut_0407_OK_C4_20230930155522.jpg,plastic_nut::plastic_nut_0407_OK,4,source_fit,OK
plastic_nut,plastic_nut/OK/S0407/plastic_nut_0407_OK_C5_20230930155522.jpg,plastic_nut::plastic_nut_0407_OK,5,source_fit,OK
plastic_nut,plastic_nut/OK/S0410/plastic_nut_0410_OK_C1_20230930155732.jpg,plastic_nut::plastic_nut_0410_OK,1,source_fit,OK
plastic_nut,plastic_nut/OK/S0410/plastic_nut_0410_OK_C2_20230930155732.jpg,plastic_nut::plastic_nut_0410_OK,2,source_fit,OK
plastic_nut,plastic_nut/OK/S0410/plastic_nut_0410_OK_C3_20230930155732.jpg,plastic_nut::plastic_nut_0410_OK,3,source_fit,OK
plastic_nut,plastic_nut/OK/S0410/plastic_nut_0410_OK_C4_20230930155732.jpg,plastic_nut::plastic_nut_0410_OK,4,source_fit,OK
plastic_nut,plastic_nut/OK/S0410/plastic_nut_0410_OK_C5_20230930155732.jpg,plastic_nut::plastic_nut_0410_OK,5,source_fit,OK
plastic_nut,plastic_nut/OK/S0419/plastic_nut_0419_OK_C1_20230930160030.jpg,plastic_nut::plastic_nut_0419_OK,1,source_fit,OK
plastic_nut,plastic_nut/OK/S0419/plastic_nut_0419_OK_C2_20230930160030.jpg,plastic_nut::plastic_nut_0419_OK,2,source_fit,OK
plastic_nut,plastic_nut/OK/S0419/plastic_nut_0419_OK_C3_20230930160030.jpg,plastic_nut::plastic_nut_0419_OK,3,source_fit,OK
plastic_nut,plastic_nut/OK/S0419/plastic_nut_0419_OK_C4_20230930160030.jpg,plastic_nut::plastic_nut_0419_OK,4,source_fit,OK
plastic_nut,plastic_nut/OK/S0419/plastic_nut_0419_OK_C5_20230930160030.jpg,plastic_nut::plastic_nut_0419_OK,5,source_fit,OK
plastic_nut,plastic_nut/OK/S0422/plastic_nut_0422_OK_C1_20230930160122.jpg,plastic_nut::plastic_nut_0422_OK,1,source_fit,OK
plastic_nut,plastic_nut/OK/S0422/plastic_nut_0422_OK_C2_20230930160122.jpg,plastic_nut::plastic_nut_0422_OK,2,source_fit,OK
plastic_nut,plastic_nut/OK/S0422/plastic_nut_0422_OK_C3_20230930160122.jpg,plastic_nut::plastic_nut_0422_OK,3,source_fit,OK
plastic_nut,plastic_nut/OK/S0422/plastic_nut_0422_OK_C4_20230930160122.jpg,plastic_nut::plastic_nut_0422_OK,4,source_fit,OK
plastic_nut,plastic_nut/OK/S0422/plastic_nut_0422_OK_C5_20230930160122.jpg,plastic_nut::plastic_nut_0422_OK,5,source_fit,OK
plastic_nut,plastic_nut/OK/S0430/plastic_nut_0430_OK_C1_20230930160445.jpg,plastic_nut::plastic_nut_0430_OK,1,source_fit,OK
plastic_nut,plastic_nut/OK/S0430/plastic_nut_0430_OK_C2_20230930160445.jpg,plastic_nut::plastic_nut_0430_OK,2,source_fit,OK
plastic_nut,plastic_nut/OK/S0430/plastic_nut_0430_OK_C3_20230930160445.jpg,plastic_nut::plastic_nut_0430_OK,3,source_fit,OK
plastic_nut,plastic_nut/OK/S0430/plastic_nut_0430_OK_C4_20230930160445.jpg,plastic_nut::plastic_nut_0430_OK,4,source_fit,OK
plastic_nut,plastic_nut/OK/S0430/plastic_nut_0430_OK_C5_20230930160445.jpg,plastic_nut::plastic_nut_0430_OK,5,source_fit,OK
plastic_nut,plastic_nut/OK/S0431/plastic_nut_0431_OK_C1_20230930160457.jpg,plastic_nut::plastic_nut_0431_OK,1,source_fit,OK
plastic_nut,plastic_nut/OK/S0431/plastic_nut_0431_OK_C2_20230930160457.jpg,plastic_nut::plastic_nut_0431_OK,2,source_fit,OK
plastic_nut,plastic_nut/OK/S0431/plastic_nut_0431_OK_C3_20230930160457.jpg,plastic_nut::plastic_nut_0431_OK,3,source_fit,OK
plastic_nut,plastic_nut/OK/S0431/plastic_nut_0431_OK_C4_20230930160457.jpg,plastic_nut::plastic_nut_0431_OK,4,source_fit,OK
plastic_nut,plastic_nut/OK/S0431/plastic_nut_0431_OK_C5_20230930160457.jpg,plastic_nut::plastic_nut_0431_OK,5,source_fit,OK
plastic_nut,plastic_nut/OK/S0435/plastic_nut_0435_OK_C1_20230930160918.jpg,plastic_nut::plastic_nut_0435_OK,1,source_fit,OK
plastic_nut,plastic_nut/OK/S0435/plastic_nut_0435_OK_C2_20230930160918.jpg,plastic_nut::plastic_nut_0435_OK,2,source_fit,OK
plastic_nut,plastic_nut/OK/S0435/plastic_nut_0435_OK_C3_20230930160918.jpg,plastic_nut::plastic_nut_0435_OK,3,source_fit,OK
plastic_nut,plastic_nut/OK/S0435/plastic_nut_0435_OK_C4_20230930160918.jpg,plastic_nut::plastic_nut_0435_OK,4,source_fit,OK
plastic_nut,plastic_nut/OK/S0435/plastic_nut_0435_OK_C5_20230930160918.jpg,plastic_nut::plastic_nut_0435_OK,5,source_fit,OK
plastic_nut,plastic_nut/OK/S0437/plastic_nut_0437_OK_C1_20230930160939.jpg,plastic_nut::plastic_nut_0437_OK,1,source_fit,OK
plastic_nut,plastic_nut/OK/S0437/plastic_nut_0437_OK_C2_20230930160939.jpg,plastic_nut::plastic_nut_0437_OK,2,source_fit,OK
plastic_nut,plastic_nut/OK/S0437/plastic_nut_0437_OK_C3_20230930160939.jpg,plastic_nut::plastic_nut_0437_OK,3,source_fit,OK
plastic_nut,plastic_nut/OK/S0437/plastic_nut_0437_OK_C4_20230930160939.jpg,plastic_nut::plastic_nut_0437_OK,4,source_fit,OK
plastic_nut,plastic_nut/OK/S0437/plastic_nut_0437_OK_C5_20230930160939.jpg,plastic_nut::plastic_nut_0437_OK,5,source_fit,OK
plastic_nut,plastic_nut/OK/S0439/plastic_nut_0439_OK_C1_20230930160953.jpg,plastic_nut::plastic_nut_0439_OK,1,source_fit,OK
plastic_nut,plastic_nut/OK/S0439/plastic_nut_0439_OK_C2_20230930160953.jpg,plastic_nut::plastic_nut_0439_OK,2,source_fit,OK
plastic_nut,plastic_nut/OK/S0439/plastic_nut_0439_OK_C3_20230930160953.jpg,plastic_nut::plastic_nut_0439_OK,3,source_fit,OK
plastic_nut,plastic_nut/OK/S0439/plastic_nut_0439_OK_C4_20230930160953.jpg,plastic_nut::plastic_nut_0439_OK,4,source_fit,OK
plastic_nut,plastic_nut/OK/S0439/plastic_nut_0439_OK_C5_20230930160953.jpg,plastic_nut::plastic_nut_0439_OK,5,source_fit,OK
plastic_nut,plastic_nut/OK/S0440/plastic_nut_0440_OK_C1_20230930161007.jpg,plastic_nut::plastic_nut_0440_OK,1,source_fit,OK
plastic_nut,plastic_nut/OK/S0440/plastic_nut_0440_OK_C2_20230930161007.jpg,plastic_nut::plastic_nut_0440_OK,2,source_fit,OK
plastic_nut,plastic_nut/OK/S0440/plastic_nut_0440_OK_C3_20230930161007.jpg,plastic_nut::plastic_nut_0440_OK,3,source_fit,OK
plastic_nut,plastic_nut/OK/S0440/plastic_nut_0440_OK_C4_20230930161007.jpg,plastic_nut::plastic_nut_0440_OK,4,source_fit,OK
plastic_nut,plastic_nut/OK/S0440/plastic_nut_0440_OK_C5_20230930161007.jpg,plastic_nut::plastic_nut_0440_OK,5,source_fit,OK
plastic_nut,plastic_nut/OK/S0441/plastic_nut_0441_OK_C1_20230930161014.jpg,plastic_nut::plastic_nut_0441_OK,1,source_fit,OK
plastic_nut,plastic_nut/OK/S0441/plastic_nut_0441_OK_C2_20230930161014.jpg,plastic_nut::plastic_nut_0441_OK,2,source_fit,OK
plastic_nut,plastic_nut/OK/S0441/plastic_nut_0441_OK_C3_20230930161014.jpg,plastic_nut::plastic_nut_0441_OK,3,source_fit,OK
plastic_nut,plastic_nut/OK/S0441/plastic_nut_0441_OK_C4_20230930161014.jpg,plastic_nut::plastic_nut_0441_OK,4,source_fit,OK
plastic_nut,plastic_nut/OK/S0441/plastic_nut_0441_OK_C5_20230930161014.jpg,plastic_nut::plastic_nut_0441_OK,5,source_fit,OK
plastic_nut,plastic_nut/OK/S0442/plastic_nut_0442_OK_C1_20230930161023.jpg,plastic_nut::plastic_nut_0442_OK,1,source_fit,OK
plastic_nut,plastic_nut/OK/S0442/plastic_nut_0442_OK_C2_20230930161023.jpg,plastic_nut::plastic_nut_0442_OK,2,source_fit,OK
plastic_nut,plastic_nut/OK/S0442/plastic_nut_0442_OK_C3_20230930161023.jpg,plastic_nut::plastic_nut_0442_OK,3,source_fit,OK
plastic_nut,plastic_nut/OK/S0442/plastic_nut_0442_OK_C4_20230930161023.jpg,plastic_nut::plastic_nut_0442_OK,4,source_fit,OK
plastic_nut,plastic_nut/OK/S0442/plastic_nut_0442_OK_C5_20230930161023.jpg,plastic_nut::plastic_nut_0442_OK,5,source_fit,OK
plastic_nut,plastic_nut/OK/S0448/plastic_nut_0448_OK_C1_20230930161132.jpg,plastic_nut::plastic_nut_0448_OK,1,source_fit,OK
plastic_nut,plastic_nut/OK/S0448/plastic_nut_0448_OK_C2_20230930161132.jpg,plastic_nut::plastic_nut_0448_OK,2,source_fit,OK
plastic_nut,plastic_nut/OK/S0448/plastic_nut_0448_OK_C3_20230930161132.jpg,plastic_nut::plastic_nut_0448_OK,3,source_fit,OK
plastic_nut,plastic_nut/OK/S0448/plastic_nut_0448_OK_C4_20230930161132.jpg,plastic_nut::plastic_nut_0448_OK,4,source_fit,OK
plastic_nut,plastic_nut/OK/S0448/plastic_nut_0448_OK_C5_20230930161132.jpg,plastic_nut::plastic_nut_0448_OK,5,source_fit,OK
plastic_nut,plastic_nut/OK/S0452/plastic_nut_0452_OK_C1_20230930162013.jpg,plastic_nut::plastic_nut_0452_OK,1,source_fit,OK
plastic_nut,plastic_nut/OK/S0452/plastic_nut_0452_OK_C2_20230930162013.jpg,plastic_nut::plastic_nut_0452_OK,2,source_fit,OK
plastic_nut,plastic_nut/OK/S0452/plastic_nut_0452_OK_C3_20230930162013.jpg,plastic_nut::plastic_nut_0452_OK,3,source_fit,OK
plastic_nut,plastic_nut/OK/S0452/plastic_nut_0452_OK_C4_20230930162013.jpg,plastic_nut::plastic_nut_0452_OK,4,source_fit,OK
plastic_nut,plastic_nut/OK/S0452/plastic_nut_0452_OK_C5_20230930162013.jpg,plastic_nut::plastic_nut_0452_OK,5,source_fit,OK
plastic_nut,plastic_nut/OK/S0455/plastic_nut_0455_OK_C1_20230930162053.jpg,plastic_nut::plastic_nut_0455_OK,1,source_fit,OK
plastic_nut,plastic_nut/OK/S0455/plastic_nut_0455_OK_C2_20230930162053.jpg,plastic_nut::plastic_nut_0455_OK,2,source_fit,OK
plastic_nut,plastic_nut/OK/S0455/plastic_nut_0455_OK_C3_20230930162053.jpg,plastic_nut::plastic_nut_0455_OK,3,source_fit,OK
plastic_nut,plastic_nut/OK/S0455/plastic_nut_0455_OK_C4_20230930162053.jpg,plastic_nut::plastic_nut_0455_OK,4,source_fit,OK
plastic_nut,plastic_nut/OK/S0455/plastic_nut_0455_OK_C5_20230930162053.jpg,plastic_nut::plastic_nut_0455_OK,5,source_fit,OK
plastic_nut,plastic_nut/OK/S0460/plastic_nut_0460_OK_C1_20230930162149.jpg,plastic_nut::plastic_nut_0460_OK,1,source_fit,OK
plastic_nut,plastic_nut/OK/S0460/plastic_nut_0460_OK_C2_20230930162149.jpg,plastic_nut::plastic_nut_0460_OK,2,source_fit,OK
plastic_nut,plastic_nut/OK/S0460/plastic_nut_0460_OK_C3_20230930162149.jpg,plastic_nut::plastic_nut_0460_OK,3,source_fit,OK
plastic_nut,plastic_nut/OK/S0460/plastic_nut_0460_OK_C4_20230930162149.jpg,plastic_nut::plastic_nut_0460_OK,4,source_fit,OK
plastic_nut,plastic_nut/OK/S0460/plastic_nut_0460_OK_C5_20230930162149.jpg,plastic_nut::plastic_nut_0460_OK,5,source_fit,OK
plastic_nut,plastic_nut/OK/S0465/plastic_nut_0465_OK_C1_20230930162235.jpg,plastic_nut::plastic_nut_0465_OK,1,source_fit,OK
plastic_nut,plastic_nut/OK/S0465/plastic_nut_0465_OK_C2_20230930162235.jpg,plastic_nut::plastic_nut_0465_OK,2,source_fit,OK
plastic_nut,plastic_nut/OK/S0465/plastic_nut_0465_OK_C3_20230930162235.jpg,plastic_nut::plastic_nut_0465_OK,3,source_fit,OK
plastic_nut,plastic_nut/OK/S0465/plastic_nut_0465_OK_C4_20230930162235.jpg,plastic_nut::plastic_nut_0465_OK,4,source_fit,OK
plastic_nut,plastic_nut/OK/S0465/plastic_nut_0465_OK_C5_20230930162235.jpg,plastic_nut::plastic_nut_0465_OK,5,source_fit,OK
plastic_nut,plastic_nut/OK/S0467/plastic_nut_0467_OK_C1_20230930162310.jpg,plastic_nut::plastic_nut_0467_OK,1,source_fit,OK
plastic_nut,plastic_nut/OK/S0467/plastic_nut_0467_OK_C2_20230930162310.jpg,plastic_nut::plastic_nut_0467_OK,2,source_fit,OK
plastic_nut,plastic_nut/OK/S0467/plastic_nut_0467_OK_C3_20230930162310.jpg,plastic_nut::plastic_nut_0467_OK,3,source_fit,OK
plastic_nut,plastic_nut/OK/S0467/plastic_nut_0467_OK_C4_20230930162310.jpg,plastic_nut::plastic_nut_0467_OK,4,source_fit,OK
plastic_nut,plastic_nut/OK/S0467/plastic_nut_0467_OK_C5_20230930162310.jpg,plastic_nut::plastic_nut_0467_OK,5,source_fit,OK
plastic_nut,plastic_nut/OK/S0470/plastic_nut_0470_OK_C1_20230930162349.jpg,plastic_nut::plastic_nut_0470_OK,1,source_fit,OK
plastic_nut,plastic_nut/OK/S0470/plastic_nut_0470_OK_C2_20230930162349.jpg,plastic_nut::plastic_nut_0470_OK,2,source_fit,OK
plastic_nut,plastic_nut/OK/S0470/plastic_nut_0470_OK_C3_20230930162349.jpg,plastic_nut::plastic_nut_0470_OK,3,source_fit,OK
plastic_nut,plastic_nut/OK/S0470/plastic_nut_0470_OK_C4_20230930162349.jpg,plastic_nut::plastic_nut_0470_OK,4,source_fit,OK
plastic_nut,plastic_nut/OK/S0470/plastic_nut_0470_OK_C5_20230930162349.jpg,plastic_nut::plastic_nut_0470_OK,5,source_fit,OK
plastic_nut,plastic_nut/OK/S0474/plastic_nut_0474_OK_C1_20230930162424.jpg,plastic_nut::plastic_nut_0474_OK,1,source_fit,OK
plastic_nut,plastic_nut/OK/S0474/plastic_nut_0474_OK_C2_20230930162424.jpg,plastic_nut::plastic_nut_0474_OK,2,source_fit,OK
plastic_nut,plastic_nut/OK/S0474/plastic_nut_0474_OK_C3_20230930162424.jpg,plastic_nut::plastic_nut_0474_OK,3,source_fit,OK
plastic_nut,plastic_nut/OK/S0474/plastic_nut_0474_OK_C4_20230930162424.jpg,plastic_nut::plastic_nut_0474_OK,4,source_fit,OK
plastic_nut,plastic_nut/OK/S0474/plastic_nut_0474_OK_C5_20230930162424.jpg,plastic_nut::plastic_nut_0474_OK,5,source_fit,OK
plastic_nut,plastic_nut/OK/S0475/plastic_nut_0475_OK_C1_20230930162440.jpg,plastic_nut::plastic_nut_0475_OK,1,source_fit,OK
plastic_nut,plastic_nut/OK/S0475/plastic_nut_0475_OK_C2_20230930162440.jpg,plastic_nut::plastic_nut_0475_OK,2,source_fit,OK
plastic_nut,plastic_nut/OK/S0475/plastic_nut_0475_OK_C3_20230930162440.jpg,plastic_nut::plastic_nut_0475_OK,3,source_fit,OK
plastic_nut,plastic_nut/OK/S0475/plastic_nut_0475_OK_C4_20230930162440.jpg,plastic_nut::plastic_nut_0475_OK,4,source_fit,OK
plastic_nut,plastic_nut/OK/S0475/plastic_nut_0475_OK_C5_20230930162440.jpg,plastic_nut::plastic_nut_0475_OK,5,source_fit,OK
plastic_nut,plastic_nut/OK/S0477/plastic_nut_0477_OK_C1_20230930162508.jpg,plastic_nut::plastic_nut_0477_OK,1,source_fit,OK
plastic_nut,plastic_nut/OK/S0477/plastic_nut_0477_OK_C2_20230930162508.jpg,plastic_nut::plastic_nut_0477_OK,2,source_fit,OK
plastic_nut,plastic_nut/OK/S0477/plastic_nut_0477_OK_C3_20230930162508.jpg,plastic_nut::plastic_nut_0477_OK,3,source_fit,OK
plastic_nut,plastic_nut/OK/S0477/plastic_nut_0477_OK_C4_20230930162508.jpg,plastic_nut::plastic_nut_0477_OK,4,source_fit,OK
plastic_nut,plastic_nut/OK/S0477/plastic_nut_0477_OK_C5_20230930162508.jpg,plastic_nut::plastic_nut_0477_OK,5,source_fit,OK
plastic_nut,plastic_nut/OK/S0478/plastic_nut_0478_OK_C1_20230930162517.jpg,plastic_nut::plastic_nut_0478_OK,1,source_fit,OK
plastic_nut,plastic_nut/OK/S0478/plastic_nut_0478_OK_C2_20230930162517.jpg,plastic_nut::plastic_nut_0478_OK,2,source_fit,OK
plastic_nut,plastic_nut/OK/S0478/plastic_nut_0478_OK_C3_20230930162517.jpg,plastic_nut::plastic_nut_0478_OK,3,source_fit,OK
plastic_nut,plastic_nut/OK/S0478/plastic_nut_0478_OK_C4_20230930162517.jpg,plastic_nut::plastic_nut_0478_OK,4,source_fit,OK
plastic_nut,plastic_nut/OK/S0478/plastic_nut_0478_OK_C5_20230930162517.jpg,plastic_nut::plastic_nut_0478_OK,5,source_fit,OK
plastic_nut,plastic_nut/OK/S0480/plastic_nut_0480_OK_C1_20230930162540.jpg,plastic_nut::plastic_nut_0480_OK,1,source_fit,OK
plastic_nut,plastic_nut/OK/S0480/plastic_nut_0480_OK_C2_20230930162540.jpg,plastic_nut::plastic_nut_0480_OK,2,source_fit,OK
plastic_nut,plastic_nut/OK/S0480/plastic_nut_0480_OK_C3_20230930162540.jpg,plastic_nut::plastic_nut_0480_OK,3,source_fit,OK
plastic_nut,plastic_nut/OK/S0480/plastic_nut_0480_OK_C4_20230930162540.jpg,plastic_nut::plastic_nut_0480_OK,4,source_fit,OK
plastic_nut,plastic_nut/OK/S0480/plastic_nut_0480_OK_C5_20230930162540.jpg,plastic_nut::plastic_nut_0480_OK,5,source_fit,OK
plastic_nut,plastic_nut/OK/S0484/plastic_nut_0484_OK_C1_20230930162613.jpg,plastic_nut::plastic_nut_0484_OK,1,source_fit,OK
plastic_nut,plastic_nut/OK/S0484/plastic_nut_0484_OK_C2_20230930162613.jpg,plastic_nut::plastic_nut_0484_OK,2,source_fit,OK
plastic_nut,plastic_nut/OK/S0484/plastic_nut_0484_OK_C3_20230930162613.jpg,plastic_nut::plastic_nut_0484_OK,3,source_fit,OK
plastic_nut,plastic_nut/OK/S0484/plastic_nut_0484_OK_C4_20230930162613.jpg,plastic_nut::plastic_nut_0484_OK,4,source_fit,OK
plastic_nut,plastic_nut/OK/S0484/plastic_nut_0484_OK_C5_20230930162613.jpg,plastic_nut::plastic_nut_0484_OK,5,source_fit,OK
plastic_nut,plastic_nut/OK/S0486/plastic_nut_0486_OK_C1_20230930162637.jpg,plastic_nut::plastic_nut_0486_OK,1,source_fit,OK
plastic_nut,plastic_nut/OK/S0486/plastic_nut_0486_OK_C2_20230930162637.jpg,plastic_nut::plastic_nut_0486_OK,2,source_fit,OK
plastic_nut,plastic_nut/OK/S0486/plastic_nut_0486_OK_C3_20230930162637.jpg,plastic_nut::plastic_nut_0486_OK,3,source_fit,OK
plastic_nut,plastic_nut/OK/S0486/plastic_nut_0486_OK_C4_20230930162637.jpg,plastic_nut::plastic_nut_0486_OK,4,source_fit,OK
plastic_nut,plastic_nut/OK/S0486/plastic_nut_0486_OK_C5_20230930162637.jpg,plastic_nut::plastic_nut_0486_OK,5,source_fit,OK
plastic_nut,plastic_nut/OK/S0488/plastic_nut_0488_OK_C1_20230930162702.jpg,plastic_nut::plastic_nut_0488_OK,1,source_fit,OK
plastic_nut,plastic_nut/OK/S0488/plastic_nut_0488_OK_C2_20230930162702.jpg,plastic_nut::plastic_nut_0488_OK,2,source_fit,OK
plastic_nut,plastic_nut/OK/S0488/plastic_nut_0488_OK_C3_20230930162702.jpg,plastic_nut::plastic_nut_0488_OK,3,source_fit,OK
plastic_nut,plastic_nut/OK/S0488/plastic_nut_0488_OK_C4_20230930162702.jpg,plastic_nut::plastic_nut_0488_OK,4,source_fit,OK
plastic_nut,plastic_nut/OK/S0488/plastic_nut_0488_OK_C5_20230930162702.jpg,plastic_nut::plastic_nut_0488_OK,5,source_fit,OK
plastic_nut,plastic_nut/OK/S0494/plastic_nut_0494_OK_C1_20230930162854.jpg,plastic_nut::plastic_nut_0494_OK,1,source_fit,OK
plastic_nut,plastic_nut/OK/S0494/plastic_nut_0494_OK_C2_20230930162854.jpg,plastic_nut::plastic_nut_0494_OK,2,source_fit,OK
plastic_nut,plastic_nut/OK/S0494/plastic_nut_0494_OK_C3_20230930162854.jpg,plastic_nut::plastic_nut_0494_OK,3,source_fit,OK
plastic_nut,plastic_nut/OK/S0494/plastic_nut_0494_OK_C4_20230930162854.jpg,plastic_nut::plastic_nut_0494_OK,4,source_fit,OK
plastic_nut,plastic_nut/OK/S0494/plastic_nut_0494_OK_C5_20230930162854.jpg,plastic_nut::plastic_nut_0494_OK,5,source_fit,OK
plastic_nut,plastic_nut/OK/S0495/plastic_nut_0495_OK_C1_20230930162911.jpg,plastic_nut::plastic_nut_0495_OK,1,source_fit,OK
plastic_nut,plastic_nut/OK/S0495/plastic_nut_0495_OK_C2_20230930162911.jpg,plastic_nut::plastic_nut_0495_OK,2,source_fit,OK
plastic_nut,plastic_nut/OK/S0495/plastic_nut_0495_OK_C3_20230930162911.jpg,plastic_nut::plastic_nut_0495_OK,3,source_fit,OK
plastic_nut,plastic_nut/OK/S0495/plastic_nut_0495_OK_C4_20230930162911.jpg,plastic_nut::plastic_nut_0495_OK,4,source_fit,OK
plastic_nut,plastic_nut/OK/S0495/plastic_nut_0495_OK_C5_20230930162911.jpg,plastic_nut::plastic_nut_0495_OK,5,source_fit,OK
plastic_nut,plastic_nut/OK/S0497/plastic_nut_0497_OK_C1_20230930162944.jpg,plastic_nut::plastic_nut_0497_OK,1,source_fit,OK
plastic_nut,plastic_nut/OK/S0497/plastic_nut_0497_OK_C2_20230930162944.jpg,plastic_nut::plastic_nut_0497_OK,2,source_fit,OK
plastic_nut,plastic_nut/OK/S0497/plastic_nut_0497_OK_C3_20230930162944.jpg,plastic_nut::plastic_nut_0497_OK,3,source_fit,OK
plastic_nut,plastic_nut/OK/S0497/plastic_nut_0497_OK_C4_20230930162944.jpg,plastic_nut::plastic_nut_0497_OK,4,source_fit,OK
plastic_nut,plastic_nut/OK/S0497/plastic_nut_0497_OK_C5_20230930162944.jpg,plastic_nut::plastic_nut_0497_OK,5,source_fit,OK
plastic_nut,plastic_nut/OK/S0498/plastic_nut_0498_OK_C1_20230930162953.jpg,plastic_nut::plastic_nut_0498_OK,1,source_fit,OK
plastic_nut,plastic_nut/OK/S0498/plastic_nut_0498_OK_C2_20230930162953.jpg,plastic_nut::plastic_nut_0498_OK,2,source_fit,OK
plastic_nut,plastic_nut/OK/S0498/plastic_nut_0498_OK_C3_20230930162953.jpg,plastic_nut::plastic_nut_0498_OK,3,source_fit,OK
plastic_nut,plastic_nut/OK/S0498/plastic_nut_0498_OK_C4_20230930162953.jpg,plastic_nut::plastic_nut_0498_OK,4,source_fit,OK
plastic_nut,plastic_nut/OK/S0498/plastic_nut_0498_OK_C5_20230930162953.jpg,plastic_nut::plastic_nut_0498_OK,5,source_fit,OK
plastic_nut,plastic_nut/OK/S2001/plastic_nut_2001_OK_C1_20230930160601.jpg,plastic_nut::plastic_nut_2001_OK,1,source_fit,OK
plastic_nut,plastic_nut/OK/S2001/plastic_nut_2001_OK_C2_20230930160601.jpg,plastic_nut::plastic_nut_2001_OK,2,source_fit,OK
plastic_nut,plastic_nut/OK/S2001/plastic_nut_2001_OK_C3_20230930160601.jpg,plastic_nut::plastic_nut_2001_OK,3,source_fit,OK
plastic_nut,plastic_nut/OK/S2001/plastic_nut_2001_OK_C4_20230930160601.jpg,plastic_nut::plastic_nut_2001_OK,4,source_fit,OK
plastic_nut,plastic_nut/OK/S2001/plastic_nut_2001_OK_C5_20230930160601.jpg,plastic_nut::plastic_nut_2001_OK,5,source_fit,OK
plastic_nut,plastic_nut/OK/S2002/plastic_nut_2002_OK_C1_20230930160612.jpg,plastic_nut::plastic_nut_2002_OK,1,source_fit,OK
plastic_nut,plastic_nut/OK/S2002/plastic_nut_2002_OK_C2_20230930160612.jpg,plastic_nut::plastic_nut_2002_OK,2,source_fit,OK
plastic_nut,plastic_nut/OK/S2002/plastic_nut_2002_OK_C3_20230930160612.jpg,plastic_nut::plastic_nut_2002_OK,3,source_fit,OK
plastic_nut,plastic_nut/OK/S2002/plastic_nut_2002_OK_C4_20230930160612.jpg,plastic_nut::plastic_nut_2002_OK,4,source_fit,OK
plastic_nut,plastic_nut/OK/S2002/plastic_nut_2002_OK_C5_20230930160612.jpg,plastic_nut::plastic_nut_2002_OK,5,source_fit,OK
plastic_nut,plastic_nut/OK/S0016/plastic_nut_0016_OK_C1_20230930122513.jpg,plastic_nut::plastic_nut_0016_OK,1,source_calibration,OK
plastic_nut,plastic_nut/OK/S0016/plastic_nut_0016_OK_C2_20230930122513.jpg,plastic_nut::plastic_nut_0016_OK,2,source_calibration,OK
plastic_nut,plastic_nut/OK/S0016/plastic_nut_0016_OK_C3_20230930122513.jpg,plastic_nut::plastic_nut_0016_OK,3,source_calibration,OK
plastic_nut,plastic_nut/OK/S0016/plastic_nut_0016_OK_C4_20230930122513.jpg,plastic_nut::plastic_nut_0016_OK,4,source_calibration,OK
plastic_nut,plastic_nut/OK/S0016/plastic_nut_0016_OK_C5_20230930122513.jpg,plastic_nut::plastic_nut_0016_OK,5,source_calibration,OK
plastic_nut,plastic_nut/OK/S0028/plastic_nut_0028_OK_C1_20230930124338.jpg,plastic_nut::plastic_nut_0028_OK,1,source_calibration,OK
plastic_nut,plastic_nut/OK/S0028/plastic_nut_0028_OK_C2_20230930124338.jpg,plastic_nut::plastic_nut_0028_OK,2,source_calibration,OK
plastic_nut,plastic_nut/OK/S0028/plastic_nut_0028_OK_C3_20230930124338.jpg,plastic_nut::plastic_nut_0028_OK,3,source_calibration,OK
plastic_nut,plastic_nut/OK/S0028/plastic_nut_0028_OK_C4_20230930124338.jpg,plastic_nut::plastic_nut_0028_OK,4,source_calibration,OK
plastic_nut,plastic_nut/OK/S0028/plastic_nut_0028_OK_C5_20230930124338.jpg,plastic_nut::plastic_nut_0028_OK,5,source_calibration,OK
plastic_nut,plastic_nut/OK/S0030/plastic_nut_0030_OK_C1_20230930124407.jpg,plastic_nut::plastic_nut_0030_OK,1,source_calibration,OK
plastic_nut,plastic_nut/OK/S0030/plastic_nut_0030_OK_C2_20230930124407.jpg,plastic_nut::plastic_nut_0030_OK,2,source_calibration,OK
plastic_nut,plastic_nut/OK/S0030/plastic_nut_0030_OK_C3_20230930124407.jpg,plastic_nut::plastic_nut_0030_OK,3,source_calibration,OK
plastic_nut,plastic_nut/OK/S0030/plastic_nut_0030_OK_C4_20230930124407.jpg,plastic_nut::plastic_nut_0030_OK,4,source_calibration,OK
plastic_nut,plastic_nut/OK/S0030/plastic_nut_0030_OK_C5_20230930124407.jpg,plastic_nut::plastic_nut_0030_OK,5,source_calibration,OK
plastic_nut,plastic_nut/OK/S0050/plastic_nut_0050_OK_C1_20230930125908.jpg,plastic_nut::plastic_nut_0050_OK,1,source_calibration,OK
plastic_nut,plastic_nut/OK/S0050/plastic_nut_0050_OK_C2_20230930125908.jpg,plastic_nut::plastic_nut_0050_OK,2,source_calibration,OK
plastic_nut,plastic_nut/OK/S0050/plastic_nut_0050_OK_C3_20230930125908.jpg,plastic_nut::plastic_nut_0050_OK,3,source_calibration,OK
plastic_nut,plastic_nut/OK/S0050/plastic_nut_0050_OK_C4_20230930125908.jpg,plastic_nut::plastic_nut_0050_OK,4,source_calibration,OK
plastic_nut,plastic_nut/OK/S0050/plastic_nut_0050_OK_C5_20230930125908.jpg,plastic_nut::plastic_nut_0050_OK,5,source_calibration,OK
plastic_nut,plastic_nut/OK/S0067/plastic_nut_0067_OK_C1_20230930131049.jpg,plastic_nut::plastic_nut_0067_OK,1,source_calibration,OK
plastic_nut,plastic_nut/OK/S0067/plastic_nut_0067_OK_C2_20230930131049.jpg,plastic_nut::plastic_nut_0067_OK,2,source_calibration,OK
plastic_nut,plastic_nut/OK/S0067/plastic_nut_0067_OK_C3_20230930131049.jpg,plastic_nut::plastic_nut_0067_OK,3,source_calibration,OK
plastic_nut,plastic_nut/OK/S0067/plastic_nut_0067_OK_C4_20230930131049.jpg,plastic_nut::plastic_nut_0067_OK,4,source_calibration,OK
plastic_nut,plastic_nut/OK/S0067/plastic_nut_0067_OK_C5_20230930131049.jpg,plastic_nut::plastic_nut_0067_OK,5,source_calibration,OK
plastic_nut,plastic_nut/OK/S0068/plastic_nut_0068_OK_C1_20230930131103.jpg,plastic_nut::plastic_nut_0068_OK,1,source_calibration,OK
plastic_nut,plastic_nut/OK/S0068/plastic_nut_0068_OK_C2_20230930131103.jpg,plastic_nut::plastic_nut_0068_OK,2,source_calibration,OK
plastic_nut,plastic_nut/OK/S0068/plastic_nut_0068_OK_C3_20230930131103.jpg,plastic_nut::plastic_nut_0068_OK,3,source_calibration,OK
plastic_nut,plastic_nut/OK/S0068/plastic_nut_0068_OK_C4_20230930131103.jpg,plastic_nut::plastic_nut_0068_OK,4,source_calibration,OK
plastic_nut,plastic_nut/OK/S0068/plastic_nut_0068_OK_C5_20230930131103.jpg,plastic_nut::plastic_nut_0068_OK,5,source_calibration,OK
plastic_nut,plastic_nut/OK/S0076/plastic_nut_0076_OK_C1_20230930131339.jpg,plastic_nut::plastic_nut_0076_OK,1,source_calibration,OK
plastic_nut,plastic_nut/OK/S0076/plastic_nut_0076_OK_C2_20230930131339.jpg,plastic_nut::plastic_nut_0076_OK,2,source_calibration,OK
plastic_nut,plastic_nut/OK/S0076/plastic_nut_0076_OK_C3_20230930131339.jpg,plastic_nut::plastic_nut_0076_OK,3,source_calibration,OK
plastic_nut,plastic_nut/OK/S0076/plastic_nut_0076_OK_C4_20230930131339.jpg,plastic_nut::plastic_nut_0076_OK,4,source_calibration,OK
plastic_nut,plastic_nut/OK/S0076/plastic_nut_0076_OK_C5_20230930131339.jpg,plastic_nut::plastic_nut_0076_OK,5,source_calibration,OK
plastic_nut,plastic_nut/OK/S0091/plastic_nut_0091_OK_C1_20230930132107.jpg,plastic_nut::plastic_nut_0091_OK,1,source_calibration,OK
plastic_nut,plastic_nut/OK/S0091/plastic_nut_0091_OK_C2_20230930132107.jpg,plastic_nut::plastic_nut_0091_OK,2,source_calibration,OK
plastic_nut,plastic_nut/OK/S0091/plastic_nut_0091_OK_C3_20230930132107.jpg,plastic_nut::plastic_nut_0091_OK,3,source_calibration,OK
plastic_nut,plastic_nut/OK/S0091/plastic_nut_0091_OK_C4_20230930132107.jpg,plastic_nut::plastic_nut_0091_OK,4,source_calibration,OK
plastic_nut,plastic_nut/OK/S0091/plastic_nut_0091_OK_C5_20230930132107.jpg,plastic_nut::plastic_nut_0091_OK,5,source_calibration,OK
plastic_nut,plastic_nut/OK/S0094/plastic_nut_0094_OK_C1_20230930132250.jpg,plastic_nut::plastic_nut_0094_OK,1,source_calibration,OK
plastic_nut,plastic_nut/OK/S0094/plastic_nut_0094_OK_C2_20230930132250.jpg,plastic_nut::plastic_nut_0094_OK,2,source_calibration,OK
plastic_nut,plastic_nut/OK/S0094/plastic_nut_0094_OK_C3_20230930132250.jpg,plastic_nut::plastic_nut_0094_OK,3,source_calibration,OK
plastic_nut,plastic_nut/OK/S0094/plastic_nut_0094_OK_C4_20230930132250.jpg,plastic_nut::plastic_nut_0094_OK,4,source_calibration,OK
plastic_nut,plastic_nut/OK/S0094/plastic_nut_0094_OK_C5_20230930132250.jpg,plastic_nut::plastic_nut_0094_OK,5,source_calibration,OK
plastic_nut,plastic_nut/OK/S0107/plastic_nut_0107_OK_C1_20230930132941.jpg,plastic_nut::plastic_nut_0107_OK,1,source_calibration,OK
plastic_nut,plastic_nut/OK/S0107/plastic_nut_0107_OK_C2_20230930132941.jpg,plastic_nut::plastic_nut_0107_OK,2,source_calibration,OK
plastic_nut,plastic_nut/OK/S0107/plastic_nut_0107_OK_C3_20230930132941.jpg,plastic_nut::plastic_nut_0107_OK,3,source_calibration,OK
plastic_nut,plastic_nut/OK/S0107/plastic_nut_0107_OK_C4_20230930132941.jpg,plastic_nut::plastic_nut_0107_OK,4,source_calibration,OK
plastic_nut,plastic_nut/OK/S0107/plastic_nut_0107_OK_C5_20230930132941.jpg,plastic_nut::plastic_nut_0107_OK,5,source_calibration,OK
plastic_nut,plastic_nut/OK/S0108/plastic_nut_0108_OK_C1_20230930133007.jpg,plastic_nut::plastic_nut_0108_OK,1,source_calibration,OK
plastic_nut,plastic_nut/OK/S0108/plastic_nut_0108_OK_C2_20230930133007.jpg,plastic_nut::plastic_nut_0108_OK,2,source_calibration,OK
plastic_nut,plastic_nut/OK/S0108/plastic_nut_0108_OK_C3_20230930133007.jpg,plastic_nut::plastic_nut_0108_OK,3,source_calibration,OK
plastic_nut,plastic_nut/OK/S0108/plastic_nut_0108_OK_C4_20230930133007.jpg,plastic_nut::plastic_nut_0108_OK,4,source_calibration,OK
plastic_nut,plastic_nut/OK/S0108/plastic_nut_0108_OK_C5_20230930133007.jpg,plastic_nut::plastic_nut_0108_OK,5,source_calibration,OK
plastic_nut,plastic_nut/OK/S0120/plastic_nut_0120_OK_C1_20230930133553.jpg,plastic_nut::plastic_nut_0120_OK,1,source_calibration,OK
plastic_nut,plastic_nut/OK/S0120/plastic_nut_0120_OK_C2_20230930133553.jpg,plastic_nut::plastic_nut_0120_OK,2,source_calibration,OK
plastic_nut,plastic_nut/OK/S0120/plastic_nut_0120_OK_C3_20230930133553.jpg,plastic_nut::plastic_nut_0120_OK,3,source_calibration,OK
plastic_nut,plastic_nut/OK/S0120/plastic_nut_0120_OK_C4_20230930133553.jpg,plastic_nut::plastic_nut_0120_OK,4,source_calibration,OK
plastic_nut,plastic_nut/OK/S0120/plastic_nut_0120_OK_C5_20230930133553.jpg,plastic_nut::plastic_nut_0120_OK,5,source_calibration,OK
plastic_nut,plastic_nut/OK/S0121/plastic_nut_0121_OK_C1_20230930133616.jpg,plastic_nut::plastic_nut_0121_OK,1,source_calibration,OK
plastic_nut,plastic_nut/OK/S0121/plastic_nut_0121_OK_C2_20230930133616.jpg,plastic_nut::plastic_nut_0121_OK,2,source_calibration,OK
plastic_nut,plastic_nut/OK/S0121/plastic_nut_0121_OK_C3_20230930133616.jpg,plastic_nut::plastic_nut_0121_OK,3,source_calibration,OK
plastic_nut,plastic_nut/OK/S0121/plastic_nut_0121_OK_C4_20230930133616.jpg,plastic_nut::plastic_nut_0121_OK,4,source_calibration,OK
plastic_nut,plastic_nut/OK/S0121/plastic_nut_0121_OK_C5_20230930133616.jpg,plastic_nut::plastic_nut_0121_OK,5,source_calibration,OK
plastic_nut,plastic_nut/OK/S0127/plastic_nut_0127_OK_C1_20230930133902.jpg,plastic_nut::plastic_nut_0127_OK,1,source_calibration,OK
plastic_nut,plastic_nut/OK/S0127/plastic_nut_0127_OK_C2_20230930133902.jpg,plastic_nut::plastic_nut_0127_OK,2,source_calibration,OK
plastic_nut,plastic_nut/OK/S0127/plastic_nut_0127_OK_C3_20230930133902.jpg,plastic_nut::plastic_nut_0127_OK,3,source_calibration,OK
plastic_nut,plastic_nut/OK/S0127/plastic_nut_0127_OK_C4_20230930133902.jpg,plastic_nut::plastic_nut_0127_OK,4,source_calibration,OK
plastic_nut,plastic_nut/OK/S0127/plastic_nut_0127_OK_C5_20230930133902.jpg,plastic_nut::plastic_nut_0127_OK,5,source_calibration,OK
plastic_nut,plastic_nut/OK/S0129/plastic_nut_0129_OK_C1_20230930134002.jpg,plastic_nut::plastic_nut_0129_OK,1,source_calibration,OK
plastic_nut,plastic_nut/OK/S0129/plastic_nut_0129_OK_C2_20230930134002.jpg,plastic_nut::plastic_nut_0129_OK,2,source_calibration,OK
plastic_nut,plastic_nut/OK/S0129/plastic_nut_0129_OK_C3_20230930134002.jpg,plastic_nut::plastic_nut_0129_OK,3,source_calibration,OK
plastic_nut,plastic_nut/OK/S0129/plastic_nut_0129_OK_C4_20230930134002.jpg,plastic_nut::plastic_nut_0129_OK,4,source_calibration,OK
plastic_nut,plastic_nut/OK/S0129/plastic_nut_0129_OK_C5_20230930134002.jpg,plastic_nut::plastic_nut_0129_OK,5,source_calibration,OK
plastic_nut,plastic_nut/OK/S0131/plastic_nut_0131_OK_C1_20230930134046.jpg,plastic_nut::plastic_nut_0131_OK,1,source_calibration,OK
plastic_nut,plastic_nut/OK/S0131/plastic_nut_0131_OK_C2_20230930134046.jpg,plastic_nut::plastic_nut_0131_OK,2,source_calibration,OK
plastic_nut,plastic_nut/OK/S0131/plastic_nut_0131_OK_C3_20230930134046.jpg,plastic_nut::plastic_nut_0131_OK,3,source_calibration,OK
plastic_nut,plastic_nut/OK/S0131/plastic_nut_0131_OK_C4_20230930134046.jpg,plastic_nut::plastic_nut_0131_OK,4,source_calibration,OK
plastic_nut,plastic_nut/OK/S0131/plastic_nut_0131_OK_C5_20230930134046.jpg,plastic_nut::plastic_nut_0131_OK,5,source_calibration,OK
plastic_nut,plastic_nut/OK/S0133/plastic_nut_0133_OK_C1_20230930134116.jpg,plastic_nut::plastic_nut_0133_OK,1,source_calibration,OK
plastic_nut,plastic_nut/OK/S0133/plastic_nut_0133_OK_C2_20230930134116.jpg,plastic_nut::plastic_nut_0133_OK,2,source_calibration,OK
plastic_nut,plastic_nut/OK/S0133/plastic_nut_0133_OK_C3_20230930134116.jpg,plastic_nut::plastic_nut_0133_OK,3,source_calibration,OK
plastic_nut,plastic_nut/OK/S0133/plastic_nut_0133_OK_C4_20230930134116.jpg,plastic_nut::plastic_nut_0133_OK,4,source_calibration,OK
plastic_nut,plastic_nut/OK/S0133/plastic_nut_0133_OK_C5_20230930134116.jpg,plastic_nut::plastic_nut_0133_OK,5,source_calibration,OK
plastic_nut,plastic_nut/OK/S0138/plastic_nut_0138_OK_C1_20230930134336.jpg,plastic_nut::plastic_nut_0138_OK,1,source_calibration,OK
plastic_nut,plastic_nut/OK/S0138/plastic_nut_0138_OK_C2_20230930134336.jpg,plastic_nut::plastic_nut_0138_OK,2,source_calibration,OK
plastic_nut,plastic_nut/OK/S0138/plastic_nut_0138_OK_C3_20230930134336.jpg,plastic_nut::plastic_nut_0138_OK,3,source_calibration,OK
plastic_nut,plastic_nut/OK/S0138/plastic_nut_0138_OK_C4_20230930134336.jpg,plastic_nut::plastic_nut_0138_OK,4,source_calibration,OK
plastic_nut,plastic_nut/OK/S0138/plastic_nut_0138_OK_C5_20230930134336.jpg,plastic_nut::plastic_nut_0138_OK,5,source_calibration,OK
plastic_nut,plastic_nut/OK/S0146/plastic_nut_0146_OK_C1_20230930134705.jpg,plastic_nut::plastic_nut_0146_OK,1,source_calibration,OK
plastic_nut,plastic_nut/OK/S0146/plastic_nut_0146_OK_C2_20230930134705.jpg,plastic_nut::plastic_nut_0146_OK,2,source_calibration,OK
plastic_nut,plastic_nut/OK/S0146/plastic_nut_0146_OK_C3_20230930134705.jpg,plastic_nut::plastic_nut_0146_OK,3,source_calibration,OK
plastic_nut,plastic_nut/OK/S0146/plastic_nut_0146_OK_C4_20230930134705.jpg,plastic_nut::plastic_nut_0146_OK,4,source_calibration,OK
plastic_nut,plastic_nut/OK/S0146/plastic_nut_0146_OK_C5_20230930134705.jpg,plastic_nut::plastic_nut_0146_OK,5,source_calibration,OK
plastic_nut,plastic_nut/OK/S0151/plastic_nut_0151_OK_C1_20230930135018.jpg,plastic_nut::plastic_nut_0151_OK,1,source_calibration,OK
plastic_nut,plastic_nut/OK/S0151/plastic_nut_0151_OK_C2_20230930135018.jpg,plastic_nut::plastic_nut_0151_OK,2,source_calibration,OK
plastic_nut,plastic_nut/OK/S0151/plastic_nut_0151_OK_C3_20230930135018.jpg,plastic_nut::plastic_nut_0151_OK,3,source_calibration,OK
plastic_nut,plastic_nut/OK/S0151/plastic_nut_0151_OK_C4_20230930135018.jpg,plastic_nut::plastic_nut_0151_OK,4,source_calibration,OK
plastic_nut,plastic_nut/OK/S0151/plastic_nut_0151_OK_C5_20230930135018.jpg,plastic_nut::plastic_nut_0151_OK,5,source_calibration,OK
plastic_nut,plastic_nut/OK/S0159/plastic_nut_0159_OK_C1_20230930135427.jpg,plastic_nut::plastic_nut_0159_OK,1,source_calibration,OK
plastic_nut,plastic_nut/OK/S0159/plastic_nut_0159_OK_C2_20230930135427.jpg,plastic_nut::plastic_nut_0159_OK,2,source_calibration,OK
plastic_nut,plastic_nut/OK/S0159/plastic_nut_0159_OK_C3_20230930135427.jpg,plastic_nut::plastic_nut_0159_OK,3,source_calibration,OK
plastic_nut,plastic_nut/OK/S0159/plastic_nut_0159_OK_C4_20230930135427.jpg,plastic_nut::plastic_nut_0159_OK,4,source_calibration,OK
plastic_nut,plastic_nut/OK/S0159/plastic_nut_0159_OK_C5_20230930135427.jpg,plastic_nut::plastic_nut_0159_OK,5,source_calibration,OK
plastic_nut,plastic_nut/OK/S0164/plastic_nut_0164_OK_C1_20230930135730.jpg,plastic_nut::plastic_nut_0164_OK,1,source_calibration,OK
plastic_nut,plastic_nut/OK/S0164/plastic_nut_0164_OK_C2_20230930135730.jpg,plastic_nut::plastic_nut_0164_OK,2,source_calibration,OK
plastic_nut,plastic_nut/OK/S0164/plastic_nut_0164_OK_C3_20230930135730.jpg,plastic_nut::plastic_nut_0164_OK,3,source_calibration,OK
plastic_nut,plastic_nut/OK/S0164/plastic_nut_0164_OK_C4_20230930135730.jpg,plastic_nut::plastic_nut_0164_OK,4,source_calibration,OK
plastic_nut,plastic_nut/OK/S0164/plastic_nut_0164_OK_C5_20230930135730.jpg,plastic_nut::plastic_nut_0164_OK,5,source_calibration,OK
plastic_nut,plastic_nut/OK/S0170/plastic_nut_0170_OK_C1_20230930135947.jpg,plastic_nut::plastic_nut_0170_OK,1,source_calibration,OK
plastic_nut,plastic_nut/OK/S0170/plastic_nut_0170_OK_C2_20230930135947.jpg,plastic_nut::plastic_nut_0170_OK,2,source_calibration,OK
plastic_nut,plastic_nut/OK/S0170/plastic_nut_0170_OK_C3_20230930135947.jpg,plastic_nut::plastic_nut_0170_OK,3,source_calibration,OK
plastic_nut,plastic_nut/OK/S0170/plastic_nut_0170_OK_C4_20230930135947.jpg,plastic_nut::plastic_nut_0170_OK,4,source_calibration,OK
plastic_nut,plastic_nut/OK/S0170/plastic_nut_0170_OK_C5_20230930135947.jpg,plastic_nut::plastic_nut_0170_OK,5,source_calibration,OK
plastic_nut,plastic_nut/OK/S0176/plastic_nut_0176_OK_C1_20230930140125.jpg,plastic_nut::plastic_nut_0176_OK,1,source_calibration,OK
plastic_nut,plastic_nut/OK/S0176/plastic_nut_0176_OK_C2_20230930140125.jpg,plastic_nut::plastic_nut_0176_OK,2,source_calibration,OK
plastic_nut,plastic_nut/OK/S0176/plastic_nut_0176_OK_C3_20230930140125.jpg,plastic_nut::plastic_nut_0176_OK,3,source_calibration,OK
plastic_nut,plastic_nut/OK/S0176/plastic_nut_0176_OK_C4_20230930140125.jpg,plastic_nut::plastic_nut_0176_OK,4,source_calibration,OK
plastic_nut,plastic_nut/OK/S0176/plastic_nut_0176_OK_C5_20230930140125.jpg,plastic_nut::plastic_nut_0176_OK,5,source_calibration,OK
plastic_nut,plastic_nut/OK/S0187/plastic_nut_0187_OK_C1_20230930140554.jpg,plastic_nut::plastic_nut_0187_OK,1,source_calibration,OK
plastic_nut,plastic_nut/OK/S0187/plastic_nut_0187_OK_C2_20230930140554.jpg,plastic_nut::plastic_nut_0187_OK,2,source_calibration,OK
plastic_nut,plastic_nut/OK/S0187/plastic_nut_0187_OK_C3_20230930140554.jpg,plastic_nut::plastic_nut_0187_OK,3,source_calibration,OK
plastic_nut,plastic_nut/OK/S0187/plastic_nut_0187_OK_C4_20230930140554.jpg,plastic_nut::plastic_nut_0187_OK,4,source_calibration,OK
plastic_nut,plastic_nut/OK/S0187/plastic_nut_0187_OK_C5_20230930140554.jpg,plastic_nut::plastic_nut_0187_OK,5,source_calibration,OK
plastic_nut,plastic_nut/OK/S0194/plastic_nut_0194_OK_C1_20230930141543.jpg,plastic_nut::plastic_nut_0194_OK,1,source_calibration,OK
plastic_nut,plastic_nut/OK/S0194/plastic_nut_0194_OK_C2_20230930141543.jpg,plastic_nut::plastic_nut_0194_OK,2,source_calibration,OK
plastic_nut,plastic_nut/OK/S0194/plastic_nut_0194_OK_C3_20230930141543.jpg,plastic_nut::plastic_nut_0194_OK,3,source_calibration,OK
plastic_nut,plastic_nut/OK/S0194/plastic_nut_0194_OK_C4_20230930141543.jpg,plastic_nut::plastic_nut_0194_OK,4,source_calibration,OK
plastic_nut,plastic_nut/OK/S0194/plastic_nut_0194_OK_C5_20230930141543.jpg,plastic_nut::plastic_nut_0194_OK,5,source_calibration,OK
plastic_nut,plastic_nut/OK/S0196/plastic_nut_0196_OK_C1_20230930142728.jpg,plastic_nut::plastic_nut_0196_OK,1,source_calibration,OK
plastic_nut,plastic_nut/OK/S0196/plastic_nut_0196_OK_C2_20230930142728.jpg,plastic_nut::plastic_nut_0196_OK,2,source_calibration,OK
plastic_nut,plastic_nut/OK/S0196/plastic_nut_0196_OK_C3_20230930142728.jpg,plastic_nut::plastic_nut_0196_OK,3,source_calibration,OK
plastic_nut,plastic_nut/OK/S0196/plastic_nut_0196_OK_C4_20230930142728.jpg,plastic_nut::plastic_nut_0196_OK,4,source_calibration,OK
plastic_nut,plastic_nut/OK/S0196/plastic_nut_0196_OK_C5_20230930142728.jpg,plastic_nut::plastic_nut_0196_OK,5,source_calibration,OK
plastic_nut,plastic_nut/OK/S0200/plastic_nut_0200_OK_C1_20230930142956.jpg,plastic_nut::plastic_nut_0200_OK,1,source_calibration,OK
plastic_nut,plastic_nut/OK/S0200/plastic_nut_0200_OK_C2_20230930142956.jpg,plastic_nut::plastic_nut_0200_OK,2,source_calibration,OK
plastic_nut,plastic_nut/OK/S0200/plastic_nut_0200_OK_C3_20230930142956.jpg,plastic_nut::plastic_nut_0200_OK,3,source_calibration,OK
plastic_nut,plastic_nut/OK/S0200/plastic_nut_0200_OK_C4_20230930142956.jpg,plastic_nut::plastic_nut_0200_OK,4,source_calibration,OK
plastic_nut,plastic_nut/OK/S0200/plastic_nut_0200_OK_C5_20230930142956.jpg,plastic_nut::plastic_nut_0200_OK,5,source_calibration,OK
plastic_nut,plastic_nut/OK/S0204/plastic_nut_0204_OK_C1_20230930143225.jpg,plastic_nut::plastic_nut_0204_OK,1,source_calibration,OK
plastic_nut,plastic_nut/OK/S0204/plastic_nut_0204_OK_C2_20230930143225.jpg,plastic_nut::plastic_nut_0204_OK,2,source_calibration,OK
plastic_nut,plastic_nut/OK/S0204/plastic_nut_0204_OK_C3_20230930143225.jpg,plastic_nut::plastic_nut_0204_OK,3,source_calibration,OK
plastic_nut,plastic_nut/OK/S0204/plastic_nut_0204_OK_C4_20230930143225.jpg,plastic_nut::plastic_nut_0204_OK,4,source_calibration,OK
plastic_nut,plastic_nut/OK/S0204/plastic_nut_0204_OK_C5_20230930143225.jpg,plastic_nut::plastic_nut_0204_OK,5,source_calibration,OK
plastic_nut,plastic_nut/OK/S0217/plastic_nut_0217_OK_C1_20230930144018.jpg,plastic_nut::plastic_nut_0217_OK,1,source_calibration,OK
plastic_nut,plastic_nut/OK/S0217/plastic_nut_0217_OK_C2_20230930144018.jpg,plastic_nut::plastic_nut_0217_OK,2,source_calibration,OK
plastic_nut,plastic_nut/OK/S0217/plastic_nut_0217_OK_C3_20230930144018.jpg,plastic_nut::plastic_nut_0217_OK,3,source_calibration,OK
plastic_nut,plastic_nut/OK/S0217/plastic_nut_0217_OK_C4_20230930144018.jpg,plastic_nut::plastic_nut_0217_OK,4,source_calibration,OK
plastic_nut,plastic_nut/OK/S0217/plastic_nut_0217_OK_C5_20230930144018.jpg,plastic_nut::plastic_nut_0217_OK,5,source_calibration,OK
plastic_nut,plastic_nut/OK/S0222/plastic_nut_0222_OK_C1_20230930144230.jpg,plastic_nut::plastic_nut_0222_OK,1,source_calibration,OK
plastic_nut,plastic_nut/OK/S0222/plastic_nut_0222_OK_C2_20230930144230.jpg,plastic_nut::plastic_nut_0222_OK,2,source_calibration,OK
plastic_nut,plastic_nut/OK/S0222/plastic_nut_0222_OK_C3_20230930144230.jpg,plastic_nut::plastic_nut_0222_OK,3,source_calibration,OK
plastic_nut,plastic_nut/OK/S0222/plastic_nut_0222_OK_C4_20230930144230.jpg,plastic_nut::plastic_nut_0222_OK,4,source_calibration,OK
plastic_nut,plastic_nut/OK/S0222/plastic_nut_0222_OK_C5_20230930144230.jpg,plastic_nut::plastic_nut_0222_OK,5,source_calibration,OK
plastic_nut,plastic_nut/OK/S0223/plastic_nut_0223_OK_C1_20230930144242.jpg,plastic_nut::plastic_nut_0223_OK,1,source_calibration,OK
plastic_nut,plastic_nut/OK/S0223/plastic_nut_0223_OK_C2_20230930144242.jpg,plastic_nut::plastic_nut_0223_OK,2,source_calibration,OK
plastic_nut,plastic_nut/OK/S0223/plastic_nut_0223_OK_C3_20230930144242.jpg,plastic_nut::plastic_nut_0223_OK,3,source_calibration,OK
plastic_nut,plastic_nut/OK/S0223/plastic_nut_0223_OK_C4_20230930144242.jpg,plastic_nut::plastic_nut_0223_OK,4,source_calibration,OK
plastic_nut,plastic_nut/OK/S0223/plastic_nut_0223_OK_C5_20230930144242.jpg,plastic_nut::plastic_nut_0223_OK,5,source_calibration,OK
plastic_nut,plastic_nut/OK/S0228/plastic_nut_0228_OK_C1_20230930144506.jpg,plastic_nut::plastic_nut_0228_OK,1,source_calibration,OK
plastic_nut,plastic_nut/OK/S0228/plastic_nut_0228_OK_C2_20230930144506.jpg,plastic_nut::plastic_nut_0228_OK,2,source_calibration,OK
plastic_nut,plastic_nut/OK/S0228/plastic_nut_0228_OK_C3_20230930144506.jpg,plastic_nut::plastic_nut_0228_OK,3,source_calibration,OK
plastic_nut,plastic_nut/OK/S0228/plastic_nut_0228_OK_C4_20230930144506.jpg,plastic_nut::plastic_nut_0228_OK,4,source_calibration,OK
plastic_nut,plastic_nut/OK/S0228/plastic_nut_0228_OK_C5_20230930144506.jpg,plastic_nut::plastic_nut_0228_OK,5,source_calibration,OK
plastic_nut,plastic_nut/OK/S0236/plastic_nut_0236_OK_C1_20230930145126.jpg,plastic_nut::plastic_nut_0236_OK,1,source_calibration,OK
plastic_nut,plastic_nut/OK/S0236/plastic_nut_0236_OK_C2_20230930145126.jpg,plastic_nut::plastic_nut_0236_OK,2,source_calibration,OK
plastic_nut,plastic_nut/OK/S0236/plastic_nut_0236_OK_C3_20230930145126.jpg,plastic_nut::plastic_nut_0236_OK,3,source_calibration,OK
plastic_nut,plastic_nut/OK/S0236/plastic_nut_0236_OK_C4_20230930145126.jpg,plastic_nut::plastic_nut_0236_OK,4,source_calibration,OK
plastic_nut,plastic_nut/OK/S0236/plastic_nut_0236_OK_C5_20230930145126.jpg,plastic_nut::plastic_nut_0236_OK,5,source_calibration,OK
plastic_nut,plastic_nut/OK/S0238/plastic_nut_0238_OK_C1_20230930145323.jpg,plastic_nut::plastic_nut_0238_OK,1,source_calibration,OK
plastic_nut,plastic_nut/OK/S0238/plastic_nut_0238_OK_C2_20230930145323.jpg,plastic_nut::plastic_nut_0238_OK,2,source_calibration,OK
plastic_nut,plastic_nut/OK/S0238/plastic_nut_0238_OK_C3_20230930145323.jpg,plastic_nut::plastic_nut_0238_OK,3,source_calibration,OK
plastic_nut,plastic_nut/OK/S0238/plastic_nut_0238_OK_C4_20230930145323.jpg,plastic_nut::plastic_nut_0238_OK,4,source_calibration,OK
plastic_nut,plastic_nut/OK/S0238/plastic_nut_0238_OK_C5_20230930145323.jpg,plastic_nut::plastic_nut_0238_OK,5,source_calibration,OK
plastic_nut,plastic_nut/OK/S0247/plastic_nut_0247_OK_C1_20230930145732.jpg,plastic_nut::plastic_nut_0247_OK,1,source_calibration,OK
plastic_nut,plastic_nut/OK/S0247/plastic_nut_0247_OK_C2_20230930145732.jpg,plastic_nut::plastic_nut_0247_OK,2,source_calibration,OK
plastic_nut,plastic_nut/OK/S0247/plastic_nut_0247_OK_C3_20230930145732.jpg,plastic_nut::plastic_nut_0247_OK,3,source_calibration,OK
plastic_nut,plastic_nut/OK/S0247/plastic_nut_0247_OK_C4_20230930145732.jpg,plastic_nut::plastic_nut_0247_OK,4,source_calibration,OK
plastic_nut,plastic_nut/OK/S0247/plastic_nut_0247_OK_C5_20230930145732.jpg,plastic_nut::plastic_nut_0247_OK,5,source_calibration,OK
plastic_nut,plastic_nut/OK/S0259/plastic_nut_0259_OK_C1_20230930150223.jpg,plastic_nut::plastic_nut_0259_OK,1,source_calibration,OK
plastic_nut,plastic_nut/OK/S0259/plastic_nut_0259_OK_C2_20230930150223.jpg,plastic_nut::plastic_nut_0259_OK,2,source_calibration,OK
plastic_nut,plastic_nut/OK/S0259/plastic_nut_0259_OK_C3_20230930150223.jpg,plastic_nut::plastic_nut_0259_OK,3,source_calibration,OK
plastic_nut,plastic_nut/OK/S0259/plastic_nut_0259_OK_C4_20230930150223.jpg,plastic_nut::plastic_nut_0259_OK,4,source_calibration,OK
plastic_nut,plastic_nut/OK/S0259/plastic_nut_0259_OK_C5_20230930150223.jpg,plastic_nut::plastic_nut_0259_OK,5,source_calibration,OK
plastic_nut,plastic_nut/OK/S0260/plastic_nut_0260_OK_C1_20230930150255.jpg,plastic_nut::plastic_nut_0260_OK,1,source_calibration,OK
plastic_nut,plastic_nut/OK/S0260/plastic_nut_0260_OK_C2_20230930150255.jpg,plastic_nut::plastic_nut_0260_OK,2,source_calibration,OK
plastic_nut,plastic_nut/OK/S0260/plastic_nut_0260_OK_C3_20230930150255.jpg,plastic_nut::plastic_nut_0260_OK,3,source_calibration,OK
plastic_nut,plastic_nut/OK/S0260/plastic_nut_0260_OK_C4_20230930150255.jpg,plastic_nut::plastic_nut_0260_OK,4,source_calibration,OK
plastic_nut,plastic_nut/OK/S0260/plastic_nut_0260_OK_C5_20230930150255.jpg,plastic_nut::plastic_nut_0260_OK,5,source_calibration,OK
plastic_nut,plastic_nut/OK/S0265/plastic_nut_0265_OK_C1_20230930150507.jpg,plastic_nut::plastic_nut_0265_OK,1,source_calibration,OK
plastic_nut,plastic_nut/OK/S0265/plastic_nut_0265_OK_C2_20230930150507.jpg,plastic_nut::plastic_nut_0265_OK,2,source_calibration,OK
plastic_nut,plastic_nut/OK/S0265/plastic_nut_0265_OK_C3_20230930150507.jpg,plastic_nut::plastic_nut_0265_OK,3,source_calibration,OK
plastic_nut,plastic_nut/OK/S0265/plastic_nut_0265_OK_C4_20230930150507.jpg,plastic_nut::plastic_nut_0265_OK,4,source_calibration,OK
plastic_nut,plastic_nut/OK/S0265/plastic_nut_0265_OK_C5_20230930150507.jpg,plastic_nut::plastic_nut_0265_OK,5,source_calibration,OK
plastic_nut,plastic_nut/OK/S0275/plastic_nut_0275_OK_C1_20230930150847.jpg,plastic_nut::plastic_nut_0275_OK,1,source_calibration,OK
plastic_nut,plastic_nut/OK/S0275/plastic_nut_0275_OK_C2_20230930150847.jpg,plastic_nut::plastic_nut_0275_OK,2,source_calibration,OK
plastic_nut,plastic_nut/OK/S0275/plastic_nut_0275_OK_C3_20230930150847.jpg,plastic_nut::plastic_nut_0275_OK,3,source_calibration,OK
plastic_nut,plastic_nut/OK/S0275/plastic_nut_0275_OK_C4_20230930150847.jpg,plastic_nut::plastic_nut_0275_OK,4,source_calibration,OK
plastic_nut,plastic_nut/OK/S0275/plastic_nut_0275_OK_C5_20230930150847.jpg,plastic_nut::plastic_nut_0275_OK,5,source_calibration,OK
plastic_nut,plastic_nut/OK/S0276/plastic_nut_0276_OK_C1_20230930150907.jpg,plastic_nut::plastic_nut_0276_OK,1,source_calibration,OK
plastic_nut,plastic_nut/OK/S0276/plastic_nut_0276_OK_C2_20230930150907.jpg,plastic_nut::plastic_nut_0276_OK,2,source_calibration,OK
plastic_nut,plastic_nut/OK/S0276/plastic_nut_0276_OK_C3_20230930150907.jpg,plastic_nut::plastic_nut_0276_OK,3,source_calibration,OK
plastic_nut,plastic_nut/OK/S0276/plastic_nut_0276_OK_C4_20230930150907.jpg,plastic_nut::plastic_nut_0276_OK,4,source_calibration,OK
plastic_nut,plastic_nut/OK/S0276/plastic_nut_0276_OK_C5_20230930150907.jpg,plastic_nut::plastic_nut_0276_OK,5,source_calibration,OK
plastic_nut,plastic_nut/OK/S0278/plastic_nut_0278_OK_C1_20230930150942.jpg,plastic_nut::plastic_nut_0278_OK,1,source_calibration,OK
plastic_nut,plastic_nut/OK/S0278/plastic_nut_0278_OK_C2_20230930150942.jpg,plastic_nut::plastic_nut_0278_OK,2,source_calibration,OK
plastic_nut,plastic_nut/OK/S0278/plastic_nut_0278_OK_C3_20230930150942.jpg,plastic_nut::plastic_nut_0278_OK,3,source_calibration,OK
plastic_nut,plastic_nut/OK/S0278/plastic_nut_0278_OK_C4_20230930150942.jpg,plastic_nut::plastic_nut_0278_OK,4,source_calibration,OK
plastic_nut,plastic_nut/OK/S0278/plastic_nut_0278_OK_C5_20230930150942.jpg,plastic_nut::plastic_nut_0278_OK,5,source_calibration,OK
plastic_nut,plastic_nut/OK/S0287/plastic_nut_0287_OK_C1_20230930152021.jpg,plastic_nut::plastic_nut_0287_OK,1,source_calibration,OK
plastic_nut,plastic_nut/OK/S0287/plastic_nut_0287_OK_C2_20230930152021.jpg,plastic_nut::plastic_nut_0287_OK,2,source_calibration,OK
plastic_nut,plastic_nut/OK/S0287/plastic_nut_0287_OK_C3_20230930152021.jpg,plastic_nut::plastic_nut_0287_OK,3,source_calibration,OK
plastic_nut,plastic_nut/OK/S0287/plastic_nut_0287_OK_C4_20230930152021.jpg,plastic_nut::plastic_nut_0287_OK,4,source_calibration,OK
plastic_nut,plastic_nut/OK/S0287/plastic_nut_0287_OK_C5_20230930152021.jpg,plastic_nut::plastic_nut_0287_OK,5,source_calibration,OK
plastic_nut,plastic_nut/OK/S0316/plastic_nut_0316_OK_C1_20230930152701.jpg,plastic_nut::plastic_nut_0316_OK,1,source_calibration,OK
plastic_nut,plastic_nut/OK/S0316/plastic_nut_0316_OK_C2_20230930152701.jpg,plastic_nut::plastic_nut_0316_OK,2,source_calibration,OK
plastic_nut,plastic_nut/OK/S0316/plastic_nut_0316_OK_C3_20230930152701.jpg,plastic_nut::plastic_nut_0316_OK,3,source_calibration,OK
plastic_nut,plastic_nut/OK/S0316/plastic_nut_0316_OK_C4_20230930152701.jpg,plastic_nut::plastic_nut_0316_OK,4,source_calibration,OK
plastic_nut,plastic_nut/OK/S0316/plastic_nut_0316_OK_C5_20230930152701.jpg,plastic_nut::plastic_nut_0316_OK,5,source_calibration,OK
plastic_nut,plastic_nut/OK/S0317/plastic_nut_0317_OK_C1_20230930152714.jpg,plastic_nut::plastic_nut_0317_OK,1,source_calibration,OK
plastic_nut,plastic_nut/OK/S0317/plastic_nut_0317_OK_C2_20230930152714.jpg,plastic_nut::plastic_nut_0317_OK,2,source_calibration,OK
plastic_nut,plastic_nut/OK/S0317/plastic_nut_0317_OK_C3_20230930152714.jpg,plastic_nut::plastic_nut_0317_OK,3,source_calibration,OK
plastic_nut,plastic_nut/OK/S0317/plastic_nut_0317_OK_C4_20230930152714.jpg,plastic_nut::plastic_nut_0317_OK,4,source_calibration,OK
plastic_nut,plastic_nut/OK/S0317/plastic_nut_0317_OK_C5_20230930152714.jpg,plastic_nut::plastic_nut_0317_OK,5,source_calibration,OK
plastic_nut,plastic_nut/OK/S0319/plastic_nut_0319_OK_C1_20230930152728.jpg,plastic_nut::plastic_nut_0319_OK,1,source_calibration,OK
plastic_nut,plastic_nut/OK/S0319/plastic_nut_0319_OK_C2_20230930152728.jpg,plastic_nut::plastic_nut_0319_OK,2,source_calibration,OK
plastic_nut,plastic_nut/OK/S0319/plastic_nut_0319_OK_C3_20230930152728.jpg,plastic_nut::plastic_nut_0319_OK,3,source_calibration,OK
plastic_nut,plastic_nut/OK/S0319/plastic_nut_0319_OK_C4_20230930152728.jpg,plastic_nut::plastic_nut_0319_OK,4,source_calibration,OK
plastic_nut,plastic_nut/OK/S0319/plastic_nut_0319_OK_C5_20230930152728.jpg,plastic_nut::plastic_nut_0319_OK,5,source_calibration,OK
plastic_nut,plastic_nut/OK/S0322/plastic_nut_0322_OK_C1_20230930152758.jpg,plastic_nut::plastic_nut_0322_OK,1,source_calibration,OK
plastic_nut,plastic_nut/OK/S0322/plastic_nut_0322_OK_C2_20230930152758.jpg,plastic_nut::plastic_nut_0322_OK,2,source_calibration,OK
plastic_nut,plastic_nut/OK/S0322/plastic_nut_0322_OK_C3_20230930152758.jpg,plastic_nut::plastic_nut_0322_OK,3,source_calibration,OK
plastic_nut,plastic_nut/OK/S0322/plastic_nut_0322_OK_C4_20230930152758.jpg,plastic_nut::plastic_nut_0322_OK,4,source_calibration,OK
plastic_nut,plastic_nut/OK/S0322/plastic_nut_0322_OK_C5_20230930152758.jpg,plastic_nut::plastic_nut_0322_OK,5,source_calibration,OK
plastic_nut,plastic_nut/OK/S0326/plastic_nut_0326_OK_C1_20230930153021.jpg,plastic_nut::plastic_nut_0326_OK,1,source_calibration,OK
plastic_nut,plastic_nut/OK/S0326/plastic_nut_0326_OK_C2_20230930153021.jpg,plastic_nut::plastic_nut_0326_OK,2,source_calibration,OK
plastic_nut,plastic_nut/OK/S0326/plastic_nut_0326_OK_C3_20230930153021.jpg,plastic_nut::plastic_nut_0326_OK,3,source_calibration,OK
plastic_nut,plastic_nut/OK/S0326/plastic_nut_0326_OK_C4_20230930153021.jpg,plastic_nut::plastic_nut_0326_OK,4,source_calibration,OK
plastic_nut,plastic_nut/OK/S0326/plastic_nut_0326_OK_C5_20230930153021.jpg,plastic_nut::plastic_nut_0326_OK,5,source_calibration,OK
plastic_nut,plastic_nut/OK/S0329/plastic_nut_0329_OK_C1_20230930153203.jpg,plastic_nut::plastic_nut_0329_OK,1,source_calibration,OK
plastic_nut,plastic_nut/OK/S0329/plastic_nut_0329_OK_C2_20230930153203.jpg,plastic_nut::plastic_nut_0329_OK,2,source_calibration,OK
plastic_nut,plastic_nut/OK/S0329/plastic_nut_0329_OK_C3_20230930153203.jpg,plastic_nut::plastic_nut_0329_OK,3,source_calibration,OK
plastic_nut,plastic_nut/OK/S0329/plastic_nut_0329_OK_C4_20230930153203.jpg,plastic_nut::plastic_nut_0329_OK,4,source_calibration,OK
plastic_nut,plastic_nut/OK/S0329/plastic_nut_0329_OK_C5_20230930153203.jpg,plastic_nut::plastic_nut_0329_OK,5,source_calibration,OK
plastic_nut,plastic_nut/OK/S0331/plastic_nut_0331_OK_C1_20230930153349.jpg,plastic_nut::plastic_nut_0331_OK,1,source_calibration,OK
plastic_nut,plastic_nut/OK/S0331/plastic_nut_0331_OK_C2_20230930153349.jpg,plastic_nut::plastic_nut_0331_OK,2,source_calibration,OK
plastic_nut,plastic_nut/OK/S0331/plastic_nut_0331_OK_C3_20230930153349.jpg,plastic_nut::plastic_nut_0331_OK,3,source_calibration,OK
plastic_nut,plastic_nut/OK/S0331/plastic_nut_0331_OK_C4_20230930153349.jpg,plastic_nut::plastic_nut_0331_OK,4,source_calibration,OK
plastic_nut,plastic_nut/OK/S0331/plastic_nut_0331_OK_C5_20230930153349.jpg,plastic_nut::plastic_nut_0331_OK,5,source_calibration,OK
plastic_nut,plastic_nut/OK/S0338/plastic_nut_0338_OK_C1_20230930153615.jpg,plastic_nut::plastic_nut_0338_OK,1,source_calibration,OK
plastic_nut,plastic_nut/OK/S0338/plastic_nut_0338_OK_C2_20230930153615.jpg,plastic_nut::plastic_nut_0338_OK,2,source_calibration,OK
plastic_nut,plastic_nut/OK/S0338/plastic_nut_0338_OK_C3_20230930153615.jpg,plastic_nut::plastic_nut_0338_OK,3,source_calibration,OK
plastic_nut,plastic_nut/OK/S0338/plastic_nut_0338_OK_C4_20230930153615.jpg,plastic_nut::plastic_nut_0338_OK,4,source_calibration,OK
plastic_nut,plastic_nut/OK/S0338/plastic_nut_0338_OK_C5_20230930153615.jpg,plastic_nut::plastic_nut_0338_OK,5,source_calibration,OK
plastic_nut,plastic_nut/OK/S0339/plastic_nut_0339_OK_C1_20230930153627.jpg,plastic_nut::plastic_nut_0339_OK,1,source_calibration,OK
plastic_nut,plastic_nut/OK/S0339/plastic_nut_0339_OK_C2_20230930153627.jpg,plastic_nut::plastic_nut_0339_OK,2,source_calibration,OK
plastic_nut,plastic_nut/OK/S0339/plastic_nut_0339_OK_C3_20230930153627.jpg,plastic_nut::plastic_nut_0339_OK,3,source_calibration,OK
plastic_nut,plastic_nut/OK/S0339/plastic_nut_0339_OK_C4_20230930153627.jpg,plastic_nut::plastic_nut_0339_OK,4,source_calibration,OK
plastic_nut,plastic_nut/OK/S0339/plastic_nut_0339_OK_C5_20230930153627.jpg,plastic_nut::plastic_nut_0339_OK,5,source_calibration,OK
plastic_nut,plastic_nut/OK/S0340/plastic_nut_0340_OK_C1_20230930153635.jpg,plastic_nut::plastic_nut_0340_OK,1,source_calibration,OK
plastic_nut,plastic_nut/OK/S0340/plastic_nut_0340_OK_C2_20230930153635.jpg,plastic_nut::plastic_nut_0340_OK,2,source_calibration,OK
plastic_nut,plastic_nut/OK/S0340/plastic_nut_0340_OK_C3_20230930153635.jpg,plastic_nut::plastic_nut_0340_OK,3,source_calibration,OK
plastic_nut,plastic_nut/OK/S0340/plastic_nut_0340_OK_C4_20230930153635.jpg,plastic_nut::plastic_nut_0340_OK,4,source_calibration,OK
plastic_nut,plastic_nut/OK/S0340/plastic_nut_0340_OK_C5_20230930153635.jpg,plastic_nut::plastic_nut_0340_OK,5,source_calibration,OK
plastic_nut,plastic_nut/OK/S0346/plastic_nut_0346_OK_C1_20230930153745.jpg,plastic_nut::plastic_nut_0346_OK,1,source_calibration,OK
plastic_nut,plastic_nut/OK/S0346/plastic_nut_0346_OK_C2_20230930153745.jpg,plastic_nut::plastic_nut_0346_OK,2,source_calibration,OK
plastic_nut,plastic_nut/OK/S0346/plastic_nut_0346_OK_C3_20230930153745.jpg,plastic_nut::plastic_nut_0346_OK,3,source_calibration,OK
plastic_nut,plastic_nut/OK/S0346/plastic_nut_0346_OK_C4_20230930153745.jpg,plastic_nut::plastic_nut_0346_OK,4,source_calibration,OK
plastic_nut,plastic_nut/OK/S0346/plastic_nut_0346_OK_C5_20230930153745.jpg,plastic_nut::plastic_nut_0346_OK,5,source_calibration,OK
plastic_nut,plastic_nut/OK/S0357/plastic_nut_0357_OK_C1_20230930154014.jpg,plastic_nut::plastic_nut_0357_OK,1,source_calibration,OK
plastic_nut,plastic_nut/OK/S0357/plastic_nut_0357_OK_C2_20230930154014.jpg,plastic_nut::plastic_nut_0357_OK,2,source_calibration,OK
plastic_nut,plastic_nut/OK/S0357/plastic_nut_0357_OK_C3_20230930154014.jpg,plastic_nut::plastic_nut_0357_OK,3,source_calibration,OK
plastic_nut,plastic_nut/OK/S0357/plastic_nut_0357_OK_C4_20230930154014.jpg,plastic_nut::plastic_nut_0357_OK,4,source_calibration,OK
plastic_nut,plastic_nut/OK/S0357/plastic_nut_0357_OK_C5_20230930154014.jpg,plastic_nut::plastic_nut_0357_OK,5,source_calibration,OK
plastic_nut,plastic_nut/OK/S0358/plastic_nut_0358_OK_C1_20230930154023.jpg,plastic_nut::plastic_nut_0358_OK,1,source_calibration,OK
plastic_nut,plastic_nut/OK/S0358/plastic_nut_0358_OK_C2_20230930154023.jpg,plastic_nut::plastic_nut_0358_OK,2,source_calibration,OK
plastic_nut,plastic_nut/OK/S0358/plastic_nut_0358_OK_C3_20230930154023.jpg,plastic_nut::plastic_nut_0358_OK,3,source_calibration,OK
plastic_nut,plastic_nut/OK/S0358/plastic_nut_0358_OK_C4_20230930154023.jpg,plastic_nut::plastic_nut_0358_OK,4,source_calibration,OK
plastic_nut,plastic_nut/OK/S0358/plastic_nut_0358_OK_C5_20230930154023.jpg,plastic_nut::plastic_nut_0358_OK,5,source_calibration,OK
plastic_nut,plastic_nut/OK/S0360/plastic_nut_0360_OK_C1_20230930154055.jpg,plastic_nut::plastic_nut_0360_OK,1,source_calibration,OK
plastic_nut,plastic_nut/OK/S0360/plastic_nut_0360_OK_C2_20230930154055.jpg,plastic_nut::plastic_nut_0360_OK,2,source_calibration,OK
plastic_nut,plastic_nut/OK/S0360/plastic_nut_0360_OK_C3_20230930154055.jpg,plastic_nut::plastic_nut_0360_OK,3,source_calibration,OK
plastic_nut,plastic_nut/OK/S0360/plastic_nut_0360_OK_C4_20230930154055.jpg,plastic_nut::plastic_nut_0360_OK,4,source_calibration,OK
plastic_nut,plastic_nut/OK/S0360/plastic_nut_0360_OK_C5_20230930154055.jpg,plastic_nut::plastic_nut_0360_OK,5,source_calibration,OK
plastic_nut,plastic_nut/OK/S0362/plastic_nut_0362_OK_C1_20230930154112.jpg,plastic_nut::plastic_nut_0362_OK,1,source_calibration,OK
plastic_nut,plastic_nut/OK/S0362/plastic_nut_0362_OK_C2_20230930154112.jpg,plastic_nut::plastic_nut_0362_OK,2,source_calibration,OK
plastic_nut,plastic_nut/OK/S0362/plastic_nut_0362_OK_C3_20230930154112.jpg,plastic_nut::plastic_nut_0362_OK,3,source_calibration,OK
plastic_nut,plastic_nut/OK/S0362/plastic_nut_0362_OK_C4_20230930154112.jpg,plastic_nut::plastic_nut_0362_OK,4,source_calibration,OK
plastic_nut,plastic_nut/OK/S0362/plastic_nut_0362_OK_C5_20230930154112.jpg,plastic_nut::plastic_nut_0362_OK,5,source_calibration,OK
plastic_nut,plastic_nut/OK/S0373/plastic_nut_0373_OK_C1_20230930154354.jpg,plastic_nut::plastic_nut_0373_OK,1,source_calibration,OK
plastic_nut,plastic_nut/OK/S0373/plastic_nut_0373_OK_C2_20230930154354.jpg,plastic_nut::plastic_nut_0373_OK,2,source_calibration,OK
plastic_nut,plastic_nut/OK/S0373/plastic_nut_0373_OK_C3_20230930154354.jpg,plastic_nut::plastic_nut_0373_OK,3,source_calibration,OK
plastic_nut,plastic_nut/OK/S0373/plastic_nut_0373_OK_C4_20230930154354.jpg,plastic_nut::plastic_nut_0373_OK,4,source_calibration,OK
plastic_nut,plastic_nut/OK/S0373/plastic_nut_0373_OK_C5_20230930154354.jpg,plastic_nut::plastic_nut_0373_OK,5,source_calibration,OK
plastic_nut,plastic_nut/OK/S0377/plastic_nut_0377_OK_C1_20230930154459.jpg,plastic_nut::plastic_nut_0377_OK,1,source_calibration,OK
plastic_nut,plastic_nut/OK/S0377/plastic_nut_0377_OK_C2_20230930154459.jpg,plastic_nut::plastic_nut_0377_OK,2,source_calibration,OK
plastic_nut,plastic_nut/OK/S0377/plastic_nut_0377_OK_C3_20230930154459.jpg,plastic_nut::plastic_nut_0377_OK,3,source_calibration,OK
plastic_nut,plastic_nut/OK/S0377/plastic_nut_0377_OK_C4_20230930154459.jpg,plastic_nut::plastic_nut_0377_OK,4,source_calibration,OK
plastic_nut,plastic_nut/OK/S0377/plastic_nut_0377_OK_C5_20230930154459.jpg,plastic_nut::plastic_nut_0377_OK,5,source_calibration,OK
plastic_nut,plastic_nut/OK/S0411/plastic_nut_0411_OK_C1_20230930155900.jpg,plastic_nut::plastic_nut_0411_OK,1,source_calibration,OK
plastic_nut,plastic_nut/OK/S0411/plastic_nut_0411_OK_C2_20230930155900.jpg,plastic_nut::plastic_nut_0411_OK,2,source_calibration,OK
plastic_nut,plastic_nut/OK/S0411/plastic_nut_0411_OK_C3_20230930155900.jpg,plastic_nut::plastic_nut_0411_OK,3,source_calibration,OK
plastic_nut,plastic_nut/OK/S0411/plastic_nut_0411_OK_C4_20230930155900.jpg,plastic_nut::plastic_nut_0411_OK,4,source_calibration,OK
plastic_nut,plastic_nut/OK/S0411/plastic_nut_0411_OK_C5_20230930155900.jpg,plastic_nut::plastic_nut_0411_OK,5,source_calibration,OK
plastic_nut,plastic_nut/OK/S0412/plastic_nut_0412_OK_C1_20230930155913.jpg,plastic_nut::plastic_nut_0412_OK,1,source_calibration,OK
plastic_nut,plastic_nut/OK/S0412/plastic_nut_0412_OK_C2_20230930155913.jpg,plastic_nut::plastic_nut_0412_OK,2,source_calibration,OK
plastic_nut,plastic_nut/OK/S0412/plastic_nut_0412_OK_C3_20230930155913.jpg,plastic_nut::plastic_nut_0412_OK,3,source_calibration,OK
plastic_nut,plastic_nut/OK/S0412/plastic_nut_0412_OK_C4_20230930155913.jpg,plastic_nut::plastic_nut_0412_OK,4,source_calibration,OK
plastic_nut,plastic_nut/OK/S0412/plastic_nut_0412_OK_C5_20230930155913.jpg,plastic_nut::plastic_nut_0412_OK,5,source_calibration,OK
plastic_nut,plastic_nut/OK/S0415/plastic_nut_0415_OK_C1_20230930155950.jpg,plastic_nut::plastic_nut_0415_OK,1,source_calibration,OK
plastic_nut,plastic_nut/OK/S0415/plastic_nut_0415_OK_C2_20230930155950.jpg,plastic_nut::plastic_nut_0415_OK,2,source_calibration,OK
plastic_nut,plastic_nut/OK/S0415/plastic_nut_0415_OK_C3_20230930155950.jpg,plastic_nut::plastic_nut_0415_OK,3,source_calibration,OK
plastic_nut,plastic_nut/OK/S0415/plastic_nut_0415_OK_C4_20230930155950.jpg,plastic_nut::plastic_nut_0415_OK,4,source_calibration,OK
plastic_nut,plastic_nut/OK/S0415/plastic_nut_0415_OK_C5_20230930155950.jpg,plastic_nut::plastic_nut_0415_OK,5,source_calibration,OK
plastic_nut,plastic_nut/OK/S0417/plastic_nut_0417_OK_C1_20230930160012.jpg,plastic_nut::plastic_nut_0417_OK,1,source_calibration,OK
plastic_nut,plastic_nut/OK/S0417/plastic_nut_0417_OK_C2_20230930160012.jpg,plastic_nut::plastic_nut_0417_OK,2,source_calibration,OK
plastic_nut,plastic_nut/OK/S0417/plastic_nut_0417_OK_C3_20230930160012.jpg,plastic_nut::plastic_nut_0417_OK,3,source_calibration,OK
plastic_nut,plastic_nut/OK/S0417/plastic_nut_0417_OK_C4_20230930160012.jpg,plastic_nut::plastic_nut_0417_OK,4,source_calibration,OK
plastic_nut,plastic_nut/OK/S0417/plastic_nut_0417_OK_C5_20230930160012.jpg,plastic_nut::plastic_nut_0417_OK,5,source_calibration,OK
plastic_nut,plastic_nut/OK/S0425/plastic_nut_0425_OK_C1_20230930160213.jpg,plastic_nut::plastic_nut_0425_OK,1,source_calibration,OK
plastic_nut,plastic_nut/OK/S0425/plastic_nut_0425_OK_C2_20230930160213.jpg,plastic_nut::plastic_nut_0425_OK,2,source_calibration,OK
plastic_nut,plastic_nut/OK/S0425/plastic_nut_0425_OK_C3_20230930160213.jpg,plastic_nut::plastic_nut_0425_OK,3,source_calibration,OK
plastic_nut,plastic_nut/OK/S0425/plastic_nut_0425_OK_C4_20230930160213.jpg,plastic_nut::plastic_nut_0425_OK,4,source_calibration,OK
plastic_nut,plastic_nut/OK/S0425/plastic_nut_0425_OK_C5_20230930160213.jpg,plastic_nut::plastic_nut_0425_OK,5,source_calibration,OK
plastic_nut,plastic_nut/OK/S0429/plastic_nut_0429_OK_C1_20230930160516.jpg,plastic_nut::plastic_nut_0429_OK,1,source_calibration,OK
plastic_nut,plastic_nut/OK/S0429/plastic_nut_0429_OK_C2_20230930160516.jpg,plastic_nut::plastic_nut_0429_OK,2,source_calibration,OK
plastic_nut,plastic_nut/OK/S0429/plastic_nut_0429_OK_C3_20230930160516.jpg,plastic_nut::plastic_nut_0429_OK,3,source_calibration,OK
plastic_nut,plastic_nut/OK/S0429/plastic_nut_0429_OK_C4_20230930160516.jpg,plastic_nut::plastic_nut_0429_OK,4,source_calibration,OK
plastic_nut,plastic_nut/OK/S0429/plastic_nut_0429_OK_C5_20230930160516.jpg,plastic_nut::plastic_nut_0429_OK,5,source_calibration,OK
plastic_nut,plastic_nut/OK/S0433/plastic_nut_0433_OK_C1_20230930160743.jpg,plastic_nut::plastic_nut_0433_OK,1,source_calibration,OK
plastic_nut,plastic_nut/OK/S0433/plastic_nut_0433_OK_C2_20230930160743.jpg,plastic_nut::plastic_nut_0433_OK,2,source_calibration,OK
plastic_nut,plastic_nut/OK/S0433/plastic_nut_0433_OK_C3_20230930160743.jpg,plastic_nut::plastic_nut_0433_OK,3,source_calibration,OK
plastic_nut,plastic_nut/OK/S0433/plastic_nut_0433_OK_C4_20230930160743.jpg,plastic_nut::plastic_nut_0433_OK,4,source_calibration,OK
plastic_nut,plastic_nut/OK/S0433/plastic_nut_0433_OK_C5_20230930160743.jpg,plastic_nut::plastic_nut_0433_OK,5,source_calibration,OK
plastic_nut,plastic_nut/OK/S0434/plastic_nut_0434_OK_C1_20230930160824.jpg,plastic_nut::plastic_nut_0434_OK,1,source_calibration,OK
plastic_nut,plastic_nut/OK/S0434/plastic_nut_0434_OK_C2_20230930160824.jpg,plastic_nut::plastic_nut_0434_OK,2,source_calibration,OK
plastic_nut,plastic_nut/OK/S0434/plastic_nut_0434_OK_C3_20230930160824.jpg,plastic_nut::plastic_nut_0434_OK,3,source_calibration,OK
plastic_nut,plastic_nut/OK/S0434/plastic_nut_0434_OK_C4_20230930160824.jpg,plastic_nut::plastic_nut_0434_OK,4,source_calibration,OK
plastic_nut,plastic_nut/OK/S0434/plastic_nut_0434_OK_C5_20230930160824.jpg,plastic_nut::plastic_nut_0434_OK,5,source_calibration,OK
plastic_nut,plastic_nut/OK/S0458/plastic_nut_0458_OK_C1_20230930162131.jpg,plastic_nut::plastic_nut_0458_OK,1,source_calibration,OK
plastic_nut,plastic_nut/OK/S0458/plastic_nut_0458_OK_C2_20230930162131.jpg,plastic_nut::plastic_nut_0458_OK,2,source_calibration,OK
plastic_nut,plastic_nut/OK/S0458/plastic_nut_0458_OK_C3_20230930162131.jpg,plastic_nut::plastic_nut_0458_OK,3,source_calibration,OK
plastic_nut,plastic_nut/OK/S0458/plastic_nut_0458_OK_C4_20230930162131.jpg,plastic_nut::plastic_nut_0458_OK,4,source_calibration,OK
plastic_nut,plastic_nut/OK/S0458/plastic_nut_0458_OK_C5_20230930162131.jpg,plastic_nut::plastic_nut_0458_OK,5,source_calibration,OK
plastic_nut,plastic_nut/OK/S0464/plastic_nut_0464_OK_C1_20230930162227.jpg,plastic_nut::plastic_nut_0464_OK,1,source_calibration,OK
plastic_nut,plastic_nut/OK/S0464/plastic_nut_0464_OK_C2_20230930162227.jpg,plastic_nut::plastic_nut_0464_OK,2,source_calibration,OK
plastic_nut,plastic_nut/OK/S0464/plastic_nut_0464_OK_C3_20230930162227.jpg,plastic_nut::plastic_nut_0464_OK,3,source_calibration,OK
plastic_nut,plastic_nut/OK/S0464/plastic_nut_0464_OK_C4_20230930162227.jpg,plastic_nut::plastic_nut_0464_OK,4,source_calibration,OK
plastic_nut,plastic_nut/OK/S0464/plastic_nut_0464_OK_C5_20230930162227.jpg,plastic_nut::plastic_nut_0464_OK,5,source_calibration,OK
plastic_nut,plastic_nut/OK/S0469/plastic_nut_0469_OK_C1_20230930162341.jpg,plastic_nut::plastic_nut_0469_OK,1,source_calibration,OK
plastic_nut,plastic_nut/OK/S0469/plastic_nut_0469_OK_C2_20230930162341.jpg,plastic_nut::plastic_nut_0469_OK,2,source_calibration,OK
plastic_nut,plastic_nut/OK/S0469/plastic_nut_0469_OK_C3_20230930162341.jpg,plastic_nut::plastic_nut_0469_OK,3,source_calibration,OK
plastic_nut,plastic_nut/OK/S0469/plastic_nut_0469_OK_C4_20230930162341.jpg,plastic_nut::plastic_nut_0469_OK,4,source_calibration,OK
plastic_nut,plastic_nut/OK/S0469/plastic_nut_0469_OK_C5_20230930162341.jpg,plastic_nut::plastic_nut_0469_OK,5,source_calibration,OK
plastic_nut,plastic_nut/OK/S0471/plastic_nut_0471_OK_C1_20230930162357.jpg,plastic_nut::plastic_nut_0471_OK,1,source_calibration,OK
plastic_nut,plastic_nut/OK/S0471/plastic_nut_0471_OK_C2_20230930162357.jpg,plastic_nut::plastic_nut_0471_OK,2,source_calibration,OK
plastic_nut,plastic_nut/OK/S0471/plastic_nut_0471_OK_C3_20230930162357.jpg,plastic_nut::plastic_nut_0471_OK,3,source_calibration,OK
plastic_nut,plastic_nut/OK/S0471/plastic_nut_0471_OK_C4_20230930162357.jpg,plastic_nut::plastic_nut_0471_OK,4,source_calibration,OK
plastic_nut,plastic_nut/OK/S0471/plastic_nut_0471_OK_C5_20230930162357.jpg,plastic_nut::plastic_nut_0471_OK,5,source_calibration,OK
plastic_nut,plastic_nut/OK/S0476/plastic_nut_0476_OK_C1_20230930162451.jpg,plastic_nut::plastic_nut_0476_OK,1,source_calibration,OK
plastic_nut,plastic_nut/OK/S0476/plastic_nut_0476_OK_C2_20230930162451.jpg,plastic_nut::plastic_nut_0476_OK,2,source_calibration,OK
plastic_nut,plastic_nut/OK/S0476/plastic_nut_0476_OK_C3_20230930162451.jpg,plastic_nut::plastic_nut_0476_OK,3,source_calibration,OK
plastic_nut,plastic_nut/OK/S0476/plastic_nut_0476_OK_C4_20230930162451.jpg,plastic_nut::plastic_nut_0476_OK,4,source_calibration,OK
plastic_nut,plastic_nut/OK/S0476/plastic_nut_0476_OK_C5_20230930162451.jpg,plastic_nut::plastic_nut_0476_OK,5,source_calibration,OK
plastic_nut,plastic_nut/OK/S0487/plastic_nut_0487_OK_C1_20230930162648.jpg,plastic_nut::plastic_nut_0487_OK,1,source_calibration,OK
plastic_nut,plastic_nut/OK/S0487/plastic_nut_0487_OK_C2_20230930162648.jpg,plastic_nut::plastic_nut_0487_OK,2,source_calibration,OK
plastic_nut,plastic_nut/OK/S0487/plastic_nut_0487_OK_C3_20230930162648.jpg,plastic_nut::plastic_nut_0487_OK,3,source_calibration,OK
plastic_nut,plastic_nut/OK/S0487/plastic_nut_0487_OK_C4_20230930162648.jpg,plastic_nut::plastic_nut_0487_OK,4,source_calibration,OK
plastic_nut,plastic_nut/OK/S0487/plastic_nut_0487_OK_C5_20230930162648.jpg,plastic_nut::plastic_nut_0487_OK,5,source_calibration,OK
plastic_nut,plastic_nut/OK/S0492/plastic_nut_0492_OK_C1_20230930162755.jpg,plastic_nut::plastic_nut_0492_OK,1,source_calibration,OK
plastic_nut,plastic_nut/OK/S0492/plastic_nut_0492_OK_C2_20230930162755.jpg,plastic_nut::plastic_nut_0492_OK,2,source_calibration,OK
plastic_nut,plastic_nut/OK/S0492/plastic_nut_0492_OK_C3_20230930162755.jpg,plastic_nut::plastic_nut_0492_OK,3,source_calibration,OK
plastic_nut,plastic_nut/OK/S0492/plastic_nut_0492_OK_C4_20230930162755.jpg,plastic_nut::plastic_nut_0492_OK,4,source_calibration,OK
plastic_nut,plastic_nut/OK/S0492/plastic_nut_0492_OK_C5_20230930162755.jpg,plastic_nut::plastic_nut_0492_OK,5,source_calibration,OK
plastic_nut,plastic_nut/OK/S0500/plastic_nut_0500_OK_C1_20230930163009.jpg,plastic_nut::plastic_nut_0500_OK,1,source_calibration,OK
plastic_nut,plastic_nut/OK/S0500/plastic_nut_0500_OK_C2_20230930163009.jpg,plastic_nut::plastic_nut_0500_OK,2,source_calibration,OK
plastic_nut,plastic_nut/OK/S0500/plastic_nut_0500_OK_C3_20230930163009.jpg,plastic_nut::plastic_nut_0500_OK,3,source_calibration,OK
plastic_nut,plastic_nut/OK/S0500/plastic_nut_0500_OK_C4_20230930163009.jpg,plastic_nut::plastic_nut_0500_OK,4,source_calibration,OK
plastic_nut,plastic_nut/OK/S0500/plastic_nut_0500_OK_C5_20230930163009.jpg,plastic_nut::plastic_nut_0500_OK,5,source_calibration,OK
plastic_nut,plastic_nut/NG/QS/S0001/plastic_nut_0001_NG_QS_C1_20231004112421.jpg,plastic_nut::plastic_nut_0001_NG_QS,1,development,QS
plastic_nut,plastic_nut/NG/QS/S0001/plastic_nut_0001_NG_QS_C2_20231004112421.jpg,plastic_nut::plastic_nut_0001_NG_QS,2,development,QS
plastic_nut,plastic_nut/NG/QS/S0001/plastic_nut_0001_NG_QS_C3_20231004112421.jpg,plastic_nut::plastic_nut_0001_NG_QS,3,development,QS
plastic_nut,plastic_nut/NG/QS/S0001/plastic_nut_0001_NG_QS_C4_20231004112421.jpg,plastic_nut::plastic_nut_0001_NG_QS,4,development,QS
plastic_nut,plastic_nut/NG/QS/S0001/plastic_nut_0001_NG_QS_C5_20231004112421.jpg,plastic_nut::plastic_nut_0001_NG_QS,5,development,QS
plastic_nut,plastic_nut/NG/ZW/S0001/plastic_nut_0001_NG_ZW_C1_20231004093218.jpg,plastic_nut::plastic_nut_0001_NG_ZW,1,development,OK
plastic_nut,plastic_nut/NG/ZW/S0001/plastic_nut_0001_NG_ZW_C2_20231004093218.jpg,plastic_nut::plastic_nut_0001_NG_ZW,2,development,OK
plastic_nut,plastic_nut/NG/ZW/S0001/plastic_nut_0001_NG_ZW_C3_20231004093218.jpg,plastic_nut::plastic_nut_0001_NG_ZW,3,development,ZW
plastic_nut,plastic_nut/NG/ZW/S0001/plastic_nut_0001_NG_ZW_C4_20231004093218.jpg,plastic_nut::plastic_nut_0001_NG_ZW,4,development,OK
plastic_nut,plastic_nut/NG/ZW/S0001/plastic_nut_0001_NG_ZW_C5_20231004093218.jpg,plastic_nut::plastic_nut_0001_NG_ZW,5,development,OK
plastic_nut,plastic_nut/NG/HS/S0002/plastic_nut_0002_NG_HS_C1_20231004103236.jpg,plastic_nut::plastic_nut_0002_NG_HS,1,development,OK
plastic_nut,plastic_nut/NG/HS/S0002/plastic_nut_0002_NG_HS_C2_20231004103236.jpg,plastic_nut::plastic_nut_0002_NG_HS,2,development,OK
plastic_nut,plastic_nut/NG/HS/S0002/plastic_nut_0002_NG_HS_C3_20231004103236.jpg,plastic_nut::plastic_nut_0002_NG_HS,3,development,HS
plastic_nut,plastic_nut/NG/HS/S0002/plastic_nut_0002_NG_HS_C4_20231004103236.jpg,plastic_nut::plastic_nut_0002_NG_HS,4,development,HS
plastic_nut,plastic_nut/NG/HS/S0002/plastic_nut_0002_NG_HS_C5_20231004103236.jpg,plastic_nut::plastic_nut_0002_NG_HS,5,development,OK
plastic_nut,plastic_nut/NG/ZW/S0002/plastic_nut_0002_NG_ZW_C1_20231004093334.jpg,plastic_nut::plastic_nut_0002_NG_ZW,1,development,ZW
plastic_nut,plastic_nut/NG/ZW/S0002/plastic_nut_0002_NG_ZW_C2_20231004093334.jpg,plastic_nut::plastic_nut_0002_NG_ZW,2,development,ZW
plastic_nut,plastic_nut/NG/ZW/S0002/plastic_nut_0002_NG_ZW_C3_20231004093334.jpg,plastic_nut::plastic_nut_0002_NG_ZW,3,development,ZW
plastic_nut,plastic_nut/NG/ZW/S0002/plastic_nut_0002_NG_ZW_C4_20231004093334.jpg,plastic_nut::plastic_nut_0002_NG_ZW,4,development,ZW
plastic_nut,plastic_nut/NG/ZW/S0002/plastic_nut_0002_NG_ZW_C5_20231004093334.jpg,plastic_nut::plastic_nut_0002_NG_ZW,5,development,OK
plastic_nut,plastic_nut/NG/HS/S0003/plastic_nut_0003_NG_HS_C1_20231004103254.jpg,plastic_nut::plastic_nut_0003_NG_HS,1,development,HS
plastic_nut,plastic_nut/NG/HS/S0003/plastic_nut_0003_NG_HS_C2_20231004103254.jpg,plastic_nut::plastic_nut_0003_NG_HS,2,development,OK
plastic_nut,plastic_nut/NG/HS/S0003/plastic_nut_0003_NG_HS_C3_20231004103254.jpg,plastic_nut::plastic_nut_0003_NG_HS,3,development,OK
plastic_nut,plastic_nut/NG/HS/S0003/plastic_nut_0003_NG_HS_C4_20231004103254.jpg,plastic_nut::plastic_nut_0003_NG_HS,4,development,HS
plastic_nut,plastic_nut/NG/HS/S0003/plastic_nut_0003_NG_HS_C5_20231004103254.jpg,plastic_nut::plastic_nut_0003_NG_HS,5,development,HS
plastic_nut,plastic_nut/NG/AK/S0004/plastic_nut_0004_NG_AK_C1_20231004132235.jpg,plastic_nut::plastic_nut_0004_NG_AK,1,development,AK
plastic_nut,plastic_nut/NG/AK/S0004/plastic_nut_0004_NG_AK_C2_20231004132235.jpg,plastic_nut::plastic_nut_0004_NG_AK,2,development,AK
plastic_nut,plastic_nut/NG/AK/S0004/plastic_nut_0004_NG_AK_C3_20231004132235.jpg,plastic_nut::plastic_nut_0004_NG_AK,3,development,AK
plastic_nut,plastic_nut/NG/AK/S0004/plastic_nut_0004_NG_AK_C4_20231004132235.jpg,plastic_nut::plastic_nut_0004_NG_AK,4,development,AK
plastic_nut,plastic_nut/NG/AK/S0004/plastic_nut_0004_NG_AK_C5_20231004132235.jpg,plastic_nut::plastic_nut_0004_NG_AK,5,development,AK
plastic_nut,plastic_nut/NG/ZW/S0004/plastic_nut_0004_NG_ZW_C1_20231004093357.jpg,plastic_nut::plastic_nut_0004_NG_ZW,1,development,OK
plastic_nut,plastic_nut/NG/ZW/S0004/plastic_nut_0004_NG_ZW_C2_20231004093357.jpg,plastic_nut::plastic_nut_0004_NG_ZW,2,development,OK
plastic_nut,plastic_nut/NG/ZW/S0004/plastic_nut_0004_NG_ZW_C3_20231004093357.jpg,plastic_nut::plastic_nut_0004_NG_ZW,3,development,OK
plastic_nut,plastic_nut/NG/ZW/S0004/plastic_nut_0004_NG_ZW_C4_20231004093357.jpg,plastic_nut::plastic_nut_0004_NG_ZW,4,development,ZW
plastic_nut,plastic_nut/NG/ZW/S0004/plastic_nut_0004_NG_ZW_C5_20231004093357.jpg,plastic_nut::plastic_nut_0004_NG_ZW,5,development,ZW
plastic_nut,plastic_nut/NG/ZW/S0005/plastic_nut_0005_NG_ZW_C1_20231004093406.jpg,plastic_nut::plastic_nut_0005_NG_ZW,1,development,OK
plastic_nut,plastic_nut/NG/ZW/S0005/plastic_nut_0005_NG_ZW_C2_20231004093406.jpg,plastic_nut::plastic_nut_0005_NG_ZW,2,development,ZW
plastic_nut,plastic_nut/NG/ZW/S0005/plastic_nut_0005_NG_ZW_C3_20231004093406.jpg,plastic_nut::plastic_nut_0005_NG_ZW,3,development,ZW
plastic_nut,plastic_nut/NG/ZW/S0005/plastic_nut_0005_NG_ZW_C4_20231004093406.jpg,plastic_nut::plastic_nut_0005_NG_ZW,4,development,OK
plastic_nut,plastic_nut/NG/ZW/S0005/plastic_nut_0005_NG_ZW_C5_20231004093406.jpg,plastic_nut::plastic_nut_0005_NG_ZW,5,development,OK
plastic_nut,plastic_nut/NG/ZW/S0007/plastic_nut_0007_NG_ZW_C1_20231004093447.jpg,plastic_nut::plastic_nut_0007_NG_ZW,1,development,ZW
plastic_nut,plastic_nut/NG/ZW/S0007/plastic_nut_0007_NG_ZW_C2_20231004093447.jpg,plastic_nut::plastic_nut_0007_NG_ZW,2,development,ZW
plastic_nut,plastic_nut/NG/ZW/S0007/plastic_nut_0007_NG_ZW_C3_20231004093447.jpg,plastic_nut::plastic_nut_0007_NG_ZW,3,development,OK
plastic_nut,plastic_nut/NG/ZW/S0007/plastic_nut_0007_NG_ZW_C4_20231004093447.jpg,plastic_nut::plastic_nut_0007_NG_ZW,4,development,OK
plastic_nut,plastic_nut/NG/ZW/S0007/plastic_nut_0007_NG_ZW_C5_20231004093447.jpg,plastic_nut::plastic_nut_0007_NG_ZW,5,development,ZW
plastic_nut,plastic_nut/NG/ZW/S0008/plastic_nut_0008_NG_ZW_C1_20231004093459.jpg,plastic_nut::plastic_nut_0008_NG_ZW,1,development,OK
plastic_nut,plastic_nut/NG/ZW/S0008/plastic_nut_0008_NG_ZW_C2_20231004093459.jpg,plastic_nut::plastic_nut_0008_NG_ZW,2,development,OK
plastic_nut,plastic_nut/NG/ZW/S0008/plastic_nut_0008_NG_ZW_C3_20231004093459.jpg,plastic_nut::plastic_nut_0008_NG_ZW,3,development,ZW
plastic_nut,plastic_nut/NG/ZW/S0008/plastic_nut_0008_NG_ZW_C4_20231004093459.jpg,plastic_nut::plastic_nut_0008_NG_ZW,4,development,ZW
plastic_nut,plastic_nut/NG/ZW/S0008/plastic_nut_0008_NG_ZW_C5_20231004093459.jpg,plastic_nut::plastic_nut_0008_NG_ZW,5,development,OK
plastic_nut,plastic_nut/NG/QS/S0010/plastic_nut_0010_NG_QS_C1_20231004112610.jpg,plastic_nut::plastic_nut_0010_NG_QS,1,development,QS
plastic_nut,plastic_nut/NG/QS/S0010/plastic_nut_0010_NG_QS_C2_20231004112610.jpg,plastic_nut::plastic_nut_0010_NG_QS,2,development,QS
plastic_nut,plastic_nut/NG/QS/S0010/plastic_nut_0010_NG_QS_C3_20231004112610.jpg,plastic_nut::plastic_nut_0010_NG_QS,3,development,QS
plastic_nut,plastic_nut/NG/QS/S0010/plastic_nut_0010_NG_QS_C4_20231004112610.jpg,plastic_nut::plastic_nut_0010_NG_QS,4,development,QS
plastic_nut,plastic_nut/NG/QS/S0010/plastic_nut_0010_NG_QS_C5_20231004112610.jpg,plastic_nut::plastic_nut_0010_NG_QS,5,development,QS
plastic_nut,plastic_nut/NG/ZW/S0010/plastic_nut_0010_NG_ZW_C1_20231004093518.jpg,plastic_nut::plastic_nut_0010_NG_ZW,1,development,ZW
plastic_nut,plastic_nut/NG/ZW/S0010/plastic_nut_0010_NG_ZW_C2_20231004093518.jpg,plastic_nut::plastic_nut_0010_NG_ZW,2,development,ZW
plastic_nut,plastic_nut/NG/ZW/S0010/plastic_nut_0010_NG_ZW_C3_20231004093518.jpg,plastic_nut::plastic_nut_0010_NG_ZW,3,development,ZW
plastic_nut,plastic_nut/NG/ZW/S0010/plastic_nut_0010_NG_ZW_C4_20231004093518.jpg,plastic_nut::plastic_nut_0010_NG_ZW,4,development,ZW
plastic_nut,plastic_nut/NG/ZW/S0010/plastic_nut_0010_NG_ZW_C5_20231004093518.jpg,plastic_nut::plastic_nut_0010_NG_ZW,5,development,ZW
plastic_nut,plastic_nut/NG/HS/S0011/plastic_nut_0011_NG_HS_C1_20231004103610.jpg,plastic_nut::plastic_nut_0011_NG_HS,1,development,OK
plastic_nut,plastic_nut/NG/HS/S0011/plastic_nut_0011_NG_HS_C2_20231004103610.jpg,plastic_nut::plastic_nut_0011_NG_HS,2,development,OK
plastic_nut,plastic_nut/NG/HS/S0011/plastic_nut_0011_NG_HS_C3_20231004103610.jpg,plastic_nut::plastic_nut_0011_NG_HS,3,development,OK
plastic_nut,plastic_nut/NG/HS/S0011/plastic_nut_0011_NG_HS_C4_20231004103610.jpg,plastic_nut::plastic_nut_0011_NG_HS,4,development,OK
plastic_nut,plastic_nut/NG/HS/S0011/plastic_nut_0011_NG_HS_C5_20231004103610.jpg,plastic_nut::plastic_nut_0011_NG_HS,5,development,HS
plastic_nut,plastic_nut/NG/ZW/S0011/plastic_nut_0011_NG_ZW_C1_20231004093528.jpg,plastic_nut::plastic_nut_0011_NG_ZW,1,development,OK
plastic_nut,plastic_nut/NG/ZW/S0011/plastic_nut_0011_NG_ZW_C2_20231004093528.jpg,plastic_nut::plastic_nut_0011_NG_ZW,2,development,ZW
plastic_nut,plastic_nut/NG/ZW/S0011/plastic_nut_0011_NG_ZW_C3_20231004093528.jpg,plastic_nut::plastic_nut_0011_NG_ZW,3,development,OK
plastic_nut,plastic_nut/NG/ZW/S0011/plastic_nut_0011_NG_ZW_C4_20231004093528.jpg,plastic_nut::plastic_nut_0011_NG_ZW,4,development,ZW
plastic_nut,plastic_nut/NG/ZW/S0011/plastic_nut_0011_NG_ZW_C5_20231004093528.jpg,plastic_nut::plastic_nut_0011_NG_ZW,5,development,ZW
plastic_nut,plastic_nut/NG/QS/S0012/plastic_nut_0012_NG_QS_C1_20231004112636.jpg,plastic_nut::plastic_nut_0012_NG_QS,1,development,OK
plastic_nut,plastic_nut/NG/QS/S0012/plastic_nut_0012_NG_QS_C2_20231004112636.jpg,plastic_nut::plastic_nut_0012_NG_QS,2,development,OK
plastic_nut,plastic_nut/NG/QS/S0012/plastic_nut_0012_NG_QS_C3_20231004112636.jpg,plastic_nut::plastic_nut_0012_NG_QS,3,development,QS
plastic_nut,plastic_nut/NG/QS/S0012/plastic_nut_0012_NG_QS_C4_20231004112636.jpg,plastic_nut::plastic_nut_0012_NG_QS,4,development,QS
plastic_nut,plastic_nut/NG/QS/S0012/plastic_nut_0012_NG_QS_C5_20231004112636.jpg,plastic_nut::plastic_nut_0012_NG_QS,5,development,OK
plastic_nut,plastic_nut/NG/QS/S0014/plastic_nut_0014_NG_QS_C1_20231004112724.jpg,plastic_nut::plastic_nut_0014_NG_QS,1,development,QS
plastic_nut,plastic_nut/NG/QS/S0014/plastic_nut_0014_NG_QS_C2_20231004112724.jpg,plastic_nut::plastic_nut_0014_NG_QS,2,development,QS
plastic_nut,plastic_nut/NG/QS/S0014/plastic_nut_0014_NG_QS_C3_20231004112724.jpg,plastic_nut::plastic_nut_0014_NG_QS,3,development,QS
plastic_nut,plastic_nut/NG/QS/S0014/plastic_nut_0014_NG_QS_C4_20231004112724.jpg,plastic_nut::plastic_nut_0014_NG_QS,4,development,QS
plastic_nut,plastic_nut/NG/QS/S0014/plastic_nut_0014_NG_QS_C5_20231004112724.jpg,plastic_nut::plastic_nut_0014_NG_QS,5,development,QS
plastic_nut,plastic_nut/NG/HS/S0015/plastic_nut_0015_NG_HS_C1_20231004104024.jpg,plastic_nut::plastic_nut_0015_NG_HS,1,development,OK
plastic_nut,plastic_nut/NG/HS/S0015/plastic_nut_0015_NG_HS_C2_20231004104024.jpg,plastic_nut::plastic_nut_0015_NG_HS,2,development,HS
plastic_nut,plastic_nut/NG/HS/S0015/plastic_nut_0015_NG_HS_C3_20231004104024.jpg,plastic_nut::plastic_nut_0015_NG_HS,3,development,HS
plastic_nut,plastic_nut/NG/HS/S0015/plastic_nut_0015_NG_HS_C4_20231004104024.jpg,plastic_nut::plastic_nut_0015_NG_HS,4,development,OK
plastic_nut,plastic_nut/NG/HS/S0015/plastic_nut_0015_NG_HS_C5_20231004104024.jpg,plastic_nut::plastic_nut_0015_NG_HS,5,development,OK
plastic_nut,plastic_nut/NG/QS/S0015/plastic_nut_0015_NG_QS_C1_20231004112736.jpg,plastic_nut::plastic_nut_0015_NG_QS,1,development,QS
plastic_nut,plastic_nut/NG/QS/S0015/plastic_nut_0015_NG_QS_C2_20231004112736.jpg,plastic_nut::plastic_nut_0015_NG_QS,2,development,QS
plastic_nut,plastic_nut/NG/QS/S0015/plastic_nut_0015_NG_QS_C3_20231004112736.jpg,plastic_nut::plastic_nut_0015_NG_QS,3,development,QS
plastic_nut,plastic_nut/NG/QS/S0015/plastic_nut_0015_NG_QS_C4_20231004112736.jpg,plastic_nut::plastic_nut_0015_NG_QS,4,development,QS
plastic_nut,plastic_nut/NG/QS/S0015/plastic_nut_0015_NG_QS_C5_20231004112736.jpg,plastic_nut::plastic_nut_0015_NG_QS,5,development,QS
plastic_nut,plastic_nut/NG/HS/S0018/plastic_nut_0018_NG_HS_C1_20231004104110.jpg,plastic_nut::plastic_nut_0018_NG_HS,1,development,OK
plastic_nut,plastic_nut/NG/HS/S0018/plastic_nut_0018_NG_HS_C2_20231004104110.jpg,plastic_nut::plastic_nut_0018_NG_HS,2,development,HS
plastic_nut,plastic_nut/NG/HS/S0018/plastic_nut_0018_NG_HS_C3_20231004104110.jpg,plastic_nut::plastic_nut_0018_NG_HS,3,development,OK
plastic_nut,plastic_nut/NG/HS/S0018/plastic_nut_0018_NG_HS_C4_20231004104110.jpg,plastic_nut::plastic_nut_0018_NG_HS,4,development,OK
plastic_nut,plastic_nut/NG/HS/S0018/plastic_nut_0018_NG_HS_C5_20231004104110.jpg,plastic_nut::plastic_nut_0018_NG_HS,5,development,HS
plastic_nut,plastic_nut/OK/S0018/plastic_nut_0018_OK_C1_20230930123653.jpg,plastic_nut::plastic_nut_0018_OK,1,development,OK
plastic_nut,plastic_nut/OK/S0018/plastic_nut_0018_OK_C2_20230930123653.jpg,plastic_nut::plastic_nut_0018_OK,2,development,OK
plastic_nut,plastic_nut/OK/S0018/plastic_nut_0018_OK_C3_20230930123653.jpg,plastic_nut::plastic_nut_0018_OK,3,development,OK
plastic_nut,plastic_nut/OK/S0018/plastic_nut_0018_OK_C4_20230930123653.jpg,plastic_nut::plastic_nut_0018_OK,4,development,OK
plastic_nut,plastic_nut/OK/S0018/plastic_nut_0018_OK_C5_20230930123653.jpg,plastic_nut::plastic_nut_0018_OK,5,development,OK
plastic_nut,plastic_nut/OK/S0019/plastic_nut_0019_OK_C1_20230930122716.jpg,plastic_nut::plastic_nut_0019_OK,1,development,OK
plastic_nut,plastic_nut/OK/S0019/plastic_nut_0019_OK_C2_20230930122716.jpg,plastic_nut::plastic_nut_0019_OK,2,development,OK
plastic_nut,plastic_nut/OK/S0019/plastic_nut_0019_OK_C3_20230930122716.jpg,plastic_nut::plastic_nut_0019_OK,3,development,OK
plastic_nut,plastic_nut/OK/S0019/plastic_nut_0019_OK_C4_20230930122716.jpg,plastic_nut::plastic_nut_0019_OK,4,development,OK
plastic_nut,plastic_nut/OK/S0019/plastic_nut_0019_OK_C5_20230930122716.jpg,plastic_nut::plastic_nut_0019_OK,5,development,OK
plastic_nut,plastic_nut/NG/HS/S0020/plastic_nut_0020_NG_HS_C1_20231004104127.jpg,plastic_nut::plastic_nut_0020_NG_HS,1,development,OK
plastic_nut,plastic_nut/NG/HS/S0020/plastic_nut_0020_NG_HS_C2_20231004104127.jpg,plastic_nut::plastic_nut_0020_NG_HS,2,development,OK
plastic_nut,plastic_nut/NG/HS/S0020/plastic_nut_0020_NG_HS_C3_20231004104127.jpg,plastic_nut::plastic_nut_0020_NG_HS,3,development,HS
plastic_nut,plastic_nut/NG/HS/S0020/plastic_nut_0020_NG_HS_C4_20231004104127.jpg,plastic_nut::plastic_nut_0020_NG_HS,4,development,OK
plastic_nut,plastic_nut/NG/HS/S0020/plastic_nut_0020_NG_HS_C5_20231004104127.jpg,plastic_nut::plastic_nut_0020_NG_HS,5,development,HS
plastic_nut,plastic_nut/NG/HS/S0021/plastic_nut_0021_NG_HS_C1_20231004104140.jpg,plastic_nut::plastic_nut_0021_NG_HS,1,development,OK
plastic_nut,plastic_nut/NG/HS/S0021/plastic_nut_0021_NG_HS_C2_20231004104140.jpg,plastic_nut::plastic_nut_0021_NG_HS,2,development,OK
plastic_nut,plastic_nut/NG/HS/S0021/plastic_nut_0021_NG_HS_C3_20231004104140.jpg,plastic_nut::plastic_nut_0021_NG_HS,3,development,HS
plastic_nut,plastic_nut/NG/HS/S0021/plastic_nut_0021_NG_HS_C4_20231004104140.jpg,plastic_nut::plastic_nut_0021_NG_HS,4,development,OK
plastic_nut,plastic_nut/NG/HS/S0021/plastic_nut_0021_NG_HS_C5_20231004104140.jpg,plastic_nut::plastic_nut_0021_NG_HS,5,development,OK
plastic_nut,plastic_nut/NG/HS/S0023/plastic_nut_0023_NG_HS_C1_20231004104316.jpg,plastic_nut::plastic_nut_0023_NG_HS,1,development,OK
plastic_nut,plastic_nut/NG/HS/S0023/plastic_nut_0023_NG_HS_C2_20231004104316.jpg,plastic_nut::plastic_nut_0023_NG_HS,2,development,OK
plastic_nut,plastic_nut/NG/HS/S0023/plastic_nut_0023_NG_HS_C3_20231004104316.jpg,plastic_nut::plastic_nut_0023_NG_HS,3,development,OK
plastic_nut,plastic_nut/NG/HS/S0023/plastic_nut_0023_NG_HS_C4_20231004104316.jpg,plastic_nut::plastic_nut_0023_NG_HS,4,development,HS
plastic_nut,plastic_nut/NG/HS/S0023/plastic_nut_0023_NG_HS_C5_20231004104316.jpg,plastic_nut::plastic_nut_0023_NG_HS,5,development,HS
plastic_nut,plastic_nut/NG/QS/S0024/plastic_nut_0024_NG_QS_C1_20231004113017.jpg,plastic_nut::plastic_nut_0024_NG_QS,1,development,OK
plastic_nut,plastic_nut/NG/QS/S0024/plastic_nut_0024_NG_QS_C2_20231004113017.jpg,plastic_nut::plastic_nut_0024_NG_QS,2,development,OK
plastic_nut,plastic_nut/NG/QS/S0024/plastic_nut_0024_NG_QS_C3_20231004113017.jpg,plastic_nut::plastic_nut_0024_NG_QS,3,development,QS
plastic_nut,plastic_nut/NG/QS/S0024/plastic_nut_0024_NG_QS_C4_20231004113017.jpg,plastic_nut::plastic_nut_0024_NG_QS,4,development,OK
plastic_nut,plastic_nut/NG/QS/S0024/plastic_nut_0024_NG_QS_C5_20231004113017.jpg,plastic_nut::plastic_nut_0024_NG_QS,5,development,OK
plastic_nut,plastic_nut/NG/HS/S0025/plastic_nut_0025_NG_HS_C1_20231004104336.jpg,plastic_nut::plastic_nut_0025_NG_HS,1,development,OK
plastic_nut,plastic_nut/NG/HS/S0025/plastic_nut_0025_NG_HS_C2_20231004104336.jpg,plastic_nut::plastic_nut_0025_NG_HS,2,development,HS
plastic_nut,plastic_nut/NG/HS/S0025/plastic_nut_0025_NG_HS_C3_20231004104336.jpg,plastic_nut::plastic_nut_0025_NG_HS,3,development,OK
plastic_nut,plastic_nut/NG/HS/S0025/plastic_nut_0025_NG_HS_C4_20231004104336.jpg,plastic_nut::plastic_nut_0025_NG_HS,4,development,OK
plastic_nut,plastic_nut/NG/HS/S0025/plastic_nut_0025_NG_HS_C5_20231004104336.jpg,plastic_nut::plastic_nut_0025_NG_HS,5,development,HS
plastic_nut,plastic_nut/NG/HS/S0026/plastic_nut_0026_NG_HS_C1_20231004104346.jpg,plastic_nut::plastic_nut_0026_NG_HS,1,development,OK
plastic_nut,plastic_nut/NG/HS/S0026/plastic_nut_0026_NG_HS_C2_20231004104346.jpg,plastic_nut::plastic_nut_0026_NG_HS,2,development,OK
plastic_nut,plastic_nut/NG/HS/S0026/plastic_nut_0026_NG_HS_C3_20231004104346.jpg,plastic_nut::plastic_nut_0026_NG_HS,3,development,OK
plastic_nut,plastic_nut/NG/HS/S0026/plastic_nut_0026_NG_HS_C4_20231004104346.jpg,plastic_nut::plastic_nut_0026_NG_HS,4,development,OK
plastic_nut,plastic_nut/NG/HS/S0026/plastic_nut_0026_NG_HS_C5_20231004104346.jpg,plastic_nut::plastic_nut_0026_NG_HS,5,development,HS
plastic_nut,plastic_nut/NG/HS/S0028/plastic_nut_0028_NG_HS_C1_20231004104407.jpg,plastic_nut::plastic_nut_0028_NG_HS,1,development,OK
plastic_nut,plastic_nut/NG/HS/S0028/plastic_nut_0028_NG_HS_C2_20231004104407.jpg,plastic_nut::plastic_nut_0028_NG_HS,2,development,HS
plastic_nut,plastic_nut/NG/HS/S0028/plastic_nut_0028_NG_HS_C3_20231004104407.jpg,plastic_nut::plastic_nut_0028_NG_HS,3,development,HS
plastic_nut,plastic_nut/NG/HS/S0028/plastic_nut_0028_NG_HS_C4_20231004104407.jpg,plastic_nut::plastic_nut_0028_NG_HS,4,development,OK
plastic_nut,plastic_nut/NG/HS/S0028/plastic_nut_0028_NG_HS_C5_20231004104407.jpg,plastic_nut::plastic_nut_0028_NG_HS,5,development,OK
plastic_nut,plastic_nut/NG/ZW/S0028/plastic_nut_0028_NG_ZW_C1_20231004094025.jpg,plastic_nut::plastic_nut_0028_NG_ZW,1,development,OK
plastic_nut,plastic_nut/NG/ZW/S0028/plastic_nut_0028_NG_ZW_C2_20231004094025.jpg,plastic_nut::plastic_nut_0028_NG_ZW,2,development,OK
plastic_nut,plastic_nut/NG/ZW/S0028/plastic_nut_0028_NG_ZW_C3_20231004094025.jpg,plastic_nut::plastic_nut_0028_NG_ZW,3,development,OK
plastic_nut,plastic_nut/NG/ZW/S0028/plastic_nut_0028_NG_ZW_C4_20231004094025.jpg,plastic_nut::plastic_nut_0028_NG_ZW,4,development,ZW
plastic_nut,plastic_nut/NG/ZW/S0028/plastic_nut_0028_NG_ZW_C5_20231004094025.jpg,plastic_nut::plastic_nut_0028_NG_ZW,5,development,ZW
plastic_nut,plastic_nut/NG/HS/S0030/plastic_nut_0030_NG_HS_C1_20231004104428.jpg,plastic_nut::plastic_nut_0030_NG_HS,1,development,OK
plastic_nut,plastic_nut/NG/HS/S0030/plastic_nut_0030_NG_HS_C2_20231004104428.jpg,plastic_nut::plastic_nut_0030_NG_HS,2,development,HS
plastic_nut,plastic_nut/NG/HS/S0030/plastic_nut_0030_NG_HS_C3_20231004104428.jpg,plastic_nut::plastic_nut_0030_NG_HS,3,development,HS
plastic_nut,plastic_nut/NG/HS/S0030/plastic_nut_0030_NG_HS_C4_20231004104428.jpg,plastic_nut::plastic_nut_0030_NG_HS,4,development,OK
plastic_nut,plastic_nut/NG/HS/S0030/plastic_nut_0030_NG_HS_C5_20231004104428.jpg,plastic_nut::plastic_nut_0030_NG_HS,5,development,OK
plastic_nut,plastic_nut/NG/HS/S0032/plastic_nut_0032_NG_HS_C1_20231004104453.jpg,plastic_nut::plastic_nut_0032_NG_HS,1,development,OK
plastic_nut,plastic_nut/NG/HS/S0032/plastic_nut_0032_NG_HS_C2_20231004104453.jpg,plastic_nut::plastic_nut_0032_NG_HS,2,development,OK
plastic_nut,plastic_nut/NG/HS/S0032/plastic_nut_0032_NG_HS_C3_20231004104453.jpg,plastic_nut::plastic_nut_0032_NG_HS,3,development,OK
plastic_nut,plastic_nut/NG/HS/S0032/plastic_nut_0032_NG_HS_C4_20231004104453.jpg,plastic_nut::plastic_nut_0032_NG_HS,4,development,OK
plastic_nut,plastic_nut/NG/HS/S0032/plastic_nut_0032_NG_HS_C5_20231004104453.jpg,plastic_nut::plastic_nut_0032_NG_HS,5,development,HS
plastic_nut,plastic_nut/OK/S0032/plastic_nut_0032_OK_C1_20230930124439.jpg,plastic_nut::plastic_nut_0032_OK,1,development,OK
plastic_nut,plastic_nut/OK/S0032/plastic_nut_0032_OK_C2_20230930124439.jpg,plastic_nut::plastic_nut_0032_OK,2,development,OK
plastic_nut,plastic_nut/OK/S0032/plastic_nut_0032_OK_C3_20230930124439.jpg,plastic_nut::plastic_nut_0032_OK,3,development,OK
plastic_nut,plastic_nut/OK/S0032/plastic_nut_0032_OK_C4_20230930124439.jpg,plastic_nut::plastic_nut_0032_OK,4,development,OK
plastic_nut,plastic_nut/OK/S0032/plastic_nut_0032_OK_C5_20230930124439.jpg,plastic_nut::plastic_nut_0032_OK,5,development,OK
plastic_nut,plastic_nut/NG/QS/S0033/plastic_nut_0033_NG_QS_C1_20231004113158.jpg,plastic_nut::plastic_nut_0033_NG_QS,1,development,OK
plastic_nut,plastic_nut/NG/QS/S0033/plastic_nut_0033_NG_QS_C2_20231004113158.jpg,plastic_nut::plastic_nut_0033_NG_QS,2,development,QS
plastic_nut,plastic_nut/NG/QS/S0033/plastic_nut_0033_NG_QS_C3_20231004113158.jpg,plastic_nut::plastic_nut_0033_NG_QS,3,development,QS
plastic_nut,plastic_nut/NG/QS/S0033/plastic_nut_0033_NG_QS_C4_20231004113158.jpg,plastic_nut::plastic_nut_0033_NG_QS,4,development,OK
plastic_nut,plastic_nut/NG/QS/S0033/plastic_nut_0033_NG_QS_C5_20231004113158.jpg,plastic_nut::plastic_nut_0033_NG_QS,5,development,QS
plastic_nut,plastic_nut/NG/ZW/S0033/plastic_nut_0033_NG_ZW_C1_20231004094138.jpg,plastic_nut::plastic_nut_0033_NG_ZW,1,development,OK
plastic_nut,plastic_nut/NG/ZW/S0033/plastic_nut_0033_NG_ZW_C2_20231004094138.jpg,plastic_nut::plastic_nut_0033_NG_ZW,2,development,OK
plastic_nut,plastic_nut/NG/ZW/S0033/plastic_nut_0033_NG_ZW_C3_20231004094138.jpg,plastic_nut::plastic_nut_0033_NG_ZW,3,development,ZW
plastic_nut,plastic_nut/NG/ZW/S0033/plastic_nut_0033_NG_ZW_C4_20231004094138.jpg,plastic_nut::plastic_nut_0033_NG_ZW,4,development,ZW
plastic_nut,plastic_nut/NG/ZW/S0033/plastic_nut_0033_NG_ZW_C5_20231004094138.jpg,plastic_nut::plastic_nut_0033_NG_ZW,5,development,OK
plastic_nut,plastic_nut/OK/S0034/plastic_nut_0034_OK_C1_20230930124600.jpg,plastic_nut::plastic_nut_0034_OK,1,development,OK
plastic_nut,plastic_nut/OK/S0034/plastic_nut_0034_OK_C2_20230930124600.jpg,plastic_nut::plastic_nut_0034_OK,2,development,OK
plastic_nut,plastic_nut/OK/S0034/plastic_nut_0034_OK_C3_20230930124600.jpg,plastic_nut::plastic_nut_0034_OK,3,development,OK
plastic_nut,plastic_nut/OK/S0034/plastic_nut_0034_OK_C4_20230930124600.jpg,plastic_nut::plastic_nut_0034_OK,4,development,OK
plastic_nut,plastic_nut/OK/S0034/plastic_nut_0034_OK_C5_20230930124600.jpg,plastic_nut::plastic_nut_0034_OK,5,development,OK
plastic_nut,plastic_nut/NG/QS/S0035/plastic_nut_0035_NG_QS_C1_20231004113215.jpg,plastic_nut::plastic_nut_0035_NG_QS,1,development,OK
plastic_nut,plastic_nut/NG/QS/S0035/plastic_nut_0035_NG_QS_C2_20231004113215.jpg,plastic_nut::plastic_nut_0035_NG_QS,2,development,OK
plastic_nut,plastic_nut/NG/QS/S0035/plastic_nut_0035_NG_QS_C3_20231004113215.jpg,plastic_nut::plastic_nut_0035_NG_QS,3,development,QS
plastic_nut,plastic_nut/NG/QS/S0035/plastic_nut_0035_NG_QS_C4_20231004113215.jpg,plastic_nut::plastic_nut_0035_NG_QS,4,development,OK
plastic_nut,plastic_nut/NG/QS/S0035/plastic_nut_0035_NG_QS_C5_20231004113215.jpg,plastic_nut::plastic_nut_0035_NG_QS,5,development,OK
plastic_nut,plastic_nut/NG/AK/S0037/plastic_nut_0037_NG_AK_C1_20231004133042.jpg,plastic_nut::plastic_nut_0037_NG_AK,1,development,OK
plastic_nut,plastic_nut/NG/AK/S0037/plastic_nut_0037_NG_AK_C2_20231004133042.jpg,plastic_nut::plastic_nut_0037_NG_AK,2,development,OK
plastic_nut,plastic_nut/NG/AK/S0037/plastic_nut_0037_NG_AK_C3_20231004133042.jpg,plastic_nut::plastic_nut_0037_NG_AK,3,development,AK
plastic_nut,plastic_nut/NG/AK/S0037/plastic_nut_0037_NG_AK_C4_20231004133042.jpg,plastic_nut::plastic_nut_0037_NG_AK,4,development,AK
plastic_nut,plastic_nut/NG/AK/S0037/plastic_nut_0037_NG_AK_C5_20231004133042.jpg,plastic_nut::plastic_nut_0037_NG_AK,5,development,OK
plastic_nut,plastic_nut/NG/QS/S0037/plastic_nut_0037_NG_QS_C1_20231004113645.jpg,plastic_nut::plastic_nut_0037_NG_QS,1,development,QS
plastic_nut,plastic_nut/NG/QS/S0037/plastic_nut_0037_NG_QS_C2_20231004113645.jpg,plastic_nut::plastic_nut_0037_NG_QS,2,development,QS
plastic_nut,plastic_nut/NG/QS/S0037/plastic_nut_0037_NG_QS_C3_20231004113645.jpg,plastic_nut::plastic_nut_0037_NG_QS,3,development,QS
plastic_nut,plastic_nut/NG/QS/S0037/plastic_nut_0037_NG_QS_C4_20231004113645.jpg,plastic_nut::plastic_nut_0037_NG_QS,4,development,QS
plastic_nut,plastic_nut/NG/QS/S0037/plastic_nut_0037_NG_QS_C5_20231004113645.jpg,plastic_nut::plastic_nut_0037_NG_QS,5,development,QS
plastic_nut,plastic_nut/NG/HS/S0038/plastic_nut_0038_NG_HS_C1_20231004104549.jpg,plastic_nut::plastic_nut_0038_NG_HS,1,development,OK
plastic_nut,plastic_nut/NG/HS/S0038/plastic_nut_0038_NG_HS_C2_20231004104549.jpg,plastic_nut::plastic_nut_0038_NG_HS,2,development,OK
plastic_nut,plastic_nut/NG/HS/S0038/plastic_nut_0038_NG_HS_C3_20231004104549.jpg,plastic_nut::plastic_nut_0038_NG_HS,3,development,HS
plastic_nut,plastic_nut/NG/HS/S0038/plastic_nut_0038_NG_HS_C4_20231004104549.jpg,plastic_nut::plastic_nut_0038_NG_HS,4,development,HS
plastic_nut,plastic_nut/NG/HS/S0038/plastic_nut_0038_NG_HS_C5_20231004104549.jpg,plastic_nut::plastic_nut_0038_NG_HS,5,development,OK
plastic_nut,plastic_nut/NG/QS/S0039/plastic_nut_0039_NG_QS_C1_20231004113707.jpg,plastic_nut::plastic_nut_0039_NG_QS,1,development,QS
plastic_nut,plastic_nut/NG/QS/S0039/plastic_nut_0039_NG_QS_C2_20231004113707.jpg,plastic_nut::plastic_nut_0039_NG_QS,2,development,QS
plastic_nut,plastic_nut/NG/QS/S0039/plastic_nut_0039_NG_QS_C3_20231004113707.jpg,plastic_nut::plastic_nut_0039_NG_QS,3,development,QS
plastic_nut,plastic_nut/NG/QS/S0039/plastic_nut_0039_NG_QS_C4_20231004113707.jpg,plastic_nut::plastic_nut_0039_NG_QS,4,development,QS
plastic_nut,plastic_nut/NG/QS/S0039/plastic_nut_0039_NG_QS_C5_20231004113707.jpg,plastic_nut::plastic_nut_0039_NG_QS,5,development,OK
plastic_nut,plastic_nut/NG/AK/S0040/plastic_nut_0040_NG_AK_C1_20231004133110.jpg,plastic_nut::plastic_nut_0040_NG_AK,1,development,AK
plastic_nut,plastic_nut/NG/AK/S0040/plastic_nut_0040_NG_AK_C2_20231004133110.jpg,plastic_nut::plastic_nut_0040_NG_AK,2,development,AK
plastic_nut,plastic_nut/NG/AK/S0040/plastic_nut_0040_NG_AK_C3_20231004133110.jpg,plastic_nut::plastic_nut_0040_NG_AK,3,development,AK
plastic_nut,plastic_nut/NG/AK/S0040/plastic_nut_0040_NG_AK_C4_20231004133110.jpg,plastic_nut::plastic_nut_0040_NG_AK,4,development,AK
plastic_nut,plastic_nut/NG/AK/S0040/plastic_nut_0040_NG_AK_C5_20231004133110.jpg,plastic_nut::plastic_nut_0040_NG_AK,5,development,AK
plastic_nut,plastic_nut/NG/HS/S0041/plastic_nut_0041_NG_HS_C1_20231004104737.jpg,plastic_nut::plastic_nut_0041_NG_HS,1,development,OK
plastic_nut,plastic_nut/NG/HS/S0041/plastic_nut_0041_NG_HS_C2_20231004104737.jpg,plastic_nut::plastic_nut_0041_NG_HS,2,development,OK
plastic_nut,plastic_nut/NG/HS/S0041/plastic_nut_0041_NG_HS_C3_20231004104737.jpg,plastic_nut::plastic_nut_0041_NG_HS,3,development,HS
plastic_nut,plastic_nut/NG/HS/S0041/plastic_nut_0041_NG_HS_C4_20231004104737.jpg,plastic_nut::plastic_nut_0041_NG_HS,4,development,OK
plastic_nut,plastic_nut/NG/HS/S0041/plastic_nut_0041_NG_HS_C5_20231004104737.jpg,plastic_nut::plastic_nut_0041_NG_HS,5,development,OK
plastic_nut,plastic_nut/NG/ZW/S0041/plastic_nut_0041_NG_ZW_C1_20231004094525.jpg,plastic_nut::plastic_nut_0041_NG_ZW,1,development,OK
plastic_nut,plastic_nut/NG/ZW/S0041/plastic_nut_0041_NG_ZW_C2_20231004094525.jpg,plastic_nut::plastic_nut_0041_NG_ZW,2,development,ZW
plastic_nut,plastic_nut/NG/ZW/S0041/plastic_nut_0041_NG_ZW_C3_20231004094525.jpg,plastic_nut::plastic_nut_0041_NG_ZW,3,development,ZW
plastic_nut,plastic_nut/NG/ZW/S0041/plastic_nut_0041_NG_ZW_C4_20231004094525.jpg,plastic_nut::plastic_nut_0041_NG_ZW,4,development,OK
plastic_nut,plastic_nut/NG/ZW/S0041/plastic_nut_0041_NG_ZW_C5_20231004094525.jpg,plastic_nut::plastic_nut_0041_NG_ZW,5,development,OK
plastic_nut,plastic_nut/NG/AK/S0042/plastic_nut_0042_NG_AK_C1_20231004133127.jpg,plastic_nut::plastic_nut_0042_NG_AK,1,development,OK
plastic_nut,plastic_nut/NG/AK/S0042/plastic_nut_0042_NG_AK_C2_20231004133127.jpg,plastic_nut::plastic_nut_0042_NG_AK,2,development,AK
plastic_nut,plastic_nut/NG/AK/S0042/plastic_nut_0042_NG_AK_C3_20231004133127.jpg,plastic_nut::plastic_nut_0042_NG_AK,3,development,AK
plastic_nut,plastic_nut/NG/AK/S0042/plastic_nut_0042_NG_AK_C4_20231004133127.jpg,plastic_nut::plastic_nut_0042_NG_AK,4,development,OK
plastic_nut,plastic_nut/NG/AK/S0042/plastic_nut_0042_NG_AK_C5_20231004133127.jpg,plastic_nut::plastic_nut_0042_NG_AK,5,development,OK
plastic_nut,plastic_nut/NG/QS/S0042/plastic_nut_0042_NG_QS_C1_20231004113737.jpg,plastic_nut::plastic_nut_0042_NG_QS,1,development,OK
plastic_nut,plastic_nut/NG/QS/S0042/plastic_nut_0042_NG_QS_C2_20231004113737.jpg,plastic_nut::plastic_nut_0042_NG_QS,2,development,OK
plastic_nut,plastic_nut/NG/QS/S0042/plastic_nut_0042_NG_QS_C3_20231004113737.jpg,plastic_nut::plastic_nut_0042_NG_QS,3,development,QS
plastic_nut,plastic_nut/NG/QS/S0042/plastic_nut_0042_NG_QS_C4_20231004113737.jpg,plastic_nut::plastic_nut_0042_NG_QS,4,development,OK
plastic_nut,plastic_nut/NG/QS/S0042/plastic_nut_0042_NG_QS_C5_20231004113737.jpg,plastic_nut::plastic_nut_0042_NG_QS,5,development,OK
plastic_nut,plastic_nut/NG/ZW/S0044/plastic_nut_0044_NG_ZW_C1_20231004094606.jpg,plastic_nut::plastic_nut_0044_NG_ZW,1,development,ZW
plastic_nut,plastic_nut/NG/ZW/S0044/plastic_nut_0044_NG_ZW_C2_20231004094606.jpg,plastic_nut::plastic_nut_0044_NG_ZW,2,development,ZW
plastic_nut,plastic_nut/NG/ZW/S0044/plastic_nut_0044_NG_ZW_C3_20231004094606.jpg,plastic_nut::plastic_nut_0044_NG_ZW,3,development,ZW
plastic_nut,plastic_nut/NG/ZW/S0044/plastic_nut_0044_NG_ZW_C4_20231004094606.jpg,plastic_nut::plastic_nut_0044_NG_ZW,4,development,ZW
plastic_nut,plastic_nut/NG/ZW/S0044/plastic_nut_0044_NG_ZW_C5_20231004094606.jpg,plastic_nut::plastic_nut_0044_NG_ZW,5,development,OK
plastic_nut,plastic_nut/NG/QS/S0046/plastic_nut_0046_NG_QS_C1_20231004113907.jpg,plastic_nut::plastic_nut_0046_NG_QS,1,development,OK
plastic_nut,plastic_nut/NG/QS/S0046/plastic_nut_0046_NG_QS_C2_20231004113907.jpg,plastic_nut::plastic_nut_0046_NG_QS,2,development,QS
plastic_nut,plastic_nut/NG/QS/S0046/plastic_nut_0046_NG_QS_C3_20231004113907.jpg,plastic_nut::plastic_nut_0046_NG_QS,3,development,OK
plastic_nut,plastic_nut/NG/QS/S0046/plastic_nut_0046_NG_QS_C4_20231004113907.jpg,plastic_nut::plastic_nut_0046_NG_QS,4,development,OK
plastic_nut,plastic_nut/NG/QS/S0046/plastic_nut_0046_NG_QS_C5_20231004113907.jpg,plastic_nut::plastic_nut_0046_NG_QS,5,development,QS
plastic_nut,plastic_nut/NG/ZW/S0048/plastic_nut_0048_NG_ZW_C1_20231004094717.jpg,plastic_nut::plastic_nut_0048_NG_ZW,1,development,OK
plastic_nut,plastic_nut/NG/ZW/S0048/plastic_nut_0048_NG_ZW_C2_20231004094717.jpg,plastic_nut::plastic_nut_0048_NG_ZW,2,development,OK
plastic_nut,plastic_nut/NG/ZW/S0048/plastic_nut_0048_NG_ZW_C3_20231004094717.jpg,plastic_nut::plastic_nut_0048_NG_ZW,3,development,ZW
plastic_nut,plastic_nut/NG/ZW/S0048/plastic_nut_0048_NG_ZW_C4_20231004094717.jpg,plastic_nut::plastic_nut_0048_NG_ZW,4,development,ZW
plastic_nut,plastic_nut/NG/ZW/S0048/plastic_nut_0048_NG_ZW_C5_20231004094717.jpg,plastic_nut::plastic_nut_0048_NG_ZW,5,development,OK
plastic_nut,plastic_nut/OK/S0049/plastic_nut_0049_OK_C1_20230930125838.jpg,plastic_nut::plastic_nut_0049_OK,1,development,OK
plastic_nut,plastic_nut/OK/S0049/plastic_nut_0049_OK_C2_20230930125838.jpg,plastic_nut::plastic_nut_0049_OK,2,development,OK
plastic_nut,plastic_nut/OK/S0049/plastic_nut_0049_OK_C3_20230930125838.jpg,plastic_nut::plastic_nut_0049_OK,3,development,OK
plastic_nut,plastic_nut/OK/S0049/plastic_nut_0049_OK_C4_20230930125838.jpg,plastic_nut::plastic_nut_0049_OK,4,development,OK
plastic_nut,plastic_nut/OK/S0049/plastic_nut_0049_OK_C5_20230930125838.jpg,plastic_nut::plastic_nut_0049_OK,5,development,OK
plastic_nut,plastic_nut/NG/HS/S0050/plastic_nut_0050_NG_HS_C1_20231004104926.jpg,plastic_nut::plastic_nut_0050_NG_HS,1,development,OK
plastic_nut,plastic_nut/NG/HS/S0050/plastic_nut_0050_NG_HS_C2_20231004104926.jpg,plastic_nut::plastic_nut_0050_NG_HS,2,development,HS
plastic_nut,plastic_nut/NG/HS/S0050/plastic_nut_0050_NG_HS_C3_20231004104926.jpg,plastic_nut::plastic_nut_0050_NG_HS,3,development,HS
plastic_nut,plastic_nut/NG/HS/S0050/plastic_nut_0050_NG_HS_C4_20231004104926.jpg,plastic_nut::plastic_nut_0050_NG_HS,4,development,OK
plastic_nut,plastic_nut/NG/HS/S0050/plastic_nut_0050_NG_HS_C5_20231004104926.jpg,plastic_nut::plastic_nut_0050_NG_HS,5,development,OK
plastic_nut,plastic_nut/NG/ZW/S0050/plastic_nut_0050_NG_ZW_C1_20231004094808.jpg,plastic_nut::plastic_nut_0050_NG_ZW,1,development,ZW
plastic_nut,plastic_nut/NG/ZW/S0050/plastic_nut_0050_NG_ZW_C2_20231004094808.jpg,plastic_nut::plastic_nut_0050_NG_ZW,2,development,ZW
plastic_nut,plastic_nut/NG/ZW/S0050/plastic_nut_0050_NG_ZW_C3_20231004094808.jpg,plastic_nut::plastic_nut_0050_NG_ZW,3,development,ZW
plastic_nut,plastic_nut/NG/ZW/S0050/plastic_nut_0050_NG_ZW_C4_20231004094808.jpg,plastic_nut::plastic_nut_0050_NG_ZW,4,development,ZW
plastic_nut,plastic_nut/NG/ZW/S0050/plastic_nut_0050_NG_ZW_C5_20231004094808.jpg,plastic_nut::plastic_nut_0050_NG_ZW,5,development,ZW
plastic_nut,plastic_nut/OK/S0051/plastic_nut_0051_OK_C1_20230930130124.jpg,plastic_nut::plastic_nut_0051_OK,1,development,OK
plastic_nut,plastic_nut/OK/S0051/plastic_nut_0051_OK_C2_20230930130124.jpg,plastic_nut::plastic_nut_0051_OK,2,development,OK
plastic_nut,plastic_nut/OK/S0051/plastic_nut_0051_OK_C3_20230930130124.jpg,plastic_nut::plastic_nut_0051_OK,3,development,OK
plastic_nut,plastic_nut/OK/S0051/plastic_nut_0051_OK_C4_20230930130124.jpg,plastic_nut::plastic_nut_0051_OK,4,development,OK
plastic_nut,plastic_nut/OK/S0051/plastic_nut_0051_OK_C5_20230930130124.jpg,plastic_nut::plastic_nut_0051_OK,5,development,OK
plastic_nut,plastic_nut/NG/QS/S0052/plastic_nut_0052_NG_QS_C1_20231004114319.jpg,plastic_nut::plastic_nut_0052_NG_QS,1,development,OK
plastic_nut,plastic_nut/NG/QS/S0052/plastic_nut_0052_NG_QS_C2_20231004114319.jpg,plastic_nut::plastic_nut_0052_NG_QS,2,development,QS
plastic_nut,plastic_nut/NG/QS/S0052/plastic_nut_0052_NG_QS_C3_20231004114319.jpg,plastic_nut::plastic_nut_0052_NG_QS,3,development,QS
plastic_nut,plastic_nut/NG/QS/S0052/plastic_nut_0052_NG_QS_C4_20231004114319.jpg,plastic_nut::plastic_nut_0052_NG_QS,4,development,OK
plastic_nut,plastic_nut/NG/QS/S0052/plastic_nut_0052_NG_QS_C5_20231004114319.jpg,plastic_nut::plastic_nut_0052_NG_QS,5,development,QS
plastic_nut,plastic_nut/NG/AK/S0055/plastic_nut_0055_NG_AK_C1_20231004141122.jpg,plastic_nut::plastic_nut_0055_NG_AK,1,development,OK
plastic_nut,plastic_nut/NG/AK/S0055/plastic_nut_0055_NG_AK_C2_20231004141122.jpg,plastic_nut::plastic_nut_0055_NG_AK,2,development,AK
plastic_nut,plastic_nut/NG/AK/S0055/plastic_nut_0055_NG_AK_C3_20231004141122.jpg,plastic_nut::plastic_nut_0055_NG_AK,3,development,AK
plastic_nut,plastic_nut/NG/AK/S0055/plastic_nut_0055_NG_AK_C4_20231004141122.jpg,plastic_nut::plastic_nut_0055_NG_AK,4,development,OK
plastic_nut,plastic_nut/NG/AK/S0055/plastic_nut_0055_NG_AK_C5_20231004141122.jpg,plastic_nut::plastic_nut_0055_NG_AK,5,development,OK
plastic_nut,plastic_nut/NG/HS/S0055/plastic_nut_0055_NG_HS_C1_20231004105022.jpg,plastic_nut::plastic_nut_0055_NG_HS,1,development,OK
plastic_nut,plastic_nut/NG/HS/S0055/plastic_nut_0055_NG_HS_C2_20231004105022.jpg,plastic_nut::plastic_nut_0055_NG_HS,2,development,OK
plastic_nut,plastic_nut/NG/HS/S0055/plastic_nut_0055_NG_HS_C3_20231004105022.jpg,plastic_nut::plastic_nut_0055_NG_HS,3,development,OK
plastic_nut,plastic_nut/NG/HS/S0055/plastic_nut_0055_NG_HS_C4_20231004105022.jpg,plastic_nut::plastic_nut_0055_NG_HS,4,development,OK
plastic_nut,plastic_nut/NG/HS/S0055/plastic_nut_0055_NG_HS_C5_20231004105022.jpg,plastic_nut::plastic_nut_0055_NG_HS,5,development,HS
plastic_nut,plastic_nut/NG/QS/S0056/plastic_nut_0056_NG_QS_C1_20231004114403.jpg,plastic_nut::plastic_nut_0056_NG_QS,1,development,OK
plastic_nut,plastic_nut/NG/QS/S0056/plastic_nut_0056_NG_QS_C2_20231004114403.jpg,plastic_nut::plastic_nut_0056_NG_QS,2,development,OK
plastic_nut,plastic_nut/NG/QS/S0056/plastic_nut_0056_NG_QS_C3_20231004114403.jpg,plastic_nut::plastic_nut_0056_NG_QS,3,development,OK
plastic_nut,plastic_nut/NG/QS/S0056/plastic_nut_0056_NG_QS_C4_20231004114403.jpg,plastic_nut::plastic_nut_0056_NG_QS,4,development,QS
plastic_nut,plastic_nut/NG/QS/S0056/plastic_nut_0056_NG_QS_C5_20231004114403.jpg,plastic_nut::plastic_nut_0056_NG_QS,5,development,QS
plastic_nut,plastic_nut/NG/ZW/S0056/plastic_nut_0056_NG_ZW_C1_20231004095133.jpg,plastic_nut::plastic_nut_0056_NG_ZW,1,development,OK
plastic_nut,plastic_nut/NG/ZW/S0056/plastic_nut_0056_NG_ZW_C2_20231004095133.jpg,plastic_nut::plastic_nut_0056_NG_ZW,2,development,OK
plastic_nut,plastic_nut/NG/ZW/S0056/plastic_nut_0056_NG_ZW_C3_20231004095133.jpg,plastic_nut::plastic_nut_0056_NG_ZW,3,development,ZW
plastic_nut,plastic_nut/NG/ZW/S0056/plastic_nut_0056_NG_ZW_C4_20231004095133.jpg,plastic_nut::plastic_nut_0056_NG_ZW,4,development,ZW
plastic_nut,plastic_nut/NG/ZW/S0056/plastic_nut_0056_NG_ZW_C5_20231004095133.jpg,plastic_nut::plastic_nut_0056_NG_ZW,5,development,OK
plastic_nut,plastic_nut/NG/QS/S0057/plastic_nut_0057_NG_QS_C1_20231004114417.jpg,plastic_nut::plastic_nut_0057_NG_QS,1,development,QS
plastic_nut,plastic_nut/NG/QS/S0057/plastic_nut_0057_NG_QS_C2_20231004114417.jpg,plastic_nut::plastic_nut_0057_NG_QS,2,development,QS
plastic_nut,plastic_nut/NG/QS/S0057/plastic_nut_0057_NG_QS_C3_20231004114417.jpg,plastic_nut::plastic_nut_0057_NG_QS,3,development,QS
plastic_nut,plastic_nut/NG/QS/S0057/plastic_nut_0057_NG_QS_C4_20231004114417.jpg,plastic_nut::plastic_nut_0057_NG_QS,4,development,QS
plastic_nut,plastic_nut/NG/QS/S0057/plastic_nut_0057_NG_QS_C5_20231004114417.jpg,plastic_nut::plastic_nut_0057_NG_QS,5,development,QS
plastic_nut,plastic_nut/NG/AK/S0058/plastic_nut_0058_NG_AK_C1_20231004141147.jpg,plastic_nut::plastic_nut_0058_NG_AK,1,development,OK
plastic_nut,plastic_nut/NG/AK/S0058/plastic_nut_0058_NG_AK_C2_20231004141147.jpg,plastic_nut::plastic_nut_0058_NG_AK,2,development,OK
plastic_nut,plastic_nut/NG/AK/S0058/plastic_nut_0058_NG_AK_C3_20231004141147.jpg,plastic_nut::plastic_nut_0058_NG_AK,3,development,OK
plastic_nut,plastic_nut/NG/AK/S0058/plastic_nut_0058_NG_AK_C4_20231004141147.jpg,plastic_nut::plastic_nut_0058_NG_AK,4,development,AK
plastic_nut,plastic_nut/NG/AK/S0058/plastic_nut_0058_NG_AK_C5_20231004141147.jpg,plastic_nut::plastic_nut_0058_NG_AK,5,development,AK
plastic_nut,plastic_nut/NG/QS/S0058/plastic_nut_0058_NG_QS_C1_20231004114434.jpg,plastic_nut::plastic_nut_0058_NG_QS,1,development,OK
plastic_nut,plastic_nut/NG/QS/S0058/plastic_nut_0058_NG_QS_C2_20231004114434.jpg,plastic_nut::plastic_nut_0058_NG_QS,2,development,OK
plastic_nut,plastic_nut/NG/QS/S0058/plastic_nut_0058_NG_QS_C3_20231004114434.jpg,plastic_nut::plastic_nut_0058_NG_QS,3,development,QS
plastic_nut,plastic_nut/NG/QS/S0058/plastic_nut_0058_NG_QS_C4_20231004114434.jpg,plastic_nut::plastic_nut_0058_NG_QS,4,development,OK
plastic_nut,plastic_nut/NG/QS/S0058/plastic_nut_0058_NG_QS_C5_20231004114434.jpg,plastic_nut::plastic_nut_0058_NG_QS,5,development,QS
plastic_nut,plastic_nut/NG/AK/S0059/plastic_nut_0059_NG_AK_C1_20231004141154.jpg,plastic_nut::plastic_nut_0059_NG_AK,1,development,OK
plastic_nut,plastic_nut/NG/AK/S0059/plastic_nut_0059_NG_AK_C2_20231004141154.jpg,plastic_nut::plastic_nut_0059_NG_AK,2,development,AK
plastic_nut,plastic_nut/NG/AK/S0059/plastic_nut_0059_NG_AK_C3_20231004141154.jpg,plastic_nut::plastic_nut_0059_NG_AK,3,development,OK
plastic_nut,plastic_nut/NG/AK/S0059/plastic_nut_0059_NG_AK_C4_20231004141154.jpg,plastic_nut::plastic_nut_0059_NG_AK,4,development,OK
plastic_nut,plastic_nut/NG/AK/S0059/plastic_nut_0059_NG_AK_C5_20231004141154.jpg,plastic_nut::plastic_nut_0059_NG_AK,5,development,AK
plastic_nut,plastic_nut/NG/ZW/S0059/plastic_nut_0059_NG_ZW_C1_20231004095222.jpg,plastic_nut::plastic_nut_0059_NG_ZW,1,development,OK
plastic_nut,plastic_nut/NG/ZW/S0059/plastic_nut_0059_NG_ZW_C2_20231004095222.jpg,plastic_nut::plastic_nut_0059_NG_ZW,2,development,OK
plastic_nut,plastic_nut/NG/ZW/S0059/plastic_nut_0059_NG_ZW_C3_20231004095222.jpg,plastic_nut::plastic_nut_0059_NG_ZW,3,development,ZW
plastic_nut,plastic_nut/NG/ZW/S0059/plastic_nut_0059_NG_ZW_C4_20231004095222.jpg,plastic_nut::plastic_nut_0059_NG_ZW,4,development,ZW
plastic_nut,plastic_nut/NG/ZW/S0059/plastic_nut_0059_NG_ZW_C5_20231004095222.jpg,plastic_nut::plastic_nut_0059_NG_ZW,5,development,OK
plastic_nut,plastic_nut/OK/S0060/plastic_nut_0060_OK_C1_20230930130459.jpg,plastic_nut::plastic_nut_0060_OK,1,development,OK
plastic_nut,plastic_nut/OK/S0060/plastic_nut_0060_OK_C2_20230930130459.jpg,plastic_nut::plastic_nut_0060_OK,2,development,OK
plastic_nut,plastic_nut/OK/S0060/plastic_nut_0060_OK_C3_20230930130459.jpg,plastic_nut::plastic_nut_0060_OK,3,development,OK
plastic_nut,plastic_nut/OK/S0060/plastic_nut_0060_OK_C4_20230930130459.jpg,plastic_nut::plastic_nut_0060_OK,4,development,OK
plastic_nut,plastic_nut/OK/S0060/plastic_nut_0060_OK_C5_20230930130459.jpg,plastic_nut::plastic_nut_0060_OK,5,development,OK
plastic_nut,plastic_nut/NG/QS/S0061/plastic_nut_0061_NG_QS_C1_20231004114541.jpg,plastic_nut::plastic_nut_0061_NG_QS,1,development,QS
plastic_nut,plastic_nut/NG/QS/S0061/plastic_nut_0061_NG_QS_C2_20231004114541.jpg,plastic_nut::plastic_nut_0061_NG_QS,2,development,QS
plastic_nut,plastic_nut/NG/QS/S0061/plastic_nut_0061_NG_QS_C3_20231004114541.jpg,plastic_nut::plastic_nut_0061_NG_QS,3,development,QS
plastic_nut,plastic_nut/NG/QS/S0061/plastic_nut_0061_NG_QS_C4_20231004114541.jpg,plastic_nut::plastic_nut_0061_NG_QS,4,development,QS
plastic_nut,plastic_nut/NG/QS/S0061/plastic_nut_0061_NG_QS_C5_20231004114541.jpg,plastic_nut::plastic_nut_0061_NG_QS,5,development,QS
plastic_nut,plastic_nut/NG/HS/S0062/plastic_nut_0062_NG_HS_C1_20231004105327.jpg,plastic_nut::plastic_nut_0062_NG_HS,1,development,OK
plastic_nut,plastic_nut/NG/HS/S0062/plastic_nut_0062_NG_HS_C2_20231004105327.jpg,plastic_nut::plastic_nut_0062_NG_HS,2,development,HS
plastic_nut,plastic_nut/NG/HS/S0062/plastic_nut_0062_NG_HS_C3_20231004105327.jpg,plastic_nut::plastic_nut_0062_NG_HS,3,development,OK
plastic_nut,plastic_nut/NG/HS/S0062/plastic_nut_0062_NG_HS_C4_20231004105327.jpg,plastic_nut::plastic_nut_0062_NG_HS,4,development,OK
plastic_nut,plastic_nut/NG/HS/S0062/plastic_nut_0062_NG_HS_C5_20231004105327.jpg,plastic_nut::plastic_nut_0062_NG_HS,5,development,HS
plastic_nut,plastic_nut/OK/S0062/plastic_nut_0062_OK_C1_20230930130611.jpg,plastic_nut::plastic_nut_0062_OK,1,development,OK
plastic_nut,plastic_nut/OK/S0062/plastic_nut_0062_OK_C2_20230930130611.jpg,plastic_nut::plastic_nut_0062_OK,2,development,OK
plastic_nut,plastic_nut/OK/S0062/plastic_nut_0062_OK_C3_20230930130611.jpg,plastic_nut::plastic_nut_0062_OK,3,development,OK
plastic_nut,plastic_nut/OK/S0062/plastic_nut_0062_OK_C4_20230930130611.jpg,plastic_nut::plastic_nut_0062_OK,4,development,OK
plastic_nut,plastic_nut/OK/S0062/plastic_nut_0062_OK_C5_20230930130611.jpg,plastic_nut::plastic_nut_0062_OK,5,development,OK
plastic_nut,plastic_nut/NG/AK/S0064/plastic_nut_0064_NG_AK_C1_20231004141231.jpg,plastic_nut::plastic_nut_0064_NG_AK,1,development,OK
plastic_nut,plastic_nut/NG/AK/S0064/plastic_nut_0064_NG_AK_C2_20231004141231.jpg,plastic_nut::plastic_nut_0064_NG_AK,2,development,OK
plastic_nut,plastic_nut/NG/AK/S0064/plastic_nut_0064_NG_AK_C3_20231004141231.jpg,plastic_nut::plastic_nut_0064_NG_AK,3,development,AK
plastic_nut,plastic_nut/NG/AK/S0064/plastic_nut_0064_NG_AK_C4_20231004141231.jpg,plastic_nut::plastic_nut_0064_NG_AK,4,development,AK
plastic_nut,plastic_nut/NG/AK/S0064/plastic_nut_0064_NG_AK_C5_20231004141231.jpg,plastic_nut::plastic_nut_0064_NG_AK,5,development,OK
plastic_nut,plastic_nut/NG/HS/S0066/plastic_nut_0066_NG_HS_C1_20231004105401.jpg,plastic_nut::plastic_nut_0066_NG_HS,1,development,OK
plastic_nut,plastic_nut/NG/HS/S0066/plastic_nut_0066_NG_HS_C2_20231004105401.jpg,plastic_nut::plastic_nut_0066_NG_HS,2,development,HS
plastic_nut,plastic_nut/NG/HS/S0066/plastic_nut_0066_NG_HS_C3_20231004105401.jpg,plastic_nut::plastic_nut_0066_NG_HS,3,development,OK
plastic_nut,plastic_nut/NG/HS/S0066/plastic_nut_0066_NG_HS_C4_20231004105401.jpg,plastic_nut::plastic_nut_0066_NG_HS,4,development,OK
plastic_nut,plastic_nut/NG/HS/S0066/plastic_nut_0066_NG_HS_C5_20231004105401.jpg,plastic_nut::plastic_nut_0066_NG_HS,5,development,HS
plastic_nut,plastic_nut/NG/AK/S0067/plastic_nut_0067_NG_AK_C1_20231004141306.jpg,plastic_nut::plastic_nut_0067_NG_AK,1,development,OK
plastic_nut,plastic_nut/NG/AK/S0067/plastic_nut_0067_NG_AK_C2_20231004141306.jpg,plastic_nut::plastic_nut_0067_NG_AK,2,development,OK
plastic_nut,plastic_nut/NG/AK/S0067/plastic_nut_0067_NG_AK_C3_20231004141306.jpg,plastic_nut::plastic_nut_0067_NG_AK,3,development,OK
plastic_nut,plastic_nut/NG/AK/S0067/plastic_nut_0067_NG_AK_C4_20231004141306.jpg,plastic_nut::plastic_nut_0067_NG_AK,4,development,AK
plastic_nut,plastic_nut/NG/AK/S0067/plastic_nut_0067_NG_AK_C5_20231004141306.jpg,plastic_nut::plastic_nut_0067_NG_AK,5,development,AK
plastic_nut,plastic_nut/NG/AK/S0068/plastic_nut_0068_NG_AK_C1_20231004141317.jpg,plastic_nut::plastic_nut_0068_NG_AK,1,development,OK
plastic_nut,plastic_nut/NG/AK/S0068/plastic_nut_0068_NG_AK_C2_20231004141317.jpg,plastic_nut::plastic_nut_0068_NG_AK,2,development,OK
plastic_nut,plastic_nut/NG/AK/S0068/plastic_nut_0068_NG_AK_C3_20231004141317.jpg,plastic_nut::plastic_nut_0068_NG_AK,3,development,AK
plastic_nut,plastic_nut/NG/AK/S0068/plastic_nut_0068_NG_AK_C4_20231004141317.jpg,plastic_nut::plastic_nut_0068_NG_AK,4,development,AK
plastic_nut,plastic_nut/NG/AK/S0068/plastic_nut_0068_NG_AK_C5_20231004141317.jpg,plastic_nut::plastic_nut_0068_NG_AK,5,development,OK
plastic_nut,plastic_nut/NG/ZW/S0069/plastic_nut_0069_NG_ZW_C1_20231004100126.jpg,plastic_nut::plastic_nut_0069_NG_ZW,1,development,ZW
plastic_nut,plastic_nut/NG/ZW/S0069/plastic_nut_0069_NG_ZW_C2_20231004100126.jpg,plastic_nut::plastic_nut_0069_NG_ZW,2,development,ZW
plastic_nut,plastic_nut/NG/ZW/S0069/plastic_nut_0069_NG_ZW_C3_20231004100126.jpg,plastic_nut::plastic_nut_0069_NG_ZW,3,development,ZW
plastic_nut,plastic_nut/NG/ZW/S0069/plastic_nut_0069_NG_ZW_C4_20231004100126.jpg,plastic_nut::plastic_nut_0069_NG_ZW,4,development,ZW
plastic_nut,plastic_nut/NG/ZW/S0069/plastic_nut_0069_NG_ZW_C5_20231004100126.jpg,plastic_nut::plastic_nut_0069_NG_ZW,5,development,ZW
plastic_nut,plastic_nut/NG/QS/S0072/plastic_nut_0072_NG_QS_C1_20231004130732.jpg,plastic_nut::plastic_nut_0072_NG_QS,1,development,OK
plastic_nut,plastic_nut/NG/QS/S0072/plastic_nut_0072_NG_QS_C2_20231004130732.jpg,plastic_nut::plastic_nut_0072_NG_QS,2,development,OK
plastic_nut,plastic_nut/NG/QS/S0072/plastic_nut_0072_NG_QS_C3_20231004130732.jpg,plastic_nut::plastic_nut_0072_NG_QS,3,development,OK
plastic_nut,plastic_nut/NG/QS/S0072/plastic_nut_0072_NG_QS_C4_20231004130732.jpg,plastic_nut::plastic_nut_0072_NG_QS,4,development,QS
plastic_nut,plastic_nut/NG/QS/S0072/plastic_nut_0072_NG_QS_C5_20231004130732.jpg,plastic_nut::plastic_nut_0072_NG_QS,5,development,QS
plastic_nut,plastic_nut/NG/QS/S0073/plastic_nut_0073_NG_QS_C1_20231004130740.jpg,plastic_nut::plastic_nut_0073_NG_QS,1,development,QS
plastic_nut,plastic_nut/NG/QS/S0073/plastic_nut_0073_NG_QS_C2_20231004130740.jpg,plastic_nut::plastic_nut_0073_NG_QS,2,development,QS
plastic_nut,plastic_nut/NG/QS/S0073/plastic_nut_0073_NG_QS_C3_20231004130740.jpg,plastic_nut::plastic_nut_0073_NG_QS,3,development,QS
plastic_nut,plastic_nut/NG/QS/S0073/plastic_nut_0073_NG_QS_C4_20231004130740.jpg,plastic_nut::plastic_nut_0073_NG_QS,4,development,QS
plastic_nut,plastic_nut/NG/QS/S0073/plastic_nut_0073_NG_QS_C5_20231004130740.jpg,plastic_nut::plastic_nut_0073_NG_QS,5,development,QS
plastic_nut,plastic_nut/NG/ZW/S0073/plastic_nut_0073_NG_ZW_C1_20231004100208.jpg,plastic_nut::plastic_nut_0073_NG_ZW,1,development,OK
plastic_nut,plastic_nut/NG/ZW/S0073/plastic_nut_0073_NG_ZW_C2_20231004100208.jpg,plastic_nut::plastic_nut_0073_NG_ZW,2,development,OK
plastic_nut,plastic_nut/NG/ZW/S0073/plastic_nut_0073_NG_ZW_C3_20231004100208.jpg,plastic_nut::plastic_nut_0073_NG_ZW,3,development,ZW
plastic_nut,plastic_nut/NG/ZW/S0073/plastic_nut_0073_NG_ZW_C4_20231004100208.jpg,plastic_nut::plastic_nut_0073_NG_ZW,4,development,ZW
plastic_nut,plastic_nut/NG/ZW/S0073/plastic_nut_0073_NG_ZW_C5_20231004100208.jpg,plastic_nut::plastic_nut_0073_NG_ZW,5,development,ZW
plastic_nut,plastic_nut/NG/AK/S0074/plastic_nut_0074_NG_AK_C1_20231004141402.jpg,plastic_nut::plastic_nut_0074_NG_AK,1,development,OK
plastic_nut,plastic_nut/NG/AK/S0074/plastic_nut_0074_NG_AK_C2_20231004141402.jpg,plastic_nut::plastic_nut_0074_NG_AK,2,development,OK
plastic_nut,plastic_nut/NG/AK/S0074/plastic_nut_0074_NG_AK_C3_20231004141402.jpg,plastic_nut::plastic_nut_0074_NG_AK,3,development,OK
plastic_nut,plastic_nut/NG/AK/S0074/plastic_nut_0074_NG_AK_C4_20231004141402.jpg,plastic_nut::plastic_nut_0074_NG_AK,4,development,OK
plastic_nut,plastic_nut/NG/AK/S0074/plastic_nut_0074_NG_AK_C5_20231004141402.jpg,plastic_nut::plastic_nut_0074_NG_AK,5,development,AK
plastic_nut,plastic_nut/NG/ZW/S0074/plastic_nut_0074_NG_ZW_C1_20231004100220.jpg,plastic_nut::plastic_nut_0074_NG_ZW,1,development,OK
plastic_nut,plastic_nut/NG/ZW/S0074/plastic_nut_0074_NG_ZW_C2_20231004100220.jpg,plastic_nut::plastic_nut_0074_NG_ZW,2,development,OK
plastic_nut,plastic_nut/NG/ZW/S0074/plastic_nut_0074_NG_ZW_C3_20231004100220.jpg,plastic_nut::plastic_nut_0074_NG_ZW,3,development,ZW
plastic_nut,plastic_nut/NG/ZW/S0074/plastic_nut_0074_NG_ZW_C4_20231004100220.jpg,plastic_nut::plastic_nut_0074_NG_ZW,4,development,OK
plastic_nut,plastic_nut/NG/ZW/S0074/plastic_nut_0074_NG_ZW_C5_20231004100220.jpg,plastic_nut::plastic_nut_0074_NG_ZW,5,development,OK
plastic_nut,plastic_nut/NG/ZW/S0076/plastic_nut_0076_NG_ZW_C1_20231004100302.jpg,plastic_nut::plastic_nut_0076_NG_ZW,1,development,OK
plastic_nut,plastic_nut/NG/ZW/S0076/plastic_nut_0076_NG_ZW_C2_20231004100302.jpg,plastic_nut::plastic_nut_0076_NG_ZW,2,development,ZW
plastic_nut,plastic_nut/NG/ZW/S0076/plastic_nut_0076_NG_ZW_C3_20231004100302.jpg,plastic_nut::plastic_nut_0076_NG_ZW,3,development,OK
plastic_nut,plastic_nut/NG/ZW/S0076/plastic_nut_0076_NG_ZW_C4_20231004100302.jpg,plastic_nut::plastic_nut_0076_NG_ZW,4,development,ZW
plastic_nut,plastic_nut/NG/ZW/S0076/plastic_nut_0076_NG_ZW_C5_20231004100302.jpg,plastic_nut::plastic_nut_0076_NG_ZW,5,development,ZW
plastic_nut,plastic_nut/NG/HS/S0077/plastic_nut_0077_NG_HS_C1_20231004110134.jpg,plastic_nut::plastic_nut_0077_NG_HS,1,development,OK
plastic_nut,plastic_nut/NG/HS/S0077/plastic_nut_0077_NG_HS_C2_20231004110134.jpg,plastic_nut::plastic_nut_0077_NG_HS,2,development,HS
plastic_nut,plastic_nut/NG/HS/S0077/plastic_nut_0077_NG_HS_C3_20231004110134.jpg,plastic_nut::plastic_nut_0077_NG_HS,3,development,OK
plastic_nut,plastic_nut/NG/HS/S0077/plastic_nut_0077_NG_HS_C4_20231004110134.jpg,plastic_nut::plastic_nut_0077_NG_HS,4,development,OK
plastic_nut,plastic_nut/NG/HS/S0077/plastic_nut_0077_NG_HS_C5_20231004110134.jpg,plastic_nut::plastic_nut_0077_NG_HS,5,development,HS
plastic_nut,plastic_nut/NG/ZW/S0077/plastic_nut_0077_NG_ZW_C1_20231004100313.jpg,plastic_nut::plastic_nut_0077_NG_ZW,1,development,OK
plastic_nut,plastic_nut/NG/ZW/S0077/plastic_nut_0077_NG_ZW_C2_20231004100313.jpg,plastic_nut::plastic_nut_0077_NG_ZW,2,development,OK
plastic_nut,plastic_nut/NG/ZW/S0077/plastic_nut_0077_NG_ZW_C3_20231004100313.jpg,plastic_nut::plastic_nut_0077_NG_ZW,3,development,OK
plastic_nut,plastic_nut/NG/ZW/S0077/plastic_nut_0077_NG_ZW_C4_20231004100313.jpg,plastic_nut::plastic_nut_0077_NG_ZW,4,development,ZW
plastic_nut,plastic_nut/NG/ZW/S0077/plastic_nut_0077_NG_ZW_C5_20231004100313.jpg,plastic_nut::plastic_nut_0077_NG_ZW,5,development,ZW
plastic_nut,plastic_nut/NG/AK/S0080/plastic_nut_0080_NG_AK_C1_20231004141524.jpg,plastic_nut::plastic_nut_0080_NG_AK,1,development,OK
plastic_nut,plastic_nut/NG/AK/S0080/plastic_nut_0080_NG_AK_C2_20231004141524.jpg,plastic_nut::plastic_nut_0080_NG_AK,2,development,OK
plastic_nut,plastic_nut/NG/AK/S0080/plastic_nut_0080_NG_AK_C3_20231004141524.jpg,plastic_nut::plastic_nut_0080_NG_AK,3,development,OK
plastic_nut,plastic_nut/NG/AK/S0080/plastic_nut_0080_NG_AK_C4_20231004141524.jpg,plastic_nut::plastic_nut_0080_NG_AK,4,development,OK
plastic_nut,plastic_nut/NG/AK/S0080/plastic_nut_0080_NG_AK_C5_20231004141524.jpg,plastic_nut::plastic_nut_0080_NG_AK,5,development,AK
plastic_nut,plastic_nut/NG/ZW/S0080/plastic_nut_0080_NG_ZW_C1_20231004100341.jpg,plastic_nut::plastic_nut_0080_NG_ZW,1,development,OK
plastic_nut,plastic_nut/NG/ZW/S0080/plastic_nut_0080_NG_ZW_C2_20231004100341.jpg,plastic_nut::plastic_nut_0080_NG_ZW,2,development,OK
plastic_nut,plastic_nut/NG/ZW/S0080/plastic_nut_0080_NG_ZW_C3_20231004100341.jpg,plastic_nut::plastic_nut_0080_NG_ZW,3,development,OK
plastic_nut,plastic_nut/NG/ZW/S0080/plastic_nut_0080_NG_ZW_C4_20231004100341.jpg,plastic_nut::plastic_nut_0080_NG_ZW,4,development,OK
plastic_nut,plastic_nut/NG/ZW/S0080/plastic_nut_0080_NG_ZW_C5_20231004100341.jpg,plastic_nut::plastic_nut_0080_NG_ZW,5,development,ZW
plastic_nut,plastic_nut/NG/AK/S0081/plastic_nut_0081_NG_AK_C1_20231004141540.jpg,plastic_nut::plastic_nut_0081_NG_AK,1,development,OK
plastic_nut,plastic_nut/NG/AK/S0081/plastic_nut_0081_NG_AK_C2_20231004141540.jpg,plastic_nut::plastic_nut_0081_NG_AK,2,development,OK
plastic_nut,plastic_nut/NG/AK/S0081/plastic_nut_0081_NG_AK_C3_20231004141540.jpg,plastic_nut::plastic_nut_0081_NG_AK,3,development,OK
plastic_nut,plastic_nut/NG/AK/S0081/plastic_nut_0081_NG_AK_C4_20231004141540.jpg,plastic_nut::plastic_nut_0081_NG_AK,4,development,AK
plastic_nut,plastic_nut/NG/AK/S0081/plastic_nut_0081_NG_AK_C5_20231004141540.jpg,plastic_nut::plastic_nut_0081_NG_AK,5,development,AK
plastic_nut,plastic_nut/NG/AK/S0082/plastic_nut_0082_NG_AK_C1_20231004141651.jpg,plastic_nut::plastic_nut_0082_NG_AK,1,development,OK
plastic_nut,plastic_nut/NG/AK/S0082/plastic_nut_0082_NG_AK_C2_20231004141651.jpg,plastic_nut::plastic_nut_0082_NG_AK,2,development,OK
plastic_nut,plastic_nut/NG/AK/S0082/plastic_nut_0082_NG_AK_C3_20231004141651.jpg,plastic_nut::plastic_nut_0082_NG_AK,3,development,AK
plastic_nut,plastic_nut/NG/AK/S0082/plastic_nut_0082_NG_AK_C4_20231004141651.jpg,plastic_nut::plastic_nut_0082_NG_AK,4,development,AK
plastic_nut,plastic_nut/NG/AK/S0082/plastic_nut_0082_NG_AK_C5_20231004141651.jpg,plastic_nut::plastic_nut_0082_NG_AK,5,development,AK
plastic_nut,plastic_nut/NG/HS/S0083/plastic_nut_0083_NG_HS_C1_20231004110247.jpg,plastic_nut::plastic_nut_0083_NG_HS,1,development,HS
plastic_nut,plastic_nut/NG/HS/S0083/plastic_nut_0083_NG_HS_C2_20231004110247.jpg,plastic_nut::plastic_nut_0083_NG_HS,2,development,HS
plastic_nut,plastic_nut/NG/HS/S0083/plastic_nut_0083_NG_HS_C3_20231004110247.jpg,plastic_nut::plastic_nut_0083_NG_HS,3,development,HS
plastic_nut,plastic_nut/NG/HS/S0083/plastic_nut_0083_NG_HS_C4_20231004110247.jpg,plastic_nut::plastic_nut_0083_NG_HS,4,development,HS
plastic_nut,plastic_nut/NG/HS/S0083/plastic_nut_0083_NG_HS_C5_20231004110247.jpg,plastic_nut::plastic_nut_0083_NG_HS,5,development,HS
plastic_nut,plastic_nut/NG/QS/S0083/plastic_nut_0083_NG_QS_C1_20231004130951.jpg,plastic_nut::plastic_nut_0083_NG_QS,1,development,QS
plastic_nut,plastic_nut/NG/QS/S0083/plastic_nut_0083_NG_QS_C2_20231004130951.jpg,plastic_nut::plastic_nut_0083_NG_QS,2,development,OK
plastic_nut,plastic_nut/NG/QS/S0083/plastic_nut_0083_NG_QS_C3_20231004130951.jpg,plastic_nut::plastic_nut_0083_NG_QS,3,development,QS
plastic_nut,plastic_nut/NG/QS/S0083/plastic_nut_0083_NG_QS_C4_20231004130951.jpg,plastic_nut::plastic_nut_0083_NG_QS,4,development,QS
plastic_nut,plastic_nut/NG/QS/S0083/plastic_nut_0083_NG_QS_C5_20231004130951.jpg,plastic_nut::plastic_nut_0083_NG_QS,5,development,OK
plastic_nut,plastic_nut/NG/AK/S0084/plastic_nut_0084_NG_AK_C1_20231004141752.jpg,plastic_nut::plastic_nut_0084_NG_AK,1,development,OK
plastic_nut,plastic_nut/NG/AK/S0084/plastic_nut_0084_NG_AK_C2_20231004141752.jpg,plastic_nut::plastic_nut_0084_NG_AK,2,development,AK
plastic_nut,plastic_nut/NG/AK/S0084/plastic_nut_0084_NG_AK_C3_20231004141752.jpg,plastic_nut::plastic_nut_0084_NG_AK,3,development,OK
plastic_nut,plastic_nut/NG/AK/S0084/plastic_nut_0084_NG_AK_C4_20231004141752.jpg,plastic_nut::plastic_nut_0084_NG_AK,4,development,OK
plastic_nut,plastic_nut/NG/AK/S0084/plastic_nut_0084_NG_AK_C5_20231004141752.jpg,plastic_nut::plastic_nut_0084_NG_AK,5,development,AK
plastic_nut,plastic_nut/NG/ZW/S0087/plastic_nut_0087_NG_ZW_C1_20231004100823.jpg,plastic_nut::plastic_nut_0087_NG_ZW,1,development,ZW
plastic_nut,plastic_nut/NG/ZW/S0087/plastic_nut_0087_NG_ZW_C2_20231004100823.jpg,plastic_nut::plastic_nut_0087_NG_ZW,2,development,ZW
plastic_nut,plastic_nut/NG/ZW/S0087/plastic_nut_0087_NG_ZW_C3_20231004100823.jpg,plastic_nut::plastic_nut_0087_NG_ZW,3,development,ZW
plastic_nut,plastic_nut/NG/ZW/S0087/plastic_nut_0087_NG_ZW_C4_20231004100823.jpg,plastic_nut::plastic_nut_0087_NG_ZW,4,development,ZW
plastic_nut,plastic_nut/NG/ZW/S0087/plastic_nut_0087_NG_ZW_C5_20231004100823.jpg,plastic_nut::plastic_nut_0087_NG_ZW,5,development,ZW
plastic_nut,plastic_nut/NG/ZW/S0088/plastic_nut_0088_NG_ZW_C1_20231004100855.jpg,plastic_nut::plastic_nut_0088_NG_ZW,1,development,OK
plastic_nut,plastic_nut/NG/ZW/S0088/plastic_nut_0088_NG_ZW_C2_20231004100855.jpg,plastic_nut::plastic_nut_0088_NG_ZW,2,development,ZW
plastic_nut,plastic_nut/NG/ZW/S0088/plastic_nut_0088_NG_ZW_C3_20231004100855.jpg,plastic_nut::plastic_nut_0088_NG_ZW,3,development,ZW
plastic_nut,plastic_nut/NG/ZW/S0088/plastic_nut_0088_NG_ZW_C4_20231004100855.jpg,plastic_nut::plastic_nut_0088_NG_ZW,4,development,OK
plastic_nut,plastic_nut/NG/ZW/S0088/plastic_nut_0088_NG_ZW_C5_20231004100855.jpg,plastic_nut::plastic_nut_0088_NG_ZW,5,development,OK
plastic_nut,plastic_nut/OK/S0088/plastic_nut_0088_OK_C1_20230930132016.jpg,plastic_nut::plastic_nut_0088_OK,1,development,OK
plastic_nut,plastic_nut/OK/S0088/plastic_nut_0088_OK_C2_20230930132016.jpg,plastic_nut::plastic_nut_0088_OK,2,development,OK
plastic_nut,plastic_nut/OK/S0088/plastic_nut_0088_OK_C3_20230930132016.jpg,plastic_nut::plastic_nut_0088_OK,3,development,OK
plastic_nut,plastic_nut/OK/S0088/plastic_nut_0088_OK_C4_20230930132016.jpg,plastic_nut::plastic_nut_0088_OK,4,development,OK
plastic_nut,plastic_nut/OK/S0088/plastic_nut_0088_OK_C5_20230930132016.jpg,plastic_nut::plastic_nut_0088_OK,5,development,OK
plastic_nut,plastic_nut/NG/ZW/S0089/plastic_nut_0089_NG_ZW_C1_20231004101057.jpg,plastic_nut::plastic_nut_0089_NG_ZW,1,development,OK
plastic_nut,plastic_nut/NG/ZW/S0089/plastic_nut_0089_NG_ZW_C2_20231004101057.jpg,plastic_nut::plastic_nut_0089_NG_ZW,2,development,OK
plastic_nut,plastic_nut/NG/ZW/S0089/plastic_nut_0089_NG_ZW_C3_20231004101057.jpg,plastic_nut::plastic_nut_0089_NG_ZW,3,development,OK
plastic_nut,plastic_nut/NG/ZW/S0089/plastic_nut_0089_NG_ZW_C4_20231004101057.jpg,plastic_nut::plastic_nut_0089_NG_ZW,4,development,ZW
plastic_nut,plastic_nut/NG/ZW/S0089/plastic_nut_0089_NG_ZW_C5_20231004101057.jpg,plastic_nut::plastic_nut_0089_NG_ZW,5,development,ZW
plastic_nut,plastic_nut/NG/AK/S0091/plastic_nut_0091_NG_AK_C1_20231004142003.jpg,plastic_nut::plastic_nut_0091_NG_AK,1,development,OK
plastic_nut,plastic_nut/NG/AK/S0091/plastic_nut_0091_NG_AK_C2_20231004142003.jpg,plastic_nut::plastic_nut_0091_NG_AK,2,development,AK
plastic_nut,plastic_nut/NG/AK/S0091/plastic_nut_0091_NG_AK_C3_20231004142003.jpg,plastic_nut::plastic_nut_0091_NG_AK,3,development,OK
plastic_nut,plastic_nut/NG/AK/S0091/plastic_nut_0091_NG_AK_C4_20231004142003.jpg,plastic_nut::plastic_nut_0091_NG_AK,4,development,OK
plastic_nut,plastic_nut/NG/AK/S0091/plastic_nut_0091_NG_AK_C5_20231004142003.jpg,plastic_nut::plastic_nut_0091_NG_AK,5,development,AK
plastic_nut,plastic_nut/NG/HS/S0092/plastic_nut_0092_NG_HS_C1_20231004110500.jpg,plastic_nut::plastic_nut_0092_NG_HS,1,development,HS
plastic_nut,plastic_nut/NG/HS/S0092/plastic_nut_0092_NG_HS_C2_20231004110500.jpg,plastic_nut::plastic_nut_0092_NG_HS,2,development,HS
plastic_nut,plastic_nut/NG/HS/S0092/plastic_nut_0092_NG_HS_C3_20231004110500.jpg,plastic_nut::plastic_nut_0092_NG_HS,3,development,OK
plastic_nut,plastic_nut/NG/HS/S0092/plastic_nut_0092_NG_HS_C4_20231004110500.jpg,plastic_nut::plastic_nut_0092_NG_HS,4,development,HS
plastic_nut,plastic_nut/NG/HS/S0092/plastic_nut_0092_NG_HS_C5_20231004110500.jpg,plastic_nut::plastic_nut_0092_NG_HS,5,development,HS
plastic_nut,plastic_nut/NG/AK/S0093/plastic_nut_0093_NG_AK_C1_20231004142024.jpg,plastic_nut::plastic_nut_0093_NG_AK,1,development,OK
plastic_nut,plastic_nut/NG/AK/S0093/plastic_nut_0093_NG_AK_C2_20231004142024.jpg,plastic_nut::plastic_nut_0093_NG_AK,2,development,OK
plastic_nut,plastic_nut/NG/AK/S0093/plastic_nut_0093_NG_AK_C3_20231004142024.jpg,plastic_nut::plastic_nut_0093_NG_AK,3,development,OK
plastic_nut,plastic_nut/NG/AK/S0093/plastic_nut_0093_NG_AK_C4_20231004142024.jpg,plastic_nut::plastic_nut_0093_NG_AK,4,development,AK
plastic_nut,plastic_nut/NG/AK/S0093/plastic_nut_0093_NG_AK_C5_20231004142024.jpg,plastic_nut::plastic_nut_0093_NG_AK,5,development,AK
plastic_nut,plastic_nut/NG/HS/S0094/plastic_nut_0094_NG_HS_C1_20231004110525.jpg,plastic_nut::plastic_nut_0094_NG_HS,1,development,OK
plastic_nut,plastic_nut/NG/HS/S0094/plastic_nut_0094_NG_HS_C2_20231004110525.jpg,plastic_nut::plastic_nut_0094_NG_HS,2,development,OK
plastic_nut,plastic_nut/NG/HS/S0094/plastic_nut_0094_NG_HS_C3_20231004110525.jpg,plastic_nut::plastic_nut_0094_NG_HS,3,development,OK
plastic_nut,plastic_nut/NG/HS/S0094/plastic_nut_0094_NG_HS_C4_20231004110525.jpg,plastic_nut::plastic_nut_0094_NG_HS,4,development,HS
plastic_nut,plastic_nut/NG/HS/S0094/plastic_nut_0094_NG_HS_C5_20231004110525.jpg,plastic_nut::plastic_nut_0094_NG_HS,5,development,HS
plastic_nut,plastic_nut/NG/QS/S0094/plastic_nut_0094_NG_QS_C1_20231004131153.jpg,plastic_nut::plastic_nut_0094_NG_QS,1,development,OK
plastic_nut,plastic_nut/NG/QS/S0094/plastic_nut_0094_NG_QS_C2_20231004131153.jpg,plastic_nut::plastic_nut_0094_NG_QS,2,development,OK
plastic_nut,plastic_nut/NG/QS/S0094/plastic_nut_0094_NG_QS_C3_20231004131153.jpg,plastic_nut::plastic_nut_0094_NG_QS,3,development,OK
plastic_nut,plastic_nut/NG/QS/S0094/plastic_nut_0094_NG_QS_C4_20231004131153.jpg,plastic_nut::plastic_nut_0094_NG_QS,4,development,QS
plastic_nut,plastic_nut/NG/QS/S0094/plastic_nut_0094_NG_QS_C5_20231004131153.jpg,plastic_nut::plastic_nut_0094_NG_QS,5,development,OK
plastic_nut,plastic_nut/NG/HS/S0095/plastic_nut_0095_NG_HS_C1_20231004110533.jpg,plastic_nut::plastic_nut_0095_NG_HS,1,development,OK
plastic_nut,plastic_nut/NG/HS/S0095/plastic_nut_0095_NG_HS_C2_20231004110533.jpg,plastic_nut::plastic_nut_0095_NG_HS,2,development,OK
plastic_nut,plastic_nut/NG/HS/S0095/plastic_nut_0095_NG_HS_C3_20231004110533.jpg,plastic_nut::plastic_nut_0095_NG_HS,3,development,HS
plastic_nut,plastic_nut/NG/HS/S0095/plastic_nut_0095_NG_HS_C4_20231004110533.jpg,plastic_nut::plastic_nut_0095_NG_HS,4,development,OK
plastic_nut,plastic_nut/NG/HS/S0095/plastic_nut_0095_NG_HS_C5_20231004110533.jpg,plastic_nut::plastic_nut_0095_NG_HS,5,development,OK
plastic_nut,plastic_nut/OK/S0095/plastic_nut_0095_OK_C1_20230930132328.jpg,plastic_nut::plastic_nut_0095_OK,1,development,OK
plastic_nut,plastic_nut/OK/S0095/plastic_nut_0095_OK_C2_20230930132328.jpg,plastic_nut::plastic_nut_0095_OK,2,development,OK
plastic_nut,plastic_nut/OK/S0095/plastic_nut_0095_OK_C3_20230930132328.jpg,plastic_nut::plastic_nut_0095_OK,3,development,OK
plastic_nut,plastic_nut/OK/S0095/plastic_nut_0095_OK_C4_20230930132328.jpg,plastic_nut::plastic_nut_0095_OK,4,development,OK
plastic_nut,plastic_nut/OK/S0095/plastic_nut_0095_OK_C5_20230930132328.jpg,plastic_nut::plastic_nut_0095_OK,5,development,OK
plastic_nut,plastic_nut/OK/S0096/plastic_nut_0096_OK_C1_20230930132414.jpg,plastic_nut::plastic_nut_0096_OK,1,development,OK
plastic_nut,plastic_nut/OK/S0096/plastic_nut_0096_OK_C2_20230930132414.jpg,plastic_nut::plastic_nut_0096_OK,2,development,OK
plastic_nut,plastic_nut/OK/S0096/plastic_nut_0096_OK_C3_20230930132414.jpg,plastic_nut::plastic_nut_0096_OK,3,development,OK
plastic_nut,plastic_nut/OK/S0096/plastic_nut_0096_OK_C4_20230930132414.jpg,plastic_nut::plastic_nut_0096_OK,4,development,OK
plastic_nut,plastic_nut/OK/S0096/plastic_nut_0096_OK_C5_20230930132414.jpg,plastic_nut::plastic_nut_0096_OK,5,development,OK
plastic_nut,plastic_nut/NG/QS/S0097/plastic_nut_0097_NG_QS_C1_20231004131224.jpg,plastic_nut::plastic_nut_0097_NG_QS,1,development,OK
plastic_nut,plastic_nut/NG/QS/S0097/plastic_nut_0097_NG_QS_C2_20231004131224.jpg,plastic_nut::plastic_nut_0097_NG_QS,2,development,OK
plastic_nut,plastic_nut/NG/QS/S0097/plastic_nut_0097_NG_QS_C3_20231004131224.jpg,plastic_nut::plastic_nut_0097_NG_QS,3,development,QS
plastic_nut,plastic_nut/NG/QS/S0097/plastic_nut_0097_NG_QS_C4_20231004131224.jpg,plastic_nut::plastic_nut_0097_NG_QS,4,development,QS
plastic_nut,plastic_nut/NG/QS/S0097/plastic_nut_0097_NG_QS_C5_20231004131224.jpg,plastic_nut::plastic_nut_0097_NG_QS,5,development,OK
plastic_nut,plastic_nut/NG/ZW/S0097/plastic_nut_0097_NG_ZW_C1_20231004101231.jpg,plastic_nut::plastic_nut_0097_NG_ZW,1,development,OK
plastic_nut,plastic_nut/NG/ZW/S0097/plastic_nut_0097_NG_ZW_C2_20231004101231.jpg,plastic_nut::plastic_nut_0097_NG_ZW,2,development,OK
plastic_nut,plastic_nut/NG/ZW/S0097/plastic_nut_0097_NG_ZW_C3_20231004101231.jpg,plastic_nut::plastic_nut_0097_NG_ZW,3,development,OK
plastic_nut,plastic_nut/NG/ZW/S0097/plastic_nut_0097_NG_ZW_C4_20231004101231.jpg,plastic_nut::plastic_nut_0097_NG_ZW,4,development,ZW
plastic_nut,plastic_nut/NG/ZW/S0097/plastic_nut_0097_NG_ZW_C5_20231004101231.jpg,plastic_nut::plastic_nut_0097_NG_ZW,5,development,ZW
plastic_nut,plastic_nut/NG/QS/S0098/plastic_nut_0098_NG_QS_C1_20231004131240.jpg,plastic_nut::plastic_nut_0098_NG_QS,1,development,OK
plastic_nut,plastic_nut/NG/QS/S0098/plastic_nut_0098_NG_QS_C2_20231004131240.jpg,plastic_nut::plastic_nut_0098_NG_QS,2,development,QS
plastic_nut,plastic_nut/NG/QS/S0098/plastic_nut_0098_NG_QS_C3_20231004131240.jpg,plastic_nut::plastic_nut_0098_NG_QS,3,development,QS
plastic_nut,plastic_nut/NG/QS/S0098/plastic_nut_0098_NG_QS_C4_20231004131240.jpg,plastic_nut::plastic_nut_0098_NG_QS,4,development,OK
plastic_nut,plastic_nut/NG/QS/S0098/plastic_nut_0098_NG_QS_C5_20231004131240.jpg,plastic_nut::plastic_nut_0098_NG_QS,5,development,OK
plastic_nut,plastic_nut/NG/HS/S0099/plastic_nut_0099_NG_HS_C1_20231004110614.jpg,plastic_nut::plastic_nut_0099_NG_HS,1,development,OK
plastic_nut,plastic_nut/NG/HS/S0099/plastic_nut_0099_NG_HS_C2_20231004110614.jpg,plastic_nut::plastic_nut_0099_NG_HS,2,development,HS
plastic_nut,plastic_nut/NG/HS/S0099/plastic_nut_0099_NG_HS_C3_20231004110614.jpg,plastic_nut::plastic_nut_0099_NG_HS,3,development,OK
plastic_nut,plastic_nut/NG/HS/S0099/plastic_nut_0099_NG_HS_C4_20231004110614.jpg,plastic_nut::plastic_nut_0099_NG_HS,4,development,OK
plastic_nut,plastic_nut/NG/HS/S0099/plastic_nut_0099_NG_HS_C5_20231004110614.jpg,plastic_nut::plastic_nut_0099_NG_HS,5,development,HS
plastic_nut,plastic_nut/NG/HS/S0101/plastic_nut_0101_NG_HS_C1_20231004110914.jpg,plastic_nut::plastic_nut_0101_NG_HS,1,development,OK
plastic_nut,plastic_nut/NG/HS/S0101/plastic_nut_0101_NG_HS_C2_20231004110914.jpg,plastic_nut::plastic_nut_0101_NG_HS,2,development,OK
plastic_nut,plastic_nut/NG/HS/S0101/plastic_nut_0101_NG_HS_C3_20231004110914.jpg,plastic_nut::plastic_nut_0101_NG_HS,3,development,HS
plastic_nut,plastic_nut/NG/HS/S0101/plastic_nut_0101_NG_HS_C4_20231004110914.jpg,plastic_nut::plastic_nut_0101_NG_HS,4,development,HS
plastic_nut,plastic_nut/NG/HS/S0101/plastic_nut_0101_NG_HS_C5_20231004110914.jpg,plastic_nut::plastic_nut_0101_NG_HS,5,development,OK
plastic_nut,plastic_nut/NG/ZW/S0101/plastic_nut_0101_NG_ZW_C1_20231004101304.jpg,plastic_nut::plastic_nut_0101_NG_ZW,1,development,OK
plastic_nut,plastic_nut/NG/ZW/S0101/plastic_nut_0101_NG_ZW_C2_20231004101304.jpg,plastic_nut::plastic_nut_0101_NG_ZW,2,development,OK
plastic_nut,plastic_nut/NG/ZW/S0101/plastic_nut_0101_NG_ZW_C3_20231004101304.jpg,plastic_nut::plastic_nut_0101_NG_ZW,3,development,OK
plastic_nut,plastic_nut/NG/ZW/S0101/plastic_nut_0101_NG_ZW_C4_20231004101304.jpg,plastic_nut::plastic_nut_0101_NG_ZW,4,development,ZW
plastic_nut,plastic_nut/NG/ZW/S0101/plastic_nut_0101_NG_ZW_C5_20231004101304.jpg,plastic_nut::plastic_nut_0101_NG_ZW,5,development,ZW
plastic_nut,plastic_nut/NG/AK/S0102/plastic_nut_0102_NG_AK_C1_20231004142225.jpg,plastic_nut::plastic_nut_0102_NG_AK,1,development,OK
plastic_nut,plastic_nut/NG/AK/S0102/plastic_nut_0102_NG_AK_C2_20231004142225.jpg,plastic_nut::plastic_nut_0102_NG_AK,2,development,OK
plastic_nut,plastic_nut/NG/AK/S0102/plastic_nut_0102_NG_AK_C3_20231004142225.jpg,plastic_nut::plastic_nut_0102_NG_AK,3,development,OK
plastic_nut,plastic_nut/NG/AK/S0102/plastic_nut_0102_NG_AK_C4_20231004142225.jpg,plastic_nut::plastic_nut_0102_NG_AK,4,development,OK
plastic_nut,plastic_nut/NG/AK/S0102/plastic_nut_0102_NG_AK_C5_20231004142225.jpg,plastic_nut::plastic_nut_0102_NG_AK,5,development,AK
plastic_nut,plastic_nut/NG/HS/S0102/plastic_nut_0102_NG_HS_C1_20231004110923.jpg,plastic_nut::plastic_nut_0102_NG_HS,1,development,OK
plastic_nut,plastic_nut/NG/HS/S0102/plastic_nut_0102_NG_HS_C2_20231004110923.jpg,plastic_nut::plastic_nut_0102_NG_HS,2,development,HS
plastic_nut,plastic_nut/NG/HS/S0102/plastic_nut_0102_NG_HS_C3_20231004110923.jpg,plastic_nut::plastic_nut_0102_NG_HS,3,development,HS
plastic_nut,plastic_nut/NG/HS/S0102/plastic_nut_0102_NG_HS_C4_20231004110923.jpg,plastic_nut::plastic_nut_0102_NG_HS,4,development,OK
plastic_nut,plastic_nut/NG/HS/S0102/plastic_nut_0102_NG_HS_C5_20231004110923.jpg,plastic_nut::plastic_nut_0102_NG_HS,5,development,OK
plastic_nut,plastic_nut/NG/AK/S0103/plastic_nut_0103_NG_AK_C1_20231004142235.jpg,plastic_nut::plastic_nut_0103_NG_AK,1,development,OK
plastic_nut,plastic_nut/NG/AK/S0103/plastic_nut_0103_NG_AK_C2_20231004142235.jpg,plastic_nut::plastic_nut_0103_NG_AK,2,development,OK
plastic_nut,plastic_nut/NG/AK/S0103/plastic_nut_0103_NG_AK_C3_20231004142235.jpg,plastic_nut::plastic_nut_0103_NG_AK,3,development,OK
plastic_nut,plastic_nut/NG/AK/S0103/plastic_nut_0103_NG_AK_C4_20231004142235.jpg,plastic_nut::plastic_nut_0103_NG_AK,4,development,AK
plastic_nut,plastic_nut/NG/AK/S0103/plastic_nut_0103_NG_AK_C5_20231004142235.jpg,plastic_nut::plastic_nut_0103_NG_AK,5,development,AK
plastic_nut,plastic_nut/NG/HS/S0104/plastic_nut_0104_NG_HS_C1_20231004110941.jpg,plastic_nut::plastic_nut_0104_NG_HS,1,development,OK
plastic_nut,plastic_nut/NG/HS/S0104/plastic_nut_0104_NG_HS_C2_20231004110941.jpg,plastic_nut::plastic_nut_0104_NG_HS,2,development,OK
plastic_nut,plastic_nut/NG/HS/S0104/plastic_nut_0104_NG_HS_C3_20231004110941.jpg,plastic_nut::plastic_nut_0104_NG_HS,3,development,OK
plastic_nut,plastic_nut/NG/HS/S0104/plastic_nut_0104_NG_HS_C4_20231004110941.jpg,plastic_nut::plastic_nut_0104_NG_HS,4,development,OK
plastic_nut,plastic_nut/NG/HS/S0104/plastic_nut_0104_NG_HS_C5_20231004110941.jpg,plastic_nut::plastic_nut_0104_NG_HS,5,development,HS
plastic_nut,plastic_nut/NG/HS/S0105/plastic_nut_0105_NG_HS_C1_20231004110951.jpg,plastic_nut::plastic_nut_0105_NG_HS,1,development,OK
plastic_nut,plastic_nut/NG/HS/S0105/plastic_nut_0105_NG_HS_C2_20231004110951.jpg,plastic_nut::plastic_nut_0105_NG_HS,2,development,OK
plastic_nut,plastic_nut/NG/HS/S0105/plastic_nut_0105_NG_HS_C3_20231004110951.jpg,plastic_nut::plastic_nut_0105_NG_HS,3,development,HS
plastic_nut,plastic_nut/NG/HS/S0105/plastic_nut_0105_NG_HS_C4_20231004110951.jpg,plastic_nut::plastic_nut_0105_NG_HS,4,development,HS
plastic_nut,plastic_nut/NG/HS/S0105/plastic_nut_0105_NG_HS_C5_20231004110951.jpg,plastic_nut::plastic_nut_0105_NG_HS,5,development,OK
plastic_nut,plastic_nut/NG/QS/S0111/plastic_nut_0111_NG_QS_C1_20231004131505.jpg,plastic_nut::plastic_nut_0111_NG_QS,1,development,OK
plastic_nut,plastic_nut/NG/QS/S0111/plastic_nut_0111_NG_QS_C2_20231004131505.jpg,plastic_nut::plastic_nut_0111_NG_QS,2,development,QS
plastic_nut,plastic_nut/NG/QS/S0111/plastic_nut_0111_NG_QS_C3_20231004131505.jpg,plastic_nut::plastic_nut_0111_NG_QS,3,development,OK
plastic_nut,plastic_nut/NG/QS/S0111/plastic_nut_0111_NG_QS_C4_20231004131505.jpg,plastic_nut::plastic_nut_0111_NG_QS,4,development,OK
plastic_nut,plastic_nut/NG/QS/S0111/plastic_nut_0111_NG_QS_C5_20231004131505.jpg,plastic_nut::plastic_nut_0111_NG_QS,5,development,QS
plastic_nut,plastic_nut/NG/ZW/S0114/plastic_nut_0114_NG_ZW_C1_20231004102005.jpg,plastic_nut::plastic_nut_0114_NG_ZW,1,development,OK
plastic_nut,plastic_nut/NG/ZW/S0114/plastic_nut_0114_NG_ZW_C2_20231004102005.jpg,plastic_nut::plastic_nut_0114_NG_ZW,2,development,OK
plastic_nut,plastic_nut/NG/ZW/S0114/plastic_nut_0114_NG_ZW_C3_20231004102005.jpg,plastic_nut::plastic_nut_0114_NG_ZW,3,development,OK
plastic_nut,plastic_nut/NG/ZW/S0114/plastic_nut_0114_NG_ZW_C4_20231004102005.jpg,plastic_nut::plastic_nut_0114_NG_ZW,4,development,OK
plastic_nut,plastic_nut/NG/ZW/S0114/plastic_nut_0114_NG_ZW_C5_20231004102005.jpg,plastic_nut::plastic_nut_0114_NG_ZW,5,development,ZW
plastic_nut,plastic_nut/OK/S0116/plastic_nut_0116_OK_C1_20230930133422.jpg,plastic_nut::plastic_nut_0116_OK,1,development,OK
plastic_nut,plastic_nut/OK/S0116/plastic_nut_0116_OK_C2_20230930133422.jpg,plastic_nut::plastic_nut_0116_OK,2,development,OK
plastic_nut,plastic_nut/OK/S0116/plastic_nut_0116_OK_C3_20230930133422.jpg,plastic_nut::plastic_nut_0116_OK,3,development,OK
plastic_nut,plastic_nut/OK/S0116/plastic_nut_0116_OK_C4_20230930133422.jpg,plastic_nut::plastic_nut_0116_OK,4,development,OK
plastic_nut,plastic_nut/OK/S0116/plastic_nut_0116_OK_C5_20230930133422.jpg,plastic_nut::plastic_nut_0116_OK,5,development,OK
plastic_nut,plastic_nut/NG/QS/S0117/plastic_nut_0117_NG_QS_C1_20231004131615.jpg,plastic_nut::plastic_nut_0117_NG_QS,1,development,OK
plastic_nut,plastic_nut/NG/QS/S0117/plastic_nut_0117_NG_QS_C2_20231004131615.jpg,plastic_nut::plastic_nut_0117_NG_QS,2,development,OK
plastic_nut,plastic_nut/NG/QS/S0117/plastic_nut_0117_NG_QS_C3_20231004131615.jpg,plastic_nut::plastic_nut_0117_NG_QS,3,development,OK
plastic_nut,plastic_nut/NG/QS/S0117/plastic_nut_0117_NG_QS_C4_20231004131615.jpg,plastic_nut::plastic_nut_0117_NG_QS,4,development,QS
plastic_nut,plastic_nut/NG/QS/S0117/plastic_nut_0117_NG_QS_C5_20231004131615.jpg,plastic_nut::plastic_nut_0117_NG_QS,5,development,QS
plastic_nut,plastic_nut/NG/ZW/S0117/plastic_nut_0117_NG_ZW_C1_20231004102048.jpg,plastic_nut::plastic_nut_0117_NG_ZW,1,development,OK
plastic_nut,plastic_nut/NG/ZW/S0117/plastic_nut_0117_NG_ZW_C2_20231004102048.jpg,plastic_nut::plastic_nut_0117_NG_ZW,2,development,OK
plastic_nut,plastic_nut/NG/ZW/S0117/plastic_nut_0117_NG_ZW_C3_20231004102048.jpg,plastic_nut::plastic_nut_0117_NG_ZW,3,development,OK
plastic_nut,plastic_nut/NG/ZW/S0117/plastic_nut_0117_NG_ZW_C4_20231004102048.jpg,plastic_nut::plastic_nut_0117_NG_ZW,4,development,ZW
plastic_nut,plastic_nut/NG/ZW/S0117/plastic_nut_0117_NG_ZW_C5_20231004102048.jpg,plastic_nut::plastic_nut_0117_NG_ZW,5,development,ZW
plastic_nut,plastic_nut/NG/QS/S0125/plastic_nut_0125_NG_QS_C1_20231004131916.jpg,plastic_nut::plastic_nut_0125_NG_QS,1,development,OK
plastic_nut,plastic_nut/NG/QS/S0125/plastic_nut_0125_NG_QS_C2_20231004131916.jpg,plastic_nut::plastic_nut_0125_NG_QS,2,development,QS
plastic_nut,plastic_nut/NG/QS/S0125/plastic_nut_0125_NG_QS_C3_20231004131916.jpg,plastic_nut::plastic_nut_0125_NG_QS,3,development,QS
plastic_nut,plastic_nut/NG/QS/S0125/plastic_nut_0125_NG_QS_C4_20231004131916.jpg,plastic_nut::plastic_nut_0125_NG_QS,4,development,QS
plastic_nut,plastic_nut/NG/QS/S0125/plastic_nut_0125_NG_QS_C5_20231004131916.jpg,plastic_nut::plastic_nut_0125_NG_QS,5,development,QS
plastic_nut,plastic_nut/NG/ZW/S0125/plastic_nut_0125_NG_ZW_C1_20231004102417.jpg,plastic_nut::plastic_nut_0125_NG_ZW,1,development,OK
plastic_nut,plastic_nut/NG/ZW/S0125/plastic_nut_0125_NG_ZW_C2_20231004102417.jpg,plastic_nut::plastic_nut_0125_NG_ZW,2,development,OK
plastic_nut,plastic_nut/NG/ZW/S0125/plastic_nut_0125_NG_ZW_C3_20231004102417.jpg,plastic_nut::plastic_nut_0125_NG_ZW,3,development,OK
plastic_nut,plastic_nut/NG/ZW/S0125/plastic_nut_0125_NG_ZW_C4_20231004102417.jpg,plastic_nut::plastic_nut_0125_NG_ZW,4,development,OK
plastic_nut,plastic_nut/NG/ZW/S0125/plastic_nut_0125_NG_ZW_C5_20231004102417.jpg,plastic_nut::plastic_nut_0125_NG_ZW,5,development,ZW
plastic_nut,plastic_nut/NG/HS/S0127/plastic_nut_0127_NG_HS_C1_20231004111833.jpg,plastic_nut::plastic_nut_0127_NG_HS,1,development,OK
plastic_nut,plastic_nut/NG/HS/S0127/plastic_nut_0127_NG_HS_C2_20231004111833.jpg,plastic_nut::plastic_nut_0127_NG_HS,2,development,OK
plastic_nut,plastic_nut/NG/HS/S0127/plastic_nut_0127_NG_HS_C3_20231004111833.jpg,plastic_nut::plastic_nut_0127_NG_HS,3,development,OK
plastic_nut,plastic_nut/NG/HS/S0127/plastic_nut_0127_NG_HS_C4_20231004111833.jpg,plastic_nut::plastic_nut_0127_NG_HS,4,development,HS
plastic_nut,plastic_nut/NG/HS/S0127/plastic_nut_0127_NG_HS_C5_20231004111833.jpg,plastic_nut::plastic_nut_0127_NG_HS,5,development,HS
plastic_nut,plastic_nut/NG/ZW/S0128/plastic_nut_0128_NG_ZW_C1_20231004102700.jpg,plastic_nut::plastic_nut_0128_NG_ZW,1,development,OK
plastic_nut,plastic_nut/NG/ZW/S0128/plastic_nut_0128_NG_ZW_C2_20231004102700.jpg,plastic_nut::plastic_nut_0128_NG_ZW,2,development,OK
plastic_nut,plastic_nut/NG/ZW/S0128/plastic_nut_0128_NG_ZW_C3_20231004102700.jpg,plastic_nut::plastic_nut_0128_NG_ZW,3,development,OK
plastic_nut,plastic_nut/NG/ZW/S0128/plastic_nut_0128_NG_ZW_C4_20231004102700.jpg,plastic_nut::plastic_nut_0128_NG_ZW,4,development,ZW
plastic_nut,plastic_nut/NG/ZW/S0128/plastic_nut_0128_NG_ZW_C5_20231004102700.jpg,plastic_nut::plastic_nut_0128_NG_ZW,5,development,ZW
plastic_nut,plastic_nut/NG/HS/S0132/plastic_nut_0132_NG_HS_C1_20231004111926.jpg,plastic_nut::plastic_nut_0132_NG_HS,1,development,OK
plastic_nut,plastic_nut/NG/HS/S0132/plastic_nut_0132_NG_HS_C2_20231004111926.jpg,plastic_nut::plastic_nut_0132_NG_HS,2,development,HS
plastic_nut,plastic_nut/NG/HS/S0132/plastic_nut_0132_NG_HS_C3_20231004111926.jpg,plastic_nut::plastic_nut_0132_NG_HS,3,development,HS
plastic_nut,plastic_nut/NG/HS/S0132/plastic_nut_0132_NG_HS_C4_20231004111926.jpg,plastic_nut::plastic_nut_0132_NG_HS,4,development,OK
plastic_nut,plastic_nut/NG/HS/S0132/plastic_nut_0132_NG_HS_C5_20231004111926.jpg,plastic_nut::plastic_nut_0132_NG_HS,5,development,OK
plastic_nut,plastic_nut/OK/S0140/plastic_nut_0140_OK_C1_20230930134417.jpg,plastic_nut::plastic_nut_0140_OK,1,development,OK
plastic_nut,plastic_nut/OK/S0140/plastic_nut_0140_OK_C2_20230930134417.jpg,plastic_nut::plastic_nut_0140_OK,2,development,OK
plastic_nut,plastic_nut/OK/S0140/plastic_nut_0140_OK_C3_20230930134417.jpg,plastic_nut::plastic_nut_0140_OK,3,development,OK
plastic_nut,plastic_nut/OK/S0140/plastic_nut_0140_OK_C4_20230930134417.jpg,plastic_nut::plastic_nut_0140_OK,4,development,OK
plastic_nut,plastic_nut/OK/S0140/plastic_nut_0140_OK_C5_20230930134417.jpg,plastic_nut::plastic_nut_0140_OK,5,development,OK
plastic_nut,plastic_nut/OK/S0169/plastic_nut_0169_OK_C1_20230930135925.jpg,plastic_nut::plastic_nut_0169_OK,1,development,OK
plastic_nut,plastic_nut/OK/S0169/plastic_nut_0169_OK_C2_20230930135925.jpg,plastic_nut::plastic_nut_0169_OK,2,development,OK
plastic_nut,plastic_nut/OK/S0169/plastic_nut_0169_OK_C3_20230930135925.jpg,plastic_nut::plastic_nut_0169_OK,3,development,OK
plastic_nut,plastic_nut/OK/S0169/plastic_nut_0169_OK_C4_20230930135925.jpg,plastic_nut::plastic_nut_0169_OK,4,development,OK
plastic_nut,plastic_nut/OK/S0169/plastic_nut_0169_OK_C5_20230930135925.jpg,plastic_nut::plastic_nut_0169_OK,5,development,OK
plastic_nut,plastic_nut/OK/S0182/plastic_nut_0182_OK_C1_20230930140415.jpg,plastic_nut::plastic_nut_0182_OK,1,development,OK
plastic_nut,plastic_nut/OK/S0182/plastic_nut_0182_OK_C2_20230930140415.jpg,plastic_nut::plastic_nut_0182_OK,2,development,OK
plastic_nut,plastic_nut/OK/S0182/plastic_nut_0182_OK_C3_20230930140415.jpg,plastic_nut::plastic_nut_0182_OK,3,development,OK
plastic_nut,plastic_nut/OK/S0182/plastic_nut_0182_OK_C4_20230930140415.jpg,plastic_nut::plastic_nut_0182_OK,4,development,OK
plastic_nut,plastic_nut/OK/S0182/plastic_nut_0182_OK_C5_20230930140415.jpg,plastic_nut::plastic_nut_0182_OK,5,development,OK
plastic_nut,plastic_nut/OK/S0185/plastic_nut_0185_OK_C1_20230930140513.jpg,plastic_nut::plastic_nut_0185_OK,1,development,OK
plastic_nut,plastic_nut/OK/S0185/plastic_nut_0185_OK_C2_20230930140513.jpg,plastic_nut::plastic_nut_0185_OK,2,development,OK
plastic_nut,plastic_nut/OK/S0185/plastic_nut_0185_OK_C3_20230930140513.jpg,plastic_nut::plastic_nut_0185_OK,3,development,OK
plastic_nut,plastic_nut/OK/S0185/plastic_nut_0185_OK_C4_20230930140513.jpg,plastic_nut::plastic_nut_0185_OK,4,development,OK
plastic_nut,plastic_nut/OK/S0185/plastic_nut_0185_OK_C5_20230930140513.jpg,plastic_nut::plastic_nut_0185_OK,5,development,OK
plastic_nut,plastic_nut/OK/S0212/plastic_nut_0212_OK_C1_20230930143907.jpg,plastic_nut::plastic_nut_0212_OK,1,development,OK
plastic_nut,plastic_nut/OK/S0212/plastic_nut_0212_OK_C2_20230930143907.jpg,plastic_nut::plastic_nut_0212_OK,2,development,OK
plastic_nut,plastic_nut/OK/S0212/plastic_nut_0212_OK_C3_20230930143907.jpg,plastic_nut::plastic_nut_0212_OK,3,development,OK
plastic_nut,plastic_nut/OK/S0212/plastic_nut_0212_OK_C4_20230930143907.jpg,plastic_nut::plastic_nut_0212_OK,4,development,OK
plastic_nut,plastic_nut/OK/S0212/plastic_nut_0212_OK_C5_20230930143907.jpg,plastic_nut::plastic_nut_0212_OK,5,development,OK
plastic_nut,plastic_nut/OK/S0220/plastic_nut_0220_OK_C1_20230930144109.jpg,plastic_nut::plastic_nut_0220_OK,1,development,OK
plastic_nut,plastic_nut/OK/S0220/plastic_nut_0220_OK_C2_20230930144109.jpg,plastic_nut::plastic_nut_0220_OK,2,development,OK
plastic_nut,plastic_nut/OK/S0220/plastic_nut_0220_OK_C3_20230930144109.jpg,plastic_nut::plastic_nut_0220_OK,3,development,OK
plastic_nut,plastic_nut/OK/S0220/plastic_nut_0220_OK_C4_20230930144109.jpg,plastic_nut::plastic_nut_0220_OK,4,development,OK
plastic_nut,plastic_nut/OK/S0220/plastic_nut_0220_OK_C5_20230930144109.jpg,plastic_nut::plastic_nut_0220_OK,5,development,OK
plastic_nut,plastic_nut/OK/S0224/plastic_nut_0224_OK_C1_20230930144303.jpg,plastic_nut::plastic_nut_0224_OK,1,development,OK
plastic_nut,plastic_nut/OK/S0224/plastic_nut_0224_OK_C2_20230930144303.jpg,plastic_nut::plastic_nut_0224_OK,2,development,OK
plastic_nut,plastic_nut/OK/S0224/plastic_nut_0224_OK_C3_20230930144303.jpg,plastic_nut::plastic_nut_0224_OK,3,development,OK
plastic_nut,plastic_nut/OK/S0224/plastic_nut_0224_OK_C4_20230930144303.jpg,plastic_nut::plastic_nut_0224_OK,4,development,OK
plastic_nut,plastic_nut/OK/S0224/plastic_nut_0224_OK_C5_20230930144303.jpg,plastic_nut::plastic_nut_0224_OK,5,development,OK
plastic_nut,plastic_nut/OK/S0231/plastic_nut_0231_OK_C1_20230930144616.jpg,plastic_nut::plastic_nut_0231_OK,1,development,OK
plastic_nut,plastic_nut/OK/S0231/plastic_nut_0231_OK_C2_20230930144616.jpg,plastic_nut::plastic_nut_0231_OK,2,development,OK
plastic_nut,plastic_nut/OK/S0231/plastic_nut_0231_OK_C3_20230930144616.jpg,plastic_nut::plastic_nut_0231_OK,3,development,OK
plastic_nut,plastic_nut/OK/S0231/plastic_nut_0231_OK_C4_20230930144616.jpg,plastic_nut::plastic_nut_0231_OK,4,development,OK
plastic_nut,plastic_nut/OK/S0231/plastic_nut_0231_OK_C5_20230930144616.jpg,plastic_nut::plastic_nut_0231_OK,5,development,OK
plastic_nut,plastic_nut/OK/S0233/plastic_nut_0233_OK_C1_20230930144650.jpg,plastic_nut::plastic_nut_0233_OK,1,development,OK
plastic_nut,plastic_nut/OK/S0233/plastic_nut_0233_OK_C2_20230930144650.jpg,plastic_nut::plastic_nut_0233_OK,2,development,OK
plastic_nut,plastic_nut/OK/S0233/plastic_nut_0233_OK_C3_20230930144650.jpg,plastic_nut::plastic_nut_0233_OK,3,development,OK
plastic_nut,plastic_nut/OK/S0233/plastic_nut_0233_OK_C4_20230930144650.jpg,plastic_nut::plastic_nut_0233_OK,4,development,OK
plastic_nut,plastic_nut/OK/S0233/plastic_nut_0233_OK_C5_20230930144650.jpg,plastic_nut::plastic_nut_0233_OK,5,development,OK
plastic_nut,plastic_nut/OK/S0239/plastic_nut_0239_OK_C1_20230930145350.jpg,plastic_nut::plastic_nut_0239_OK,1,development,OK
plastic_nut,plastic_nut/OK/S0239/plastic_nut_0239_OK_C2_20230930145350.jpg,plastic_nut::plastic_nut_0239_OK,2,development,OK
plastic_nut,plastic_nut/OK/S0239/plastic_nut_0239_OK_C3_20230930145350.jpg,plastic_nut::plastic_nut_0239_OK,3,development,OK
plastic_nut,plastic_nut/OK/S0239/plastic_nut_0239_OK_C4_20230930145350.jpg,plastic_nut::plastic_nut_0239_OK,4,development,OK
plastic_nut,plastic_nut/OK/S0239/plastic_nut_0239_OK_C5_20230930145350.jpg,plastic_nut::plastic_nut_0239_OK,5,development,OK
plastic_nut,plastic_nut/OK/S0243/plastic_nut_0243_OK_C1_20230930145544.jpg,plastic_nut::plastic_nut_0243_OK,1,development,OK
plastic_nut,plastic_nut/OK/S0243/plastic_nut_0243_OK_C2_20230930145544.jpg,plastic_nut::plastic_nut_0243_OK,2,development,OK
plastic_nut,plastic_nut/OK/S0243/plastic_nut_0243_OK_C3_20230930145544.jpg,plastic_nut::plastic_nut_0243_OK,3,development,OK
plastic_nut,plastic_nut/OK/S0243/plastic_nut_0243_OK_C4_20230930145544.jpg,plastic_nut::plastic_nut_0243_OK,4,development,OK
plastic_nut,plastic_nut/OK/S0243/plastic_nut_0243_OK_C5_20230930145544.jpg,plastic_nut::plastic_nut_0243_OK,5,development,OK
plastic_nut,plastic_nut/OK/S0252/plastic_nut_0252_OK_C1_20230930145853.jpg,plastic_nut::plastic_nut_0252_OK,1,development,OK
plastic_nut,plastic_nut/OK/S0252/plastic_nut_0252_OK_C2_20230930145853.jpg,plastic_nut::plastic_nut_0252_OK,2,development,OK
plastic_nut,plastic_nut/OK/S0252/plastic_nut_0252_OK_C3_20230930145853.jpg,plastic_nut::plastic_nut_0252_OK,3,development,OK
plastic_nut,plastic_nut/OK/S0252/plastic_nut_0252_OK_C4_20230930145853.jpg,plastic_nut::plastic_nut_0252_OK,4,development,OK
plastic_nut,plastic_nut/OK/S0252/plastic_nut_0252_OK_C5_20230930145853.jpg,plastic_nut::plastic_nut_0252_OK,5,development,OK
plastic_nut,plastic_nut/OK/S0264/plastic_nut_0264_OK_C1_20230930150454.jpg,plastic_nut::plastic_nut_0264_OK,1,development,OK
plastic_nut,plastic_nut/OK/S0264/plastic_nut_0264_OK_C2_20230930150454.jpg,plastic_nut::plastic_nut_0264_OK,2,development,OK
plastic_nut,plastic_nut/OK/S0264/plastic_nut_0264_OK_C3_20230930150454.jpg,plastic_nut::plastic_nut_0264_OK,3,development,OK
plastic_nut,plastic_nut/OK/S0264/plastic_nut_0264_OK_C4_20230930150454.jpg,plastic_nut::plastic_nut_0264_OK,4,development,OK
plastic_nut,plastic_nut/OK/S0264/plastic_nut_0264_OK_C5_20230930150454.jpg,plastic_nut::plastic_nut_0264_OK,5,development,OK
plastic_nut,plastic_nut/OK/S0270/plastic_nut_0270_OK_C1_20230930150738.jpg,plastic_nut::plastic_nut_0270_OK,1,development,OK
plastic_nut,plastic_nut/OK/S0270/plastic_nut_0270_OK_C2_20230930150738.jpg,plastic_nut::plastic_nut_0270_OK,2,development,OK
plastic_nut,plastic_nut/OK/S0270/plastic_nut_0270_OK_C3_20230930150738.jpg,plastic_nut::plastic_nut_0270_OK,3,development,OK
plastic_nut,plastic_nut/OK/S0270/plastic_nut_0270_OK_C4_20230930150738.jpg,plastic_nut::plastic_nut_0270_OK,4,development,OK
plastic_nut,plastic_nut/OK/S0270/plastic_nut_0270_OK_C5_20230930150738.jpg,plastic_nut::plastic_nut_0270_OK,5,development,OK
plastic_nut,plastic_nut/OK/S0290/plastic_nut_0290_OK_C1_20230930152100.jpg,plastic_nut::plastic_nut_0290_OK,1,development,OK
plastic_nut,plastic_nut/OK/S0290/plastic_nut_0290_OK_C2_20230930152100.jpg,plastic_nut::plastic_nut_0290_OK,2,development,OK
plastic_nut,plastic_nut/OK/S0290/plastic_nut_0290_OK_C3_20230930152100.jpg,plastic_nut::plastic_nut_0290_OK,3,development,OK
plastic_nut,plastic_nut/OK/S0290/plastic_nut_0290_OK_C4_20230930152100.jpg,plastic_nut::plastic_nut_0290_OK,4,development,OK
plastic_nut,plastic_nut/OK/S0290/plastic_nut_0290_OK_C5_20230930152100.jpg,plastic_nut::plastic_nut_0290_OK,5,development,OK
plastic_nut,plastic_nut/OK/S0292/plastic_nut_0292_OK_C1_20230930152135.jpg,plastic_nut::plastic_nut_0292_OK,1,development,OK
plastic_nut,plastic_nut/OK/S0292/plastic_nut_0292_OK_C2_20230930152135.jpg,plastic_nut::plastic_nut_0292_OK,2,development,OK
plastic_nut,plastic_nut/OK/S0292/plastic_nut_0292_OK_C3_20230930152135.jpg,plastic_nut::plastic_nut_0292_OK,3,development,OK
plastic_nut,plastic_nut/OK/S0292/plastic_nut_0292_OK_C4_20230930152135.jpg,plastic_nut::plastic_nut_0292_OK,4,development,OK
plastic_nut,plastic_nut/OK/S0292/plastic_nut_0292_OK_C5_20230930152135.jpg,plastic_nut::plastic_nut_0292_OK,5,development,OK
plastic_nut,plastic_nut/OK/S0304/plastic_nut_0304_OK_C1_20230930152400.jpg,plastic_nut::plastic_nut_0304_OK,1,development,OK
plastic_nut,plastic_nut/OK/S0304/plastic_nut_0304_OK_C2_20230930152400.jpg,plastic_nut::plastic_nut_0304_OK,2,development,OK
plastic_nut,plastic_nut/OK/S0304/plastic_nut_0304_OK_C3_20230930152400.jpg,plastic_nut::plastic_nut_0304_OK,3,development,OK
plastic_nut,plastic_nut/OK/S0304/plastic_nut_0304_OK_C4_20230930152400.jpg,plastic_nut::plastic_nut_0304_OK,4,development,OK
plastic_nut,plastic_nut/OK/S0304/plastic_nut_0304_OK_C5_20230930152400.jpg,plastic_nut::plastic_nut_0304_OK,5,development,OK
plastic_nut,plastic_nut/OK/S0337/plastic_nut_0337_OK_C1_20230930153546.jpg,plastic_nut::plastic_nut_0337_OK,1,development,OK
plastic_nut,plastic_nut/OK/S0337/plastic_nut_0337_OK_C2_20230930153546.jpg,plastic_nut::plastic_nut_0337_OK,2,development,OK
plastic_nut,plastic_nut/OK/S0337/plastic_nut_0337_OK_C3_20230930153546.jpg,plastic_nut::plastic_nut_0337_OK,3,development,OK
plastic_nut,plastic_nut/OK/S0337/plastic_nut_0337_OK_C4_20230930153546.jpg,plastic_nut::plastic_nut_0337_OK,4,development,OK
plastic_nut,plastic_nut/OK/S0337/plastic_nut_0337_OK_C5_20230930153546.jpg,plastic_nut::plastic_nut_0337_OK,5,development,OK
plastic_nut,plastic_nut/OK/S0348/plastic_nut_0348_OK_C1_20230930153812.jpg,plastic_nut::plastic_nut_0348_OK,1,development,OK
plastic_nut,plastic_nut/OK/S0348/plastic_nut_0348_OK_C2_20230930153812.jpg,plastic_nut::plastic_nut_0348_OK,2,development,OK
plastic_nut,plastic_nut/OK/S0348/plastic_nut_0348_OK_C3_20230930153812.jpg,plastic_nut::plastic_nut_0348_OK,3,development,OK
plastic_nut,plastic_nut/OK/S0348/plastic_nut_0348_OK_C4_20230930153812.jpg,plastic_nut::plastic_nut_0348_OK,4,development,OK
plastic_nut,plastic_nut/OK/S0348/plastic_nut_0348_OK_C5_20230930153812.jpg,plastic_nut::plastic_nut_0348_OK,5,development,OK
plastic_nut,plastic_nut/OK/S0353/plastic_nut_0353_OK_C1_20230930153919.jpg,plastic_nut::plastic_nut_0353_OK,1,development,OK
plastic_nut,plastic_nut/OK/S0353/plastic_nut_0353_OK_C2_20230930153919.jpg,plastic_nut::plastic_nut_0353_OK,2,development,OK
plastic_nut,plastic_nut/OK/S0353/plastic_nut_0353_OK_C3_20230930153919.jpg,plastic_nut::plastic_nut_0353_OK,3,development,OK
plastic_nut,plastic_nut/OK/S0353/plastic_nut_0353_OK_C4_20230930153919.jpg,plastic_nut::plastic_nut_0353_OK,4,development,OK
plastic_nut,plastic_nut/OK/S0353/plastic_nut_0353_OK_C5_20230930153919.jpg,plastic_nut::plastic_nut_0353_OK,5,development,OK
plastic_nut,plastic_nut/OK/S0389/plastic_nut_0389_OK_C1_20230930154837.jpg,plastic_nut::plastic_nut_0389_OK,1,development,OK
plastic_nut,plastic_nut/OK/S0389/plastic_nut_0389_OK_C2_20230930154837.jpg,plastic_nut::plastic_nut_0389_OK,2,development,OK
plastic_nut,plastic_nut/OK/S0389/plastic_nut_0389_OK_C3_20230930154837.jpg,plastic_nut::plastic_nut_0389_OK,3,development,OK
plastic_nut,plastic_nut/OK/S0389/plastic_nut_0389_OK_C4_20230930154837.jpg,plastic_nut::plastic_nut_0389_OK,4,development,OK
plastic_nut,plastic_nut/OK/S0389/plastic_nut_0389_OK_C5_20230930154837.jpg,plastic_nut::plastic_nut_0389_OK,5,development,OK
plastic_nut,plastic_nut/OK/S0395/plastic_nut_0395_OK_C1_20230930155001.jpg,plastic_nut::plastic_nut_0395_OK,1,development,OK
plastic_nut,plastic_nut/OK/S0395/plastic_nut_0395_OK_C2_20230930155001.jpg,plastic_nut::plastic_nut_0395_OK,2,development,OK
plastic_nut,plastic_nut/OK/S0395/plastic_nut_0395_OK_C3_20230930155001.jpg,plastic_nut::plastic_nut_0395_OK,3,development,OK
plastic_nut,plastic_nut/OK/S0395/plastic_nut_0395_OK_C4_20230930155001.jpg,plastic_nut::plastic_nut_0395_OK,4,development,OK
plastic_nut,plastic_nut/OK/S0395/plastic_nut_0395_OK_C5_20230930155001.jpg,plastic_nut::plastic_nut_0395_OK,5,development,OK
plastic_nut,plastic_nut/OK/S0414/plastic_nut_0414_OK_C1_20230930155939.jpg,plastic_nut::plastic_nut_0414_OK,1,development,OK
plastic_nut,plastic_nut/OK/S0414/plastic_nut_0414_OK_C2_20230930155939.jpg,plastic_nut::plastic_nut_0414_OK,2,development,OK
plastic_nut,plastic_nut/OK/S0414/plastic_nut_0414_OK_C3_20230930155939.jpg,plastic_nut::plastic_nut_0414_OK,3,development,OK
plastic_nut,plastic_nut/OK/S0414/plastic_nut_0414_OK_C4_20230930155939.jpg,plastic_nut::plastic_nut_0414_OK,4,development,OK
plastic_nut,plastic_nut/OK/S0414/plastic_nut_0414_OK_C5_20230930155939.jpg,plastic_nut::plastic_nut_0414_OK,5,development,OK
plastic_nut,plastic_nut/OK/S0444/plastic_nut_0444_OK_C1_20230930161057.jpg,plastic_nut::plastic_nut_0444_OK,1,development,OK
plastic_nut,plastic_nut/OK/S0444/plastic_nut_0444_OK_C2_20230930161057.jpg,plastic_nut::plastic_nut_0444_OK,2,development,OK
plastic_nut,plastic_nut/OK/S0444/plastic_nut_0444_OK_C3_20230930161057.jpg,plastic_nut::plastic_nut_0444_OK,3,development,OK
plastic_nut,plastic_nut/OK/S0444/plastic_nut_0444_OK_C4_20230930161057.jpg,plastic_nut::plastic_nut_0444_OK,4,development,OK
plastic_nut,plastic_nut/OK/S0444/plastic_nut_0444_OK_C5_20230930161057.jpg,plastic_nut::plastic_nut_0444_OK,5,development,OK
plastic_nut,plastic_nut/OK/S0450/plastic_nut_0450_OK_C1_20230930161409.jpg,plastic_nut::plastic_nut_0450_OK,1,development,OK
plastic_nut,plastic_nut/OK/S0450/plastic_nut_0450_OK_C2_20230930161409.jpg,plastic_nut::plastic_nut_0450_OK,2,development,OK
plastic_nut,plastic_nut/OK/S0450/plastic_nut_0450_OK_C3_20230930161409.jpg,plastic_nut::plastic_nut_0450_OK,3,development,OK
plastic_nut,plastic_nut/OK/S0450/plastic_nut_0450_OK_C4_20230930161409.jpg,plastic_nut::plastic_nut_0450_OK,4,development,OK
plastic_nut,plastic_nut/OK/S0450/plastic_nut_0450_OK_C5_20230930161409.jpg,plastic_nut::plastic_nut_0450_OK,5,development,OK
plastic_nut,plastic_nut/OK/S0451/plastic_nut_0451_OK_C1_20230930161417.jpg,plastic_nut::plastic_nut_0451_OK,1,development,OK
plastic_nut,plastic_nut/OK/S0451/plastic_nut_0451_OK_C2_20230930161417.jpg,plastic_nut::plastic_nut_0451_OK,2,development,OK
plastic_nut,plastic_nut/OK/S0451/plastic_nut_0451_OK_C3_20230930161417.jpg,plastic_nut::plastic_nut_0451_OK,3,development,OK
plastic_nut,plastic_nut/OK/S0451/plastic_nut_0451_OK_C4_20230930161417.jpg,plastic_nut::plastic_nut_0451_OK,4,development,OK
plastic_nut,plastic_nut/OK/S0451/plastic_nut_0451_OK_C5_20230930161417.jpg,plastic_nut::plastic_nut_0451_OK,5,development,OK
plastic_nut,plastic_nut/OK/S0457/plastic_nut_0457_OK_C1_20230930162118.jpg,plastic_nut::plastic_nut_0457_OK,1,development,OK
plastic_nut,plastic_nut/OK/S0457/plastic_nut_0457_OK_C2_20230930162118.jpg,plastic_nut::plastic_nut_0457_OK,2,development,OK
plastic_nut,plastic_nut/OK/S0457/plastic_nut_0457_OK_C3_20230930162118.jpg,plastic_nut::plastic_nut_0457_OK,3,development,OK
plastic_nut,plastic_nut/OK/S0457/plastic_nut_0457_OK_C4_20230930162118.jpg,plastic_nut::plastic_nut_0457_OK,4,development,OK
plastic_nut,plastic_nut/OK/S0457/plastic_nut_0457_OK_C5_20230930162118.jpg,plastic_nut::plastic_nut_0457_OK,5,development,OK
plastic_nut,plastic_nut/OK/S0473/plastic_nut_0473_OK_C1_20230930162415.jpg,plastic_nut::plastic_nut_0473_OK,1,development,OK
plastic_nut,plastic_nut/OK/S0473/plastic_nut_0473_OK_C2_20230930162415.jpg,plastic_nut::plastic_nut_0473_OK,2,development,OK
plastic_nut,plastic_nut/OK/S0473/plastic_nut_0473_OK_C3_20230930162415.jpg,plastic_nut::plastic_nut_0473_OK,3,development,OK
plastic_nut,plastic_nut/OK/S0473/plastic_nut_0473_OK_C4_20230930162415.jpg,plastic_nut::plastic_nut_0473_OK,4,development,OK
plastic_nut,plastic_nut/OK/S0473/plastic_nut_0473_OK_C5_20230930162415.jpg,plastic_nut::plastic_nut_0473_OK,5,development,OK
plastic_nut,plastic_nut/OK/S0481/plastic_nut_0481_OK_C1_20230930162549.jpg,plastic_nut::plastic_nut_0481_OK,1,development,OK
plastic_nut,plastic_nut/OK/S0481/plastic_nut_0481_OK_C2_20230930162549.jpg,plastic_nut::plastic_nut_0481_OK,2,development,OK
plastic_nut,plastic_nut/OK/S0481/plastic_nut_0481_OK_C3_20230930162549.jpg,plastic_nut::plastic_nut_0481_OK,3,development,OK
plastic_nut,plastic_nut/OK/S0481/plastic_nut_0481_OK_C4_20230930162549.jpg,plastic_nut::plastic_nut_0481_OK,4,development,OK
plastic_nut,plastic_nut/OK/S0481/plastic_nut_0481_OK_C5_20230930162549.jpg,plastic_nut::plastic_nut_0481_OK,5,development,OK
plastic_nut,plastic_nut/OK/S0482/plastic_nut_0482_OK_C1_20230930162559.jpg,plastic_nut::plastic_nut_0482_OK,1,development,OK
plastic_nut,plastic_nut/OK/S0482/plastic_nut_0482_OK_C2_20230930162559.jpg,plastic_nut::plastic_nut_0482_OK,2,development,OK
plastic_nut,plastic_nut/OK/S0482/plastic_nut_0482_OK_C3_20230930162559.jpg,plastic_nut::plastic_nut_0482_OK,3,development,OK
plastic_nut,plastic_nut/OK/S0482/plastic_nut_0482_OK_C4_20230930162559.jpg,plastic_nut::plastic_nut_0482_OK,4,development,OK
plastic_nut,plastic_nut/OK/S0482/plastic_nut_0482_OK_C5_20230930162559.jpg,plastic_nut::plastic_nut_0482_OK,5,development,OK
plastic_nut,plastic_nut/OK/S0483/plastic_nut_0483_OK_C1_20230930162605.jpg,plastic_nut::plastic_nut_0483_OK,1,development,OK
plastic_nut,plastic_nut/OK/S0483/plastic_nut_0483_OK_C2_20230930162605.jpg,plastic_nut::plastic_nut_0483_OK,2,development,OK
plastic_nut,plastic_nut/OK/S0483/plastic_nut_0483_OK_C3_20230930162605.jpg,plastic_nut::plastic_nut_0483_OK,3,development,OK
plastic_nut,plastic_nut/OK/S0483/plastic_nut_0483_OK_C4_20230930162605.jpg,plastic_nut::plastic_nut_0483_OK,4,development,OK
plastic_nut,plastic_nut/OK/S0483/plastic_nut_0483_OK_C5_20230930162605.jpg,plastic_nut::plastic_nut_0483_OK,5,development,OK
plastic_nut,plastic_nut/OK/S0493/plastic_nut_0493_OK_C1_20230930162808.jpg,plastic_nut::plastic_nut_0493_OK,1,development,OK
plastic_nut,plastic_nut/OK/S0493/plastic_nut_0493_OK_C2_20230930162808.jpg,plastic_nut::plastic_nut_0493_OK,2,development,OK
plastic_nut,plastic_nut/OK/S0493/plastic_nut_0493_OK_C3_20230930162808.jpg,plastic_nut::plastic_nut_0493_OK,3,development,OK
plastic_nut,plastic_nut/OK/S0493/plastic_nut_0493_OK_C4_20230930162808.jpg,plastic_nut::plastic_nut_0493_OK,4,development,OK
plastic_nut,plastic_nut/OK/S0493/plastic_nut_0493_OK_C5_20230930162808.jpg,plastic_nut::plastic_nut_0493_OK,5,development,OK
